{"strategy":{"MultiHorizonMomentum":{"trades":[{"pair":"BTC/USDT","stake_amount":19.854,"max_stake_amount":19.854,"amount":0.00036,"open_date":"2024-09-09 08:06:00+00:00","close_date":"2024-09-09 08:11:00+00:00","open_rate":55150.0,"close_rate":55168.71,"fee_open":0.0002,"fee_close":0.0002,"trade_duration":5,"profit_ratio":-6.079926353804489e-05,"profit_abs":-0.00120735,"exit_reason":"custom_exit","initial_stop_loss_abs":38605.0,"initial_stop_loss_ratio":-0.3,"stop_loss_abs":38605.0,"stop_loss_ratio":-0.3,"min_rate":55120.0,"max_rate":55199.44,"is_open":false,"enter_tag":"","leverage":1.0,"is_short":false,"open_timestamp":1725869160000,"close_timestamp":1725869460000,"orders":[{"amount":0.00036,"safe_price":55150.0,"ft_order_side":"buy","order_filled_timestamp":1725869160000,"ft_is_entry":true,"ft_order_tag":"","cost":19.857970800000004},{"amount":0.00036,"safe_price":55168.71,"ft_order_side":"sell","order_filled_timestamp":1725869460000,"ft_is_entry":false,"ft_order_tag":"custom_exit","cost":19.86470774712}],"funding_fees":0.0},{"pair":"BTC/USDT","stake_amount":19.5723815,"max_stake_amount":19.5723815,"amount":0.00035,"open_date":"2024-09-09 16:15:00+00:00","close_date":"2024-09-09 16:20:00+00:00","open_rate":55921.09,"close_rate":55936.28,"fee_open":0.0002,"fee_close":0.0002,"trade_duration":5,"profit_ratio":-0.00012839609714948057,"profit_abs":-0.00251352,"exit_reason":"custom_exit","initial_stop_loss_abs":39144.77,"initial_stop_loss_ratio":-0.3,"stop_loss_abs":39144.77,"stop_loss_ratio":-0.3,"min_rate":55880.0,"max_rate":56150.0,"is_open":false,"enter_tag":"","leverage":1.0,"is_short":false,"open_timestamp":1725898500000,"close_timestamp":1725898800000,"orders":[{"amount":0.00035,"safe_price":55921.09,"ft_order_side":"buy","order_filled_timestamp":1725898500000,"ft_is_entry":true,"ft_order_tag":"","cost":19.5762959763},{"amount":0.00035,"safe_price":55936.28,"ft_order_side":"sell","order_filled_timestamp":1725898800000,"ft_is_entry":false,"ft_order_tag":"custom_exit","cost":19.5816135396}],"funding_fees":0.0},{"pair":"BTC/USDT","stake_amount":19.6435085,"max_stake_amount":19.6435085,"amount":0.00035,"open_date":"2024-09-09 16:21:00+00:00","close_date":"2024-09-09 16:22:00+00:00","open_rate":56124.31,"close_rate":56181.11,"fee_open":0.0002,"fee_close":0.0002,"trade_duration":1,"profit_ratio":0.0006117143867985025,"profit_abs":0.01201862,"exit_reason":"custom_exit","initial_stop_loss_abs":39287.02,"initial_stop_loss_ratio":-0.3,"stop_loss_abs":39287.02,"stop_loss_ratio":-0.3,"min_rate":56124.31,"max_rate":56258.0,"is_open":false,"enter_tag":"","leverage":1.0,"is_short":false,"open_timestamp":1725898860000,"close_timestamp":1725898920000,"orders":[{"amount":0.00035,"safe_price":56124.31,"ft_order_side":"buy","order_filled_timestamp":1725898860000,"ft_is_entry":true,"ft_order_tag":"","cost":19.647437201699997},{"amount":0.00035,"safe_price":56181.11,"ft_order_side":"sell","order_filled_timestamp":1725898920000,"ft_is_entry":false,"ft_order_tag":"custom_exit","cost":19.6673211777}],"funding_fees":0.0},{"pair":"BTC/USDT","stake_amount":19.682278,"max_stake_amount":19.682278,"amount":0.00035,"open_date":"2024-09-09 16:23:00+00:00","close_date":"2024-09-09 16:46:00+00:00","open_rate":56235.08,"close_rate":56266.94,"fee_open":0.0002,"fee_close":0.0002,"trade_duration":23,"profit_ratio":0.00016640375463694793,"profit_abs":0.00327586,"exit_reason":"custom_exit","initial_stop_loss_abs":39364.56,"initial_stop_loss_ratio":-0.3,"stop_loss_abs":39364.56,"stop_loss_ratio":-0.3,"min_rate":55976.79,"max_rate":56404.0,"is_open":false,"enter_tag":"","leverage":1.0,"is_short":false,"open_timestamp":1725898980000,"close_timestamp":1725900360000,"orders":[{"amount":0.00035,"safe_price":56235.08,"ft_order_side":"buy","order_filled_timestamp":1725898980000,"ft_is_entry":true,"ft_order_tag":"","cost":19.6862144556},{"amount":0.00035,"safe_price":56266.94,"ft_order_side":"sell","order_filled_timestamp":1725900360000,"ft_is_entry":false,"ft_order_tag":"custom_exit","cost":19.6973676858}],"funding_fees":0.0},{"pair":"BTC/USDT","stake_amount":19.6900902,"max_stake_amount":19.6900902,"amount":0.00034,"open_date":"2024-09-09 21:16:00+00:00","close_date":"2024-09-10 04:35:00+00:00","open_rate":57912.03,"close_rate":56623.99,"fee_open":0.0002,"fee_close":0.0002,"trade_duration":439,"profit_ratio":-0.022632345453415796,"profit_abs":-0.44572205,"exit_reason":"custom_exit","initial_stop_loss_abs":40538.43,"initial_stop_loss_ratio":-0.3,"stop_loss_abs":40538.43,"stop_loss_ratio":-0.3,"min_rate":56448.0,"max_rate":57952.52,"is_open":false,"enter_tag":"","leverage":1.0,"is_short":false,"open_timestamp":1725916560000,"close_timestamp":1725942900000,"orders":[{"amount":0.00034,"safe_price":57912.03,"ft_order_side":"buy","order_filled_timestamp":1725916560000,"ft_is_entry":true,"ft_order_tag":"","cost":19.69402821804},{"amount":0.00034,"safe_price":56623.99,"ft_order_side":"sell","order_filled_timestamp":1725942900000,"ft_is_entry":false,"ft_order_tag":"custom_exit","cost":19.25600703132}],"funding_fees":0.0},{"pair":"BTC/USDT","stake_amount":19.9983035,"max_stake_amount":19.9983035,"amount":0.00035,"open_date":"2024-09-10 07:27:00+00:00","close_date":"2024-09-10 07:27:00+00:00","open_rate":57138.01,"close_rate":57138.01,"fee_open":0.0002,"fee_close":0.0002,"trade_duration":0,"profit_ratio":-0.00039991994600486086,"profit_abs":-0.00799932,"exit_reason":"custom_exit","initial_stop_loss_abs":39996.61,"initial_stop_loss_ratio":-0.3,"stop_loss_abs":39996.61,"stop_loss_ratio":-0.3,"min_rate":57126.11,"max_rate":57184.59,"is_open":false,"enter_tag":"","leverage":1.0,"is_short":false,"open_timestamp":1725953220000,"close_timestamp":1725953220000,"orders":[{"amount":0.00035,"safe_price":57138.01,"ft_order_side":"buy","order_filled_timestamp":1725953220000,"ft_is_entry":true,"ft_order_tag":"","cost":20.002303160700002},{"amount":0.00035,"safe_price":57138.01,"ft_order_side":"sell","order_filled_timestamp":1725953220000,"ft_is_entry":false,"ft_order_tag":"custom_exit","cost":20.002303160700002}],"funding_fees":0.0},{"pair":"BTC/USDT","stake_amount":19.999,"max_stake_amount":19.999,"amount":0.00035,"open_date":"2024-09-10 07:28:00+00:00","close_date":"2024-09-10 07:31:00+00:00","open_rate":57140.0,"close_rate":57105.71,"fee_open":0.0002,"fee_close":0.0002,"trade_duration":3,"profit_ratio":-0.000999785042241514,"profit_abs":-0.0199987,"exit_reason":"custom_exit","initial_stop_loss_abs":39998.0,"initial_stop_loss_ratio":-0.3,"stop_loss_abs":39998.0,"stop_loss_ratio":-0.3,"min_rate":57096.01,"max_rate":57188.0,"is_open":false,"enter_tag":"","leverage":1.0,"is_short":false,"open_timestamp":1725953280000,"close_timestamp":1725953460000,"orders":[{"amount":0.00035,"safe_price":57140.0,"ft_order_side":"buy","order_filled_timestamp":1725953280000,"ft_is_entry":true,"ft_order_tag":"","cost":20.002999799999998},{"amount":0.00035,"safe_price":57105.71,"ft_order_side":"sell","order_filled_timestamp":1725953460000,"ft_is_entry":false,"ft_order_tag":"custom_exit","cost":19.9909958997}],"funding_fees":0.0},{"pair":"BTC/USDT","stake_amount":19.43984,"max_stake_amount":19.43984,"amount":0.00034,"open_date":"2024-09-10 07:32:00+00:00","close_date":"2024-09-10 07:33:00+00:00","open_rate":57176.0,"close_rate":57185.99,"fee_open":0.0002,"fee_close":0.0002,"trade_duration":1,"profit_ratio":-0.00022526647190335757,"profit_abs":-0.00438002,"exit_reason":"custom_exit","initial_stop_loss_abs":40023.2,"initial_stop_loss_ratio":-0.3,"stop_loss_abs":40023.2,"stop_loss_ratio":-0.3,"min_rate":57162.0,"max_rate":57232.0,"is_open":false,"enter_tag":"","leverage":1.0,"is_short":false,"open_timestamp":1725953520000,"close_timestamp":1725953580000,"orders":[{"amount":0.00034,"safe_price":57176.0,"ft_order_side":"buy","order_filled_timestamp":1725953520000,"ft_is_entry":true,"ft_order_tag":"","cost":19.443727968},{"amount":0.00034,"safe_price":57185.99,"ft_order_side":"sell","order_filled_timestamp":1725953580000,"ft_is_entry":false,"ft_order_tag":"custom_exit","cost":19.447125247320002}],"funding_fees":0.0},{"pair":"BTC/USDT","stake_amount":19.71303,"max_stake_amount":19.71303,"amount":0.00034,"open_date":"2024-09-10 19:50:00+00:00","close_date":"2024-09-10 21:58:00+00:00","open_rate":57979.5,"close_rate":57546.0,"fee_open":0.0002,"fee_close":0.0002,"trade_duration":128,"profit_ratio":-0.007873710285155934,"profit_abs":-0.15524573,"exit_reason":"custom_exit","initial_stop_loss_abs":40585.65,"initial_stop_loss_ratio":-0.3,"stop_loss_abs":40585.65,"stop_loss_ratio":-0.3,"min_rate":57455.72,"max_rate":58044.36,"is_open":false,"enter_tag":"","leverage":1.0,"is_short":false,"open_timestamp":1725997800000,"close_timestamp":1726005480000,"orders":[{"amount":0.00034,"safe_price":57979.5,"ft_order_side":"buy","order_filled_timestamp":1725997800000,"ft_is_entry":true,"ft_order_tag":"","cost":19.716972606},{"amount":0.00034,"safe_price":57546.0,"ft_order_side":"sell","order_filled_timestamp":1726005480000,"ft_is_entry":false,"ft_order_tag":"custom_exit","cost":19.569553128000003}],"funding_fees":0.0},{"pair":"BTC/USDT","stake_amount":19.5770388,"max_stake_amount":19.5770388,"amount":0.00033,"open_date":"2024-09-13 15:33:00+00:00","close_date":"2024-09-13 15:34:00+00:00","open_rate":59324.36,"close_rate":59364.0,"fee_open":0.0002,"fee_close":0.0002,"trade_duration":1,"profit_ratio":0.0002680037930899348,"profit_abs":0.00524777,"exit_reason":"custom_exit","initial_stop_loss_abs":41527.06,"initial_stop_loss_ratio":-0.3,"stop_loss_abs":41527.06,"stop_loss_ratio":-0.3,"min_rate":59296.0,"max_rate":59496.0,"is_open":false,"enter_tag":"","leverage":1.0,"is_short":false,"open_timestamp":1726241580000,"close_timestamp":1726241640000,"orders":[{"amount":0.00033,"safe_price":59324.36,"ft_order_side":"buy","order_filled_timestamp":1726241580000,"ft_is_entry":true,"ft_order_tag":"","cost":19.58095420776},{"amount":0.00033,"safe_price":59364.0,"ft_order_side":"sell","order_filled_timestamp":1726241640000,"ft_is_entry":false,"ft_order_tag":"custom_exit","cost":19.594038024}],"funding_fees":0.0},{"pair":"BTC/USDT","stake_amount":19.6231167,"max_stake_amount":19.6231167,"amount":0.00033,"open_date":"2024-09-13 15:35:00+00:00","close_date":"2024-09-13 15:49:00+00:00","open_rate":59463.99,"close_rate":59484.01,"fee_open":0.0002,"fee_close":0.0002,"trade_duration":14,"profit_ratio":-6.338041376214464e-05,"profit_abs":-0.00124397,"exit_reason":"custom_exit","initial_stop_loss_abs":41624.8,"initial_stop_loss_ratio":-0.3,"stop_loss_abs":41624.8,"stop_loss_ratio":-0.3,"min_rate":59226.98,"max_rate":59643.29,"is_open":false,"enter_tag":"","leverage":1.0,"is_short":false,"open_timestamp":1726241700000,"close_timestamp":1726242540000,"orders":[{"amount":0.00033,"safe_price":59463.99,"ft_order_side":"buy","order_filled_timestamp":1726241700000,"ft_is_entry":true,"ft_order_tag":"","cost":19.62704132334},{"amount":0.00033,"safe_price":59484.01,"ft_order_side":"sell","order_filled_timestamp":1726242540000,"ft_is_entry":false,"ft_order_tag":"custom_exit","cost":19.633649244660003}],"funding_fees":0.0},{"pair":"BTC/USDT","stake_amount":19.9300233,"max_stake_amount":19.9300233,"amount":0.00033,"open_date":"2024-09-13 22:05:00+00:00","close_date":"2024-09-13 22:16:00+00:00","open_rate":60394.01,"close_rate":60441.5,"fee_open":0.0002,"fee_close":0.0002,"trade_duration":11,"profit_ratio":0.00038610195683016785,"profit_abs":0.00769656,"exit_reason":"custom_exit","initial_stop_loss_abs":42275.81,"initial_stop_loss_ratio":-0.3,"stop_loss_abs":42275.81,"stop_loss_ratio":-0.3,"min_rate":60240.0,"max_rate":60470.0,"is_open":false,"enter_tag":"","leverage":1.0,"is_short":false,"open_timestamp":1726265100000,"close_timestamp":1726265760000,"orders":[{"amount":0.00033,"safe_price":60394.01,"ft_order_side":"buy","order_filled_timestamp":1726265100000,"ft_is_entry":true,"ft_order_tag":"","cost":19.93400930466},{"amount":0.00033,"safe_price":60441.5,"ft_order_side":"sell","order_filled_timestamp":1726265760000,"ft_is_entry":false,"ft_order_tag":"custom_exit","cost":19.949684139}],"funding_fees":0.0},{"pair":"BTC/USDT","stake_amount":19.90428,"max_stake_amount":19.90428,"amount":0.00033,"open_date":"2024-09-15 13:22:00+00:00","close_date":"2024-09-15 15:02:00+00:00","open_rate":60316.0,"close_rate":60264.0,"fee_open":0.0002,"fee_close":0.0002,"trade_duration":100,"profit_ratio":-0.0012617013701842165,"profit_abs":-0.02511828,"exit_reason":"custom_exit","initial_stop_loss_abs":42221.2,"initial_stop_loss_ratio":-0.3,"stop_loss_abs":42221.2,"stop_loss_ratio":-0.3,"min_rate":59871.0,"max_rate":60349.48,"is_open":false,"enter_tag":"","leverage":1.0,"is_short":false,"open_timestamp":1726406520000,"close_timestamp":1726412520000,"orders":[{"amount":0.00033,"safe_price":60316.0,"ft_order_side":"buy","order_filled_timestamp":1726406520000,"ft_is_entry":true,"ft_order_tag":"","cost":19.908260856},{"amount":0.00033,"safe_price":60264.0,"ft_order_side":"sell","order_filled_timestamp":1726412520000,"ft_is_entry":false,"ft_order_tag":"custom_exit","cost":19.891097423999998}],"funding_fees":0.0},{"pair":"BTC/USDT","stake_amount":19.8222208,"max_stake_amount":19.8222208,"amount":0.00032,"open_date":"2024-09-19 00:02:00+00:00","close_date":"2024-09-19 00:02:00+00:00","open_rate":61944.44,"close_rate":61944.44,"fee_open":0.0002,"fee_close":0.0002,"trade_duration":0,"profit_ratio":-0.0003999201007332226,"profit_abs":-0.00792889,"exit_reason":"custom_exit","initial_stop_loss_abs":43361.11,"initial_stop_loss_ratio":-0.3,"stop_loss_abs":43361.11,"stop_loss_ratio":-0.3,"min_rate":61933.99,"max_rate":62122.0,"is_open":false,"enter_tag":"","leverage":1.0,"is_short":false,"open_timestamp":1726704120000,"close_timestamp":1726704120000,"orders":[{"amount":0.00032,"safe_price":61944.44,"ft_order_side":"buy","order_filled_timestamp":1726704120000,"ft_is_entry":true,"ft_order_tag":"","cost":19.826185244160005},{"amount":0.00032,"safe_price":61944.44,"ft_order_side":"sell","order_filled_timestamp":1726704120000,"ft_is_entry":false,"ft_order_tag":"custom_exit","cost":19.826185244160005}],"funding_fees":0.0},{"pair":"BTC/USDT","stake_amount":19.8790368,"max_stake_amount":19.8790368,"amount":0.00032,"open_date":"2024-09-19 00:03:00+00:00","close_date":"2024-09-19 00:21:00+00:00","open_rate":62121.99,"close_rate":62091.4,"fee_open":0.0002,"fee_close":0.0002,"trade_duration":18,"profit_ratio":-0.0008921414651939535,"profit_abs":-0.01773846,"exit_reason":"custom_exit","initial_stop_loss_abs":43485.4,"initial_stop_loss_ratio":-0.3,"stop_loss_abs":43485.4,"stop_loss_ratio":-0.3,"min_rate":61746.0,"max_rate":62352.33,"is_open":false,"enter_tag":"","leverage":1.0,"is_short":false,"open_timestamp":1726704180000,"close_timestamp":1726705260000,"orders":[{"amount":0.00032,"safe_price":62121.99,"ft_order_side":"buy","order_filled_timestamp":1726704180000,"ft_is_entry":true,"ft_order_tag":"","cost":19.88301260736},{"amount":0.00032,"safe_price":62091.4,"ft_order_side":"sell","order_filled_timestamp":1726705260000,"ft_is_entry":false,"ft_order_tag":"custom_exit","cost":19.873221849600004}],"funding_fees":0.0},{"pair":"BTC/USDT","stake_amount":19.9467168,"max_stake_amount":19.9467168,"amount":0.00032,"open_date":"2024-09-19 09:46:00+00:00","close_date":"2024-09-19 10:07:00+00:00","open_rate":62333.49,"close_rate":62326.0,"fee_open":0.0002,"fee_close":0.0002,"trade_duration":21,"profit_ratio":-0.0005200322196842648,"profit_abs":-0.01037501,"exit_reason":"custom_exit","initial_stop_loss_abs":43633.45,"initial_stop_loss_ratio":-0.3,"stop_loss_abs":43633.45,"stop_loss_ratio":-0.3,"min_rate":62227.2,"max_rate":62444.44,"is_open":false,"enter_tag":"","leverage":1.0,"is_short":false,"open_timestamp":1726739160000,"close_timestamp":1726740420000,"orders":[{"amount":0.00032,"safe_price":62333.49,"ft_order_side":"buy","order_filled_timestamp":1726739160000,"ft_is_entry":true,"ft_order_tag":"","cost":19.95070614336},{"amount":0.00032,"safe_price":62326.0,"ft_order_side":"sell","order_filled_timestamp":1726740420000,"ft_is_entry":false,"ft_order_tag":"custom_exit","cost":19.948308864}],"funding_fees":0.0},{"pair":"BTC/USDT","stake_amount":19.41964,"max_stake_amount":19.41964,"amount":0.00031,"open_date":"2024-09-19 10:30:00+00:00","close_date":"2024-09-19 11:22:00+00:00","open_rate":62644.0,"close_rate":62491.99,"fee_open":0.0002,"fee_close":0.0002,"trade_duration":52,"profit_ratio":-0.002825518695960493,"profit_abs":-0.05488153,"exit_reason":"custom_exit","initial_stop_loss_abs":43850.8,"initial_stop_loss_ratio":-0.3,"stop_loss_abs":43850.8,"stop_loss_ratio":-0.3,"min_rate":62242.0,"max_rate":62694.0,"is_open":false,"enter_tag":"","leverage":1.0,"is_short":false,"open_timestamp":1726741800000,"close_timestamp":1726744920000,"orders":[{"amount":0.00031,"safe_price":62644.0,"ft_order_side":"buy","order_filled_timestamp":1726741800000,"ft_is_entry":true,"ft_order_tag":"","cost":19.423523928},{"amount":0.00031,"safe_price":62491.99,"ft_order_side":"sell","order_filled_timestamp":1726744920000,"ft_is_entry":false,"ft_order_tag":"custom_exit","cost":19.37639140338}],"funding_fees":0.0},{"pair":"BTC/USDT","stake_amount":19.618722,"max_stake_amount":19.618722,"amount":0.00031,"open_date":"2024-09-19 13:29:00+00:00","close_date":"2024-09-19 14:13:00+00:00","open_rate":63286.2,"close_rate":63275.17,"fee_open":0.0002,"fee_close":0.0002,"trade_duration":44,"profit_ratio":-0.0005741376645509268,"profit_abs":-0.0112661,"exit_reason":"custom_exit","initial_stop_loss_abs":44300.34,"initial_stop_loss_ratio":-0.3,"stop_loss_abs":44300.34,"stop_loss_ratio":-0.3,"min_rate":62690.0,"max_rate":63410.97,"is_open":false,"enter_tag":"","leverage":1.0,"is_short":false,"open_timestamp":1726752540000,"close_timestamp":1726755180000,"orders":[{"amount":0.00031,"safe_price":63286.2,"ft_order_side":"buy","order_filled_timestamp":1726752540000,"ft_is_entry":true,"ft_order_tag":"","cost":19.622645744399996},{"amount":0.00031,"safe_price":63275.17,"ft_order_side":"sell","order_filled_timestamp":1726755180000,"ft_is_entry":false,"ft_order_tag":"custom_exit","cost":19.61922576054}],"funding_fees":0.0},{"pair":"BTC/USDT","stake_amount":19.7600665,"max_stake_amount":19.7600665,"amount":0.00031,"open_date":"2024-09-20 04:00:00+00:00","close_date":"2024-09-20 04:01:00+00:00","open_rate":63742.15,"close_rate":63700.3,"fee_open":0.0002,"fee_close":0.0002,"trade_duration":1,"profit_ratio":-0.0010562087859790467,"profit_abs":-0.02087493,"exit_reason":"custom_exit","initial_stop_loss_abs":44619.51,"initial_stop_loss_ratio":-0.3,"stop_loss_abs":44619.51,"stop_loss_ratio":-0.3,"min_rate":63670.3,"max_rate":63885.0,"is_open":false,"enter_tag":"","leverage":1.0,"is_short":false,"open_timestamp":1726804800000,"close_timestamp":1726804860000,"orders":[{"amount":0.00031,"safe_price":63742.15,"ft_order_side":"buy","order_filled_timestamp":1726804800000,"ft_is_entry":true,"ft_order_tag":"","cost":19.7640185133},{"amount":0.00031,"safe_price":63700.3,"ft_order_side":"sell","order_filled_timestamp":1726804860000,"ft_is_entry":false,"ft_order_tag":"custom_exit","cost":19.7510424186}],"funding_fees":0.0},{"pair":"BTC/USDT","stake_amount":19.7965969,"max_stake_amount":19.7965969,"amount":0.00031,"open_date":"2024-09-20 04:02:00+00:00","close_date":"2024-09-20 04:06:00+00:00","open_rate":63859.99,"close_rate":63849.0,"fee_open":0.0002,"fee_close":0.0002,"trade_duration":4,"profit_ratio":-0.0005719465592040126,"profit_abs":-0.01132486,"exit_reason":"custom_exit","initial_stop_loss_abs":44702.0,"initial_stop_loss_ratio":-0.3,"stop_loss_abs":44702.0,"stop_loss_ratio":-0.3,"min_rate":63786.0,"max_rate":63950.0,"is_open":false,"enter_tag":"","leverage":1.0,"is_short":false,"open_timestamp":1726804920000,"close_timestamp":1726805160000,"orders":[{"amount":0.00031,"safe_price":63859.99,"ft_order_side":"buy","order_filled_timestamp":1726804920000,"ft_is_entry":true,"ft_order_tag":"","cost":19.80055621938},{"amount":0.00031,"safe_price":63849.0,"ft_order_side":"sell","order_filled_timestamp":1726805160000,"ft_is_entry":false,"ft_order_tag":"custom_exit","cost":19.797148638}],"funding_fees":0.0},{"pair":"BTC/USDT","stake_amount":19.8522171,"max_stake_amount":19.8522171,"amount":0.00031,"open_date":"2024-09-20 04:09:00+00:00","close_date":"2024-09-20 04:09:00+00:00","open_rate":64039.41,"close_rate":64039.41,"fee_open":0.0002,"fee_close":0.0002,"trade_duration":0,"profit_ratio":-0.0003999201751411477,"profit_abs":-0.00794089,"exit_reason":"custom_exit","initial_stop_loss_abs":44827.59,"initial_stop_loss_ratio":-0.3,"stop_loss_abs":44827.59,"stop_loss_ratio":-0.3,"min_rate":64006.88,"max_rate":64133.32,"is_open":false,"enter_tag":"","leverage":1.0,"is_short":false,"open_timestamp":1726805340000,"close_timestamp":1726805340000,"orders":[{"amount":0.00031,"safe_price":64039.41,"ft_order_side":"buy","order_filled_timestamp":1726805340000,"ft_is_entry":true,"ft_order_tag":"","cost":19.85618754342},{"amount":0.00031,"safe_price":64039.41,"ft_order_side":"sell","order_filled_timestamp":1726805340000,"ft_is_entry":false,"ft_order_tag":"custom_exit","cost":19.85618754342}],"funding_fees":0.0},{"pair":"BTC/USDT","stake_amount":19.85674,"max_stake_amount":19.85674,"amount":0.00031,"open_date":"2024-09-20 04:10:00+00:00","close_date":"2024-09-20 10:18:00+00:00","open_rate":64054.0,"close_rate":63477.97,"fee_open":0.0002,"fee_close":0.0002,"trade_duration":368,"profit_ratio":-0.009389204481780981,"profit_abs":-0.18647628,"exit_reason":"custom_exit","initial_stop_loss_abs":44837.8,"initial_stop_loss_ratio":-0.3,"stop_loss_abs":44837.8,"stop_loss_ratio":-0.3,"min_rate":63090.43,"max_rate":64100.0,"is_open":false,"enter_tag":"","leverage":1.0,"is_short":false,"open_timestamp":1726805400000,"close_timestamp":1726827480000,"orders":[{"amount":0.00031,"safe_price":64054.0,"ft_order_side":"buy","order_filled_timestamp":1726805400000,"ft_is_entry":true,"ft_order_tag":"","cost":19.860711348},{"amount":0.00031,"safe_price":63477.97,"ft_order_side":"sell","order_filled_timestamp":1726827480000,"ft_is_entry":false,"ft_order_tag":"custom_exit","cost":19.68210633414}],"funding_fees":0.0}],"locks":[],"best_pair":{"key":"BTC/USDT","trades":22,"profit_mean":-0.0022200959363739936,"profit_mean_pct":-0.22,"profit_sum":-0.048842110600227855,"profit_sum_pct":-4.88,"profit_total_abs":-0.9639970799999997,"profit_total":-0.0009639970799999998,"profit_total_pct":-0.1,"duration_avg":"0:56:00","wins":4,"draws":0,"losses":18,"winrate":0.18181818181818182,"cagr":-0.01206553912182129,"expectancy":-0.04381804909090909,"expectancy_ratio":-0.7948965478726673,"sortino":-5.904703086267474,"sharpe":-6.337517511334952,"calmar":-65.09841807890906,"sqn":-2.0038,"profit_factor":0.028459774822295537,"max_drawdown_account":0.0009755593992560217,"max_drawdown_abs":0.9755706899999997},"worst_pair":{"key":"BTC/USDT","trades":22,"profit_mean":-0.0022200959363739936,"profit_mean_pct":-0.22,"profit_sum":-0.048842110600227855,"profit_sum_pct":-4.88,"profit_total_abs":-0.9639970799999997,"profit_total":-0.0009639970799999998,"profit_total_pct":-0.1,"duration_avg":"0:56:00","wins":4,"draws":0,"losses":18,"winrate":0.18181818181818182,"cagr":-0.01206553912182129,"expectancy":-0.04381804909090909,"expectancy_ratio":-0.7948965478726673,"sortino":-5.904703086267474,"sharpe":-6.337517511334952,"calmar":-65.09841807890906,"sqn":-2.0038,"profit_factor":0.028459774822295537,"max_drawdown_account":0.0009755593992560217,"max_drawdown_abs":0.9755706899999997},"results_per_pair":[{"key":"BTC/USDT","trades":22,"profit_mean":-0.0022200959363739936,"profit_mean_pct":-0.22,"profit_sum":-0.048842110600227855,"profit_sum_pct":-4.88,"profit_total_abs":-0.9639970799999997,"profit_total":-0.0009639970799999998,"profit_total_pct":-0.1,"duration_avg":"0:56:00","wins":4,"draws":0,"losses":18,"winrate":0.18181818181818182,"cagr":-0.01206553912182129,"expectancy":-0.04381804909090909,"expectancy_ratio":-0.7948965478726673,"sortino":-5.904703086267474,"sharpe":-6.337517511334952,"calmar":-65.09841807890906,"sqn":-2.0038,"profit_factor":0.028459774822295537,"max_drawdown_account":0.0009755593992560217,"max_drawdown_abs":0.9755706899999997},{"key":"TOTAL","trades":22,"profit_mean":-0.0022200959363739936,"profit_mean_pct":-0.22,"profit_sum":-0.048842110600227855,"profit_sum_pct":-4.88,"profit_total_abs":-0.9639970799999997,"profit_total":-0.0009639970799999998,"profit_total_pct":-0.1,"duration_avg":"0:56:00","wins":4,"draws":0,"losses":18,"winrate":0.18181818181818182,"cagr":-0.01206553912182129,"expectancy":-0.04381804909090909,"expectancy_ratio":-0.7948965478726673,"sortino":-5.904703086267474,"sharpe":-6.337517511334952,"calmar":-65.09841807890906,"sqn":-2.0038,"profit_factor":0.028459774822295537,"max_drawdown_account":0.0009755593992560217,"max_drawdown_abs":0.9755706899999997}],"results_per_enter_tag":[{"key":"","trades":22,"profit_mean":-0.0022200959363739936,"profit_mean_pct":-0.22,"profit_sum":-0.048842110600227855,"profit_sum_pct":-4.88,"profit_total_abs":-0.9639970799999997,"profit_total":-0.0009639970799999998,"profit_total_pct":-0.1,"duration_avg":"0:56:00","wins":4,"draws":0,"losses":18,"winrate":0.18181818181818182,"cagr":-0.01206553912182129,"expectancy":-0.04381804909090909,"expectancy_ratio":-0.7948965478726673,"sortino":-5.904703086267474,"sharpe":-6.337517511334952,"calmar":-65.09841807890906,"sqn":-2.0038,"profit_factor":0.028459774822295537,"max_drawdown_account":0.0009755593992560217,"max_drawdown_abs":0.9755706899999997},{"key":"TOTAL","trades":22,"profit_mean":-0.0022200959363739936,"profit_mean_pct":-0.22,"profit_sum":-0.048842110600227855,"profit_sum_pct":-4.88,"profit_total_abs":-0.9639970799999997,"profit_total":-0.0009639970799999998,"profit_total_pct":-0.1,"duration_avg":"0:56:00","wins":4,"draws":0,"losses":18,"winrate":0.18181818181818182,"cagr":-0.01206553912182129,"expectancy":-0.04381804909090909,"expectancy_ratio":-0.7948965478726673,"sortino":-5.904703086267474,"sharpe":-6.337517511334952,"calmar":-65.09841807890906,"sqn":-2.0038,"profit_factor":0.028459774822295537,"max_drawdown_account":0.0009755593992560217,"max_drawdown_abs":0.9755706899999997}],"exit_reason_summary":[{"key":"custom_exit","trades":22,"profit_mean":-0.0022200959363739936,"profit_mean_pct":-0.22,"profit_sum":-0.048842110600227855,"profit_sum_pct":-4.88,"profit_total_abs":-0.9639970799999997,"profit_total":-0.0009639970799999998,"profit_total_pct":-0.1,"duration_avg":"0:56:00","wins":4,"draws":0,"losses":18,"winrate":0.18181818181818182,"cagr":-0.01206553912182129,"expectancy":-0.04381804909090909,"expectancy_ratio":-0.7948965478726673,"sortino":-5.904703086267474,"sharpe":-6.337517511334952,"calmar":-65.09841807890906,"sqn":-2.0038,"profit_factor":0.028459774822295537,"max_drawdown_account":0.0009755593992560217,"max_drawdown_abs":0.9755706899999997},{"key":"TOTAL","trades":22,"profit_mean":-0.0022200959363739936,"profit_mean_pct":-0.22,"profit_sum":-0.048842110600227855,"profit_sum_pct":-4.88,"profit_total_abs":-0.9639970799999997,"profit_total":-0.0009639970799999998,"profit_total_pct":-0.1,"duration_avg":"0:56:00","wins":4,"draws":0,"losses":18,"winrate":0.18181818181818182,"cagr":-0.01206553912182129,"expectancy":-0.04381804909090909,"expectancy_ratio":-0.7948965478726673,"sortino":-5.904703086267474,"sharpe":-6.337517511334952,"calmar":-65.09841807890906,"sqn":-2.0038,"profit_factor":0.028459774822295537,"max_drawdown_account":0.0009755593992560217,"max_drawdown_abs":0.9755706899999997}],"mix_tag_stats":[{"key":["","custom_exit"],"trades":22,"profit_mean":-0.0022200959363739936,"profit_mean_pct":-0.22,"profit_sum":-0.048842110600227855,"profit_sum_pct":-4.88,"profit_total_abs":-0.9639970799999997,"profit_total":-0.0009639970799999998,"profit_total_pct":-0.1,"duration_avg":"0:56:00","wins":4,"draws":0,"losses":18,"winrate":0.18181818181818182,"cagr":-0.01206553912182129,"expectancy":-0.04381804909090909,"expectancy_ratio":-0.7948965478726673,"sortino":-5.904703086267474,"sharpe":-6.337517511334952,"calmar":-65.09841807890906,"sqn":-2.0038,"profit_factor":0.028459774822295537,"max_drawdown_account":0.0009755593992560217,"max_drawdown_abs":0.9755706899999997},{"key":"TOTAL","trades":22,"profit_mean":-0.0022200959363739936,"profit_mean_pct":-0.22,"profit_sum":-0.048842110600227855,"profit_sum_pct":-4.88,"profit_total_abs":-0.9639970799999997,"profit_total":-0.0009639970799999998,"profit_total_pct":-0.1,"duration_avg":"0:56:00","wins":4,"draws":0,"losses":18,"winrate":0.18181818181818182,"cagr":-0.01206553912182129,"expectancy":-0.04381804909090909,"expectancy_ratio":-0.7948965478726673,"sortino":-5.904703086267474,"sharpe":-6.337517511334952,"calmar":-65.09841807890906,"sqn":-2.0038,"profit_factor":0.028459774822295537,"max_drawdown_account":0.0009755593992560217,"max_drawdown_abs":0.9755706899999997}],"left_open_trades":[{"key":"TOTAL","trades":0,"profit_mean":0.0,"profit_mean_pct":0.0,"profit_sum":0.0,"profit_sum_pct":0.0,"profit_total_abs":0.0,"profit_total":0.0,"profit_total_pct":0.0,"duration_avg":"0:00","wins":0,"draws":0,"losses":0,"winrate":0.0,"cagr":0.0,"expectancy":0.0,"expectancy_ratio":100.0,"sortino":0,"sharpe":0,"calmar":0,"sqn":0.0,"profit_factor":0.0,"max_drawdown_account":0.0,"max_drawdown_abs":0.0}],"total_trades":22,"trade_count_long":22,"trade_count_short":0,"total_volume":868.54104467424,"avg_stake_amount":19.753583972727274,"profit_mean":-0.0022200959363739936,"profit_median":-0.00045997619741270626,"profit_total":-0.0009639970799999998,"profit_total_long":-0.0009639970799999998,"profit_total_short":0.0,"profit_total_abs":-0.9639970799999997,"profit_total_long_abs":-0.9639970799999997,"profit_total_short_abs":0.0,"cagr":-0.01206553912182129,"expectancy":-0.04381804909090909,"expectancy_ratio":-0.7948965478726673,"sortino":-5.904703086267474,"sharpe":-6.337517511334952,"calmar":-65.09841807890906,"sqn":-2.0038,"profit_factor":0.028459774822295537,"backtest_start":"2024-09-01 00:00:00","backtest_start_ts":1725148800000,"backtest_end":"2024-09-30 00:00:00","backtest_end_ts":1727654400000,"backtest_days":29,"backtest_run_start_ts":1752177903,"backtest_run_end_ts":1752177903,"trades_per_day":0.76,"market_change":0.11249559499530426,"pairlist":["BTC/USDT"],"stake_amount":20,"stake_currency":"USDT","stake_currency_decimals":3,"starting_balance":1000,"dry_run_wallet":1000,"final_balance":999.03600292,"rejected_signals":0,"timedout_entry_orders":0,"timedout_exit_orders":0,"canceled_trade_entries":0,"canceled_entry_orders":0,"replaced_entry_orders":0,"max_open_trades":1,"max_open_trades_setting":5,"timeframe":"1m","timeframe_detail":"","timerange":"20240901-20240930","enable_protections":false,"strategy_name":"MultiHorizonMomentum","stoploss":-0.3,"trailing_stop":false,"trailing_stop_positive":null,"trailing_stop_positive_offset":0.0,"trailing_only_offset_is_reached":false,"use_custom_stoploss":false,"minimal_roi":{},"use_exit_signal":true,"exit_profit_only":false,"exit_profit_offset":0.0,"ignore_roi_if_entry_signal":false,"trading_mode":"spot","margin_mode":"","periodic_breakdown":{"day":[{"date":"09/09/2024","date_ts":1725840000000,"profit_abs":0.01157361,"wins":2,"draws":0,"losses":2,"trades":4,"profit_factor":4.11045804},{"date":"10/09/2024","date_ts":1725926400000,"profit_abs":-0.63334582,"wins":0,"draws":0,"losses":5,"trades":5,"profit_factor":0.0},{"date":"11/09/2024","date_ts":1726012800000,"profit_abs":0.0,"wins":0,"draws":0,"losses":0,"trades":0,"profit_factor":0.0},{"date":"12/09/2024","date_ts":1726099200000,"profit_abs":0.0,"wins":0,"draws":0,"losses":0,"trades":0,"profit_factor":0.0},{"date":"13/09/2024","date_ts":1726185600000,"profit_abs":0.01170036,"wins":2,"draws":0,"losses":1,"trades":3,"profit_factor":10.40566091},{"date":"14/09/2024","date_ts":1726272000000,"profit_abs":0.0,"wins":0,"draws":0,"losses":0,"trades":0,"profit_factor":0.0},{"date":"15/09/2024","date_ts":1726358400000,"profit_abs":-0.02511828,"wins":0,"draws":0,"losses":1,"trades":1,"profit_factor":0.0},{"date":"16/09/2024","date_ts":1726444800000,"profit_abs":0.0,"wins":0,"draws":0,"losses":0,"trades":0,"profit_factor":0.0},{"date":"17/09/2024","date_ts":1726531200000,"profit_abs":0.0,"wins":0,"draws":0,"losses":0,"trades":0,"profit_factor":0.0},{"date":"18/09/2024","date_ts":1726617600000,"profit_abs":0.0,"wins":0,"draws":0,"losses":0,"trades":0,"profit_factor":0.0},{"date":"19/09/2024","date_ts":1726704000000,"profit_abs":-0.10218999,"wins":0,"draws":0,"losses":5,"trades":5,"profit_factor":0.0},{"date":"20/09/2024","date_ts":1726790400000,"profit_abs":-0.22661696,"wins":0,"draws":0,"losses":4,"trades":4,"profit_factor":0.0}],"week":[{"date":"09/09/2024","date_ts":1725840000000,"profit_abs":0.01157361,"wins":2,"draws":0,"losses":2,"trades":4,"profit_factor":4.11045804},{"date":"16/09/2024","date_ts":1726444800000,"profit_abs":-0.64676374,"wins":2,"draws":0,"losses":7,"trades":9,"profit_factor":0.0196213},{"date":"23/09/2024","date_ts":1727049600000,"profit_abs":-0.32880695,"wins":0,"draws":0,"losses":9,"trades":9,"profit_factor":0.0}],"month":[{"date":"30/09/2024","date_ts":1727654400000,"profit_abs":-0.96399708,"wins":4,"draws":0,"losses":18,"trades":22,"profit_factor":0.02845977}],"year":[{"date":"31/12/2024","date_ts":1735603200000,"profit_abs":-0.96399708,"wins":4,"draws":0,"losses":18,"trades":22,"profit_factor":0.02845977}]},"backtest_best_day":0.0005907253361579581,"backtest_worst_day":-0.03213102719872146,"backtest_best_day_abs":0.01170036,"backtest_worst_day_abs":-0.63334582,"winning_days":2,"draw_days":6,"losing_days":4,"daily_profit":[["2024-09-09",0.01157361],["2024-09-10",-0.63334582],["2024-09-11",0.0],["2024-09-12",0.0],["2024-09-13",0.01170036],["2024-09-14",0.0],["2024-09-15",-0.02511828],["2024-09-16",0.0],["2024-09-17",0.0],["2024-09-18",0.0],["2024-09-19",-0.10218999],["2024-09-20",-0.22661696]],"wins":4,"losses":18,"draws":0,"winrate":0.18181818181818182,"holding_avg":"0:56:00","holding_avg_s":3360.0,"winner_holding_min":"0d 00:01","winner_holding_min_s":60.0,"winner_holding_max":"0d 00:23","winner_holding_max_s":1380.0,"winner_holding_avg":"0d 00:09","winner_holding_avg_s":540.0,"loser_holding_min":"0d 00:00","loser_holding_min_s":0.0,"loser_holding_max":"0d 07:19","loser_holding_max_s":26340.0,"loser_holding_avg":"0d 01:07","loser_holding_avg_s":4020.0,"max_consecutive_wins":2,"max_consecutive_losses":10,"max_drawdown_account":0.0009755593992560217,"max_relative_drawdown":0.0009755593992560217,"max_drawdown_abs":0.9755706899999997,"drawdown_start":"2024-09-09 16:46:00","drawdown_start_ts":1725900360000.0,"drawdown_end":"2024-09-20 10:18:00","drawdown_end_ts":1726827480000.0,"max_drawdown_low":-0.9639970799999997,"max_drawdown_high":0.01157361,"csum_min":999.03600292,"csum_max":1000.01157361}},"strategy_comparison":[{"key":"MultiHorizonMomentum","trades":22,"profit_mean":-0.0022200959363739936,"profit_mean_pct":-0.22,"profit_sum":-0.048842110600227855,"profit_sum_pct":-4.88,"profit_total_abs":-0.9639970799999997,"profit_total":-0.0009639970799999998,"profit_total_pct":-0.1,"duration_avg":"0:56:00","wins":4,"draws":0,"losses":18,"winrate":0.18181818181818182,"cagr":-0.01206553912182129,"expectancy":-0.04381804909090909,"expectancy_ratio":-0.7948965478726673,"sortino":-5.904703086267474,"sharpe":-6.337517511334952,"calmar":-65.09841807890906,"sqn":-2.0038,"profit_factor":0.028459774822295537,"max_drawdown_account":0.0009755593992560217,"max_drawdown_abs":"0.976"}]}