{"strategy":{"MultiHorizonMomentum":{"trades":[{"pair":"BTC/USDT","stake_amount":19.778146,"max_stake_amount":19.778146,"amount":0.0002,"open_date":"2025-01-06 02:02:00+00:00","close_date":"2025-01-06 02:05:00+00:00","open_rate":98890.73,"close_rate":98885.59,"fee_open":0.0002,"fee_close":0.0002,"trade_duration":3,"profit_ratio":-0.0004518756483793022,"profit_abs":-0.00893905,"exit_reason":"custom_exit","initial_stop_loss_abs":69223.52,"initial_stop_loss_ratio":-0.3,"stop_loss_abs":69223.52,"stop_loss_ratio":-0.3,"min_rate":98815.24,"max_rate":99254.87,"is_open":false,"enter_tag":"","leverage":1.0,"is_short":false,"open_timestamp":1736128920000,"close_timestamp":1736129100000,"orders":[{"amount":0.0002,"safe_price":98890.73,"ft_order_side":"buy","order_filled_timestamp":1736128920000,"ft_is_entry":true,"ft_order_tag":"","cost":19.7821016292},{"amount":0.0002,"safe_price":98885.59,"ft_order_side":"sell","order_filled_timestamp":1736129100000,"ft_is_entry":false,"ft_order_tag":"custom_exit","cost":19.781073423600002}],"funding_fees":0.0},{"pair":"BTC/USDT","stake_amount":19.824006,"max_stake_amount":19.824006,"amount":0.0002,"open_date":"2025-01-06 02:06:00+00:00","close_date":"2025-01-06 02:06:00+00:00","open_rate":99120.03,"close_rate":99120.03,"fee_open":0.0002,"fee_close":0.0002,"trade_duration":0,"profit_ratio":-0.0003999198949556702,"profit_abs":-0.0079296,"exit_reason":"custom_exit","initial_stop_loss_abs":69384.03,"initial_stop_loss_ratio":-0.3,"stop_loss_abs":69384.03,"stop_loss_ratio":-0.3,"min_rate":99023.01,"max_rate":99238.99,"is_open":false,"enter_tag":"","leverage":1.0,"is_short":false,"open_timestamp":1736129160000,"close_timestamp":1736129160000,"orders":[{"amount":0.0002,"safe_price":99120.03,"ft_order_side":"buy","order_filled_timestamp":1736129160000,"ft_is_entry":true,"ft_order_tag":"","cost":19.8279708012},{"amount":0.0002,"safe_price":99120.03,"ft_order_side":"sell","order_filled_timestamp":1736129160000,"ft_is_entry":false,"ft_order_tag":"custom_exit","cost":19.8279708012}],"funding_fees":0.0},{"pair":"BTC/USDT","stake_amount":19.810016,"max_stake_amount":19.810016,"amount":0.0002,"open_date":"2025-01-06 02:07:00+00:00","close_date":"2025-01-06 02:07:00+00:00","open_rate":99050.08,"close_rate":99050.08,"fee_open":0.0002,"fee_close":0.0002,"trade_duration":0,"profit_ratio":-0.0003999201976867167,"profit_abs":-0.00792401,"exit_reason":"custom_exit","initial_stop_loss_abs":69335.06,"initial_stop_loss_ratio":-0.3,"stop_loss_abs":69335.06,"stop_loss_ratio":-0.3,"min_rate":99005.0,"max_rate":99240.0,"is_open":false,"enter_tag":"","leverage":1.0,"is_short":false,"open_timestamp":1736129220000,"close_timestamp":1736129220000,"orders":[{"amount":0.0002,"safe_price":99050.08,"ft_order_side":"buy","order_filled_timestamp":1736129220000,"ft_is_entry":true,"ft_order_tag":"","cost":19.8139780032},{"amount":0.0002,"safe_price":99050.08,"ft_order_side":"sell","order_filled_timestamp":1736129220000,"ft_is_entry":false,"ft_order_tag":"custom_exit","cost":19.8139780032}],"funding_fees":0.0},{"pair":"BTC/USDT","stake_amount":19.848002,"max_stake_amount":19.848002,"amount":0.0002,"open_date":"2025-01-06 02:09:00+00:00","close_date":"2025-01-06 02:10:00+00:00","open_rate":99240.01,"close_rate":99222.2,"fee_open":0.0002,"fee_close":0.0002,"trade_duration":1,"profit_ratio":-0.0005793122331369987,"profit_abs":-0.01150049,"exit_reason":"custom_exit","initial_stop_loss_abs":69468.01,"initial_stop_loss_ratio":-0.3,"stop_loss_abs":69468.01,"stop_loss_ratio":-0.3,"min_rate":99196.85,"max_rate":99333.0,"is_open":false,"enter_tag":"","leverage":1.0,"is_short":false,"open_timestamp":1736129340000,"close_timestamp":1736129400000,"orders":[{"amount":0.0002,"safe_price":99240.01,"ft_order_side":"buy","order_filled_timestamp":1736129340000,"ft_is_entry":true,"ft_order_tag":"","cost":19.8519716004},{"amount":0.0002,"safe_price":99222.2,"ft_order_side":"sell","order_filled_timestamp":1736129400000,"ft_is_entry":false,"ft_order_tag":"custom_exit","cost":19.848408887999998}],"funding_fees":0.0},{"pair":"BTC/USDT","stake_amount":19.881478,"max_stake_amount":19.881478,"amount":0.0002,"open_date":"2025-01-06 04:20:00+00:00","close_date":"2025-01-06 04:55:00+00:00","open_rate":99407.39,"close_rate":99425.58,"fee_open":0.0002,"fee_close":0.0002,"trade_duration":35,"profit_ratio":-0.00021700887170351645,"profit_abs":-0.00431532,"exit_reason":"custom_exit","initial_stop_loss_abs":69585.18,"initial_stop_loss_ratio":-0.3,"stop_loss_abs":69585.18,"stop_loss_ratio":-0.3,"min_rate":99184.98,"max_rate":99500.88,"is_open":false,"enter_tag":"","leverage":1.0,"is_short":false,"open_timestamp":1736137200000,"close_timestamp":1736139300000,"orders":[{"amount":0.0002,"safe_price":99407.39,"ft_order_side":"buy","order_filled_timestamp":1736137200000,"ft_is_entry":true,"ft_order_tag":"","cost":19.885454295600002},{"amount":0.0002,"safe_price":99425.58,"ft_order_side":"sell","order_filled_timestamp":1736139300000,"ft_is_entry":false,"ft_order_tag":"custom_exit","cost":19.8890930232}],"funding_fees":0.0},{"pair":"BTC/USDT","stake_amount":19.908002,"max_stake_amount":19.908002,"amount":0.0002,"open_date":"2025-01-06 05:07:00+00:00","close_date":"2025-01-06 05:07:00+00:00","open_rate":99540.01,"close_rate":99540.01,"fee_open":0.0002,"fee_close":0.0002,"trade_duration":0,"profit_ratio":-0.00039991997581998974,"profit_abs":-0.0079632,"exit_reason":"custom_exit","initial_stop_loss_abs":69678.01,"initial_stop_loss_ratio":-0.3,"stop_loss_abs":69678.01,"stop_loss_ratio":-0.3,"min_rate":99540.0,"max_rate":99599.99,"is_open":false,"enter_tag":"","leverage":1.0,"is_short":false,"open_timestamp":1736140020000,"close_timestamp":1736140020000,"orders":[{"amount":0.0002,"safe_price":99540.01,"ft_order_side":"buy","order_filled_timestamp":1736140020000,"ft_is_entry":true,"ft_order_tag":"","cost":19.9119836004},{"amount":0.0002,"safe_price":99540.01,"ft_order_side":"sell","order_filled_timestamp":1736140020000,"ft_is_entry":false,"ft_order_tag":"custom_exit","cost":19.9119836004}],"funding_fees":0.0},{"pair":"BTC/USDT","stake_amount":19.96203,"max_stake_amount":19.96203,"amount":0.0002,"open_date":"2025-01-06 05:35:00+00:00","close_date":"2025-01-06 05:47:00+00:00","open_rate":99810.15,"close_rate":99799.99,"fee_open":0.0002,"fee_close":0.0002,"trade_duration":12,"profit_ratio":-0.0005016727817048809,"profit_abs":-0.01001641,"exit_reason":"custom_exit","initial_stop_loss_abs":69867.11,"initial_stop_loss_ratio":-0.3,"stop_loss_abs":69867.11,"stop_loss_ratio":-0.3,"min_rate":99617.16,"max_rate":99892.0,"is_open":false,"enter_tag":"","leverage":1.0,"is_short":false,"open_timestamp":1736141700000,"close_timestamp":1736142420000,"orders":[{"amount":0.0002,"safe_price":99810.15,"ft_order_side":"buy","order_filled_timestamp":1736141700000,"ft_is_entry":true,"ft_order_tag":"","cost":19.966022405999997},{"amount":0.0002,"safe_price":99799.99,"ft_order_side":"sell","order_filled_timestamp":1736142420000,"ft_is_entry":false,"ft_order_tag":"custom_exit","cost":19.963989999600003}],"funding_fees":0.0}],"locks":[],"best_pair":{"key":"BTC/USDT","trades":7,"profit_mean":-0.000421375657626725,"profit_mean_pct":-0.04,"profit_sum":-0.0029496296033870747,"profit_sum_pct":-0.29,"profit_total_abs":-0.05858808,"profit_total":-5.858808e-05,"profit_total_pct":-0.01,"duration_avg":"0:07:00","wins":0,"draws":0,"losses":7,"winrate":0.0,"cagr":-0.02115823200350242,"expectancy":-0.008369725714285714,"expectancy_ratio":-1.0,"sortino":-542.1938747759722,"sharpe":-542.1938747759722,"calmar":-1910.497317452664,"sqn":-9.9308,"profit_factor":0.0,"max_drawdown_account":5.8588080000049556e-05,"max_drawdown_abs":0.05858808},"worst_pair":{"key":"BTC/USDT","trades":7,"profit_mean":-0.000421375657626725,"profit_mean_pct":-0.04,"profit_sum":-0.0029496296033870747,"profit_sum_pct":-0.29,"profit_total_abs":-0.05858808,"profit_total":-5.858808e-05,"profit_total_pct":-0.01,"duration_avg":"0:07:00","wins":0,"draws":0,"losses":7,"winrate":0.0,"cagr":-0.02115823200350242,"expectancy":-0.008369725714285714,"expectancy_ratio":-1.0,"sortino":-542.1938747759722,"sharpe":-542.1938747759722,"calmar":-1910.497317452664,"sqn":-9.9308,"profit_factor":0.0,"max_drawdown_account":5.8588080000049556e-05,"max_drawdown_abs":0.05858808},"results_per_pair":[{"key":"BTC/USDT","trades":7,"profit_mean":-0.000421375657626725,"profit_mean_pct":-0.04,"profit_sum":-0.0029496296033870747,"profit_sum_pct":-0.29,"profit_total_abs":-0.05858808,"profit_total":-5.858808e-05,"profit_total_pct":-0.01,"duration_avg":"0:07:00","wins":0,"draws":0,"losses":7,"winrate":0.0,"cagr":-0.02115823200350242,"expectancy":-0.008369725714285714,"expectancy_ratio":-1.0,"sortino":-542.1938747759722,"sharpe":-542.1938747759722,"calmar":-1910.497317452664,"sqn":-9.9308,"profit_factor":0.0,"max_drawdown_account":5.8588080000049556e-05,"max_drawdown_abs":0.05858808},{"key":"TOTAL","trades":7,"profit_mean":-0.000421375657626725,"profit_mean_pct":-0.04,"profit_sum":-0.0029496296033870747,"profit_sum_pct":-0.29,"profit_total_abs":-0.05858808,"profit_total":-5.858808e-05,"profit_total_pct":-0.01,"duration_avg":"0:07:00","wins":0,"draws":0,"losses":7,"winrate":0.0,"cagr":-0.02115823200350242,"expectancy":-0.008369725714285714,"expectancy_ratio":-1.0,"sortino":-542.1938747759722,"sharpe":-542.1938747759722,"calmar":-1910.497317452664,"sqn":-9.9308,"profit_factor":0.0,"max_drawdown_account":5.8588080000049556e-05,"max_drawdown_abs":0.05858808}],"results_per_enter_tag":[{"key":"","trades":7,"profit_mean":-0.000421375657626725,"profit_mean_pct":-0.04,"profit_sum":-0.0029496296033870747,"profit_sum_pct":-0.29,"profit_total_abs":-0.05858808,"profit_total":-5.858808e-05,"profit_total_pct":-0.01,"duration_avg":"0:07:00","wins":0,"draws":0,"losses":7,"winrate":0.0,"cagr":-0.02115823200350242,"expectancy":-0.008369725714285714,"expectancy_ratio":-1.0,"sortino":-542.1938747759722,"sharpe":-542.1938747759722,"calmar":-1910.497317452664,"sqn":-9.9308,"profit_factor":0.0,"max_drawdown_account":5.8588080000049556e-05,"max_drawdown_abs":0.05858808},{"key":"TOTAL","trades":7,"profit_mean":-0.000421375657626725,"profit_mean_pct":-0.04,"profit_sum":-0.0029496296033870747,"profit_sum_pct":-0.29,"profit_total_abs":-0.05858808,"profit_total":-5.858808e-05,"profit_total_pct":-0.01,"duration_avg":"0:07:00","wins":0,"draws":0,"losses":7,"winrate":0.0,"cagr":-0.02115823200350242,"expectancy":-0.008369725714285714,"expectancy_ratio":-1.0,"sortino":-542.1938747759722,"sharpe":-542.1938747759722,"calmar":-1910.497317452664,"sqn":-9.9308,"profit_factor":0.0,"max_drawdown_account":5.8588080000049556e-05,"max_drawdown_abs":0.05858808}],"exit_reason_summary":[{"key":"custom_exit","trades":7,"profit_mean":-0.000421375657626725,"profit_mean_pct":-0.04,"profit_sum":-0.0029496296033870747,"profit_sum_pct":-0.29,"profit_total_abs":-0.05858808,"profit_total":-5.858808e-05,"profit_total_pct":-0.01,"duration_avg":"0:07:00","wins":0,"draws":0,"losses":7,"winrate":0.0,"cagr":-0.02115823200350242,"expectancy":-0.008369725714285714,"expectancy_ratio":-1.0,"sortino":-542.1938747759722,"sharpe":-542.1938747759722,"calmar":-1910.497317452664,"sqn":-9.9308,"profit_factor":0.0,"max_drawdown_account":5.8588080000049556e-05,"max_drawdown_abs":0.05858808},{"key":"TOTAL","trades":7,"profit_mean":-0.000421375657626725,"profit_mean_pct":-0.04,"profit_sum":-0.0029496296033870747,"profit_sum_pct":-0.29,"profit_total_abs":-0.05858808,"profit_total":-5.858808e-05,"profit_total_pct":-0.01,"duration_avg":"0:07:00","wins":0,"draws":0,"losses":7,"winrate":0.0,"cagr":-0.02115823200350242,"expectancy":-0.008369725714285714,"expectancy_ratio":-1.0,"sortino":-542.1938747759722,"sharpe":-542.1938747759722,"calmar":-1910.497317452664,"sqn":-9.9308,"profit_factor":0.0,"max_drawdown_account":5.8588080000049556e-05,"max_drawdown_abs":0.05858808}],"mix_tag_stats":[{"key":["","custom_exit"],"trades":7,"profit_mean":-0.000421375657626725,"profit_mean_pct":-0.04,"profit_sum":-0.0029496296033870747,"profit_sum_pct":-0.29,"profit_total_abs":-0.05858808,"profit_total":-5.858808e-05,"profit_total_pct":-0.01,"duration_avg":"0:07:00","wins":0,"draws":0,"losses":7,"winrate":0.0,"cagr":-0.02115823200350242,"expectancy":-0.008369725714285714,"expectancy_ratio":-1.0,"sortino":-542.1938747759722,"sharpe":-542.1938747759722,"calmar":-1910.497317452664,"sqn":-9.9308,"profit_factor":0.0,"max_drawdown_account":5.8588080000049556e-05,"max_drawdown_abs":0.05858808},{"key":"TOTAL","trades":7,"profit_mean":-0.000421375657626725,"profit_mean_pct":-0.04,"profit_sum":-0.0029496296033870747,"profit_sum_pct":-0.29,"profit_total_abs":-0.05858808,"profit_total":-5.858808e-05,"profit_total_pct":-0.01,"duration_avg":"0:07:00","wins":0,"draws":0,"losses":7,"winrate":0.0,"cagr":-0.02115823200350242,"expectancy":-0.008369725714285714,"expectancy_ratio":-1.0,"sortino":-542.1938747759722,"sharpe":-542.1938747759722,"calmar":-1910.497317452664,"sqn":-9.9308,"profit_factor":0.0,"max_drawdown_account":5.8588080000049556e-05,"max_drawdown_abs":0.05858808}],"left_open_trades":[{"key":"TOTAL","trades":0,"profit_mean":0.0,"profit_mean_pct":0.0,"profit_sum":0.0,"profit_sum_pct":0.0,"profit_total_abs":0.0,"profit_total":0.0,"profit_total_pct":0.0,"duration_avg":"0:00","wins":0,"draws":0,"losses":0,"winrate":0.0,"cagr":0.0,"expectancy":0.0,"expectancy_ratio":100.0,"sortino":0,"sharpe":0,"calmar":0,"sqn":0.0,"profit_factor":0.0,"max_drawdown_account":0.0,"max_drawdown_abs":0.0}],"total_trades":7,"trade_count_long":7,"trade_count_short":0,"total_volume":278.0759800752,"avg_stake_amount":19.858811428571432,"profit_mean":-0.000421375657626725,"profit_median":-0.0003999201976867167,"profit_total":-5.858808e-05,"profit_total_long":-5.858808e-05,"profit_total_short":0.0,"profit_total_abs":-0.05858808,"profit_total_long_abs":-0.05858808,"profit_total_short_abs":0.0,"cagr":-0.02115823200350242,"expectancy":-0.008369725714285714,"expectancy_ratio":-1.0,"sortino":-542.1938747759722,"sharpe":-542.1938747759722,"calmar":-1910.497317452664,"sqn":-9.9308,"profit_factor":0.0,"backtest_start":"2025-01-06 00:00:00","backtest_start_ts":1736121600000,"backtest_end":"2025-01-07 00:00:00","backtest_end_ts":1736208000000,"backtest_days":1,"backtest_run_start_ts":1752179431,"backtest_run_end_ts":1752179431,"trades_per_day":7.0,"market_change":0.03803083179778785,"pairlist":["BTC/USDT"],"stake_amount":20,"stake_currency":"USDT","stake_currency_decimals":3,"starting_balance":1000,"dry_run_wallet":1000,"final_balance":999.94141192,"rejected_signals":0,"timedout_entry_orders":0,"timedout_exit_orders":0,"canceled_trade_entries":0,"canceled_entry_orders":0,"replaced_entry_orders":0,"max_open_trades":1,"max_open_trades_setting":5,"timeframe":"1m","timeframe_detail":"","timerange":"20250106-20250107","enable_protections":false,"strategy_name":"MultiHorizonMomentum","stoploss":-0.3,"trailing_stop":false,"trailing_stop_positive":null,"trailing_stop_positive_offset":0.0,"trailing_only_offset_is_reached":false,"use_custom_stoploss":false,"minimal_roi":{},"use_exit_signal":true,"exit_profit_only":false,"exit_profit_offset":0.0,"ignore_roi_if_entry_signal":false,"trading_mode":"spot","margin_mode":"","periodic_breakdown":{"day":[{"date":"06/01/2025","date_ts":1736121600000,"profit_abs":-0.05858808,"wins":0,"draws":0,"losses":7,"trades":7,"profit_factor":0.0}],"week":[{"date":"06/01/2025","date_ts":1736121600000,"profit_abs":-0.05858808,"wins":0,"draws":0,"losses":7,"trades":7,"profit_factor":0.0}],"month":[{"date":"31/01/2025","date_ts":1738281600000,"profit_abs":-0.05858808,"wins":0,"draws":0,"losses":7,"trades":7,"profit_factor":0.0}],"year":[{"date":"31/12/2025","date_ts":1767139200000,"profit_abs":-0.05858808,"wins":0,"draws":0,"losses":7,"trades":7,"profit_factor":0.0}]},"backtest_best_day":-0.002949629603387075,"backtest_worst_day":-0.002949629603387075,"backtest_best_day_abs":-0.05858808,"backtest_worst_day_abs":-0.05858808,"winning_days":0,"draw_days":0,"losing_days":1,"daily_profit":[["2025-01-06",-0.05858808]],"wins":0,"losses":7,"draws":0,"winrate":0.0,"holding_avg":"0:07:00","holding_avg_s":420.0,"winner_holding_min":"0d 00:00","winner_holding_min_s":0.0,"winner_holding_max":"0d 00:00","winner_holding_max_s":0.0,"winner_holding_avg":"0d 00:00","winner_holding_avg_s":0.0,"loser_holding_min":"0d 00:00","loser_holding_min_s":0.0,"loser_holding_max":"0d 00:35","loser_holding_max_s":2100.0,"loser_holding_avg":"0d 00:07","loser_holding_avg_s":420.0,"max_consecutive_wins":0,"max_consecutive_losses":7,"max_drawdown_account":5.8588080000049556e-05,"max_relative_drawdown":5.8588080000049556e-05,"max_drawdown_abs":0.05858808,"drawdown_start":"2025-01-06 02:05:00","drawdown_start_ts":1736129100000.0,"drawdown_end":"2025-01-06 05:47:00","drawdown_end_ts":1736142420000.0,"max_drawdown_low":-0.05858808,"max_drawdown_high":-0.00893905,"csum_min":999.94141192,"csum_max":999.99106095}},"strategy_comparison":[{"key":"MultiHorizonMomentum","trades":7,"profit_mean":-0.000421375657626725,"profit_mean_pct":-0.04,"profit_sum":-0.0029496296033870747,"profit_sum_pct":-0.29,"profit_total_abs":-0.05858808,"profit_total":-5.858808e-05,"profit_total_pct":-0.01,"duration_avg":"0:07:00","wins":0,"draws":0,"losses":7,"winrate":0.0,"cagr":-0.02115823200350242,"expectancy":-0.008369725714285714,"expectancy_ratio":-1.0,"sortino":-542.1938747759722,"sharpe":-542.1938747759722,"calmar":-1910.497317452664,"sqn":-9.9308,"profit_factor":0.0,"max_drawdown_account":5.8588080000049556e-05,"max_drawdown_abs":"0.059"}]}