{"strategy":{"MultiHorizonMomentum":{"trades":[{"pair":"BTC/USDT","stake_amount":19.131646,"max_stake_amount":19.131646,"amount":0.0002,"open_date":"2025-01-02 04:39:00+00:00","close_date":"2025-01-02 04:39:00+00:00","open_rate":95658.23,"close_rate":95658.23,"fee_open":0.1,"fee_close":0.1,"trade_duration":0,"profit_ratio":-0.1818181818181818,"profit_abs":-3.8263292,"exit_reason":"custom_exit","initial_stop_loss_abs":66960.77,"initial_stop_loss_ratio":-0.3,"stop_loss_abs":66960.77,"stop_loss_ratio":-0.3,"min_rate":95658.23,"max_rate":95768.79,"is_open":false,"enter_tag":"","leverage":1.0,"is_short":false,"open_timestamp":1735792740000,"close_timestamp":1735792740000,"orders":[{"amount":0.0002,"safe_price":95658.23,"ft_order_side":"buy","order_filled_timestamp":1735792740000,"ft_is_entry":true,"ft_order_tag":"","cost":21.0448106},{"amount":0.0002,"safe_price":95658.23,"ft_order_side":"sell","order_filled_timestamp":1735792740000,"ft_is_entry":false,"ft_order_tag":"custom_exit","cost":21.0448106}],"funding_fees":0.0},{"pair":"BTC/USDT","stake_amount":19.17879,"max_stake_amount":19.17879,"amount":0.0002,"open_date":"2025-01-02 04:42:00+00:00","close_date":"2025-01-02 04:47:00+00:00","open_rate":95893.95,"close_rate":95942.79,"fee_open":0.1,"fee_close":0.1,"trade_duration":5,"profit_ratio":-0.18140147148348398,"profit_abs":-3.8269668,"exit_reason":"custom_exit","initial_stop_loss_abs":67125.77,"initial_stop_loss_ratio":-0.3,"stop_loss_abs":67125.77,"stop_loss_ratio":-0.3,"min_rate":95812.78,"max_rate":96000.0,"is_open":false,"enter_tag":"","leverage":1.0,"is_short":false,"open_timestamp":1735792920000,"close_timestamp":1735793220000,"orders":[{"amount":0.0002,"safe_price":95893.95,"ft_order_side":"buy","order_filled_timestamp":1735792920000,"ft_is_entry":true,"ft_order_tag":"","cost":21.096669000000002},{"amount":0.0002,"safe_price":95942.79,"ft_order_side":"sell","order_filled_timestamp":1735793220000,"ft_is_entry":false,"ft_order_tag":"custom_exit","cost":21.107413800000003}],"funding_fees":0.0},{"pair":"BTC/USDT","stake_amount":19.66822,"max_stake_amount":19.66822,"amount":0.0002,"open_date":"2025-01-04 07:17:00+00:00","close_date":"2025-01-04 20:00:00+00:00","open_rate":98341.1,"close_rate":98166.26,"fee_open":0.1,"fee_close":0.1,"trade_duration":763,"profit_ratio":-0.18327282193397176,"profit_abs":-3.9651152,"exit_reason":"custom_exit","initial_stop_loss_abs":68838.77,"initial_stop_loss_ratio":-0.3,"stop_loss_abs":68838.77,"stop_loss_ratio":-0.3,"min_rate":97514.79,"max_rate":98490.0,"is_open":false,"enter_tag":"","leverage":1.0,"is_short":false,"open_timestamp":1735975020000,"close_timestamp":1736020800000,"orders":[{"amount":0.0002,"safe_price":98341.1,"ft_order_side":"buy","order_filled_timestamp":1735975020000,"ft_is_entry":true,"ft_order_tag":"","cost":21.635042000000002},{"amount":0.0002,"safe_price":98166.26,"ft_order_side":"sell","order_filled_timestamp":1736020800000,"ft_is_entry":false,"ft_order_tag":"custom_exit","cost":21.5965772}],"funding_fees":0.0},{"pair":"BTC/USDT","stake_amount":19.704618,"max_stake_amount":19.704618,"amount":0.0002,"open_date":"2025-01-04 20:37:00+00:00","close_date":"2025-01-04 20:41:00+00:00","open_rate":98523.09,"close_rate":98550.0,"fee_open":0.1,"fee_close":0.1,"trade_duration":4,"profit_ratio":-0.18159470859249155,"profit_abs":-3.9360798,"exit_reason":"custom_exit","initial_stop_loss_abs":68966.17,"initial_stop_loss_ratio":-0.3,"stop_loss_abs":68966.17,"stop_loss_ratio":-0.3,"min_rate":98468.0,"max_rate":98613.27,"is_open":false,"enter_tag":"","leverage":1.0,"is_short":false,"open_timestamp":1736023020000,"close_timestamp":1736023260000,"orders":[{"amount":0.0002,"safe_price":98523.09,"ft_order_side":"buy","order_filled_timestamp":1736023020000,"ft_is_entry":true,"ft_order_tag":"","cost":21.675079800000002},{"amount":0.0002,"safe_price":98550.0,"ft_order_side":"sell","order_filled_timestamp":1736023260000,"ft_is_entry":false,"ft_order_tag":"custom_exit","cost":21.681}],"funding_fees":0.0},{"pair":"BTC/USDT","stake_amount":19.722654,"max_stake_amount":19.722654,"amount":0.0002,"open_date":"2025-01-04 20:42:00+00:00","close_date":"2025-01-04 20:43:00+00:00","open_rate":98613.27,"close_rate":98580.21,"fee_open":0.1,"fee_close":0.1,"trade_duration":1,"profit_ratio":-0.18209247645326582,"profit_abs":-3.9504816,"exit_reason":"custom_exit","initial_stop_loss_abs":69029.29,"initial_stop_loss_ratio":-0.3,"stop_loss_abs":69029.29,"stop_loss_ratio":-0.3,"min_rate":98580.2,"max_rate":98671.02,"is_open":false,"enter_tag":"","leverage":1.0,"is_short":false,"open_timestamp":1736023320000,"close_timestamp":1736023380000,"orders":[{"amount":0.0002,"safe_price":98613.27,"ft_order_side":"buy","order_filled_timestamp":1736023320000,"ft_is_entry":true,"ft_order_tag":"","cost":21.694919400000003},{"amount":0.0002,"safe_price":98580.21,"ft_order_side":"sell","order_filled_timestamp":1736023380000,"ft_is_entry":false,"ft_order_tag":"custom_exit","cost":21.687646200000003}],"funding_fees":0.0},{"pair":"BTC/USDT","stake_amount":19.720806,"max_stake_amount":19.720806,"amount":0.0002,"open_date":"2025-01-04 20:44:00+00:00","close_date":"2025-01-04 21:00:00+00:00","open_rate":98604.03,"close_rate":98599.02,"fee_open":0.1,"fee_close":0.1,"trade_duration":16,"profit_ratio":-0.18185975304918617,"profit_abs":-3.945063,"exit_reason":"custom_exit","initial_stop_loss_abs":69022.83,"initial_stop_loss_ratio":-0.3,"stop_loss_abs":69022.83,"stop_loss_ratio":-0.3,"min_rate":98521.98,"max_rate":98710.5,"is_open":false,"enter_tag":"","leverage":1.0,"is_short":false,"open_timestamp":1736023440000,"close_timestamp":1736024400000,"orders":[{"amount":0.0002,"safe_price":98604.03,"ft_order_side":"buy","order_filled_timestamp":1736023440000,"ft_is_entry":true,"ft_order_tag":"","cost":21.6928866},{"amount":0.0002,"safe_price":98599.02,"ft_order_side":"sell","order_filled_timestamp":1736024400000,"ft_is_entry":false,"ft_order_tag":"custom_exit","cost":21.691784400000007}],"funding_fees":0.0},{"pair":"BTC/USDT","stake_amount":19.743518,"max_stake_amount":19.743518,"amount":0.0002,"open_date":"2025-01-05 22:40:00+00:00","close_date":"2025-01-05 23:02:00+00:00","open_rate":98717.59,"close_rate":98736.32,"fee_open":0.1,"fee_close":0.1,"trade_duration":22,"profit_ratio":-0.18166294559883586,"profit_abs":-3.9453322,"exit_reason":"custom_exit","initial_stop_loss_abs":69102.32,"initial_stop_loss_ratio":-0.3,"stop_loss_abs":69102.32,"stop_loss_ratio":-0.3,"min_rate":98516.27,"max_rate":98836.85,"is_open":false,"enter_tag":"","leverage":1.0,"is_short":false,"open_timestamp":1736116800000,"close_timestamp":1736118120000,"orders":[{"amount":0.0002,"safe_price":98717.59,"ft_order_side":"buy","order_filled_timestamp":1736116800000,"ft_is_entry":true,"ft_order_tag":"","cost":21.717869800000003},{"amount":0.0002,"safe_price":98736.32,"ft_order_side":"sell","order_filled_timestamp":1736118120000,"ft_is_entry":false,"ft_order_tag":"custom_exit","cost":21.721990400000003}],"funding_fees":0.0},{"pair":"BTC/USDT","stake_amount":19.778146,"max_stake_amount":19.778146,"amount":0.0002,"open_date":"2025-01-06 02:02:00+00:00","close_date":"2025-01-06 02:05:00+00:00","open_rate":98890.73,"close_rate":98885.59,"fee_open":0.1,"fee_close":0.1,"trade_duration":3,"profit_ratio":-0.1818607080948657,"profit_abs":-3.9565544,"exit_reason":"custom_exit","initial_stop_loss_abs":69223.52,"initial_stop_loss_ratio":-0.3,"stop_loss_abs":69223.52,"stop_loss_ratio":-0.3,"min_rate":98815.24,"max_rate":99254.87,"is_open":false,"enter_tag":"","leverage":1.0,"is_short":false,"open_timestamp":1736128920000,"close_timestamp":1736129100000,"orders":[{"amount":0.0002,"safe_price":98890.73,"ft_order_side":"buy","order_filled_timestamp":1736128920000,"ft_is_entry":true,"ft_order_tag":"","cost":21.7559606},{"amount":0.0002,"safe_price":98885.59,"ft_order_side":"sell","order_filled_timestamp":1736129100000,"ft_is_entry":false,"ft_order_tag":"custom_exit","cost":21.754829800000003}],"funding_fees":0.0},{"pair":"BTC/USDT","stake_amount":19.824006,"max_stake_amount":19.824006,"amount":0.0002,"open_date":"2025-01-06 02:06:00+00:00","close_date":"2025-01-06 02:06:00+00:00","open_rate":99120.03,"close_rate":99120.03,"fee_open":0.1,"fee_close":0.1,"trade_duration":0,"profit_ratio":-0.18181818181818182,"profit_abs":-3.9648012,"exit_reason":"custom_exit","initial_stop_loss_abs":69384.03,"initial_stop_loss_ratio":-0.3,"stop_loss_abs":69384.03,"stop_loss_ratio":-0.3,"min_rate":99023.01,"max_rate":99238.99,"is_open":false,"enter_tag":"","leverage":1.0,"is_short":false,"open_timestamp":1736129160000,"close_timestamp":1736129160000,"orders":[{"amount":0.0002,"safe_price":99120.03,"ft_order_side":"buy","order_filled_timestamp":1736129160000,"ft_is_entry":true,"ft_order_tag":"","cost":21.806406600000003},{"amount":0.0002,"safe_price":99120.03,"ft_order_side":"sell","order_filled_timestamp":1736129160000,"ft_is_entry":false,"ft_order_tag":"custom_exit","cost":21.806406600000003}],"funding_fees":0.0},{"pair":"BTC/USDT","stake_amount":19.810016,"max_stake_amount":19.810016,"amount":0.0002,"open_date":"2025-01-06 02:07:00+00:00","close_date":"2025-01-06 02:07:00+00:00","open_rate":99050.08,"close_rate":99050.08,"fee_open":0.1,"fee_close":0.1,"trade_duration":0,"profit_ratio":-0.18181818181818182,"profit_abs":-3.9620032,"exit_reason":"custom_exit","initial_stop_loss_abs":69335.06,"initial_stop_loss_ratio":-0.3,"stop_loss_abs":69335.06,"stop_loss_ratio":-0.3,"min_rate":99005.0,"max_rate":99240.0,"is_open":false,"enter_tag":"","leverage":1.0,"is_short":false,"open_timestamp":1736129220000,"close_timestamp":1736129220000,"orders":[{"amount":0.0002,"safe_price":99050.08,"ft_order_side":"buy","order_filled_timestamp":1736129220000,"ft_is_entry":true,"ft_order_tag":"","cost":21.791017600000004},{"amount":0.0002,"safe_price":99050.08,"ft_order_side":"sell","order_filled_timestamp":1736129220000,"ft_is_entry":false,"ft_order_tag":"custom_exit","cost":21.791017600000004}],"funding_fees":0.0},{"pair":"BTC/USDT","stake_amount":19.848002,"max_stake_amount":19.848002,"amount":0.0002,"open_date":"2025-01-06 02:09:00+00:00","close_date":"2025-01-06 04:15:00+00:00","open_rate":99240.01,"close_rate":99282.14,"fee_open":0.1,"fee_close":0.1,"trade_duration":126,"profit_ratio":-0.18147084207083597,"profit_abs":-3.962017,"exit_reason":"custom_exit","initial_stop_loss_abs":69468.01,"initial_stop_loss_ratio":-0.3,"stop_loss_abs":69468.01,"stop_loss_ratio":-0.3,"min_rate":98649.97,"max_rate":99333.0,"is_open":false,"enter_tag":"","leverage":1.0,"is_short":false,"open_timestamp":1736129340000,"close_timestamp":1736136900000,"orders":[{"amount":0.0002,"safe_price":99240.01,"ft_order_side":"buy","order_filled_timestamp":1736129340000,"ft_is_entry":true,"ft_order_tag":"","cost":21.832802200000003},{"amount":0.0002,"safe_price":99282.14,"ft_order_side":"sell","order_filled_timestamp":1736136900000,"ft_is_entry":false,"ft_order_tag":"custom_exit","cost":21.842070800000002}],"funding_fees":0.0},{"pair":"BTC/USDT","stake_amount":19.881478,"max_stake_amount":19.881478,"amount":0.0002,"open_date":"2025-01-06 04:20:00+00:00","close_date":"2025-01-06 04:55:00+00:00","open_rate":99407.39,"close_rate":99425.58,"fee_open":0.1,"fee_close":0.1,"trade_duration":35,"profit_ratio":-0.18166846732238096,"profit_abs":-3.9730214,"exit_reason":"custom_exit","initial_stop_loss_abs":69585.18,"initial_stop_loss_ratio":-0.3,"stop_loss_abs":69585.18,"stop_loss_ratio":-0.3,"min_rate":99184.98,"max_rate":99500.88,"is_open":false,"enter_tag":"","leverage":1.0,"is_short":false,"open_timestamp":1736137200000,"close_timestamp":1736139300000,"orders":[{"amount":0.0002,"safe_price":99407.39,"ft_order_side":"buy","order_filled_timestamp":1736137200000,"ft_is_entry":true,"ft_order_tag":"","cost":21.8696258},{"amount":0.0002,"safe_price":99425.58,"ft_order_side":"sell","order_filled_timestamp":1736139300000,"ft_is_entry":false,"ft_order_tag":"custom_exit","cost":21.873627600000003}],"funding_fees":0.0},{"pair":"BTC/USDT","stake_amount":19.908002,"max_stake_amount":19.908002,"amount":0.0002,"open_date":"2025-01-06 05:07:00+00:00","close_date":"2025-01-06 05:23:00+00:00","open_rate":99540.01,"close_rate":99597.99,"fee_open":0.1,"fee_close":0.1,"trade_duration":16,"profit_ratio":-0.18134160780720693,"profit_abs":-3.971164,"exit_reason":"custom_exit","initial_stop_loss_abs":69678.01,"initial_stop_loss_ratio":-0.3,"stop_loss_abs":69678.01,"stop_loss_ratio":-0.3,"min_rate":99413.39,"max_rate":99650.0,"is_open":false,"enter_tag":"","leverage":1.0,"is_short":false,"open_timestamp":1736140020000,"close_timestamp":1736140980000,"orders":[{"amount":0.0002,"safe_price":99540.01,"ft_order_side":"buy","order_filled_timestamp":1736140020000,"ft_is_entry":true,"ft_order_tag":"","cost":21.898802200000002},{"amount":0.0002,"safe_price":99597.99,"ft_order_side":"sell","order_filled_timestamp":1736140980000,"ft_is_entry":false,"ft_order_tag":"custom_exit","cost":21.9115578}],"funding_fees":0.0},{"pair":"BTC/USDT","stake_amount":19.96203,"max_stake_amount":19.96203,"amount":0.0002,"open_date":"2025-01-06 05:35:00+00:00","close_date":"2025-01-06 07:46:00+00:00","open_rate":99810.15,"close_rate":99312.23,"fee_open":0.1,"fee_close":0.1,"trade_duration":131,"profit_ratio":-0.1858998217206275,"profit_abs":-4.0820316,"exit_reason":"custom_exit","initial_stop_loss_abs":69867.11,"initial_stop_loss_ratio":-0.3,"stop_loss_abs":69867.11,"stop_loss_ratio":-0.3,"min_rate":99161.14,"max_rate":99892.0,"is_open":false,"enter_tag":"","leverage":1.0,"is_short":false,"open_timestamp":1736141700000,"close_timestamp":1736149560000,"orders":[{"amount":0.0002,"safe_price":99810.15,"ft_order_side":"buy","order_filled_timestamp":1736141700000,"ft_is_entry":true,"ft_order_tag":"","cost":21.958233},{"amount":0.0002,"safe_price":99312.23,"ft_order_side":"sell","order_filled_timestamp":1736149560000,"ft_is_entry":false,"ft_order_tag":"custom_exit","cost":21.8486906}],"funding_fees":0.0},{"pair":"BTC/USDT","stake_amount":19.083998,"max_stake_amount":19.083998,"amount":0.0002,"open_date":"2025-01-14 08:12:00+00:00","close_date":"2025-01-14 08:12:00+00:00","open_rate":95419.99,"close_rate":95419.99,"fee_open":0.1,"fee_close":0.1,"trade_duration":0,"profit_ratio":-0.18181818181818182,"profit_abs":-3.8167996,"exit_reason":"custom_exit","initial_stop_loss_abs":66794.0,"initial_stop_loss_ratio":-0.3,"stop_loss_abs":66794.0,"stop_loss_ratio":-0.3,"min_rate":95400.37,"max_rate":95527.0,"is_open":false,"enter_tag":"","leverage":1.0,"is_short":false,"open_timestamp":1736842320000,"close_timestamp":1736842320000,"orders":[{"amount":0.0002,"safe_price":95419.99,"ft_order_side":"buy","order_filled_timestamp":1736842320000,"ft_is_entry":true,"ft_order_tag":"","cost":20.992397800000003},{"amount":0.0002,"safe_price":95419.99,"ft_order_side":"sell","order_filled_timestamp":1736842320000,"ft_is_entry":false,"ft_order_tag":"custom_exit","cost":20.992397800000003}],"funding_fees":0.0},{"pair":"BTC/USDT","stake_amount":19.094002,"max_stake_amount":19.094002,"amount":0.0002,"open_date":"2025-01-14 08:13:00+00:00","close_date":"2025-01-14 08:14:00+00:00","open_rate":95470.01,"close_rate":95532.52,"fee_open":0.1,"fee_close":0.1,"trade_duration":1,"profit_ratio":-0.18128246860882377,"profit_abs":-3.8075486,"exit_reason":"custom_exit","initial_stop_loss_abs":66829.01,"initial_stop_loss_ratio":-0.3,"stop_loss_abs":66829.01,"stop_loss_ratio":-0.3,"min_rate":95470.0,"max_rate":95585.06,"is_open":false,"enter_tag":"","leverage":1.0,"is_short":false,"open_timestamp":1736842380000,"close_timestamp":1736842440000,"orders":[{"amount":0.0002,"safe_price":95470.01,"ft_order_side":"buy","order_filled_timestamp":1736842380000,"ft_is_entry":true,"ft_order_tag":"","cost":21.0034022},{"amount":0.0002,"safe_price":95532.52,"ft_order_side":"sell","order_filled_timestamp":1736842440000,"ft_is_entry":false,"ft_order_tag":"custom_exit","cost":21.017154400000003}],"funding_fees":0.0},{"pair":"BTC/USDT","stake_amount":19.147202,"max_stake_amount":19.147202,"amount":0.0002,"open_date":"2025-01-14 08:18:00+00:00","close_date":"2025-01-14 09:14:00+00:00","open_rate":95736.01,"close_rate":95807.43,"fee_open":0.1,"fee_close":0.1,"trade_duration":56,"profit_ratio":-0.18120781017793333,"profit_abs":-3.8165848,"exit_reason":"custom_exit","initial_stop_loss_abs":67015.21,"initial_stop_loss_ratio":-0.3,"stop_loss_abs":67015.21,"stop_loss_ratio":-0.3,"min_rate":95247.81,"max_rate":95861.45,"is_open":false,"enter_tag":"","leverage":1.0,"is_short":false,"open_timestamp":1736842680000,"close_timestamp":1736846040000,"orders":[{"amount":0.0002,"safe_price":95736.01,"ft_order_side":"buy","order_filled_timestamp":1736842680000,"ft_is_entry":true,"ft_order_tag":"","cost":21.0619222},{"amount":0.0002,"safe_price":95807.43,"ft_order_side":"sell","order_filled_timestamp":1736846040000,"ft_is_entry":false,"ft_order_tag":"custom_exit","cost":21.077634600000003}],"funding_fees":0.0},{"pair":"BTC/USDT","stake_amount":19.443842,"max_stake_amount":19.443842,"amount":0.0002,"open_date":"2025-01-14 09:50:00+00:00","close_date":"2025-01-14 09:52:00+00:00","open_rate":97219.21,"close_rate":97276.96,"fee_open":0.1,"fee_close":0.1,"trade_duration":2,"profit_ratio":-0.1813321667600467,"profit_abs":-3.8783734,"exit_reason":"custom_exit","initial_stop_loss_abs":68053.45,"initial_stop_loss_ratio":-0.3,"stop_loss_abs":68053.45,"stop_loss_ratio":-0.3,"min_rate":97109.47,"max_rate":97371.0,"is_open":false,"enter_tag":"","leverage":1.0,"is_short":false,"open_timestamp":1736848200000,"close_timestamp":1736848320000,"orders":[{"amount":0.0002,"safe_price":97219.21,"ft_order_side":"buy","order_filled_timestamp":1736848200000,"ft_is_entry":true,"ft_order_tag":"","cost":21.388226200000005},{"amount":0.0002,"safe_price":97276.96,"ft_order_side":"sell","order_filled_timestamp":1736848320000,"ft_is_entry":false,"ft_order_tag":"custom_exit","cost":21.400931200000006}],"funding_fees":0.0},{"pair":"BTC/USDT","stake_amount":19.441642,"max_stake_amount":19.441642,"amount":0.0002,"open_date":"2025-01-15 00:30:00+00:00","close_date":"2025-01-15 00:31:00+00:00","open_rate":97208.21,"close_rate":97281.59,"fee_open":0.1,"fee_close":0.1,"trade_duration":1,"profit_ratio":-0.1812005572181796,"profit_abs":-3.87512,"exit_reason":"custom_exit","initial_stop_loss_abs":68045.75,"initial_stop_loss_ratio":-0.3,"stop_loss_abs":68045.75,"stop_loss_ratio":-0.3,"min_rate":97094.48,"max_rate":97332.52,"is_open":false,"enter_tag":"","leverage":1.0,"is_short":false,"open_timestamp":1736901000000,"close_timestamp":1736901060000,"orders":[{"amount":0.0002,"safe_price":97208.21,"ft_order_side":"buy","order_filled_timestamp":1736901000000,"ft_is_entry":true,"ft_order_tag":"","cost":21.385806200000005},{"amount":0.0002,"safe_price":97281.59,"ft_order_side":"sell","order_filled_timestamp":1736901060000,"ft_is_entry":false,"ft_order_tag":"custom_exit","cost":21.4019498}],"funding_fees":0.0},{"pair":"BTC/USDT","stake_amount":19.490024,"max_stake_amount":19.490024,"amount":0.0002,"open_date":"2025-01-15 07:23:00+00:00","close_date":"2025-01-15 07:28:00+00:00","open_rate":97450.12,"close_rate":97472.06,"fee_open":0.1,"fee_close":0.1,"trade_duration":5,"profit_ratio":-0.18163397569210513,"profit_abs":-3.8940556,"exit_reason":"custom_exit","initial_stop_loss_abs":68215.09,"initial_stop_loss_ratio":-0.3,"stop_loss_abs":68215.09,"stop_loss_ratio":-0.3,"min_rate":97423.74,"max_rate":97566.32,"is_open":false,"enter_tag":"","leverage":1.0,"is_short":false,"open_timestamp":1736925780000,"close_timestamp":1736926080000,"orders":[{"amount":0.0002,"safe_price":97450.12,"ft_order_side":"buy","order_filled_timestamp":1736925780000,"ft_is_entry":true,"ft_order_tag":"","cost":21.4390264},{"amount":0.0002,"safe_price":97472.06,"ft_order_side":"sell","order_filled_timestamp":1736926080000,"ft_is_entry":false,"ft_order_tag":"custom_exit","cost":21.443853200000003}],"funding_fees":0.0},{"pair":"BTC/USDT","stake_amount":19.88923,"max_stake_amount":19.88923,"amount":0.0002,"open_date":"2025-01-15 19:00:00+00:00","close_date":"2025-01-15 19:03:00+00:00","open_rate":99446.15,"close_rate":99513.46,"fee_open":0.1,"fee_close":0.1,"trade_duration":3,"profit_ratio":-0.1812643964963587,"profit_abs":-3.9657302,"exit_reason":"custom_exit","initial_stop_loss_abs":69612.31,"initial_stop_loss_ratio":-0.3,"stop_loss_abs":69612.31,"stop_loss_ratio":-0.3,"min_rate":99420.48,"max_rate":99600.0,"is_open":false,"enter_tag":"","leverage":1.0,"is_short":false,"open_timestamp":1736967600000,"close_timestamp":1736967780000,"orders":[{"amount":0.0002,"safe_price":99446.15,"ft_order_side":"buy","order_filled_timestamp":1736967600000,"ft_is_entry":true,"ft_order_tag":"","cost":21.878153000000005},{"amount":0.0002,"safe_price":99513.46,"ft_order_side":"sell","order_filled_timestamp":1736967780000,"ft_is_entry":false,"ft_order_tag":"custom_exit","cost":21.892961200000002}],"funding_fees":0.0},{"pair":"BTC/USDT","stake_amount":19.903684,"max_stake_amount":19.903684,"amount":0.0002,"open_date":"2025-01-15 19:04:00+00:00","close_date":"2025-01-15 19:36:00+00:00","open_rate":99518.42,"close_rate":99600.0,"fee_open":0.1,"fee_close":0.1,"trade_duration":32,"profit_ratio":-0.18114747912085932,"profit_abs":-3.9660524,"exit_reason":"custom_exit","initial_stop_loss_abs":69662.9,"initial_stop_loss_ratio":-0.3,"stop_loss_abs":69662.9,"stop_loss_ratio":-0.3,"min_rate":99297.41,"max_rate":99700.0,"is_open":false,"enter_tag":"","leverage":1.0,"is_short":false,"open_timestamp":1736967840000,"close_timestamp":1736969760000,"orders":[{"amount":0.0002,"safe_price":99518.42,"ft_order_side":"buy","order_filled_timestamp":1736967840000,"ft_is_entry":true,"ft_order_tag":"","cost":21.894052400000003},{"amount":0.0002,"safe_price":99600.0,"ft_order_side":"sell","order_filled_timestamp":1736969760000,"ft_is_entry":false,"ft_order_tag":"custom_exit","cost":21.912000000000003}],"funding_fees":0.0},{"pair":"BTC/USDT","stake_amount":19.1618781,"max_stake_amount":19.1618781,"amount":0.00019,"open_date":"2025-01-16 00:02:00+00:00","close_date":"2025-01-17 01:36:00+00:00","open_rate":100851.99,"close_rate":100760.33,"fee_open":0.1,"fee_close":0.1,"trade_duration":1534,"profit_ratio":-0.1825617917901273,"profit_abs":-3.84804948,"exit_reason":"custom_exit","initial_stop_loss_abs":70596.4,"initial_stop_loss_ratio":-0.3,"stop_loss_abs":70596.4,"stop_loss_ratio":-0.3,"min_rate":97335.13,"max_rate":100999.0,"is_open":false,"enter_tag":"","leverage":1.0,"is_short":false,"open_timestamp":1736985720000,"close_timestamp":1737077760000,"orders":[{"amount":0.00019,"safe_price":100851.99,"ft_order_side":"buy","order_filled_timestamp":1736985720000,"ft_is_entry":true,"ft_order_tag":"","cost":21.078065910000003},{"amount":0.00019,"safe_price":100760.33,"ft_order_side":"sell","order_filled_timestamp":1737077760000,"ft_is_entry":false,"ft_order_tag":"custom_exit","cost":21.058908970000005}],"funding_fees":0.0},{"pair":"BTC/USDT","stake_amount":19.1834659,"max_stake_amount":19.1834659,"amount":0.00019,"open_date":"2025-01-17 01:38:00+00:00","close_date":"2025-01-17 01:38:00+00:00","open_rate":100965.61,"close_rate":100965.61,"fee_open":0.1,"fee_close":0.1,"trade_duration":0,"profit_ratio":-0.18181818181818182,"profit_abs":-3.83669318,"exit_reason":"custom_exit","initial_stop_loss_abs":70675.93,"initial_stop_loss_ratio":-0.3,"stop_loss_abs":70675.93,"stop_loss_ratio":-0.3,"min_rate":100873.76,"max_rate":101111.0,"is_open":false,"enter_tag":"","leverage":1.0,"is_short":false,"open_timestamp":1737077880000,"close_timestamp":1737077880000,"orders":[{"amount":0.00019,"safe_price":100965.61,"ft_order_side":"buy","order_filled_timestamp":1737077880000,"ft_is_entry":true,"ft_order_tag":"","cost":21.101812490000004},{"amount":0.00019,"safe_price":100965.61,"ft_order_side":"sell","order_filled_timestamp":1737077880000,"ft_is_entry":false,"ft_order_tag":"custom_exit","cost":21.101812490000004}],"funding_fees":0.0},{"pair":"BTC/USDT","stake_amount":19.2074838,"max_stake_amount":19.2074838,"amount":0.00019,"open_date":"2025-01-17 01:39:00+00:00","close_date":"2025-01-17 01:39:00+00:00","open_rate":101092.02,"close_rate":101092.02,"fee_open":0.1,"fee_close":0.1,"trade_duration":0,"profit_ratio":-0.18181818181818182,"profit_abs":-3.84149676,"exit_reason":"custom_exit","initial_stop_loss_abs":70764.42,"initial_stop_loss_ratio":-0.3,"stop_loss_abs":70764.42,"stop_loss_ratio":-0.3,"min_rate":101082.46,"max_rate":101208.26,"is_open":false,"enter_tag":"","leverage":1.0,"is_short":false,"open_timestamp":1737077940000,"close_timestamp":1737077940000,"orders":[{"amount":0.00019,"safe_price":101092.02,"ft_order_side":"buy","order_filled_timestamp":1737077940000,"ft_is_entry":true,"ft_order_tag":"","cost":21.128232180000005},{"amount":0.00019,"safe_price":101092.02,"ft_order_side":"sell","order_filled_timestamp":1737077940000,"ft_is_entry":false,"ft_order_tag":"custom_exit","cost":21.128232180000005}],"funding_fees":0.0},{"pair":"BTC/USDT","stake_amount":19.2211581,"max_stake_amount":19.2211581,"amount":0.00019,"open_date":"2025-01-17 01:40:00+00:00","close_date":"2025-01-17 01:40:00+00:00","open_rate":101163.99,"close_rate":101163.99,"fee_open":0.1,"fee_close":0.1,"trade_duration":0,"profit_ratio":-0.1818181818181818,"profit_abs":-3.84423162,"exit_reason":"custom_exit","initial_stop_loss_abs":70814.8,"initial_stop_loss_ratio":-0.3,"stop_loss_abs":70814.8,"stop_loss_ratio":-0.3,"min_rate":101163.99,"max_rate":101421.71,"is_open":false,"enter_tag":"","leverage":1.0,"is_short":false,"open_timestamp":1737078000000,"close_timestamp":1737078000000,"orders":[{"amount":0.00019,"safe_price":101163.99,"ft_order_side":"buy","order_filled_timestamp":1737078000000,"ft_is_entry":true,"ft_order_tag":"","cost":21.143273910000005},{"amount":0.00019,"safe_price":101163.99,"ft_order_side":"sell","order_filled_timestamp":1737078000000,"ft_is_entry":false,"ft_order_tag":"custom_exit","cost":21.143273910000005}],"funding_fees":0.0},{"pair":"BTC/USDT","stake_amount":19.2656466,"max_stake_amount":19.2656466,"amount":0.00019,"open_date":"2025-01-17 01:41:00+00:00","close_date":"2025-01-17 01:41:00+00:00","open_rate":101398.14,"close_rate":101398.14,"fee_open":0.1,"fee_close":0.1,"trade_duration":0,"profit_ratio":-0.1818181818181818,"profit_abs":-3.85312932,"exit_reason":"custom_exit","initial_stop_loss_abs":70978.7,"initial_stop_loss_ratio":-0.3,"stop_loss_abs":70978.7,"stop_loss_ratio":-0.3,"min_rate":101370.23,"max_rate":101605.72,"is_open":false,"enter_tag":"","leverage":1.0,"is_short":false,"open_timestamp":1737078060000,"close_timestamp":1737078060000,"orders":[{"amount":0.00019,"safe_price":101398.14,"ft_order_side":"buy","order_filled_timestamp":1737078060000,"ft_is_entry":true,"ft_order_tag":"","cost":21.19221126},{"amount":0.00019,"safe_price":101398.14,"ft_order_side":"sell","order_filled_timestamp":1737078060000,"ft_is_entry":false,"ft_order_tag":"custom_exit","cost":21.19221126}],"funding_fees":0.0},{"pair":"BTC/USDT","stake_amount":19.293151,"max_stake_amount":19.293151,"amount":0.00019,"open_date":"2025-01-17 01:42:00+00:00","close_date":"2025-01-17 01:44:00+00:00","open_rate":101542.9,"close_rate":101561.19,"fee_open":0.1,"fee_close":0.1,"trade_duration":2,"profit_ratio":-0.181670810160936,"profit_abs":-3.85550261,"exit_reason":"custom_exit","initial_stop_loss_abs":71080.03,"initial_stop_loss_ratio":-0.3,"stop_loss_abs":71080.03,"stop_loss_ratio":-0.3,"min_rate":101400.0,"max_rate":101666.0,"is_open":false,"enter_tag":"","leverage":1.0,"is_short":false,"open_timestamp":1737078120000,"close_timestamp":1737078240000,"orders":[{"amount":0.00019,"safe_price":101542.9,"ft_order_side":"buy","order_filled_timestamp":1737078120000,"ft_is_entry":true,"ft_order_tag":"","cost":21.222466100000002},{"amount":0.00019,"safe_price":101561.19,"ft_order_side":"sell","order_filled_timestamp":1737078240000,"ft_is_entry":false,"ft_order_tag":"custom_exit","cost":21.226288710000002}],"funding_fees":0.0},{"pair":"BTC/USDT","stake_amount":19.3257113,"max_stake_amount":19.3257113,"amount":0.00019,"open_date":"2025-01-17 05:13:00+00:00","close_date":"2025-01-17 07:41:00+00:00","open_rate":101714.27,"close_rate":101678.57,"fee_open":0.1,"fee_close":0.1,"trade_duration":148,"profit_ratio":-0.1821053498911483,"profit_abs":-3.87124696,"exit_reason":"custom_exit","initial_stop_loss_abs":71199.99,"initial_stop_loss_ratio":-0.3,"stop_loss_abs":71199.99,"stop_loss_ratio":-0.3,"min_rate":101301.4,"max_rate":101899.49,"is_open":false,"enter_tag":"","leverage":1.0,"is_short":false,"open_timestamp":1737090780000,"close_timestamp":1737099660000,"orders":[{"amount":0.00019,"safe_price":101714.27,"ft_order_side":"buy","order_filled_timestamp":1737090780000,"ft_is_entry":true,"ft_order_tag":"","cost":21.258282430000005},{"amount":0.00019,"safe_price":101678.57,"ft_order_side":"sell","order_filled_timestamp":1737099660000,"ft_is_entry":false,"ft_order_tag":"custom_exit","cost":21.250821130000006}],"funding_fees":0.0},{"pair":"BTC/USDT","stake_amount":19.3844118,"max_stake_amount":19.3844118,"amount":0.00019,"open_date":"2025-01-17 08:32:00+00:00","close_date":"2025-01-17 08:35:00+00:00","open_rate":102023.22,"close_rate":102044.51,"fee_open":0.1,"fee_close":0.1,"trade_duration":3,"profit_ratio":-0.18164744528478197,"profit_abs":-3.87324177,"exit_reason":"custom_exit","initial_stop_loss_abs":71416.26,"initial_stop_loss_ratio":-0.3,"stop_loss_abs":71416.26,"stop_loss_ratio":-0.3,"min_rate":101928.6,"max_rate":102123.4,"is_open":false,"enter_tag":"","leverage":1.0,"is_short":false,"open_timestamp":1737102720000,"close_timestamp":1737102900000,"orders":[{"amount":0.00019,"safe_price":102023.22,"ft_order_side":"buy","order_filled_timestamp":1737102720000,"ft_is_entry":true,"ft_order_tag":"","cost":21.322852980000004},{"amount":0.00019,"safe_price":102044.51,"ft_order_side":"sell","order_filled_timestamp":1737102900000,"ft_is_entry":false,"ft_order_tag":"custom_exit","cost":21.327302590000002}],"funding_fees":0.0},{"pair":"BTC/USDT","stake_amount":19.4989191,"max_stake_amount":19.4989191,"amount":0.00019,"open_date":"2025-01-17 12:20:00+00:00","close_date":"2025-01-17 12:41:00+00:00","open_rate":102625.89,"close_rate":102630.5,"fee_open":0.1,"fee_close":0.1,"trade_duration":21,"profit_ratio":-0.18178142873197894,"profit_abs":-3.89899551,"exit_reason":"custom_exit","initial_stop_loss_abs":71838.13,"initial_stop_loss_ratio":-0.3,"stop_loss_abs":71838.13,"stop_loss_ratio":-0.3,"min_rate":102374.25,"max_rate":102789.0,"is_open":false,"enter_tag":"","leverage":1.0,"is_short":false,"open_timestamp":1737116400000,"close_timestamp":1737117660000,"orders":[{"amount":0.00019,"safe_price":102625.89,"ft_order_side":"buy","order_filled_timestamp":1737116400000,"ft_is_entry":true,"ft_order_tag":"","cost":21.448811010000004},{"amount":0.00019,"safe_price":102630.5,"ft_order_side":"sell","order_filled_timestamp":1737117660000,"ft_is_entry":false,"ft_order_tag":"custom_exit","cost":21.449774500000004}],"funding_fees":0.0},{"pair":"BTC/USDT","stake_amount":19.7513379,"max_stake_amount":19.7513379,"amount":0.00019,"open_date":"2025-01-18 13:43:00+00:00","close_date":"2025-01-18 13:56:00+00:00","open_rate":103954.41,"close_rate":103923.03,"fee_open":0.1,"fee_close":0.1,"trade_duration":13,"profit_ratio":-0.18206516071455134,"profit_abs":-3.95563356,"exit_reason":"custom_exit","initial_stop_loss_abs":72768.09,"initial_stop_loss_ratio":-0.3,"stop_loss_abs":72768.09,"stop_loss_ratio":-0.3,"min_rate":103793.31,"max_rate":104074.97,"is_open":false,"enter_tag":"","leverage":1.0,"is_short":false,"open_timestamp":1737207780000,"close_timestamp":1737208560000,"orders":[{"amount":0.00019,"safe_price":103954.41,"ft_order_side":"buy","order_filled_timestamp":1737207780000,"ft_is_entry":true,"ft_order_tag":"","cost":21.726471690000004},{"amount":0.00019,"safe_price":103923.03,"ft_order_side":"sell","order_filled_timestamp":1737208560000,"ft_is_entry":false,"ft_order_tag":"custom_exit","cost":21.719913270000003}],"funding_fees":0.0},{"pair":"BTC/USDT","stake_amount":19.8151,"max_stake_amount":19.8151,"amount":0.00019,"open_date":"2025-01-18 13:58:00+00:00","close_date":"2025-01-18 14:01:00+00:00","open_rate":104290.0,"close_rate":104291.16,"fee_open":0.1,"fee_close":0.1,"trade_duration":3,"profit_ratio":-0.18180908132044385,"profit_abs":-3.96282164,"exit_reason":"custom_exit","initial_stop_loss_abs":73003.0,"initial_stop_loss_ratio":-0.3,"stop_loss_abs":73003.0,"stop_loss_ratio":-0.3,"min_rate":104223.44,"max_rate":104562.5,"is_open":false,"enter_tag":"","leverage":1.0,"is_short":false,"open_timestamp":1737208680000,"close_timestamp":1737208860000,"orders":[{"amount":0.00019,"safe_price":104290.0,"ft_order_side":"buy","order_filled_timestamp":1737208680000,"ft_is_entry":true,"ft_order_tag":"","cost":21.79661},{"amount":0.00019,"safe_price":104291.16,"ft_order_side":"sell","order_filled_timestamp":1737208860000,"ft_is_entry":false,"ft_order_tag":"custom_exit","cost":21.796852440000002}],"funding_fees":0.0},{"pair":"BTC/USDT","stake_amount":19.8512608,"max_stake_amount":19.8512608,"amount":0.00019,"open_date":"2025-01-18 23:06:00+00:00","close_date":"2025-01-18 23:14:00+00:00","open_rate":104480.32,"close_rate":104536.91,"fee_open":0.1,"fee_close":0.1,"trade_duration":8,"profit_ratio":-0.18137502746058692,"profit_abs":-3.96057527,"exit_reason":"custom_exit","initial_stop_loss_abs":73136.23,"initial_stop_loss_ratio":-0.3,"stop_loss_abs":73136.23,"stop_loss_ratio":-0.3,"min_rate":104442.41,"max_rate":104585.58,"is_open":false,"enter_tag":"","leverage":1.0,"is_short":false,"open_timestamp":1737241560000,"close_timestamp":1737242040000,"orders":[{"amount":0.00019,"safe_price":104480.32,"ft_order_side":"buy","order_filled_timestamp":1737241560000,"ft_is_entry":true,"ft_order_tag":"","cost":21.836386880000003},{"amount":0.00019,"safe_price":104536.91,"ft_order_side":"sell","order_filled_timestamp":1737242040000,"ft_is_entry":false,"ft_order_tag":"custom_exit","cost":21.848214190000004}],"funding_fees":0.0},{"pair":"BTC/USDT","stake_amount":19.8921868,"max_stake_amount":19.8921868,"amount":0.00019,"open_date":"2025-01-18 23:17:00+00:00","close_date":"2025-01-19 02:07:00+00:00","open_rate":104695.72,"close_rate":104743.98,"fee_open":0.1,"fee_close":0.1,"trade_duration":170,"profit_ratio":-0.181441036940192,"profit_abs":-3.9701849,"exit_reason":"custom_exit","initial_stop_loss_abs":73287.01,"initial_stop_loss_ratio":-0.3,"stop_loss_abs":73287.01,"stop_loss_ratio":-0.3,"min_rate":104013.51,"max_rate":104789.0,"is_open":false,"enter_tag":"","leverage":1.0,"is_short":false,"open_timestamp":1737242220000,"close_timestamp":1737252420000,"orders":[{"amount":0.00019,"safe_price":104695.72,"ft_order_side":"buy","order_filled_timestamp":1737242220000,"ft_is_entry":true,"ft_order_tag":"","cost":21.88140548},{"amount":0.00019,"safe_price":104743.98,"ft_order_side":"sell","order_filled_timestamp":1737252420000,"ft_is_entry":false,"ft_order_tag":"custom_exit","cost":21.89149182}],"funding_fees":0.0},{"pair":"BTC/USDT","stake_amount":19.9405019,"max_stake_amount":19.9405019,"amount":0.00019,"open_date":"2025-01-19 02:22:00+00:00","close_date":"2025-01-19 02:24:00+00:00","open_rate":104950.01,"close_rate":104908.79,"fee_open":0.1,"fee_close":0.1,"trade_duration":2,"profit_ratio":-0.1821395296155327,"profit_abs":-3.995149,"exit_reason":"custom_exit","initial_stop_loss_abs":73465.01,"initial_stop_loss_ratio":-0.3,"stop_loss_abs":73465.01,"stop_loss_ratio":-0.3,"min_rate":104908.79,"max_rate":105070.43,"is_open":false,"enter_tag":"","leverage":1.0,"is_short":false,"open_timestamp":1737253320000,"close_timestamp":1737253440000,"orders":[{"amount":0.00019,"safe_price":104950.01,"ft_order_side":"buy","order_filled_timestamp":1737253320000,"ft_is_entry":true,"ft_order_tag":"","cost":21.934552090000004},{"amount":0.00019,"safe_price":104908.79,"ft_order_side":"sell","order_filled_timestamp":1737253440000,"ft_is_entry":false,"ft_order_tag":"custom_exit","cost":21.92593711}],"funding_fees":0.0},{"pair":"BTC/USDT","stake_amount":19.9573036,"max_stake_amount":19.9573036,"amount":0.00019,"open_date":"2025-01-19 02:25:00+00:00","close_date":"2025-01-19 02:26:00+00:00","open_rate":105038.44,"close_rate":105099.74,"fee_open":0.1,"fee_close":0.1,"trade_duration":1,"profit_ratio":-0.18134069428643113,"profit_abs":-3.98097842,"exit_reason":"custom_exit","initial_stop_loss_abs":73526.91,"initial_stop_loss_ratio":-0.3,"stop_loss_abs":73526.91,"stop_loss_ratio":-0.3,"min_rate":105038.43,"max_rate":105213.75,"is_open":false,"enter_tag":"","leverage":1.0,"is_short":false,"open_timestamp":1737253500000,"close_timestamp":1737253560000,"orders":[{"amount":0.00019,"safe_price":105038.44,"ft_order_side":"buy","order_filled_timestamp":1737253500000,"ft_is_entry":true,"ft_order_tag":"","cost":21.953033960000006},{"amount":0.00019,"safe_price":105099.74,"ft_order_side":"sell","order_filled_timestamp":1737253560000,"ft_is_entry":false,"ft_order_tag":"custom_exit","cost":21.965845660000006}],"funding_fees":0.0},{"pair":"BTC/USDT","stake_amount":19.9785931,"max_stake_amount":19.9785931,"amount":0.00019,"open_date":"2025-01-19 02:27:00+00:00","close_date":"2025-01-19 02:27:00+00:00","open_rate":105150.49,"close_rate":105150.49,"fee_open":0.1,"fee_close":0.1,"trade_duration":0,"profit_ratio":-0.18181818181818182,"profit_abs":-3.99571862,"exit_reason":"custom_exit","initial_stop_loss_abs":73605.35,"initial_stop_loss_ratio":-0.3,"stop_loss_abs":73605.35,"stop_loss_ratio":-0.3,"min_rate":105131.06,"max_rate":105299.07,"is_open":false,"enter_tag":"","leverage":1.0,"is_short":false,"open_timestamp":1737253620000,"close_timestamp":1737253620000,"orders":[{"amount":0.00019,"safe_price":105150.49,"ft_order_side":"buy","order_filled_timestamp":1737253620000,"ft_is_entry":true,"ft_order_tag":"","cost":21.976452410000004},{"amount":0.00019,"safe_price":105150.49,"ft_order_side":"sell","order_filled_timestamp":1737253620000,"ft_is_entry":false,"ft_order_tag":"custom_exit","cost":21.976452410000004}],"funding_fees":0.0},{"pair":"BTC/USDT","stake_amount":19.034982,"max_stake_amount":19.034982,"amount":0.00018,"open_date":"2025-01-19 19:53:00+00:00","close_date":"2025-01-19 19:55:00+00:00","open_rate":105749.9,"close_rate":105832.75,"fee_open":0.1,"fee_close":0.1,"trade_duration":2,"profit_ratio":-0.18117717540932127,"profit_abs":-3.7935747,"exit_reason":"custom_exit","initial_stop_loss_abs":74024.93,"initial_stop_loss_ratio":-0.3,"stop_loss_abs":74024.93,"stop_loss_ratio":-0.3,"min_rate":105686.95,"max_rate":105887.1,"is_open":false,"enter_tag":"","leverage":1.0,"is_short":false,"open_timestamp":1737316380000,"close_timestamp":1737316500000,"orders":[{"amount":0.00018,"safe_price":105749.9,"ft_order_side":"buy","order_filled_timestamp":1737316380000,"ft_is_entry":true,"ft_order_tag":"","cost":20.9384802},{"amount":0.00018,"safe_price":105832.75,"ft_order_side":"sell","order_filled_timestamp":1737316500000,"ft_is_entry":false,"ft_order_tag":"custom_exit","cost":20.954884500000006}],"funding_fees":0.0},{"pair":"BTC/USDT","stake_amount":19.080009,"max_stake_amount":19.080009,"amount":0.00018,"open_date":"2025-01-19 19:59:00+00:00","close_date":"2025-01-19 19:59:00+00:00","open_rate":106000.05,"close_rate":106000.05,"fee_open":0.1,"fee_close":0.1,"trade_duration":0,"profit_ratio":-0.1818181818181818,"profit_abs":-3.8160018,"exit_reason":"custom_exit","initial_stop_loss_abs":74200.04,"initial_stop_loss_ratio":-0.3,"stop_loss_abs":74200.04,"stop_loss_ratio":-0.3,"min_rate":106000.05,"max_rate":106200.74,"is_open":false,"enter_tag":"","leverage":1.0,"is_short":false,"open_timestamp":1737316740000,"close_timestamp":1737316740000,"orders":[{"amount":0.00018,"safe_price":106000.05,"ft_order_side":"buy","order_filled_timestamp":1737316740000,"ft_is_entry":true,"ft_order_tag":"","cost":20.9880099},{"amount":0.00018,"safe_price":106000.05,"ft_order_side":"sell","order_filled_timestamp":1737316740000,"ft_is_entry":false,"ft_order_tag":"custom_exit","cost":20.9880099}],"funding_fees":0.0}],"locks":[],"best_pair":{"key":"BTC/USDT","trades":40,"profit_mean":-0.18181227069973271,"profit_mean_pct":-18.18,"profit_sum":-7.272490827989309,"profit_sum_pct":-727.25,"profit_total_abs":-156.44045032,"profit_total":-0.15644045032,"profit_total_pct":-15.64,"duration_avg":"1:18:00","wins":0,"draws":0,"losses":40,"winrate":0.0,"cagr":-0.8737954788517786,"expectancy":-3.911011258,"expectancy_ratio":-1.0,"sortino":-1458.2810202424864,"sharpe":-1458.2810202424864,"calmar":-63.68324391514267,"sqn":-357.5101,"profit_factor":0.0,"max_drawdown_account":0.15644045031999998,"max_drawdown_abs":156.44045031999997},"worst_pair":{"key":"BTC/USDT","trades":40,"profit_mean":-0.18181227069973271,"profit_mean_pct":-18.18,"profit_sum":-7.272490827989309,"profit_sum_pct":-727.25,"profit_total_abs":-156.44045032,"profit_total":-0.15644045032,"profit_total_pct":-15.64,"duration_avg":"1:18:00","wins":0,"draws":0,"losses":40,"winrate":0.0,"cagr":-0.8737954788517786,"expectancy":-3.911011258,"expectancy_ratio":-1.0,"sortino":-1458.2810202424864,"sharpe":-1458.2810202424864,"calmar":-63.68324391514267,"sqn":-357.5101,"profit_factor":0.0,"max_drawdown_account":0.15644045031999998,"max_drawdown_abs":156.44045031999997},"results_per_pair":[{"key":"BTC/USDT","trades":40,"profit_mean":-0.18181227069973271,"profit_mean_pct":-18.18,"profit_sum":-7.272490827989309,"profit_sum_pct":-727.25,"profit_total_abs":-156.44045032,"profit_total":-0.15644045032,"profit_total_pct":-15.64,"duration_avg":"1:18:00","wins":0,"draws":0,"losses":40,"winrate":0.0,"cagr":-0.8737954788517786,"expectancy":-3.911011258,"expectancy_ratio":-1.0,"sortino":-1458.2810202424864,"sharpe":-1458.2810202424864,"calmar":-63.68324391514267,"sqn":-357.5101,"profit_factor":0.0,"max_drawdown_account":0.15644045031999998,"max_drawdown_abs":156.44045031999997},{"key":"TOTAL","trades":40,"profit_mean":-0.18181227069973271,"profit_mean_pct":-18.18,"profit_sum":-7.272490827989309,"profit_sum_pct":-727.25,"profit_total_abs":-156.44045032,"profit_total":-0.15644045032,"profit_total_pct":-15.64,"duration_avg":"1:18:00","wins":0,"draws":0,"losses":40,"winrate":0.0,"cagr":-0.8737954788517786,"expectancy":-3.911011258,"expectancy_ratio":-1.0,"sortino":-1458.2810202424864,"sharpe":-1458.2810202424864,"calmar":-63.68324391514267,"sqn":-357.5101,"profit_factor":0.0,"max_drawdown_account":0.15644045031999998,"max_drawdown_abs":156.44045031999997}],"results_per_enter_tag":[{"key":"","trades":40,"profit_mean":-0.18181227069973271,"profit_mean_pct":-18.18,"profit_sum":-7.272490827989309,"profit_sum_pct":-727.25,"profit_total_abs":-156.44045032,"profit_total":-0.15644045032,"profit_total_pct":-15.64,"duration_avg":"1:18:00","wins":0,"draws":0,"losses":40,"winrate":0.0,"cagr":-0.8737954788517786,"expectancy":-3.911011258,"expectancy_ratio":-1.0,"sortino":-1458.2810202424864,"sharpe":-1458.2810202424864,"calmar":-63.68324391514267,"sqn":-357.5101,"profit_factor":0.0,"max_drawdown_account":0.15644045031999998,"max_drawdown_abs":156.44045031999997},{"key":"TOTAL","trades":40,"profit_mean":-0.18181227069973271,"profit_mean_pct":-18.18,"profit_sum":-7.272490827989309,"profit_sum_pct":-727.25,"profit_total_abs":-156.44045032,"profit_total":-0.15644045032,"profit_total_pct":-15.64,"duration_avg":"1:18:00","wins":0,"draws":0,"losses":40,"winrate":0.0,"cagr":-0.8737954788517786,"expectancy":-3.911011258,"expectancy_ratio":-1.0,"sortino":-1458.2810202424864,"sharpe":-1458.2810202424864,"calmar":-63.68324391514267,"sqn":-357.5101,"profit_factor":0.0,"max_drawdown_account":0.15644045031999998,"max_drawdown_abs":156.44045031999997}],"exit_reason_summary":[{"key":"custom_exit","trades":40,"profit_mean":-0.18181227069973271,"profit_mean_pct":-18.18,"profit_sum":-7.272490827989309,"profit_sum_pct":-727.25,"profit_total_abs":-156.44045032,"profit_total":-0.15644045032,"profit_total_pct":-15.64,"duration_avg":"1:18:00","wins":0,"draws":0,"losses":40,"winrate":0.0,"cagr":-0.8737954788517786,"expectancy":-3.911011258,"expectancy_ratio":-1.0,"sortino":-1458.2810202424864,"sharpe":-1458.2810202424864,"calmar":-63.68324391514267,"sqn":-357.5101,"profit_factor":0.0,"max_drawdown_account":0.15644045031999998,"max_drawdown_abs":156.44045031999997},{"key":"TOTAL","trades":40,"profit_mean":-0.18181227069973271,"profit_mean_pct":-18.18,"profit_sum":-7.272490827989309,"profit_sum_pct":-727.25,"profit_total_abs":-156.44045032,"profit_total":-0.15644045032,"profit_total_pct":-15.64,"duration_avg":"1:18:00","wins":0,"draws":0,"losses":40,"winrate":0.0,"cagr":-0.8737954788517786,"expectancy":-3.911011258,"expectancy_ratio":-1.0,"sortino":-1458.2810202424864,"sharpe":-1458.2810202424864,"calmar":-63.68324391514267,"sqn":-357.5101,"profit_factor":0.0,"max_drawdown_account":0.15644045031999998,"max_drawdown_abs":156.44045031999997}],"mix_tag_stats":[{"key":["","custom_exit"],"trades":40,"profit_mean":-0.18181227069973271,"profit_mean_pct":-18.18,"profit_sum":-7.272490827989309,"profit_sum_pct":-727.25,"profit_total_abs":-156.44045032,"profit_total":-0.15644045032,"profit_total_pct":-15.64,"duration_avg":"1:18:00","wins":0,"draws":0,"losses":40,"winrate":0.0,"cagr":-0.8737954788517786,"expectancy":-3.911011258,"expectancy_ratio":-1.0,"sortino":-1458.2810202424864,"sharpe":-1458.2810202424864,"calmar":-63.68324391514267,"sqn":-357.5101,"profit_factor":0.0,"max_drawdown_account":0.15644045031999998,"max_drawdown_abs":156.44045031999997},{"key":"TOTAL","trades":40,"profit_mean":-0.18181227069973271,"profit_mean_pct":-18.18,"profit_sum":-7.272490827989309,"profit_sum_pct":-727.25,"profit_total_abs":-156.44045032,"profit_total":-0.15644045032,"profit_total_pct":-15.64,"duration_avg":"1:18:00","wins":0,"draws":0,"losses":40,"winrate":0.0,"cagr":-0.8737954788517786,"expectancy":-3.911011258,"expectancy_ratio":-1.0,"sortino":-1458.2810202424864,"sharpe":-1458.2810202424864,"calmar":-63.68324391514267,"sqn":-357.5101,"profit_factor":0.0,"max_drawdown_account":0.15644045031999998,"max_drawdown_abs":156.44045031999997}],"left_open_trades":[{"key":"TOTAL","trades":0,"profit_mean":0.0,"profit_mean_pct":0.0,"profit_sum":0.0,"profit_sum_pct":0.0,"profit_total_abs":0.0,"profit_total":0.0,"profit_total_pct":0.0,"duration_avg":"0:00","wins":0,"draws":0,"losses":0,"winrate":0.0,"cagr":0.0,"expectancy":0.0,"expectancy_ratio":100.0,"sortino":0,"sharpe":0,"calmar":0,"sqn":0.0,"profit_factor":0.0,"max_drawdown_account":0.0,"max_drawdown_abs":0.0}],"total_trades":40,"trade_count_long":40,"trade_count_short":0,"total_volume":1720.8850551200003,"avg_stake_amount":19.55546642,"profit_mean":-0.18181227069973271,"profit_median":-0.1817952550262114,"profit_total":-0.15644045032,"profit_total_long":-0.15644045032,"profit_total_short":0.0,"profit_total_abs":-156.44045032,"profit_total_long_abs":-156.44045032,"profit_total_short_abs":0.0,"cagr":-0.8737954788517786,"expectancy":-3.911011258,"expectancy_ratio":-1.0,"sortino":-1458.2810202424864,"sharpe":-1458.2810202424864,"calmar":-63.68324391514267,"sqn":-357.5101,"profit_factor":0.0,"backtest_start":"2025-01-01 00:00:00","backtest_start_ts":1735689600000,"backtest_end":"2025-01-31 00:00:00","backtest_end_ts":1738281600000,"backtest_days":30,"backtest_run_start_ts":1752180318,"backtest_run_end_ts":1752180319,"trades_per_day":1.33,"market_change":0.11915905546499764,"pairlist":["BTC/USDT"],"stake_amount":20,"stake_currency":"USDT","stake_currency_decimals":3,"starting_balance":1000,"dry_run_wallet":1000,"final_balance":843.55954968,"rejected_signals":0,"timedout_entry_orders":0,"timedout_exit_orders":0,"canceled_trade_entries":0,"canceled_entry_orders":0,"replaced_entry_orders":0,"max_open_trades":1,"max_open_trades_setting":5,"timeframe":"1m","timeframe_detail":"","timerange":"20250101-20250131","enable_protections":true,"strategy_name":"MultiHorizonMomentum","stoploss":-0.3,"trailing_stop":false,"trailing_stop_positive":null,"trailing_stop_positive_offset":0.0,"trailing_only_offset_is_reached":false,"use_custom_stoploss":false,"minimal_roi":{},"use_exit_signal":true,"exit_profit_only":false,"exit_profit_offset":0.0,"ignore_roi_if_entry_signal":false,"trading_mode":"spot","margin_mode":"","periodic_breakdown":{"day":[{"date":"02/01/2025","date_ts":1735776000000,"profit_abs":-7.653296,"wins":0,"draws":0,"losses":2,"trades":2,"profit_factor":0.0},{"date":"03/01/2025","date_ts":1735862400000,"profit_abs":0.0,"wins":0,"draws":0,"losses":0,"trades":0,"profit_factor":0.0},{"date":"04/01/2025","date_ts":1735948800000,"profit_abs":-15.7967396,"wins":0,"draws":0,"losses":4,"trades":4,"profit_factor":0.0},{"date":"05/01/2025","date_ts":1736035200000,"profit_abs":-3.9453322,"wins":0,"draws":0,"losses":1,"trades":1,"profit_factor":0.0},{"date":"06/01/2025","date_ts":1736121600000,"profit_abs":-27.8715928,"wins":0,"draws":0,"losses":7,"trades":7,"profit_factor":0.0},{"date":"07/01/2025","date_ts":1736208000000,"profit_abs":0.0,"wins":0,"draws":0,"losses":0,"trades":0,"profit_factor":0.0},{"date":"08/01/2025","date_ts":1736294400000,"profit_abs":0.0,"wins":0,"draws":0,"losses":0,"trades":0,"profit_factor":0.0},{"date":"09/01/2025","date_ts":1736380800000,"profit_abs":0.0,"wins":0,"draws":0,"losses":0,"trades":0,"profit_factor":0.0},{"date":"10/01/2025","date_ts":1736467200000,"profit_abs":0.0,"wins":0,"draws":0,"losses":0,"trades":0,"profit_factor":0.0},{"date":"11/01/2025","date_ts":1736553600000,"profit_abs":0.0,"wins":0,"draws":0,"losses":0,"trades":0,"profit_factor":0.0},{"date":"12/01/2025","date_ts":1736640000000,"profit_abs":0.0,"wins":0,"draws":0,"losses":0,"trades":0,"profit_factor":0.0},{"date":"13/01/2025","date_ts":1736726400000,"profit_abs":0.0,"wins":0,"draws":0,"losses":0,"trades":0,"profit_factor":0.0},{"date":"14/01/2025","date_ts":1736812800000,"profit_abs":-15.3193064,"wins":0,"draws":0,"losses":4,"trades":4,"profit_factor":0.0},{"date":"15/01/2025","date_ts":1736899200000,"profit_abs":-15.7009582,"wins":0,"draws":0,"losses":4,"trades":4,"profit_factor":0.0},{"date":"16/01/2025","date_ts":1736985600000,"profit_abs":0.0,"wins":0,"draws":0,"losses":0,"trades":0,"profit_factor":0.0},{"date":"17/01/2025","date_ts":1737072000000,"profit_abs":-34.72258721,"wins":0,"draws":0,"losses":9,"trades":9,"profit_factor":0.0},{"date":"18/01/2025","date_ts":1737158400000,"profit_abs":-11.87903047,"wins":0,"draws":0,"losses":3,"trades":3,"profit_factor":0.0},{"date":"19/01/2025","date_ts":1737244800000,"profit_abs":-23.55160744,"wins":0,"draws":0,"losses":6,"trades":6,"profit_factor":0.0}],"week":[{"date":"06/01/2025","date_ts":1736121600000,"profit_abs":-55.2669606,"wins":0,"draws":0,"losses":14,"trades":14,"profit_factor":0.0},{"date":"13/01/2025","date_ts":1736726400000,"profit_abs":0.0,"wins":0,"draws":0,"losses":0,"trades":0,"profit_factor":0.0},{"date":"20/01/2025","date_ts":1737331200000,"profit_abs":-101.17348972,"wins":0,"draws":0,"losses":26,"trades":26,"profit_factor":0.0}],"month":[{"date":"31/01/2025","date_ts":1738281600000,"profit_abs":-156.44045032,"wins":0,"draws":0,"losses":40,"trades":40,"profit_factor":0.0}],"year":[{"date":"31/12/2025","date_ts":1767139200000,"profit_abs":-156.44045032,"wins":0,"draws":0,"losses":40,"trades":40,"profit_factor":0.0}]},"backtest_best_day":0.0,"backtest_worst_day":-1.6370395531316997,"backtest_best_day_abs":0.0,"backtest_worst_day_abs":-34.72258721,"winning_days":0,"draw_days":9,"losing_days":9,"daily_profit":[["2025-01-02",-7.653296],["2025-01-03",0.0],["2025-01-04",-15.7967396],["2025-01-05",-3.9453322],["2025-01-06",-27.8715928],["2025-01-07",0.0],["2025-01-08",0.0],["2025-01-09",0.0],["2025-01-10",0.0],["2025-01-11",0.0],["2025-01-12",0.0],["2025-01-13",0.0],["2025-01-14",-15.3193064],["2025-01-15",-15.7009582],["2025-01-16",0.0],["2025-01-17",-34.72258721],["2025-01-18",-11.87903047],["2025-01-19",-23.55160744]],"wins":0,"losses":40,"draws":0,"winrate":0.0,"holding_avg":"1:18:00","holding_avg_s":4680.0,"winner_holding_min":"0d 00:00","winner_holding_min_s":0.0,"winner_holding_max":"0d 00:00","winner_holding_max_s":0.0,"winner_holding_avg":"0d 00:00","winner_holding_avg_s":0.0,"loser_holding_min":"0d 00:00","loser_holding_min_s":0.0,"loser_holding_max":"1d 01:34","loser_holding_max_s":92040.0,"loser_holding_avg":"0d 01:18","loser_holding_avg_s":4680.0,"max_consecutive_wins":0,"max_consecutive_losses":40,"max_drawdown_account":0.15644045031999998,"max_relative_drawdown":0.15644045031999998,"max_drawdown_abs":156.44045031999997,"drawdown_start":"2025-01-02 04:39:00","drawdown_start_ts":1735792740000.0,"drawdown_end":"2025-01-19 19:59:00","drawdown_end_ts":1737316740000.0,"max_drawdown_low":-156.44045031999997,"max_drawdown_high":-3.8263292,"csum_min":843.55954968,"csum_max":996.1736708}},"strategy_comparison":[{"key":"MultiHorizonMomentum","trades":40,"profit_mean":-0.18181227069973271,"profit_mean_pct":-18.18,"profit_sum":-7.272490827989309,"profit_sum_pct":-727.25,"profit_total_abs":-156.44045032,"profit_total":-0.15644045032,"profit_total_pct":-15.64,"duration_avg":"1:18:00","wins":0,"draws":0,"losses":40,"winrate":0.0,"cagr":-0.8737954788517786,"expectancy":-3.911011258,"expectancy_ratio":-1.0,"sortino":-1458.2810202424864,"sharpe":-1458.2810202424864,"calmar":-63.68324391514267,"sqn":-357.5101,"profit_factor":0.0,"max_drawdown_account":0.15644045031999998,"max_drawdown_abs":"156.44"}]}