{"strategy":{"MultiHorizonMomentum":{"trades":[{"pair":"BTC/USDT","stake_amount":19.1618781,"max_stake_amount":19.1618781,"amount":0.00019,"open_date":"2025-01-16 00:02:00+00:00","close_date":"2025-01-17 01:36:00+00:00","open_rate":100851.99,"close_rate":100760.33,"fee_open":0.1,"fee_close":0.1,"trade_duration":1534,"profit_ratio":-0.1825617917901273,"profit_abs":-3.84804948,"exit_reason":"custom_exit","initial_stop_loss_abs":70596.4,"initial_stop_loss_ratio":-0.3,"stop_loss_abs":70596.4,"stop_loss_ratio":-0.3,"min_rate":97335.13,"max_rate":100999.0,"is_open":false,"enter_tag":"","leverage":1.0,"is_short":false,"open_timestamp":1736985720000,"close_timestamp":1737077760000,"orders":[{"amount":0.00019,"safe_price":100851.99,"ft_order_side":"buy","order_filled_timestamp":1736985720000,"ft_is_entry":true,"ft_order_tag":"","cost":21.078065910000003},{"amount":0.00019,"safe_price":100760.33,"ft_order_side":"sell","order_filled_timestamp":1737077760000,"ft_is_entry":false,"ft_order_tag":"custom_exit","cost":21.058908970000005}],"funding_fees":0.0},{"pair":"BTC/USDT","stake_amount":19.1834659,"max_stake_amount":19.1834659,"amount":0.00019,"open_date":"2025-01-17 01:38:00+00:00","close_date":"2025-01-17 01:38:00+00:00","open_rate":100965.61,"close_rate":100965.61,"fee_open":0.1,"fee_close":0.1,"trade_duration":0,"profit_ratio":-0.18181818181818182,"profit_abs":-3.83669318,"exit_reason":"custom_exit","initial_stop_loss_abs":70675.93,"initial_stop_loss_ratio":-0.3,"stop_loss_abs":70675.93,"stop_loss_ratio":-0.3,"min_rate":100873.76,"max_rate":101111.0,"is_open":false,"enter_tag":"","leverage":1.0,"is_short":false,"open_timestamp":1737077880000,"close_timestamp":1737077880000,"orders":[{"amount":0.00019,"safe_price":100965.61,"ft_order_side":"buy","order_filled_timestamp":1737077880000,"ft_is_entry":true,"ft_order_tag":"","cost":21.101812490000004},{"amount":0.00019,"safe_price":100965.61,"ft_order_side":"sell","order_filled_timestamp":1737077880000,"ft_is_entry":false,"ft_order_tag":"custom_exit","cost":21.101812490000004}],"funding_fees":0.0},{"pair":"BTC/USDT","stake_amount":19.2074838,"max_stake_amount":19.2074838,"amount":0.00019,"open_date":"2025-01-17 01:39:00+00:00","close_date":"2025-01-17 01:39:00+00:00","open_rate":101092.02,"close_rate":101092.02,"fee_open":0.1,"fee_close":0.1,"trade_duration":0,"profit_ratio":-0.18181818181818182,"profit_abs":-3.84149676,"exit_reason":"custom_exit","initial_stop_loss_abs":70764.42,"initial_stop_loss_ratio":-0.3,"stop_loss_abs":70764.42,"stop_loss_ratio":-0.3,"min_rate":101082.46,"max_rate":101208.26,"is_open":false,"enter_tag":"","leverage":1.0,"is_short":false,"open_timestamp":1737077940000,"close_timestamp":1737077940000,"orders":[{"amount":0.00019,"safe_price":101092.02,"ft_order_side":"buy","order_filled_timestamp":1737077940000,"ft_is_entry":true,"ft_order_tag":"","cost":21.128232180000005},{"amount":0.00019,"safe_price":101092.02,"ft_order_side":"sell","order_filled_timestamp":1737077940000,"ft_is_entry":false,"ft_order_tag":"custom_exit","cost":21.128232180000005}],"funding_fees":0.0},{"pair":"BTC/USDT","stake_amount":19.2211581,"max_stake_amount":19.2211581,"amount":0.00019,"open_date":"2025-01-17 01:40:00+00:00","close_date":"2025-01-17 01:40:00+00:00","open_rate":101163.99,"close_rate":101163.99,"fee_open":0.1,"fee_close":0.1,"trade_duration":0,"profit_ratio":-0.1818181818181818,"profit_abs":-3.84423162,"exit_reason":"custom_exit","initial_stop_loss_abs":70814.8,"initial_stop_loss_ratio":-0.3,"stop_loss_abs":70814.8,"stop_loss_ratio":-0.3,"min_rate":101163.99,"max_rate":101421.71,"is_open":false,"enter_tag":"","leverage":1.0,"is_short":false,"open_timestamp":1737078000000,"close_timestamp":1737078000000,"orders":[{"amount":0.00019,"safe_price":101163.99,"ft_order_side":"buy","order_filled_timestamp":1737078000000,"ft_is_entry":true,"ft_order_tag":"","cost":21.143273910000005},{"amount":0.00019,"safe_price":101163.99,"ft_order_side":"sell","order_filled_timestamp":1737078000000,"ft_is_entry":false,"ft_order_tag":"custom_exit","cost":21.143273910000005}],"funding_fees":0.0},{"pair":"BTC/USDT","stake_amount":19.2656466,"max_stake_amount":19.2656466,"amount":0.00019,"open_date":"2025-01-17 01:41:00+00:00","close_date":"2025-01-17 01:41:00+00:00","open_rate":101398.14,"close_rate":101398.14,"fee_open":0.1,"fee_close":0.1,"trade_duration":0,"profit_ratio":-0.1818181818181818,"profit_abs":-3.85312932,"exit_reason":"custom_exit","initial_stop_loss_abs":70978.7,"initial_stop_loss_ratio":-0.3,"stop_loss_abs":70978.7,"stop_loss_ratio":-0.3,"min_rate":101370.23,"max_rate":101605.72,"is_open":false,"enter_tag":"","leverage":1.0,"is_short":false,"open_timestamp":1737078060000,"close_timestamp":1737078060000,"orders":[{"amount":0.00019,"safe_price":101398.14,"ft_order_side":"buy","order_filled_timestamp":1737078060000,"ft_is_entry":true,"ft_order_tag":"","cost":21.19221126},{"amount":0.00019,"safe_price":101398.14,"ft_order_side":"sell","order_filled_timestamp":1737078060000,"ft_is_entry":false,"ft_order_tag":"custom_exit","cost":21.19221126}],"funding_fees":0.0},{"pair":"BTC/USDT","stake_amount":19.293151,"max_stake_amount":19.293151,"amount":0.00019,"open_date":"2025-01-17 01:42:00+00:00","close_date":"2025-01-17 01:44:00+00:00","open_rate":101542.9,"close_rate":101561.19,"fee_open":0.1,"fee_close":0.1,"trade_duration":2,"profit_ratio":-0.181670810160936,"profit_abs":-3.85550261,"exit_reason":"custom_exit","initial_stop_loss_abs":71080.03,"initial_stop_loss_ratio":-0.3,"stop_loss_abs":71080.03,"stop_loss_ratio":-0.3,"min_rate":101400.0,"max_rate":101666.0,"is_open":false,"enter_tag":"","leverage":1.0,"is_short":false,"open_timestamp":1737078120000,"close_timestamp":1737078240000,"orders":[{"amount":0.00019,"safe_price":101542.9,"ft_order_side":"buy","order_filled_timestamp":1737078120000,"ft_is_entry":true,"ft_order_tag":"","cost":21.222466100000002},{"amount":0.00019,"safe_price":101561.19,"ft_order_side":"sell","order_filled_timestamp":1737078240000,"ft_is_entry":false,"ft_order_tag":"custom_exit","cost":21.226288710000002}],"funding_fees":0.0},{"pair":"BTC/USDT","stake_amount":19.3257113,"max_stake_amount":19.3257113,"amount":0.00019,"open_date":"2025-01-17 05:13:00+00:00","close_date":"2025-01-17 07:41:00+00:00","open_rate":101714.27,"close_rate":101678.57,"fee_open":0.1,"fee_close":0.1,"trade_duration":148,"profit_ratio":-0.1821053498911483,"profit_abs":-3.87124696,"exit_reason":"custom_exit","initial_stop_loss_abs":71199.99,"initial_stop_loss_ratio":-0.3,"stop_loss_abs":71199.99,"stop_loss_ratio":-0.3,"min_rate":101301.4,"max_rate":101899.49,"is_open":false,"enter_tag":"","leverage":1.0,"is_short":false,"open_timestamp":1737090780000,"close_timestamp":1737099660000,"orders":[{"amount":0.00019,"safe_price":101714.27,"ft_order_side":"buy","order_filled_timestamp":1737090780000,"ft_is_entry":true,"ft_order_tag":"","cost":21.258282430000005},{"amount":0.00019,"safe_price":101678.57,"ft_order_side":"sell","order_filled_timestamp":1737099660000,"ft_is_entry":false,"ft_order_tag":"custom_exit","cost":21.250821130000006}],"funding_fees":0.0},{"pair":"BTC/USDT","stake_amount":19.3844118,"max_stake_amount":19.3844118,"amount":0.00019,"open_date":"2025-01-17 08:32:00+00:00","close_date":"2025-01-17 08:35:00+00:00","open_rate":102023.22,"close_rate":102044.51,"fee_open":0.1,"fee_close":0.1,"trade_duration":3,"profit_ratio":-0.18164744528478197,"profit_abs":-3.87324177,"exit_reason":"custom_exit","initial_stop_loss_abs":71416.26,"initial_stop_loss_ratio":-0.3,"stop_loss_abs":71416.26,"stop_loss_ratio":-0.3,"min_rate":101928.6,"max_rate":102123.4,"is_open":false,"enter_tag":"","leverage":1.0,"is_short":false,"open_timestamp":1737102720000,"close_timestamp":1737102900000,"orders":[{"amount":0.00019,"safe_price":102023.22,"ft_order_side":"buy","order_filled_timestamp":1737102720000,"ft_is_entry":true,"ft_order_tag":"","cost":21.322852980000004},{"amount":0.00019,"safe_price":102044.51,"ft_order_side":"sell","order_filled_timestamp":1737102900000,"ft_is_entry":false,"ft_order_tag":"custom_exit","cost":21.327302590000002}],"funding_fees":0.0},{"pair":"BTC/USDT","stake_amount":19.4989191,"max_stake_amount":19.4989191,"amount":0.00019,"open_date":"2025-01-17 12:20:00+00:00","close_date":"2025-01-17 12:41:00+00:00","open_rate":102625.89,"close_rate":102630.5,"fee_open":0.1,"fee_close":0.1,"trade_duration":21,"profit_ratio":-0.18178142873197894,"profit_abs":-3.89899551,"exit_reason":"custom_exit","initial_stop_loss_abs":71838.13,"initial_stop_loss_ratio":-0.3,"stop_loss_abs":71838.13,"stop_loss_ratio":-0.3,"min_rate":102374.25,"max_rate":102789.0,"is_open":false,"enter_tag":"","leverage":1.0,"is_short":false,"open_timestamp":1737116400000,"close_timestamp":1737117660000,"orders":[{"amount":0.00019,"safe_price":102625.89,"ft_order_side":"buy","order_filled_timestamp":1737116400000,"ft_is_entry":true,"ft_order_tag":"","cost":21.448811010000004},{"amount":0.00019,"safe_price":102630.5,"ft_order_side":"sell","order_filled_timestamp":1737117660000,"ft_is_entry":false,"ft_order_tag":"custom_exit","cost":21.449774500000004}],"funding_fees":0.0},{"pair":"BTC/USDT","stake_amount":19.7513379,"max_stake_amount":19.7513379,"amount":0.00019,"open_date":"2025-01-18 13:43:00+00:00","close_date":"2025-01-18 13:56:00+00:00","open_rate":103954.41,"close_rate":103923.03,"fee_open":0.1,"fee_close":0.1,"trade_duration":13,"profit_ratio":-0.18206516071455134,"profit_abs":-3.95563356,"exit_reason":"custom_exit","initial_stop_loss_abs":72768.09,"initial_stop_loss_ratio":-0.3,"stop_loss_abs":72768.09,"stop_loss_ratio":-0.3,"min_rate":103793.31,"max_rate":104074.97,"is_open":false,"enter_tag":"","leverage":1.0,"is_short":false,"open_timestamp":1737207780000,"close_timestamp":1737208560000,"orders":[{"amount":0.00019,"safe_price":103954.41,"ft_order_side":"buy","order_filled_timestamp":1737207780000,"ft_is_entry":true,"ft_order_tag":"","cost":21.726471690000004},{"amount":0.00019,"safe_price":103923.03,"ft_order_side":"sell","order_filled_timestamp":1737208560000,"ft_is_entry":false,"ft_order_tag":"custom_exit","cost":21.719913270000003}],"funding_fees":0.0},{"pair":"BTC/USDT","stake_amount":19.8151,"max_stake_amount":19.8151,"amount":0.00019,"open_date":"2025-01-18 13:58:00+00:00","close_date":"2025-01-18 14:01:00+00:00","open_rate":104290.0,"close_rate":104291.16,"fee_open":0.1,"fee_close":0.1,"trade_duration":3,"profit_ratio":-0.18180908132044385,"profit_abs":-3.96282164,"exit_reason":"custom_exit","initial_stop_loss_abs":73003.0,"initial_stop_loss_ratio":-0.3,"stop_loss_abs":73003.0,"stop_loss_ratio":-0.3,"min_rate":104223.44,"max_rate":104562.5,"is_open":false,"enter_tag":"","leverage":1.0,"is_short":false,"open_timestamp":1737208680000,"close_timestamp":1737208860000,"orders":[{"amount":0.00019,"safe_price":104290.0,"ft_order_side":"buy","order_filled_timestamp":1737208680000,"ft_is_entry":true,"ft_order_tag":"","cost":21.79661},{"amount":0.00019,"safe_price":104291.16,"ft_order_side":"sell","order_filled_timestamp":1737208860000,"ft_is_entry":false,"ft_order_tag":"custom_exit","cost":21.796852440000002}],"funding_fees":0.0},{"pair":"BTC/USDT","stake_amount":19.8512608,"max_stake_amount":19.8512608,"amount":0.00019,"open_date":"2025-01-18 23:06:00+00:00","close_date":"2025-01-18 23:14:00+00:00","open_rate":104480.32,"close_rate":104536.91,"fee_open":0.1,"fee_close":0.1,"trade_duration":8,"profit_ratio":-0.18137502746058692,"profit_abs":-3.96057527,"exit_reason":"custom_exit","initial_stop_loss_abs":73136.23,"initial_stop_loss_ratio":-0.3,"stop_loss_abs":73136.23,"stop_loss_ratio":-0.3,"min_rate":104442.41,"max_rate":104585.58,"is_open":false,"enter_tag":"","leverage":1.0,"is_short":false,"open_timestamp":1737241560000,"close_timestamp":1737242040000,"orders":[{"amount":0.00019,"safe_price":104480.32,"ft_order_side":"buy","order_filled_timestamp":1737241560000,"ft_is_entry":true,"ft_order_tag":"","cost":21.836386880000003},{"amount":0.00019,"safe_price":104536.91,"ft_order_side":"sell","order_filled_timestamp":1737242040000,"ft_is_entry":false,"ft_order_tag":"custom_exit","cost":21.848214190000004}],"funding_fees":0.0},{"pair":"BTC/USDT","stake_amount":19.8921868,"max_stake_amount":19.8921868,"amount":0.00019,"open_date":"2025-01-18 23:17:00+00:00","close_date":"2025-01-19 02:07:00+00:00","open_rate":104695.72,"close_rate":104743.98,"fee_open":0.1,"fee_close":0.1,"trade_duration":170,"profit_ratio":-0.181441036940192,"profit_abs":-3.9701849,"exit_reason":"custom_exit","initial_stop_loss_abs":73287.01,"initial_stop_loss_ratio":-0.3,"stop_loss_abs":73287.01,"stop_loss_ratio":-0.3,"min_rate":104013.51,"max_rate":104789.0,"is_open":false,"enter_tag":"","leverage":1.0,"is_short":false,"open_timestamp":1737242220000,"close_timestamp":1737252420000,"orders":[{"amount":0.00019,"safe_price":104695.72,"ft_order_side":"buy","order_filled_timestamp":1737242220000,"ft_is_entry":true,"ft_order_tag":"","cost":21.88140548},{"amount":0.00019,"safe_price":104743.98,"ft_order_side":"sell","order_filled_timestamp":1737252420000,"ft_is_entry":false,"ft_order_tag":"custom_exit","cost":21.89149182}],"funding_fees":0.0},{"pair":"BTC/USDT","stake_amount":19.9405019,"max_stake_amount":19.9405019,"amount":0.00019,"open_date":"2025-01-19 02:22:00+00:00","close_date":"2025-01-19 02:24:00+00:00","open_rate":104950.01,"close_rate":104908.79,"fee_open":0.1,"fee_close":0.1,"trade_duration":2,"profit_ratio":-0.1821395296155327,"profit_abs":-3.995149,"exit_reason":"custom_exit","initial_stop_loss_abs":73465.01,"initial_stop_loss_ratio":-0.3,"stop_loss_abs":73465.01,"stop_loss_ratio":-0.3,"min_rate":104908.79,"max_rate":105070.43,"is_open":false,"enter_tag":"","leverage":1.0,"is_short":false,"open_timestamp":1737253320000,"close_timestamp":1737253440000,"orders":[{"amount":0.00019,"safe_price":104950.01,"ft_order_side":"buy","order_filled_timestamp":1737253320000,"ft_is_entry":true,"ft_order_tag":"","cost":21.934552090000004},{"amount":0.00019,"safe_price":104908.79,"ft_order_side":"sell","order_filled_timestamp":1737253440000,"ft_is_entry":false,"ft_order_tag":"custom_exit","cost":21.92593711}],"funding_fees":0.0},{"pair":"BTC/USDT","stake_amount":19.9573036,"max_stake_amount":19.9573036,"amount":0.00019,"open_date":"2025-01-19 02:25:00+00:00","close_date":"2025-01-19 02:26:00+00:00","open_rate":105038.44,"close_rate":105099.74,"fee_open":0.1,"fee_close":0.1,"trade_duration":1,"profit_ratio":-0.18134069428643113,"profit_abs":-3.98097842,"exit_reason":"custom_exit","initial_stop_loss_abs":73526.91,"initial_stop_loss_ratio":-0.3,"stop_loss_abs":73526.91,"stop_loss_ratio":-0.3,"min_rate":105038.43,"max_rate":105213.75,"is_open":false,"enter_tag":"","leverage":1.0,"is_short":false,"open_timestamp":1737253500000,"close_timestamp":1737253560000,"orders":[{"amount":0.00019,"safe_price":105038.44,"ft_order_side":"buy","order_filled_timestamp":1737253500000,"ft_is_entry":true,"ft_order_tag":"","cost":21.953033960000006},{"amount":0.00019,"safe_price":105099.74,"ft_order_side":"sell","order_filled_timestamp":1737253560000,"ft_is_entry":false,"ft_order_tag":"custom_exit","cost":21.965845660000006}],"funding_fees":0.0},{"pair":"BTC/USDT","stake_amount":19.9785931,"max_stake_amount":19.9785931,"amount":0.00019,"open_date":"2025-01-19 02:27:00+00:00","close_date":"2025-01-19 02:27:00+00:00","open_rate":105150.49,"close_rate":105150.49,"fee_open":0.1,"fee_close":0.1,"trade_duration":0,"profit_ratio":-0.18181818181818182,"profit_abs":-3.99571862,"exit_reason":"custom_exit","initial_stop_loss_abs":73605.35,"initial_stop_loss_ratio":-0.3,"stop_loss_abs":73605.35,"stop_loss_ratio":-0.3,"min_rate":105131.06,"max_rate":105299.07,"is_open":false,"enter_tag":"","leverage":1.0,"is_short":false,"open_timestamp":1737253620000,"close_timestamp":1737253620000,"orders":[{"amount":0.00019,"safe_price":105150.49,"ft_order_side":"buy","order_filled_timestamp":1737253620000,"ft_is_entry":true,"ft_order_tag":"","cost":21.976452410000004},{"amount":0.00019,"safe_price":105150.49,"ft_order_side":"sell","order_filled_timestamp":1737253620000,"ft_is_entry":false,"ft_order_tag":"custom_exit","cost":21.976452410000004}],"funding_fees":0.0},{"pair":"BTC/USDT","stake_amount":19.034982,"max_stake_amount":19.034982,"amount":0.00018,"open_date":"2025-01-19 19:53:00+00:00","close_date":"2025-01-19 19:55:00+00:00","open_rate":105749.9,"close_rate":105832.75,"fee_open":0.1,"fee_close":0.1,"trade_duration":2,"profit_ratio":-0.18117717540932127,"profit_abs":-3.7935747,"exit_reason":"custom_exit","initial_stop_loss_abs":74024.93,"initial_stop_loss_ratio":-0.3,"stop_loss_abs":74024.93,"stop_loss_ratio":-0.3,"min_rate":105686.95,"max_rate":105887.1,"is_open":false,"enter_tag":"","leverage":1.0,"is_short":false,"open_timestamp":1737316380000,"close_timestamp":1737316500000,"orders":[{"amount":0.00018,"safe_price":105749.9,"ft_order_side":"buy","order_filled_timestamp":1737316380000,"ft_is_entry":true,"ft_order_tag":"","cost":20.9384802},{"amount":0.00018,"safe_price":105832.75,"ft_order_side":"sell","order_filled_timestamp":1737316500000,"ft_is_entry":false,"ft_order_tag":"custom_exit","cost":20.954884500000006}],"funding_fees":0.0},{"pair":"BTC/USDT","stake_amount":19.080009,"max_stake_amount":19.080009,"amount":0.00018,"open_date":"2025-01-19 19:59:00+00:00","close_date":"2025-01-19 19:59:00+00:00","open_rate":106000.05,"close_rate":106000.05,"fee_open":0.1,"fee_close":0.1,"trade_duration":0,"profit_ratio":-0.1818181818181818,"profit_abs":-3.8160018,"exit_reason":"custom_exit","initial_stop_loss_abs":74200.04,"initial_stop_loss_ratio":-0.3,"stop_loss_abs":74200.04,"stop_loss_ratio":-0.3,"min_rate":106000.05,"max_rate":106200.74,"is_open":false,"enter_tag":"","leverage":1.0,"is_short":false,"open_timestamp":1737316740000,"close_timestamp":1737316740000,"orders":[{"amount":0.00018,"safe_price":106000.05,"ft_order_side":"buy","order_filled_timestamp":1737316740000,"ft_is_entry":true,"ft_order_tag":"","cost":20.9880099},{"amount":0.00018,"safe_price":106000.05,"ft_order_side":"sell","order_filled_timestamp":1737316740000,"ft_is_entry":false,"ft_order_tag":"custom_exit","cost":20.9880099}],"funding_fees":0.0}],"locks":[],"best_pair":{"key":"BTC/USDT","trades":18,"profit_mean":-0.18177909013972904,"profit_mean_pct":-18.18,"profit_sum":-3.2720236225151225,"profit_sum_pct":-327.2,"profit_total_abs":-70.15322511999999,"profit_total":-0.07015322511999998,"profit_total_pct":-7.02,"duration_avg":"1:46:00","wins":0,"draws":0,"losses":18,"winrate":0.0,"cagr":-0.8296493476353315,"expectancy":-3.897401395555555,"expectancy_ratio":-1.0,"sortino":-1360.5779933733477,"sharpe":-1360.5779933733477,"calmar":-127.3664878302853,"sqn":-244.6923,"profit_factor":0.0,"max_drawdown_account":0.07015322512,"max_drawdown_abs":70.15322511999999},"worst_pair":{"key":"BTC/USDT","trades":18,"profit_mean":-0.18177909013972904,"profit_mean_pct":-18.18,"profit_sum":-3.2720236225151225,"profit_sum_pct":-327.2,"profit_total_abs":-70.15322511999999,"profit_total":-0.07015322511999998,"profit_total_pct":-7.02,"duration_avg":"1:46:00","wins":0,"draws":0,"losses":18,"winrate":0.0,"cagr":-0.8296493476353315,"expectancy":-3.897401395555555,"expectancy_ratio":-1.0,"sortino":-1360.5779933733477,"sharpe":-1360.5779933733477,"calmar":-127.3664878302853,"sqn":-244.6923,"profit_factor":0.0,"max_drawdown_account":0.07015322512,"max_drawdown_abs":70.15322511999999},"results_per_pair":[{"key":"BTC/USDT","trades":18,"profit_mean":-0.18177909013972904,"profit_mean_pct":-18.18,"profit_sum":-3.2720236225151225,"profit_sum_pct":-327.2,"profit_total_abs":-70.15322511999999,"profit_total":-0.07015322511999998,"profit_total_pct":-7.02,"duration_avg":"1:46:00","wins":0,"draws":0,"losses":18,"winrate":0.0,"cagr":-0.8296493476353315,"expectancy":-3.897401395555555,"expectancy_ratio":-1.0,"sortino":-1360.5779933733477,"sharpe":-1360.5779933733477,"calmar":-127.3664878302853,"sqn":-244.6923,"profit_factor":0.0,"max_drawdown_account":0.07015322512,"max_drawdown_abs":70.15322511999999},{"key":"TOTAL","trades":18,"profit_mean":-0.18177909013972904,"profit_mean_pct":-18.18,"profit_sum":-3.2720236225151225,"profit_sum_pct":-327.2,"profit_total_abs":-70.15322511999999,"profit_total":-0.07015322511999998,"profit_total_pct":-7.02,"duration_avg":"1:46:00","wins":0,"draws":0,"losses":18,"winrate":0.0,"cagr":-0.8296493476353315,"expectancy":-3.897401395555555,"expectancy_ratio":-1.0,"sortino":-1360.5779933733477,"sharpe":-1360.5779933733477,"calmar":-127.3664878302853,"sqn":-244.6923,"profit_factor":0.0,"max_drawdown_account":0.07015322512,"max_drawdown_abs":70.15322511999999}],"results_per_enter_tag":[{"key":"","trades":18,"profit_mean":-0.18177909013972904,"profit_mean_pct":-18.18,"profit_sum":-3.2720236225151225,"profit_sum_pct":-327.2,"profit_total_abs":-70.15322511999999,"profit_total":-0.07015322511999998,"profit_total_pct":-7.02,"duration_avg":"1:46:00","wins":0,"draws":0,"losses":18,"winrate":0.0,"cagr":-0.8296493476353315,"expectancy":-3.897401395555555,"expectancy_ratio":-1.0,"sortino":-1360.5779933733477,"sharpe":-1360.5779933733477,"calmar":-127.3664878302853,"sqn":-244.6923,"profit_factor":0.0,"max_drawdown_account":0.07015322512,"max_drawdown_abs":70.15322511999999},{"key":"TOTAL","trades":18,"profit_mean":-0.18177909013972904,"profit_mean_pct":-18.18,"profit_sum":-3.2720236225151225,"profit_sum_pct":-327.2,"profit_total_abs":-70.15322511999999,"profit_total":-0.07015322511999998,"profit_total_pct":-7.02,"duration_avg":"1:46:00","wins":0,"draws":0,"losses":18,"winrate":0.0,"cagr":-0.8296493476353315,"expectancy":-3.897401395555555,"expectancy_ratio":-1.0,"sortino":-1360.5779933733477,"sharpe":-1360.5779933733477,"calmar":-127.3664878302853,"sqn":-244.6923,"profit_factor":0.0,"max_drawdown_account":0.07015322512,"max_drawdown_abs":70.15322511999999}],"exit_reason_summary":[{"key":"custom_exit","trades":18,"profit_mean":-0.18177909013972904,"profit_mean_pct":-18.18,"profit_sum":-3.2720236225151225,"profit_sum_pct":-327.2,"profit_total_abs":-70.15322511999999,"profit_total":-0.07015322511999998,"profit_total_pct":-7.02,"duration_avg":"1:46:00","wins":0,"draws":0,"losses":18,"winrate":0.0,"cagr":-0.8296493476353315,"expectancy":-3.897401395555555,"expectancy_ratio":-1.0,"sortino":-1360.5779933733477,"sharpe":-1360.5779933733477,"calmar":-127.3664878302853,"sqn":-244.6923,"profit_factor":0.0,"max_drawdown_account":0.07015322512,"max_drawdown_abs":70.15322511999999},{"key":"TOTAL","trades":18,"profit_mean":-0.18177909013972904,"profit_mean_pct":-18.18,"profit_sum":-3.2720236225151225,"profit_sum_pct":-327.2,"profit_total_abs":-70.15322511999999,"profit_total":-0.07015322511999998,"profit_total_pct":-7.02,"duration_avg":"1:46:00","wins":0,"draws":0,"losses":18,"winrate":0.0,"cagr":-0.8296493476353315,"expectancy":-3.897401395555555,"expectancy_ratio":-1.0,"sortino":-1360.5779933733477,"sharpe":-1360.5779933733477,"calmar":-127.3664878302853,"sqn":-244.6923,"profit_factor":0.0,"max_drawdown_account":0.07015322512,"max_drawdown_abs":70.15322511999999}],"mix_tag_stats":[{"key":["","custom_exit"],"trades":18,"profit_mean":-0.18177909013972904,"profit_mean_pct":-18.18,"profit_sum":-3.2720236225151225,"profit_sum_pct":-327.2,"profit_total_abs":-70.15322511999999,"profit_total":-0.07015322511999998,"profit_total_pct":-7.02,"duration_avg":"1:46:00","wins":0,"draws":0,"losses":18,"winrate":0.0,"cagr":-0.8296493476353315,"expectancy":-3.897401395555555,"expectancy_ratio":-1.0,"sortino":-1360.5779933733477,"sharpe":-1360.5779933733477,"calmar":-127.3664878302853,"sqn":-244.6923,"profit_factor":0.0,"max_drawdown_account":0.07015322512,"max_drawdown_abs":70.15322511999999},{"key":"TOTAL","trades":18,"profit_mean":-0.18177909013972904,"profit_mean_pct":-18.18,"profit_sum":-3.2720236225151225,"profit_sum_pct":-327.2,"profit_total_abs":-70.15322511999999,"profit_total":-0.07015322511999998,"profit_total_pct":-7.02,"duration_avg":"1:46:00","wins":0,"draws":0,"losses":18,"winrate":0.0,"cagr":-0.8296493476353315,"expectancy":-3.897401395555555,"expectancy_ratio":-1.0,"sortino":-1360.5779933733477,"sharpe":-1360.5779933733477,"calmar":-127.3664878302853,"sqn":-244.6923,"profit_factor":0.0,"max_drawdown_account":0.07015322512,"max_drawdown_abs":70.15322511999999}],"left_open_trades":[{"key":"TOTAL","trades":0,"profit_mean":0.0,"profit_mean_pct":0.0,"profit_sum":0.0,"profit_sum_pct":0.0,"profit_total_abs":0.0,"profit_total":0.0,"profit_total_pct":0.0,"duration_avg":"0:00","wins":0,"draws":0,"losses":0,"winrate":0.0,"cagr":0.0,"expectancy":0.0,"expectancy_ratio":100.0,"sortino":0,"sharpe":0,"calmar":0,"sqn":0.0,"profit_factor":0.0,"max_drawdown_account":0.0,"max_drawdown_abs":0.0}],"total_trades":18,"trade_count_long":18,"trade_count_short":0,"total_volume":771.8736379200001,"avg_stake_amount":19.491283377777776,"profit_mean":-0.18177909013972904,"profit_median":-0.1818181818181818,"profit_total":-0.07015322511999998,"profit_total_long":-0.07015322511999998,"profit_total_short":0.0,"profit_total_abs":-70.15322511999999,"profit_total_long_abs":-70.15322511999999,"profit_total_short_abs":0.0,"cagr":-0.8296493476353315,"expectancy":-3.897401395555555,"expectancy_ratio":-1.0,"sortino":-1360.5779933733477,"sharpe":-1360.5779933733477,"calmar":-127.3664878302853,"sqn":-244.6923,"profit_factor":0.0,"backtest_start":"2025-01-16 00:00:00","backtest_start_ts":1736985600000,"backtest_end":"2025-01-31 00:00:00","backtest_end_ts":1738281600000,"backtest_days":15,"backtest_run_start_ts":1752180333,"backtest_run_end_ts":1752180334,"trades_per_day":1.2,"market_change":0.04192471824214004,"pairlist":["BTC/USDT"],"stake_amount":20,"stake_currency":"USDT","stake_currency_decimals":3,"starting_balance":1000,"dry_run_wallet":1000,"final_balance":929.84677488,"rejected_signals":0,"timedout_entry_orders":0,"timedout_exit_orders":0,"canceled_trade_entries":0,"canceled_entry_orders":0,"replaced_entry_orders":0,"max_open_trades":1,"max_open_trades_setting":5,"timeframe":"1m","timeframe_detail":"","timerange":"20250116-20250131","enable_protections":true,"strategy_name":"MultiHorizonMomentum","stoploss":-0.3,"trailing_stop":false,"trailing_stop_positive":null,"trailing_stop_positive_offset":0.0,"trailing_only_offset_is_reached":false,"use_custom_stoploss":false,"minimal_roi":{},"use_exit_signal":true,"exit_profit_only":false,"exit_profit_offset":0.0,"ignore_roi_if_entry_signal":false,"trading_mode":"spot","margin_mode":"","periodic_breakdown":{"day":[{"date":"17/01/2025","date_ts":1737072000000,"profit_abs":-34.72258721,"wins":0,"draws":0,"losses":9,"trades":9,"profit_factor":0.0},{"date":"18/01/2025","date_ts":1737158400000,"profit_abs":-11.87903047,"wins":0,"draws":0,"losses":3,"trades":3,"profit_factor":0.0},{"date":"19/01/2025","date_ts":1737244800000,"profit_abs":-23.55160744,"wins":0,"draws":0,"losses":6,"trades":6,"profit_factor":0.0}],"week":[{"date":"20/01/2025","date_ts":1737331200000,"profit_abs":-70.15322512,"wins":0,"draws":0,"losses":18,"trades":18,"profit_factor":0.0}],"month":[{"date":"31/01/2025","date_ts":1738281600000,"profit_abs":-70.15322512,"wins":0,"draws":0,"losses":18,"trades":18,"profit_factor":0.0}],"year":[{"date":"31/12/2025","date_ts":1767139200000,"profit_abs":-70.15322512,"wins":0,"draws":0,"losses":18,"trades":18,"profit_factor":0.0}]},"backtest_best_day":-0.5452492694955822,"backtest_worst_day":-1.6370395531316997,"backtest_best_day_abs":-11.87903047,"backtest_worst_day_abs":-34.72258721,"winning_days":0,"draw_days":0,"losing_days":3,"daily_profit":[["2025-01-17",-34.72258721],["2025-01-18",-11.87903047],["2025-01-19",-23.55160744]],"wins":0,"losses":18,"draws":0,"winrate":0.0,"holding_avg":"1:46:00","holding_avg_s":6360.0,"winner_holding_min":"0d 00:00","winner_holding_min_s":0.0,"winner_holding_max":"0d 00:00","winner_holding_max_s":0.0,"winner_holding_avg":"0d 00:00","winner_holding_avg_s":0.0,"loser_holding_min":"0d 00:00","loser_holding_min_s":0.0,"loser_holding_max":"1d 01:34","loser_holding_max_s":92040.0,"loser_holding_avg":"0d 01:46","loser_holding_avg_s":6360.0,"max_consecutive_wins":0,"max_consecutive_losses":18,"max_drawdown_account":0.07015322512,"max_relative_drawdown":0.07015322512,"max_drawdown_abs":70.15322511999999,"drawdown_start":"2025-01-17 01:36:00","drawdown_start_ts":1737077760000.0,"drawdown_end":"2025-01-19 19:59:00","drawdown_end_ts":1737316740000.0,"max_drawdown_low":-70.15322511999999,"max_drawdown_high":-3.84804948,"csum_min":929.84677488,"csum_max":996.15195052}},"strategy_comparison":[{"key":"MultiHorizonMomentum","trades":18,"profit_mean":-0.18177909013972904,"profit_mean_pct":-18.18,"profit_sum":-3.2720236225151225,"profit_sum_pct":-327.2,"profit_total_abs":-70.15322511999999,"profit_total":-0.07015322511999998,"profit_total_pct":-7.02,"duration_avg":"1:46:00","wins":0,"draws":0,"losses":18,"winrate":0.0,"cagr":-0.8296493476353315,"expectancy":-3.897401395555555,"expectancy_ratio":-1.0,"sortino":-1360.5779933733477,"sharpe":-1360.5779933733477,"calmar":-127.3664878302853,"sqn":-244.6923,"profit_factor":0.0,"max_drawdown_account":0.07015322512,"max_drawdown_abs":"70.153"}]}