{"strategy":{"MultiHorizonMomentum":{"trades":[{"pair":"BTC/USDT","stake_amount":19.5643245,"max_stake_amount":19.5643245,"amount":0.00035,"open_date":"2024-09-09 16:17:00+00:00","close_date":"2024-09-09 16:20:00+00:00","open_rate":55898.07,"close_rate":55936.28,"fee_open":0.0002,"fee_close":0.0002,"trade_duration":3,"profit_ratio":0.0002833724824876856,"profit_abs":0.0055451,"exit_reason":"custom_exit","initial_stop_loss_abs":39128.65,"initial_stop_loss_ratio":-0.3,"stop_loss_abs":39128.65,"stop_loss_ratio":-0.3,"min_rate":55880.0,"max_rate":56150.0,"is_open":false,"enter_tag":"","leverage":1.0,"is_short":false,"open_timestamp":1725898620000,"close_timestamp":1725898800000,"orders":[{"amount":0.00035,"safe_price":55898.07,"ft_order_side":"buy","order_filled_timestamp":1725898620000,"ft_is_entry":true,"ft_order_tag":"","cost":19.5682373649},{"amount":0.00035,"safe_price":55936.28,"ft_order_side":"sell","order_filled_timestamp":1725898800000,"ft_is_entry":false,"ft_order_tag":"custom_exit","cost":19.5816135396}],"funding_fees":0.0},{"pair":"BTC/USDT","stake_amount":19.6435085,"max_stake_amount":19.6435085,"amount":0.00035,"open_date":"2024-09-09 16:21:00+00:00","close_date":"2024-09-09 16:22:00+00:00","open_rate":56124.31,"close_rate":56181.11,"fee_open":0.0002,"fee_close":0.0002,"trade_duration":1,"profit_ratio":0.0006117143867985025,"profit_abs":0.01201862,"exit_reason":"custom_exit","initial_stop_loss_abs":39287.02,"initial_stop_loss_ratio":-0.3,"stop_loss_abs":39287.02,"stop_loss_ratio":-0.3,"min_rate":56124.31,"max_rate":56258.0,"is_open":false,"enter_tag":"","leverage":1.0,"is_short":false,"open_timestamp":1725898860000,"close_timestamp":1725898920000,"orders":[{"amount":0.00035,"safe_price":56124.31,"ft_order_side":"buy","order_filled_timestamp":1725898860000,"ft_is_entry":true,"ft_order_tag":"","cost":19.647437201699997},{"amount":0.00035,"safe_price":56181.11,"ft_order_side":"sell","order_filled_timestamp":1725898920000,"ft_is_entry":false,"ft_order_tag":"custom_exit","cost":19.6673211777}],"funding_fees":0.0},{"pair":"BTC/USDT","stake_amount":19.71303,"max_stake_amount":19.71303,"amount":0.00034,"open_date":"2024-09-10 19:50:00+00:00","close_date":"2024-09-10 20:43:00+00:00","open_rate":57979.5,"close_rate":57799.98,"fee_open":0.0002,"fee_close":0.0002,"trade_duration":53,"profit_ratio":-0.003494948305554287,"profit_abs":-0.0689098,"exit_reason":"custom_exit","initial_stop_loss_abs":40585.65,"initial_stop_loss_ratio":-0.3,"stop_loss_abs":40585.65,"stop_loss_ratio":-0.3,"min_rate":57642.0,"max_rate":58044.36,"is_open":false,"enter_tag":"","leverage":1.0,"is_short":false,"open_timestamp":1725997800000,"close_timestamp":1726000980000,"orders":[{"amount":0.00034,"safe_price":57979.5,"ft_order_side":"buy","order_filled_timestamp":1725997800000,"ft_is_entry":true,"ft_order_tag":"","cost":19.716972606},{"amount":0.00034,"safe_price":57799.98,"ft_order_side":"sell","order_filled_timestamp":1726000980000,"ft_is_entry":false,"ft_order_tag":"custom_exit","cost":19.65592359864}],"funding_fees":0.0},{"pair":"BTC/USDT","stake_amount":19.9300233,"max_stake_amount":19.9300233,"amount":0.00033,"open_date":"2024-09-13 22:05:00+00:00","close_date":"2024-09-13 22:16:00+00:00","open_rate":60394.01,"close_rate":60441.5,"fee_open":0.0002,"fee_close":0.0002,"trade_duration":11,"profit_ratio":0.00038610195683016785,"profit_abs":0.00769656,"exit_reason":"custom_exit","initial_stop_loss_abs":42275.81,"initial_stop_loss_ratio":-0.3,"stop_loss_abs":42275.81,"stop_loss_ratio":-0.3,"min_rate":60240.0,"max_rate":60470.0,"is_open":false,"enter_tag":"","leverage":1.0,"is_short":false,"open_timestamp":1726265100000,"close_timestamp":1726265760000,"orders":[{"amount":0.00033,"safe_price":60394.01,"ft_order_side":"buy","order_filled_timestamp":1726265100000,"ft_is_entry":true,"ft_order_tag":"","cost":19.93400930466},{"amount":0.00033,"safe_price":60441.5,"ft_order_side":"sell","order_filled_timestamp":1726265760000,"ft_is_entry":false,"ft_order_tag":"custom_exit","cost":19.949684139}],"funding_fees":0.0},{"pair":"BTC/USDT","stake_amount":19.90428,"max_stake_amount":19.90428,"amount":0.00033,"open_date":"2024-09-15 13:22:00+00:00","close_date":"2024-09-15 15:02:00+00:00","open_rate":60316.0,"close_rate":60264.0,"fee_open":0.0002,"fee_close":0.0002,"trade_duration":100,"profit_ratio":-0.0012617013701842165,"profit_abs":-0.02511828,"exit_reason":"custom_exit","initial_stop_loss_abs":42221.2,"initial_stop_loss_ratio":-0.3,"stop_loss_abs":42221.2,"stop_loss_ratio":-0.3,"min_rate":59871.0,"max_rate":60349.48,"is_open":false,"enter_tag":"","leverage":1.0,"is_short":false,"open_timestamp":1726406520000,"close_timestamp":1726412520000,"orders":[{"amount":0.00033,"safe_price":60316.0,"ft_order_side":"buy","order_filled_timestamp":1726406520000,"ft_is_entry":true,"ft_order_tag":"","cost":19.908260856},{"amount":0.00033,"safe_price":60264.0,"ft_order_side":"sell","order_filled_timestamp":1726412520000,"ft_is_entry":false,"ft_order_tag":"custom_exit","cost":19.891097423999998}],"funding_fees":0.0},{"pair":"BTC/USDT","stake_amount":19.8790368,"max_stake_amount":19.8790368,"amount":0.00032,"open_date":"2024-09-19 00:03:00+00:00","close_date":"2024-09-19 00:21:00+00:00","open_rate":62121.99,"close_rate":62091.4,"fee_open":0.0002,"fee_close":0.0002,"trade_duration":18,"profit_ratio":-0.0008921414651939535,"profit_abs":-0.01773846,"exit_reason":"custom_exit","initial_stop_loss_abs":43485.4,"initial_stop_loss_ratio":-0.3,"stop_loss_abs":43485.4,"stop_loss_ratio":-0.3,"min_rate":61746.0,"max_rate":62352.33,"is_open":false,"enter_tag":"","leverage":1.0,"is_short":false,"open_timestamp":1726704180000,"close_timestamp":1726705260000,"orders":[{"amount":0.00032,"safe_price":62121.99,"ft_order_side":"buy","order_filled_timestamp":1726704180000,"ft_is_entry":true,"ft_order_tag":"","cost":19.88301260736},{"amount":0.00032,"safe_price":62091.4,"ft_order_side":"sell","order_filled_timestamp":1726705260000,"ft_is_entry":false,"ft_order_tag":"custom_exit","cost":19.873221849600004}],"funding_fees":0.0},{"pair":"BTC/USDT","stake_amount":19.41964,"max_stake_amount":19.41964,"amount":0.00031,"open_date":"2024-09-19 10:30:00+00:00","close_date":"2024-09-19 10:30:00+00:00","open_rate":62644.0,"close_rate":62644.0,"fee_open":0.0002,"fee_close":0.0002,"trade_duration":0,"profit_ratio":-0.0003999202219326552,"profit_abs":-0.00776786,"exit_reason":"custom_exit","initial_stop_loss_abs":43850.8,"initial_stop_loss_ratio":-0.3,"stop_loss_abs":43850.8,"stop_loss_ratio":-0.3,"min_rate":62540.0,"max_rate":62694.0,"is_open":false,"enter_tag":"","leverage":1.0,"is_short":false,"open_timestamp":1726741800000,"close_timestamp":1726741800000,"orders":[{"amount":0.00031,"safe_price":62644.0,"ft_order_side":"buy","order_filled_timestamp":1726741800000,"ft_is_entry":true,"ft_order_tag":"","cost":19.423523928},{"amount":0.00031,"safe_price":62644.0,"ft_order_side":"sell","order_filled_timestamp":1726741800000,"ft_is_entry":false,"ft_order_tag":"custom_exit","cost":19.423523928}],"funding_fees":0.0},{"pair":"BTC/USDT","stake_amount":19.7965969,"max_stake_amount":19.7965969,"amount":0.00031,"open_date":"2024-09-20 04:02:00+00:00","close_date":"2024-09-20 04:04:00+00:00","open_rate":63859.99,"close_rate":63895.9,"fee_open":0.0002,"fee_close":0.0002,"trade_duration":2,"profit_ratio":0.0001621787774253016,"profit_abs":0.00321123,"exit_reason":"custom_exit","initial_stop_loss_abs":44702.0,"initial_stop_loss_ratio":-0.3,"stop_loss_abs":44702.0,"stop_loss_ratio":-0.3,"min_rate":63786.0,"max_rate":63920.0,"is_open":false,"enter_tag":"","leverage":1.0,"is_short":false,"open_timestamp":1726804920000,"close_timestamp":1726805040000,"orders":[{"amount":0.00031,"safe_price":63859.99,"ft_order_side":"buy","order_filled_timestamp":1726804920000,"ft_is_entry":true,"ft_order_tag":"","cost":19.80055621938},{"amount":0.00031,"safe_price":63895.9,"ft_order_side":"sell","order_filled_timestamp":1726805040000,"ft_is_entry":false,"ft_order_tag":"custom_exit","cost":19.8116905458}],"funding_fees":0.0},{"pair":"BTC/USDT","stake_amount":19.8522171,"max_stake_amount":19.8522171,"amount":0.00031,"open_date":"2024-09-20 04:09:00+00:00","close_date":"2024-09-20 04:09:00+00:00","open_rate":64039.41,"close_rate":64039.41,"fee_open":0.0002,"fee_close":0.0002,"trade_duration":0,"profit_ratio":-0.0003999201751411477,"profit_abs":-0.00794089,"exit_reason":"custom_exit","initial_stop_loss_abs":44827.59,"initial_stop_loss_ratio":-0.3,"stop_loss_abs":44827.59,"stop_loss_ratio":-0.3,"min_rate":64006.88,"max_rate":64133.32,"is_open":false,"enter_tag":"","leverage":1.0,"is_short":false,"open_timestamp":1726805340000,"close_timestamp":1726805340000,"orders":[{"amount":0.00031,"safe_price":64039.41,"ft_order_side":"buy","order_filled_timestamp":1726805340000,"ft_is_entry":true,"ft_order_tag":"","cost":19.85618754342},{"amount":0.00031,"safe_price":64039.41,"ft_order_side":"sell","order_filled_timestamp":1726805340000,"ft_is_entry":false,"ft_order_tag":"custom_exit","cost":19.85618754342}],"funding_fees":0.0}],"locks":[],"best_pair":{"key":"BTC/USDT","trades":9,"profit_mean":-0.0005561404371627336,"profit_mean_pct":-0.06,"profit_sum":-0.005005263934464602,"profit_sum_pct":-0.5,"profit_total_abs":-0.09900378000000001,"profit_total":-9.900378000000001e-05,"profit_total_pct":-0.01,"duration_avg":"0:21:00","wins":4,"draws":0,"losses":5,"winrate":0.4444444444444444,"cagr":-0.001245367631407479,"expectancy":-0.01100042,"expectancy_ratio":-0.4314726406976599,"sortino":-2.8782323225712934,"sharpe":-2.774619910308483,"calmar":-55.95389920543903,"sqn":-1.3236,"profit_factor":0.2233492467442122,"max_drawdown_account":0.00011656545267700124,"max_drawdown_abs":0.1165675},"worst_pair":{"key":"BTC/USDT","trades":9,"profit_mean":-0.0005561404371627336,"profit_mean_pct":-0.06,"profit_sum":-0.005005263934464602,"profit_sum_pct":-0.5,"profit_total_abs":-0.09900378000000001,"profit_total":-9.900378000000001e-05,"profit_total_pct":-0.01,"duration_avg":"0:21:00","wins":4,"draws":0,"losses":5,"winrate":0.4444444444444444,"cagr":-0.001245367631407479,"expectancy":-0.01100042,"expectancy_ratio":-0.4314726406976599,"sortino":-2.8782323225712934,"sharpe":-2.774619910308483,"calmar":-55.95389920543903,"sqn":-1.3236,"profit_factor":0.2233492467442122,"max_drawdown_account":0.00011656545267700124,"max_drawdown_abs":0.1165675},"results_per_pair":[{"key":"BTC/USDT","trades":9,"profit_mean":-0.0005561404371627336,"profit_mean_pct":-0.06,"profit_sum":-0.005005263934464602,"profit_sum_pct":-0.5,"profit_total_abs":-0.09900378000000001,"profit_total":-9.900378000000001e-05,"profit_total_pct":-0.01,"duration_avg":"0:21:00","wins":4,"draws":0,"losses":5,"winrate":0.4444444444444444,"cagr":-0.001245367631407479,"expectancy":-0.01100042,"expectancy_ratio":-0.4314726406976599,"sortino":-2.8782323225712934,"sharpe":-2.774619910308483,"calmar":-55.95389920543903,"sqn":-1.3236,"profit_factor":0.2233492467442122,"max_drawdown_account":0.00011656545267700124,"max_drawdown_abs":0.1165675},{"key":"TOTAL","trades":9,"profit_mean":-0.0005561404371627336,"profit_mean_pct":-0.06,"profit_sum":-0.005005263934464602,"profit_sum_pct":-0.5,"profit_total_abs":-0.09900378000000001,"profit_total":-9.900378000000001e-05,"profit_total_pct":-0.01,"duration_avg":"0:21:00","wins":4,"draws":0,"losses":5,"winrate":0.4444444444444444,"cagr":-0.001245367631407479,"expectancy":-0.01100042,"expectancy_ratio":-0.4314726406976599,"sortino":-2.8782323225712934,"sharpe":-2.774619910308483,"calmar":-55.95389920543903,"sqn":-1.3236,"profit_factor":0.2233492467442122,"max_drawdown_account":0.00011656545267700124,"max_drawdown_abs":0.1165675}],"results_per_enter_tag":[{"key":"","trades":9,"profit_mean":-0.0005561404371627336,"profit_mean_pct":-0.06,"profit_sum":-0.005005263934464602,"profit_sum_pct":-0.5,"profit_total_abs":-0.09900378000000001,"profit_total":-9.900378000000001e-05,"profit_total_pct":-0.01,"duration_avg":"0:21:00","wins":4,"draws":0,"losses":5,"winrate":0.4444444444444444,"cagr":-0.001245367631407479,"expectancy":-0.01100042,"expectancy_ratio":-0.4314726406976599,"sortino":-2.8782323225712934,"sharpe":-2.774619910308483,"calmar":-55.95389920543903,"sqn":-1.3236,"profit_factor":0.2233492467442122,"max_drawdown_account":0.00011656545267700124,"max_drawdown_abs":0.1165675},{"key":"TOTAL","trades":9,"profit_mean":-0.0005561404371627336,"profit_mean_pct":-0.06,"profit_sum":-0.005005263934464602,"profit_sum_pct":-0.5,"profit_total_abs":-0.09900378000000001,"profit_total":-9.900378000000001e-05,"profit_total_pct":-0.01,"duration_avg":"0:21:00","wins":4,"draws":0,"losses":5,"winrate":0.4444444444444444,"cagr":-0.001245367631407479,"expectancy":-0.01100042,"expectancy_ratio":-0.4314726406976599,"sortino":-2.8782323225712934,"sharpe":-2.774619910308483,"calmar":-55.95389920543903,"sqn":-1.3236,"profit_factor":0.2233492467442122,"max_drawdown_account":0.00011656545267700124,"max_drawdown_abs":0.1165675}],"exit_reason_summary":[{"key":"custom_exit","trades":9,"profit_mean":-0.0005561404371627336,"profit_mean_pct":-0.06,"profit_sum":-0.005005263934464602,"profit_sum_pct":-0.5,"profit_total_abs":-0.09900378000000001,"profit_total":-9.900378000000001e-05,"profit_total_pct":-0.01,"duration_avg":"0:21:00","wins":4,"draws":0,"losses":5,"winrate":0.4444444444444444,"cagr":-0.001245367631407479,"expectancy":-0.01100042,"expectancy_ratio":-0.4314726406976599,"sortino":-2.8782323225712934,"sharpe":-2.774619910308483,"calmar":-55.95389920543903,"sqn":-1.3236,"profit_factor":0.2233492467442122,"max_drawdown_account":0.00011656545267700124,"max_drawdown_abs":0.1165675},{"key":"TOTAL","trades":9,"profit_mean":-0.0005561404371627336,"profit_mean_pct":-0.06,"profit_sum":-0.005005263934464602,"profit_sum_pct":-0.5,"profit_total_abs":-0.09900378000000001,"profit_total":-9.900378000000001e-05,"profit_total_pct":-0.01,"duration_avg":"0:21:00","wins":4,"draws":0,"losses":5,"winrate":0.4444444444444444,"cagr":-0.001245367631407479,"expectancy":-0.01100042,"expectancy_ratio":-0.4314726406976599,"sortino":-2.8782323225712934,"sharpe":-2.774619910308483,"calmar":-55.95389920543903,"sqn":-1.3236,"profit_factor":0.2233492467442122,"max_drawdown_account":0.00011656545267700124,"max_drawdown_abs":0.1165675}],"mix_tag_stats":[{"key":["","custom_exit"],"trades":9,"profit_mean":-0.0005561404371627336,"profit_mean_pct":-0.06,"profit_sum":-0.005005263934464602,"profit_sum_pct":-0.5,"profit_total_abs":-0.09900378000000001,"profit_total":-9.900378000000001e-05,"profit_total_pct":-0.01,"duration_avg":"0:21:00","wins":4,"draws":0,"losses":5,"winrate":0.4444444444444444,"cagr":-0.001245367631407479,"expectancy":-0.01100042,"expectancy_ratio":-0.4314726406976599,"sortino":-2.8782323225712934,"sharpe":-2.774619910308483,"calmar":-55.95389920543903,"sqn":-1.3236,"profit_factor":0.2233492467442122,"max_drawdown_account":0.00011656545267700124,"max_drawdown_abs":0.1165675},{"key":"TOTAL","trades":9,"profit_mean":-0.0005561404371627336,"profit_mean_pct":-0.06,"profit_sum":-0.005005263934464602,"profit_sum_pct":-0.5,"profit_total_abs":-0.09900378000000001,"profit_total":-9.900378000000001e-05,"profit_total_pct":-0.01,"duration_avg":"0:21:00","wins":4,"draws":0,"losses":5,"winrate":0.4444444444444444,"cagr":-0.001245367631407479,"expectancy":-0.01100042,"expectancy_ratio":-0.4314726406976599,"sortino":-2.8782323225712934,"sharpe":-2.774619910308483,"calmar":-55.95389920543903,"sqn":-1.3236,"profit_factor":0.2233492467442122,"max_drawdown_account":0.00011656545267700124,"max_drawdown_abs":0.1165675}],"left_open_trades":[{"key":"TOTAL","trades":0,"profit_mean":0.0,"profit_mean_pct":0.0,"profit_sum":0.0,"profit_sum_pct":0.0,"profit_total_abs":0.0,"profit_total":0.0,"profit_total_pct":0.0,"duration_avg":"0:00","wins":0,"draws":0,"losses":0,"winrate":0.0,"cagr":0.0,"expectancy":0.0,"expectancy_ratio":100.0,"sortino":0,"sharpe":0,"calmar":0,"sqn":0.0,"profit_factor":0.0,"max_drawdown_account":0.0,"max_drawdown_abs":0.0}],"total_trades":9,"trade_count_long":9,"trade_count_short":0,"total_volume":355.44846137718,"avg_stake_amount":19.744739677777776,"profit_mean":-0.0005561404371627336,"profit_median":-0.0003999201751411477,"profit_total":-9.900378000000001e-05,"profit_total_long":-9.900378000000001e-05,"profit_total_short":0.0,"profit_total_abs":-0.09900378000000001,"profit_total_long_abs":-0.09900378000000001,"profit_total_short_abs":0.0,"cagr":-0.001245367631407479,"expectancy":-0.01100042,"expectancy_ratio":-0.4314726406976599,"sortino":-2.8782323225712934,"sharpe":-2.774619910308483,"calmar":-55.95389920543903,"sqn":-1.3236,"profit_factor":0.2233492467442122,"backtest_start":"2024-09-01 00:00:00","backtest_start_ts":1725148800000,"backtest_end":"2024-09-30 00:00:00","backtest_end_ts":1727654400000,"backtest_days":29,"backtest_run_start_ts":1752179061,"backtest_run_end_ts":1752179061,"trades_per_day":0.31,"market_change":0.11249559499530426,"pairlist":["BTC/USDT"],"stake_amount":20,"stake_currency":"USDT","stake_currency_decimals":3,"starting_balance":1000,"dry_run_wallet":1000,"final_balance":999.90099622,"rejected_signals":0,"timedout_entry_orders":0,"timedout_exit_orders":0,"canceled_trade_entries":0,"canceled_entry_orders":0,"replaced_entry_orders":0,"max_open_trades":1,"max_open_trades_setting":5,"timeframe":"1m","timeframe_detail":"","timerange":"20240901-20240930","enable_protections":false,"strategy_name":"MultiHorizonMomentum","stoploss":-0.3,"trailing_stop":false,"trailing_stop_positive":null,"trailing_stop_positive_offset":0.0,"trailing_only_offset_is_reached":false,"use_custom_stoploss":false,"minimal_roi":{},"use_exit_signal":true,"exit_profit_only":false,"exit_profit_offset":0.0,"ignore_roi_if_entry_signal":false,"trading_mode":"spot","margin_mode":"","periodic_breakdown":{"day":[{"date":"09/09/2024","date_ts":1725840000000,"profit_abs":0.01756372,"wins":2,"draws":0,"losses":0,"trades":2,"profit_factor":0.0},{"date":"10/09/2024","date_ts":1725926400000,"profit_abs":-0.0689098,"wins":0,"draws":0,"losses":1,"trades":1,"profit_factor":0.0},{"date":"11/09/2024","date_ts":1726012800000,"profit_abs":0.0,"wins":0,"draws":0,"losses":0,"trades":0,"profit_factor":0.0},{"date":"12/09/2024","date_ts":1726099200000,"profit_abs":0.0,"wins":0,"draws":0,"losses":0,"trades":0,"profit_factor":0.0},{"date":"13/09/2024","date_ts":1726185600000,"profit_abs":0.00769656,"wins":1,"draws":0,"losses":0,"trades":1,"profit_factor":0.0},{"date":"14/09/2024","date_ts":1726272000000,"profit_abs":0.0,"wins":0,"draws":0,"losses":0,"trades":0,"profit_factor":0.0},{"date":"15/09/2024","date_ts":1726358400000,"profit_abs":-0.02511828,"wins":0,"draws":0,"losses":1,"trades":1,"profit_factor":0.0},{"date":"16/09/2024","date_ts":1726444800000,"profit_abs":0.0,"wins":0,"draws":0,"losses":0,"trades":0,"profit_factor":0.0},{"date":"17/09/2024","date_ts":1726531200000,"profit_abs":0.0,"wins":0,"draws":0,"losses":0,"trades":0,"profit_factor":0.0},{"date":"18/09/2024","date_ts":1726617600000,"profit_abs":0.0,"wins":0,"draws":0,"losses":0,"trades":0,"profit_factor":0.0},{"date":"19/09/2024","date_ts":1726704000000,"profit_abs":-0.02550632,"wins":0,"draws":0,"losses":2,"trades":2,"profit_factor":0.0},{"date":"20/09/2024","date_ts":1726790400000,"profit_abs":-0.00472966,"wins":1,"draws":0,"losses":1,"trades":2,"profit_factor":0.4043917}],"week":[{"date":"09/09/2024","date_ts":1725840000000,"profit_abs":0.01756372,"wins":2,"draws":0,"losses":0,"trades":2,"profit_factor":0.0},{"date":"16/09/2024","date_ts":1726444800000,"profit_abs":-0.08633152,"wins":1,"draws":0,"losses":2,"trades":3,"profit_factor":0.08185385},{"date":"23/09/2024","date_ts":1727049600000,"profit_abs":-0.03023598,"wins":1,"draws":0,"losses":3,"trades":4,"profit_factor":0.0960089}],"month":[{"date":"30/09/2024","date_ts":1727654400000,"profit_abs":-0.09900378,"wins":4,"draws":0,"losses":5,"trades":9,"profit_factor":0.22334925}],"year":[{"date":"31/12/2024","date_ts":1735603200000,"profit_abs":-0.09900378,"wins":4,"draws":0,"losses":5,"trades":9,"profit_factor":0.22334925}]},"backtest_best_day":0.0008950868692861881,"backtest_worst_day":-0.003494948305554287,"backtest_best_day_abs":0.01756372,"backtest_worst_day_abs":-0.0689098,"winning_days":2,"draw_days":6,"losing_days":4,"daily_profit":[["2024-09-09",0.01756372],["2024-09-10",-0.0689098],["2024-09-11",0.0],["2024-09-12",0.0],["2024-09-13",0.00769656],["2024-09-14",0.0],["2024-09-15",-0.02511828],["2024-09-16",0.0],["2024-09-17",0.0],["2024-09-18",0.0],["2024-09-19",-0.02550632],["2024-09-20",-0.00472966]],"wins":4,"losses":5,"draws":0,"winrate":0.4444444444444444,"holding_avg":"0:21:00","holding_avg_s":1260.0,"winner_holding_min":"0d 00:01","winner_holding_min_s":60.0,"winner_holding_max":"0d 00:11","winner_holding_max_s":660.0,"winner_holding_avg":"0d 00:04","winner_holding_avg_s":240.0,"loser_holding_min":"0d 00:00","loser_holding_min_s":0.0,"loser_holding_max":"0d 01:40","loser_holding_max_s":6000.0,"loser_holding_avg":"0d 00:34","loser_holding_avg_s":2040.0,"max_consecutive_wins":2,"max_consecutive_losses":3,"max_drawdown_account":0.00011656545267700124,"max_relative_drawdown":0.00011656545267700124,"max_drawdown_abs":0.1165675,"drawdown_start":"2024-09-09 16:22:00","drawdown_start_ts":1725898920000.0,"drawdown_end":"2024-09-20 04:09:00","drawdown_end_ts":1726805340000.0,"max_drawdown_low":-0.09900378,"max_drawdown_high":0.01756372,"csum_min":999.90099622,"csum_max":1000.01756372}},"strategy_comparison":[{"key":"MultiHorizonMomentum","trades":9,"profit_mean":-0.0005561404371627336,"profit_mean_pct":-0.06,"profit_sum":-0.005005263934464602,"profit_sum_pct":-0.5,"profit_total_abs":-0.09900378000000001,"profit_total":-9.900378000000001e-05,"profit_total_pct":-0.01,"duration_avg":"0:21:00","wins":4,"draws":0,"losses":5,"winrate":0.4444444444444444,"cagr":-0.001245367631407479,"expectancy":-0.01100042,"expectancy_ratio":-0.4314726406976599,"sortino":-2.8782323225712934,"sharpe":-2.774619910308483,"calmar":-55.95389920543903,"sqn":-1.3236,"profit_factor":0.2233492467442122,"max_drawdown_account":0.00011656545267700124,"max_drawdown_abs":"0.117"}]}