{"strategy":{"MultiHorizonMomentum":{"trades":[{"pair":"BTC/USDT","stake_amount":19.400402,"max_stake_amount":19.400402,"amount":0.0002,"open_date":"2024-12-01 11:37:00+00:00","close_date":"2024-12-01 11:41:00+00:00","open_rate":97002.01,"close_rate":97070.0,"fee_open":0.025,"fee_close":0.025,"trade_duration":4,"profit_ratio":-0.04811376538712458,"profit_abs":-0.95676205,"exit_reason":"custom_exit","initial_stop_loss_abs":67901.41,"initial_stop_loss_ratio":-0.3,"stop_loss_abs":67901.41,"stop_loss_ratio":-0.3,"min_rate":96981.87,"max_rate":97121.0,"is_open":false,"enter_tag":"","leverage":1.0,"is_short":false,"open_timestamp":1733053020000,"close_timestamp":1733053260000,"orders":[{"amount":0.0002,"safe_price":97002.01,"ft_order_side":"buy","order_filled_timestamp":1733053020000,"ft_is_entry":true,"ft_order_tag":"","cost":19.88541205},{"amount":0.0002,"safe_price":97070.0,"ft_order_side":"sell","order_filled_timestamp":1733053260000,"ft_is_entry":false,"ft_order_tag":"custom_exit","cost":19.89935}],"funding_fees":0.0},{"pair":"BTC/USDT","stake_amount":19.422148,"max_stake_amount":19.422148,"amount":0.0002,"open_date":"2024-12-01 12:01:00+00:00","close_date":"2024-12-01 13:21:00+00:00","open_rate":97110.74,"close_rate":97164.88,"fee_open":0.025,"fee_close":0.025,"trade_duration":80,"profit_ratio":-0.04825017545847595,"profit_abs":-0.9605501,"exit_reason":"custom_exit","initial_stop_loss_abs":67977.52,"initial_stop_loss_ratio":-0.3,"stop_loss_abs":67977.52,"stop_loss_ratio":-0.3,"min_rate":96660.88,"max_rate":97319.88,"is_open":false,"enter_tag":"","leverage":1.0,"is_short":false,"open_timestamp":1733054460000,"close_timestamp":1733059260000,"orders":[{"amount":0.0002,"safe_price":97110.74,"ft_order_side":"buy","order_filled_timestamp":1733054460000,"ft_is_entry":true,"ft_order_tag":"","cost":19.9077017},{"amount":0.0002,"safe_price":97164.88,"ft_order_side":"sell","order_filled_timestamp":1733059260000,"ft_is_entry":false,"ft_order_tag":"custom_exit","cost":19.918800400000002}],"funding_fees":0.0},{"pair":"BTC/USDT","stake_amount":19.452002,"max_stake_amount":19.452002,"amount":0.0002,"open_date":"2024-12-01 13:22:00+00:00","close_date":"2024-12-01 13:23:00+00:00","open_rate":97260.01,"close_rate":97282.24,"fee_open":0.025,"fee_close":0.025,"trade_duration":1,"profit_ratio":-0.04856307460744883,"profit_abs":-0.96826525,"exit_reason":"custom_exit","initial_stop_loss_abs":68082.01,"initial_stop_loss_ratio":-0.3,"stop_loss_abs":68082.01,"stop_loss_ratio":-0.3,"min_rate":97237.85,"max_rate":97388.78,"is_open":false,"enter_tag":"","leverage":1.0,"is_short":false,"open_timestamp":1733059320000,"close_timestamp":1733059380000,"orders":[{"amount":0.0002,"safe_price":97260.01,"ft_order_side":"buy","order_filled_timestamp":1733059320000,"ft_is_entry":true,"ft_order_tag":"","cost":19.938302049999997},{"amount":0.0002,"safe_price":97282.24,"ft_order_side":"sell","order_filled_timestamp":1733059380000,"ft_is_entry":false,"ft_order_tag":"custom_exit","cost":19.9428592}],"funding_fees":0.0},{"pair":"BTC/USDT","stake_amount":19.472002,"max_stake_amount":19.472002,"amount":0.0002,"open_date":"2024-12-01 13:24:00+00:00","close_date":"2024-12-01 18:14:00+00:00","open_rate":97360.01,"close_rate":97453.73,"fee_open":0.025,"fee_close":0.025,"trade_duration":290,"profit_ratio":-0.047864831647047676,"profit_abs":-0.9553247,"exit_reason":"custom_exit","initial_stop_loss_abs":68152.01,"initial_stop_loss_ratio":-0.3,"stop_loss_abs":68152.01,"stop_loss_ratio":-0.3,"min_rate":96960.51,"max_rate":97516.08,"is_open":false,"enter_tag":"","leverage":1.0,"is_short":false,"open_timestamp":1733059440000,"close_timestamp":1733076840000,"orders":[{"amount":0.0002,"safe_price":97360.01,"ft_order_side":"buy","order_filled_timestamp":1733059440000,"ft_is_entry":true,"ft_order_tag":"","cost":19.95880205},{"amount":0.0002,"safe_price":97453.73,"ft_order_side":"sell","order_filled_timestamp":1733076840000,"ft_is_entry":false,"ft_order_tag":"custom_exit","cost":19.97801465}],"funding_fees":0.0},{"pair":"BTC/USDT","stake_amount":19.501586,"max_stake_amount":19.501586,"amount":0.0002,"open_date":"2024-12-01 18:15:00+00:00","close_date":"2024-12-01 21:49:00+00:00","open_rate":97507.93,"close_rate":97479.99,"fee_open":0.025,"fee_close":0.025,"trade_duration":214,"profit_ratio":-0.049053051002258326,"profit_abs":-0.9805276,"exit_reason":"custom_exit","initial_stop_loss_abs":68255.56,"initial_stop_loss_ratio":-0.3,"stop_loss_abs":68255.56,"stop_loss_ratio":-0.3,"min_rate":96800.01,"max_rate":97598.8,"is_open":false,"enter_tag":"","leverage":1.0,"is_short":false,"open_timestamp":1733076900000,"close_timestamp":1733089740000,"orders":[{"amount":0.0002,"safe_price":97507.93,"ft_order_side":"buy","order_filled_timestamp":1733076900000,"ft_is_entry":true,"ft_order_tag":"","cost":19.98912565},{"amount":0.0002,"safe_price":97479.99,"ft_order_side":"sell","order_filled_timestamp":1733089740000,"ft_is_entry":false,"ft_order_tag":"custom_exit","cost":19.98339795}],"funding_fees":0.0},{"pair":"BTC/USDT","stake_amount":19.519744,"max_stake_amount":19.519744,"amount":0.0002,"open_date":"2024-12-01 21:50:00+00:00","close_date":"2024-12-01 21:50:00+00:00","open_rate":97598.72,"close_rate":97598.72,"fee_open":0.025,"fee_close":0.025,"trade_duration":0,"profit_ratio":-0.04878048780487806,"profit_abs":-0.9759872,"exit_reason":"custom_exit","initial_stop_loss_abs":68319.11,"initial_stop_loss_ratio":-0.3,"stop_loss_abs":68319.11,"stop_loss_ratio":-0.3,"min_rate":97589.2,"max_rate":97750.0,"is_open":false,"enter_tag":"","leverage":1.0,"is_short":false,"open_timestamp":1733089800000,"close_timestamp":1733089800000,"orders":[{"amount":0.0002,"safe_price":97598.72,"ft_order_side":"buy","order_filled_timestamp":1733089800000,"ft_is_entry":true,"ft_order_tag":"","cost":20.007737600000002},{"amount":0.0002,"safe_price":97598.72,"ft_order_side":"sell","order_filled_timestamp":1733089800000,"ft_is_entry":false,"ft_order_tag":"custom_exit","cost":20.007737600000002}],"funding_fees":0.0},{"pair":"BTC/USDT","stake_amount":19.543204,"max_stake_amount":19.543204,"amount":0.0002,"open_date":"2024-12-01 21:51:00+00:00","close_date":"2024-12-01 22:00:00+00:00","open_rate":97716.02,"close_rate":97767.61,"fee_open":0.025,"fee_close":0.025,"trade_duration":9,"profit_ratio":-0.04827828341061244,"profit_abs":-0.96710015,"exit_reason":"custom_exit","initial_stop_loss_abs":68401.22,"initial_stop_loss_ratio":-0.3,"stop_loss_abs":68401.22,"stop_loss_ratio":-0.3,"min_rate":97623.33,"max_rate":97836.0,"is_open":false,"enter_tag":"","leverage":1.0,"is_short":false,"open_timestamp":1733089860000,"close_timestamp":1733090400000,"orders":[{"amount":0.0002,"safe_price":97716.02,"ft_order_side":"buy","order_filled_timestamp":1733089860000,"ft_is_entry":true,"ft_order_tag":"","cost":20.031784100000003},{"amount":0.0002,"safe_price":97767.61,"ft_order_side":"sell","order_filled_timestamp":1733090400000,"ft_is_entry":false,"ft_order_tag":"custom_exit","cost":20.04236005}],"funding_fees":0.0},{"pair":"BTC/USDT","stake_amount":19.554496,"max_stake_amount":19.554496,"amount":0.0002,"open_date":"2024-12-01 22:01:00+00:00","close_date":"2024-12-02 01:26:00+00:00","open_rate":97772.48,"close_rate":97899.99,"fee_open":0.025,"fee_close":0.025,"trade_duration":205,"profit_ratio":-0.047539954681447,"profit_abs":-0.95286035,"exit_reason":"custom_exit","initial_stop_loss_abs":68440.74,"initial_stop_loss_ratio":-0.3,"stop_loss_abs":68440.74,"stop_loss_ratio":-0.3,"min_rate":97068.84,"max_rate":98073.02,"is_open":false,"enter_tag":"","leverage":1.0,"is_short":false,"open_timestamp":1733090460000,"close_timestamp":1733102760000,"orders":[{"amount":0.0002,"safe_price":97772.48,"ft_order_side":"buy","order_filled_timestamp":1733090460000,"ft_is_entry":true,"ft_order_tag":"","cost":20.0433584},{"amount":0.0002,"safe_price":97899.99,"ft_order_side":"sell","order_filled_timestamp":1733102760000,"ft_is_entry":false,"ft_order_tag":"custom_exit","cost":20.069497950000002}],"funding_fees":0.0},{"pair":"BTC/USDT","stake_amount":19.599376,"max_stake_amount":19.599376,"amount":0.0002,"open_date":"2024-12-02 01:27:00+00:00","close_date":"2024-12-02 06:46:00+00:00","open_rate":97996.88,"close_rate":96269.84,"fee_open":0.025,"fee_close":0.025,"trade_duration":319,"profit_ratio":-0.0655442270825108,"profit_abs":-1.3167416,"exit_reason":"custom_exit","initial_stop_loss_abs":68597.82,"initial_stop_loss_ratio":-0.3,"stop_loss_abs":68597.82,"stop_loss_ratio":-0.3,"min_rate":96077.0,"max_rate":98130.0,"is_open":false,"enter_tag":"","leverage":1.0,"is_short":false,"open_timestamp":1733102820000,"close_timestamp":1733121960000,"orders":[{"amount":0.0002,"safe_price":97996.88,"ft_order_side":"buy","order_filled_timestamp":1733102820000,"ft_is_entry":true,"ft_order_tag":"","cost":20.0893604},{"amount":0.0002,"safe_price":96269.84,"ft_order_side":"sell","order_filled_timestamp":1733121960000,"ft_is_entry":false,"ft_order_tag":"custom_exit","cost":19.735317199999997}],"funding_fees":0.0},{"pair":"BTC/USDT","stake_amount":19.307998,"max_stake_amount":19.307998,"amount":0.0002,"open_date":"2024-12-04 01:39:00+00:00","close_date":"2024-12-04 06:29:00+00:00","open_rate":96539.99,"close_rate":96605.99,"fee_open":0.025,"fee_close":0.025,"trade_duration":290,"profit_ratio":-0.04813018229101921,"profit_abs":-0.9525299,"exit_reason":"custom_exit","initial_stop_loss_abs":67578.0,"initial_stop_loss_ratio":-0.3,"stop_loss_abs":67578.0,"stop_loss_ratio":-0.3,"min_rate":95224.17,"max_rate":96675.1,"is_open":false,"enter_tag":"","leverage":1.0,"is_short":false,"open_timestamp":1733276340000,"close_timestamp":1733293740000,"orders":[{"amount":0.0002,"safe_price":96539.99,"ft_order_side":"buy","order_filled_timestamp":1733276340000,"ft_is_entry":true,"ft_order_tag":"","cost":19.79069795},{"amount":0.0002,"safe_price":96605.99,"ft_order_side":"sell","order_filled_timestamp":1733293740000,"ft_is_entry":false,"ft_order_tag":"custom_exit","cost":19.80422795}],"funding_fees":0.0},{"pair":"BTC/USDT","stake_amount":19.334668,"max_stake_amount":19.334668,"amount":0.0002,"open_date":"2024-12-04 06:30:00+00:00","close_date":"2024-12-04 08:12:00+00:00","open_rate":96673.34,"close_rate":96724.0,"fee_open":0.025,"fee_close":0.025,"trade_duration":102,"profit_ratio":-0.048282017590775536,"profit_abs":-0.9568547,"exit_reason":"custom_exit","initial_stop_loss_abs":67671.34,"initial_stop_loss_ratio":-0.3,"stop_loss_abs":67671.34,"stop_loss_ratio":-0.3,"min_rate":96404.54,"max_rate":96796.5,"is_open":false,"enter_tag":"","leverage":1.0,"is_short":false,"open_timestamp":1733293800000,"close_timestamp":1733299920000,"orders":[{"amount":0.0002,"safe_price":96673.34,"ft_order_side":"buy","order_filled_timestamp":1733293800000,"ft_is_entry":true,"ft_order_tag":"","cost":19.8180347},{"amount":0.0002,"safe_price":96724.0,"ft_order_side":"sell","order_filled_timestamp":1733299920000,"ft_is_entry":false,"ft_order_tag":"custom_exit","cost":19.828419999999998}],"funding_fees":0.0},{"pair":"BTC/USDT","stake_amount":19.359298,"max_stake_amount":19.359298,"amount":0.0002,"open_date":"2024-12-04 08:13:00+00:00","close_date":"2024-12-04 09:15:00+00:00","open_rate":96796.49,"close_rate":96843.45,"fee_open":0.025,"fee_close":0.025,"trade_duration":62,"profit_ratio":-0.048319011688412634,"profit_abs":-0.9588077,"exit_reason":"custom_exit","initial_stop_loss_abs":67757.55,"initial_stop_loss_ratio":-0.3,"stop_loss_abs":67757.55,"stop_loss_ratio":-0.3,"min_rate":96524.4,"max_rate":96921.7,"is_open":false,"enter_tag":"","leverage":1.0,"is_short":false,"open_timestamp":1733299980000,"close_timestamp":1733303700000,"orders":[{"amount":0.0002,"safe_price":96796.49,"ft_order_side":"buy","order_filled_timestamp":1733299980000,"ft_is_entry":true,"ft_order_tag":"","cost":19.84328045},{"amount":0.0002,"safe_price":96843.45,"ft_order_side":"sell","order_filled_timestamp":1733303700000,"ft_is_entry":false,"ft_order_tag":"custom_exit","cost":19.852907249999998}],"funding_fees":0.0},{"pair":"BTC/USDT","stake_amount":19.38434,"max_stake_amount":19.38434,"amount":0.0002,"open_date":"2024-12-04 09:16:00+00:00","close_date":"2024-12-04 20:04:00+00:00","open_rate":96921.7,"close_rate":97132.01,"fee_open":0.025,"fee_close":0.025,"trade_duration":648,"profit_ratio":-0.0467164404799781,"profit_abs":-0.92820655,"exit_reason":"custom_exit","initial_stop_loss_abs":67845.19,"initial_stop_loss_ratio":-0.3,"stop_loss_abs":67845.19,"stop_loss_ratio":-0.3,"min_rate":94587.83,"max_rate":97356.0,"is_open":false,"enter_tag":"","leverage":1.0,"is_short":false,"open_timestamp":1733303760000,"close_timestamp":1733342640000,"orders":[{"amount":0.0002,"safe_price":96921.7,"ft_order_side":"buy","order_filled_timestamp":1733303760000,"ft_is_entry":true,"ft_order_tag":"","cost":19.8689485},{"amount":0.0002,"safe_price":97132.01,"ft_order_side":"sell","order_filled_timestamp":1733342640000,"ft_is_entry":false,"ft_order_tag":"custom_exit","cost":19.91206205}],"funding_fees":0.0},{"pair":"BTC/USDT","stake_amount":19.525192,"max_stake_amount":19.525192,"amount":0.0002,"open_date":"2024-12-04 20:07:00+00:00","close_date":"2024-12-04 20:16:00+00:00","open_rate":97625.96,"close_rate":98200.0,"fee_open":0.025,"fee_close":0.025,"trade_duration":9,"profit_ratio":-0.04318732335578595,"profit_abs":-0.8643218,"exit_reason":"custom_exit","initial_stop_loss_abs":68338.18,"initial_stop_loss_ratio":-0.3,"stop_loss_abs":68338.18,"stop_loss_ratio":-0.3,"min_rate":97616.01,"max_rate":98323.63,"is_open":false,"enter_tag":"","leverage":1.0,"is_short":false,"open_timestamp":1733342820000,"close_timestamp":1733343360000,"orders":[{"amount":0.0002,"safe_price":97625.96,"ft_order_side":"buy","order_filled_timestamp":1733342820000,"ft_is_entry":true,"ft_order_tag":"","cost":20.0133218},{"amount":0.0002,"safe_price":98200.0,"ft_order_side":"sell","order_filled_timestamp":1733343360000,"ft_is_entry":false,"ft_order_tag":"custom_exit","cost":20.131}],"funding_fees":0.0},{"pair":"BTC/USDT","stake_amount":19.697596,"max_stake_amount":19.697596,"amount":0.0002,"open_date":"2024-12-04 20:21:00+00:00","close_date":"2024-12-04 20:53:00+00:00","open_rate":98487.98,"close_rate":98736.02,"fee_open":0.025,"fee_close":0.025,"trade_duration":32,"profit_ratio":-0.046384860563819005,"profit_abs":-0.936512,"exit_reason":"custom_exit","initial_stop_loss_abs":68941.59,"initial_stop_loss_ratio":-0.3,"stop_loss_abs":68941.59,"stop_loss_ratio":-0.3,"min_rate":98031.61,"max_rate":99000.0,"is_open":false,"enter_tag":"","leverage":1.0,"is_short":false,"open_timestamp":1733343660000,"close_timestamp":1733345580000,"orders":[{"amount":0.0002,"safe_price":98487.98,"ft_order_side":"buy","order_filled_timestamp":1733343660000,"ft_is_entry":true,"ft_order_tag":"","cost":20.190035899999998},{"amount":0.0002,"safe_price":98736.02,"ft_order_side":"sell","order_filled_timestamp":1733345580000,"ft_is_entry":false,"ft_order_tag":"custom_exit","cost":20.240884100000002}],"funding_fees":0.0},{"pair":"BTC/USDT","stake_amount":19.687094,"max_stake_amount":19.687094,"amount":0.0002,"open_date":"2024-12-04 22:24:00+00:00","close_date":"2024-12-04 23:18:00+00:00","open_rate":98435.47,"close_rate":98527.98,"fee_open":0.025,"fee_close":0.025,"trade_duration":54,"profit_ratio":-0.047886528370609374,"profit_abs":-0.96631525,"exit_reason":"custom_exit","initial_stop_loss_abs":68904.83,"initial_stop_loss_ratio":-0.3,"stop_loss_abs":68904.83,"stop_loss_ratio":-0.3,"min_rate":98147.54,"max_rate":98800.0,"is_open":false,"enter_tag":"","leverage":1.0,"is_short":false,"open_timestamp":1733351040000,"close_timestamp":1733354280000,"orders":[{"amount":0.0002,"safe_price":98435.47,"ft_order_side":"buy","order_filled_timestamp":1733351040000,"ft_is_entry":true,"ft_order_tag":"","cost":20.17927135},{"amount":0.0002,"safe_price":98527.98,"ft_order_side":"sell","order_filled_timestamp":1733354280000,"ft_is_entry":false,"ft_order_tag":"custom_exit","cost":20.198235899999997}],"funding_fees":0.0},{"pair":"BTC/USDT","stake_amount":19.7688,"max_stake_amount":19.7688,"amount":0.0002,"open_date":"2024-12-04 23:27:00+00:00","close_date":"2024-12-05 02:29:00+00:00","open_rate":98844.0,"close_rate":98855.33,"fee_open":0.025,"fee_close":0.025,"trade_duration":182,"profit_ratio":-0.04867145420574031,"profit_abs":-0.98623065,"exit_reason":"custom_exit","initial_stop_loss_abs":69190.8,"initial_stop_loss_ratio":-0.3,"stop_loss_abs":69190.8,"stop_loss_ratio":-0.3,"min_rate":97888.89,"max_rate":99258.14,"is_open":false,"enter_tag":"","leverage":1.0,"is_short":false,"open_timestamp":1733354820000,"close_timestamp":1733365740000,"orders":[{"amount":0.0002,"safe_price":98844.0,"ft_order_side":"buy","order_filled_timestamp":1733354820000,"ft_is_entry":true,"ft_order_tag":"","cost":20.26302},{"amount":0.0002,"safe_price":98855.33,"ft_order_side":"sell","order_filled_timestamp":1733365740000,"ft_is_entry":false,"ft_order_tag":"custom_exit","cost":20.26534265}],"funding_fees":0.0},{"pair":"BTC/USDT","stake_amount":19.842398,"max_stake_amount":19.842398,"amount":0.0002,"open_date":"2024-12-05 02:30:00+00:00","close_date":"2024-12-05 02:32:00+00:00","open_rate":99211.99,"close_rate":99387.99,"fee_open":0.025,"fee_close":0.025,"trade_duration":2,"profit_ratio":-0.04709304423937411,"profit_abs":-0.9577999,"exit_reason":"custom_exit","initial_stop_loss_abs":69448.4,"initial_stop_loss_ratio":-0.3,"stop_loss_abs":69448.4,"stop_loss_ratio":-0.3,"min_rate":99180.07,"max_rate":99741.99,"is_open":false,"enter_tag":"","leverage":1.0,"is_short":false,"open_timestamp":1733365800000,"close_timestamp":1733365920000,"orders":[{"amount":0.0002,"safe_price":99211.99,"ft_order_side":"buy","order_filled_timestamp":1733365800000,"ft_is_entry":true,"ft_order_tag":"","cost":20.338457950000002},{"amount":0.0002,"safe_price":99387.99,"ft_order_side":"sell","order_filled_timestamp":1733365920000,"ft_is_entry":false,"ft_order_tag":"custom_exit","cost":20.37453795}],"funding_fees":0.0},{"pair":"BTC/USDT","stake_amount":19.910386,"max_stake_amount":19.910386,"amount":0.0002,"open_date":"2024-12-05 02:33:00+00:00","close_date":"2024-12-05 02:33:00+00:00","open_rate":99551.93,"close_rate":99551.93,"fee_open":0.025,"fee_close":0.025,"trade_duration":0,"profit_ratio":-0.048780487804878044,"profit_abs":-0.9955193,"exit_reason":"custom_exit","initial_stop_loss_abs":69686.36,"initial_stop_loss_ratio":-0.3,"stop_loss_abs":69686.36,"stop_loss_ratio":-0.3,"min_rate":99551.92,"max_rate":99990.65,"is_open":false,"enter_tag":"","leverage":1.0,"is_short":false,"open_timestamp":1733365980000,"close_timestamp":1733365980000,"orders":[{"amount":0.0002,"safe_price":99551.93,"ft_order_side":"buy","order_filled_timestamp":1733365980000,"ft_is_entry":true,"ft_order_tag":"","cost":20.408145649999998},{"amount":0.0002,"safe_price":99551.93,"ft_order_side":"sell","order_filled_timestamp":1733365980000,"ft_is_entry":false,"ft_order_tag":"custom_exit","cost":20.408145649999998}],"funding_fees":0.0},{"pair":"BTC/USDT","stake_amount":19.998106,"max_stake_amount":19.998106,"amount":0.0002,"open_date":"2024-12-05 02:34:00+00:00","close_date":"2024-12-05 02:41:00+00:00","open_rate":99990.53,"close_rate":100168.97,"fee_open":0.025,"fee_close":0.025,"trade_duration":7,"profit_ratio":-0.047082970952471145,"profit_abs":-0.9651095,"exit_reason":"custom_exit","initial_stop_loss_abs":69993.38,"initial_stop_loss_ratio":-0.3,"stop_loss_abs":69993.38,"stop_loss_ratio":-0.3,"min_rate":99548.28,"max_rate":101180.0,"is_open":false,"enter_tag":"","leverage":1.0,"is_short":false,"open_timestamp":1733366040000,"close_timestamp":1733366460000,"orders":[{"amount":0.0002,"safe_price":99990.53,"ft_order_side":"buy","order_filled_timestamp":1733366040000,"ft_is_entry":true,"ft_order_tag":"","cost":20.498058649999997},{"amount":0.0002,"safe_price":100168.97,"ft_order_side":"sell","order_filled_timestamp":1733366460000,"ft_is_entry":false,"ft_order_tag":"custom_exit","cost":20.534638849999997}],"funding_fees":0.0},{"pair":"BTC/USDT","stake_amount":19.1458972,"max_stake_amount":19.1458972,"amount":0.00019,"open_date":"2024-12-05 02:42:00+00:00","close_date":"2024-12-05 02:42:00+00:00","open_rate":100767.88,"close_rate":100767.88,"fee_open":0.025,"fee_close":0.025,"trade_duration":0,"profit_ratio":-0.04878048780487805,"profit_abs":-0.95729486,"exit_reason":"custom_exit","initial_stop_loss_abs":70537.52,"initial_stop_loss_ratio":-0.3,"stop_loss_abs":70537.52,"stop_loss_ratio":-0.3,"min_rate":100631.18,"max_rate":101616.22,"is_open":false,"enter_tag":"","leverage":1.0,"is_short":false,"open_timestamp":1733366520000,"close_timestamp":1733366520000,"orders":[{"amount":0.00019,"safe_price":100767.88,"ft_order_side":"buy","order_filled_timestamp":1733366520000,"ft_is_entry":true,"ft_order_tag":"","cost":19.62454463},{"amount":0.00019,"safe_price":100767.88,"ft_order_side":"sell","order_filled_timestamp":1733366520000,"ft_is_entry":false,"ft_order_tag":"custom_exit","cost":19.62454463}],"funding_fees":0.0},{"pair":"BTC/USDT","stake_amount":19.23332,"max_stake_amount":19.23332,"amount":0.00019,"open_date":"2024-12-05 02:43:00+00:00","close_date":"2024-12-05 03:01:00+00:00","open_rate":101228.0,"close_rate":101547.99,"fee_open":0.025,"fee_close":0.025,"trade_duration":18,"profit_ratio":-0.04577360488173141,"profit_abs":-0.90238785,"exit_reason":"custom_exit","initial_stop_loss_abs":70859.6,"initial_stop_loss_ratio":-0.3,"stop_loss_abs":70859.6,"stop_loss_ratio":-0.3,"min_rate":100528.71,"max_rate":101920.0,"is_open":false,"enter_tag":"","leverage":1.0,"is_short":false,"open_timestamp":1733366580000,"close_timestamp":1733367660000,"orders":[{"amount":0.00019,"safe_price":101228.0,"ft_order_side":"buy","order_filled_timestamp":1733366580000,"ft_is_entry":true,"ft_order_tag":"","cost":19.714153},{"amount":0.00019,"safe_price":101547.99,"ft_order_side":"sell","order_filled_timestamp":1733367660000,"ft_is_entry":false,"ft_order_tag":"custom_exit","cost":19.7764710525}],"funding_fees":0.0},{"pair":"BTC/USDT","stake_amount":19.5656604,"max_stake_amount":19.5656604,"amount":0.00019,"open_date":"2024-12-05 03:07:00+00:00","close_date":"2024-12-05 03:07:00+00:00","open_rate":102977.16,"close_rate":102977.16,"fee_open":0.025,"fee_close":0.025,"trade_duration":0,"profit_ratio":-0.04878048780487805,"profit_abs":-0.97828302,"exit_reason":"custom_exit","initial_stop_loss_abs":72084.02,"initial_stop_loss_ratio":-0.3,"stop_loss_abs":72084.02,"stop_loss_ratio":-0.3,"min_rate":102651.84,"max_rate":103509.82,"is_open":false,"enter_tag":"","leverage":1.0,"is_short":false,"open_timestamp":1733368020000,"close_timestamp":1733368020000,"orders":[{"amount":0.00019,"safe_price":102977.16,"ft_order_side":"buy","order_filled_timestamp":1733368020000,"ft_is_entry":true,"ft_order_tag":"","cost":20.054801910000002},{"amount":0.00019,"safe_price":102977.16,"ft_order_side":"sell","order_filled_timestamp":1733368020000,"ft_is_entry":false,"ft_order_tag":"custom_exit","cost":20.054801910000002}],"funding_fees":0.0},{"pair":"BTC/USDT","stake_amount":19.4961736,"max_stake_amount":19.4961736,"amount":0.00019,"open_date":"2024-12-05 08:13:00+00:00","close_date":"2024-12-05 08:57:00+00:00","open_rate":102611.44,"close_rate":102700.0,"fee_open":0.025,"fee_close":0.025,"trade_duration":44,"profit_ratio":-0.0479595267112612,"profit_abs":-0.95840294,"exit_reason":"custom_exit","initial_stop_loss_abs":71828.01,"initial_stop_loss_ratio":-0.3,"stop_loss_abs":71828.01,"stop_loss_ratio":-0.3,"min_rate":102440.0,"max_rate":102898.0,"is_open":false,"enter_tag":"","leverage":1.0,"is_short":false,"open_timestamp":1733386380000,"close_timestamp":1733389020000,"orders":[{"amount":0.00019,"safe_price":102611.44,"ft_order_side":"buy","order_filled_timestamp":1733386380000,"ft_is_entry":true,"ft_order_tag":"","cost":19.98357794},{"amount":0.00019,"safe_price":102700.0,"ft_order_side":"sell","order_filled_timestamp":1733389020000,"ft_is_entry":false,"ft_order_tag":"custom_exit","cost":20.000825}],"funding_fees":0.0},{"pair":"BTC/USDT","stake_amount":19.56848,"max_stake_amount":19.56848,"amount":0.00019,"open_date":"2024-12-05 09:11:00+00:00","close_date":"2024-12-05 11:21:00+00:00","open_rate":102992.0,"close_rate":102362.0,"fee_open":0.025,"fee_close":0.025,"trade_duration":130,"profit_ratio":-0.05459907849816419,"profit_abs":-1.0951315,"exit_reason":"custom_exit","initial_stop_loss_abs":72094.4,"initial_stop_loss_ratio":-0.3,"stop_loss_abs":72094.4,"stop_loss_ratio":-0.3,"min_rate":102237.79,"max_rate":103159.76,"is_open":false,"enter_tag":"","leverage":1.0,"is_short":false,"open_timestamp":1733389860000,"close_timestamp":1733397660000,"orders":[{"amount":0.00019,"safe_price":102992.0,"ft_order_side":"buy","order_filled_timestamp":1733389860000,"ft_is_entry":true,"ft_order_tag":"","cost":20.057692},{"amount":0.00019,"safe_price":102362.0,"ft_order_side":"sell","order_filled_timestamp":1733397660000,"ft_is_entry":false,"ft_order_tag":"custom_exit","cost":19.9349995}],"funding_fees":0.0},{"pair":"BTC/USDT","stake_amount":19.5320095,"max_stake_amount":19.5320095,"amount":0.00019,"open_date":"2024-12-05 12:11:00+00:00","close_date":"2024-12-05 12:42:00+00:00","open_rate":102800.05,"close_rate":102877.76,"fee_open":0.025,"fee_close":0.025,"trade_duration":31,"profit_ratio":-0.048061429249403494,"profit_abs":-0.9622047,"exit_reason":"custom_exit","initial_stop_loss_abs":71960.04,"initial_stop_loss_ratio":-0.3,"stop_loss_abs":71960.04,"stop_loss_ratio":-0.3,"min_rate":102644.0,"max_rate":102988.0,"is_open":false,"enter_tag":"","leverage":1.0,"is_short":false,"open_timestamp":1733400660000,"close_timestamp":1733402520000,"orders":[{"amount":0.00019,"safe_price":102800.05,"ft_order_side":"buy","order_filled_timestamp":1733400660000,"ft_is_entry":true,"ft_order_tag":"","cost":20.0203097375},{"amount":0.00019,"safe_price":102877.76,"ft_order_side":"sell","order_filled_timestamp":1733402520000,"ft_is_entry":false,"ft_order_tag":"custom_exit","cost":20.03544376}],"funding_fees":0.0},{"pair":"BTC/USDT","stake_amount":19.5716815,"max_stake_amount":19.5716815,"amount":0.00019,"open_date":"2024-12-05 12:47:00+00:00","close_date":"2024-12-05 12:55:00+00:00","open_rate":103008.85,"close_rate":102586.69,"fee_open":0.025,"fee_close":0.025,"trade_duration":8,"profit_ratio":-0.05267886017717648,"profit_abs":-1.05678922,"exit_reason":"custom_exit","initial_stop_loss_abs":72106.2,"initial_stop_loss_ratio":-0.3,"stop_loss_abs":72106.2,"stop_loss_ratio":-0.3,"min_rate":102504.01,"max_rate":103295.99,"is_open":false,"enter_tag":"","leverage":1.0,"is_short":false,"open_timestamp":1733402820000,"close_timestamp":1733403300000,"orders":[{"amount":0.00019,"safe_price":103008.85,"ft_order_side":"buy","order_filled_timestamp":1733402820000,"ft_is_entry":true,"ft_order_tag":"","cost":20.0609735375},{"amount":0.00019,"safe_price":102586.69,"ft_order_side":"sell","order_filled_timestamp":1733403300000,"ft_is_entry":false,"ft_order_tag":"custom_exit","cost":19.9787578775}],"funding_fees":0.0},{"pair":"BTC/USDT","stake_amount":19.6345981,"max_stake_amount":19.6345981,"amount":0.00019,"open_date":"2024-12-05 14:52:00+00:00","close_date":"2024-12-06 05:49:00+00:00","open_rate":103339.99,"close_rate":97770.25,"fee_open":0.025,"fee_close":0.025,"trade_duration":897,"profit_ratio":-0.10004859191301334,"profit_abs":-2.01352424,"exit_reason":"custom_exit","initial_stop_loss_abs":72338.0,"initial_stop_loss_ratio":-0.3,"stop_loss_abs":72338.0,"stop_loss_ratio":-0.3,"min_rate":90500.0,"max_rate":103540.0,"is_open":false,"enter_tag":"","leverage":1.0,"is_short":false,"open_timestamp":1733410320000,"close_timestamp":1733464140000,"orders":[{"amount":0.00019,"safe_price":103339.99,"ft_order_side":"buy","order_filled_timestamp":1733410320000,"ft_is_entry":true,"ft_order_tag":"","cost":20.1254630525},{"amount":0.00019,"safe_price":97770.25,"ft_order_side":"sell","order_filled_timestamp":1733464140000,"ft_is_entry":false,"ft_order_tag":"custom_exit","cost":19.040756187499998}],"funding_fees":0.0},{"pair":"BTC/USDT","stake_amount":19.1208419,"max_stake_amount":19.1208419,"amount":0.00019,"open_date":"2024-12-06 17:45:00+00:00","close_date":"2024-12-06 17:50:00+00:00","open_rate":100636.01,"close_rate":100896.84,"fee_open":0.025,"fee_close":0.025,"trade_duration":5,"profit_ratio":-0.04631510217871021,"profit_abs":-0.90772334,"exit_reason":"custom_exit","initial_stop_loss_abs":70445.21,"initial_stop_loss_ratio":-0.3,"stop_loss_abs":70445.21,"stop_loss_ratio":-0.3,"min_rate":100145.63,"max_rate":101220.0,"is_open":false,"enter_tag":"","leverage":1.0,"is_short":false,"open_timestamp":1733507100000,"close_timestamp":1733507400000,"orders":[{"amount":0.00019,"safe_price":100636.01,"ft_order_side":"buy","order_filled_timestamp":1733507100000,"ft_is_entry":true,"ft_order_tag":"","cost":19.598862947499995},{"amount":0.00019,"safe_price":100896.84,"ft_order_side":"sell","order_filled_timestamp":1733507400000,"ft_is_entry":false,"ft_order_tag":"custom_exit","cost":19.64965959}],"funding_fees":0.0},{"pair":"BTC/USDT","stake_amount":19.2317981,"max_stake_amount":19.2317981,"amount":0.00019,"open_date":"2024-12-06 17:51:00+00:00","close_date":"2024-12-06 18:14:00+00:00","open_rate":101219.99,"close_rate":101325.45,"fee_open":0.025,"fee_close":0.025,"trade_duration":23,"profit_ratio":-0.047789422603665345,"profit_abs":-0.94205344,"exit_reason":"custom_exit","initial_stop_loss_abs":70854.0,"initial_stop_loss_ratio":-0.3,"stop_loss_abs":70854.0,"stop_loss_ratio":-0.3,"min_rate":100588.23,"max_rate":101627.22,"is_open":false,"enter_tag":"","leverage":1.0,"is_short":false,"open_timestamp":1733507460000,"close_timestamp":1733508840000,"orders":[{"amount":0.00019,"safe_price":101219.99,"ft_order_side":"buy","order_filled_timestamp":1733507460000,"ft_is_entry":true,"ft_order_tag":"","cost":19.7125930525},{"amount":0.00019,"safe_price":101325.45,"ft_order_side":"sell","order_filled_timestamp":1733508840000,"ft_is_entry":false,"ft_order_tag":"custom_exit","cost":19.733131387500002}],"funding_fees":0.0},{"pair":"BTC/USDT","stake_amount":19.34352,"max_stake_amount":19.34352,"amount":0.00019,"open_date":"2024-12-06 20:32:00+00:00","close_date":"2024-12-07 11:15:00+00:00","open_rate":101808.0,"close_rate":99427.49,"fee_open":0.025,"fee_close":0.025,"trade_duration":883,"profit_ratio":-0.07102223279360763,"profit_abs":-1.40816548,"exit_reason":"custom_exit","initial_stop_loss_abs":71265.6,"initial_stop_loss_ratio":-0.3,"stop_loss_abs":71265.6,"stop_loss_ratio":-0.3,"min_rate":98844.0,"max_rate":101898.99,"is_open":false,"enter_tag":"","leverage":1.0,"is_short":false,"open_timestamp":1733517120000,"close_timestamp":1733570100000,"orders":[{"amount":0.00019,"safe_price":101808.0,"ft_order_side":"buy","order_filled_timestamp":1733517120000,"ft_is_entry":true,"ft_order_tag":"","cost":19.827108},{"amount":0.00019,"safe_price":99427.49,"ft_order_side":"sell","order_filled_timestamp":1733570100000,"ft_is_entry":false,"ft_order_tag":"custom_exit","cost":19.3635036775}],"funding_fees":0.0},{"pair":"BTC/USDT","stake_amount":19.973462,"max_stake_amount":19.973462,"amount":0.0002,"open_date":"2024-12-07 18:43:00+00:00","close_date":"2024-12-07 18:44:00+00:00","open_rate":99867.31,"close_rate":99792.01,"fee_open":0.025,"fee_close":0.025,"trade_duration":1,"profit_ratio":-0.049497707776741645,"profit_abs":-1.0133566,"exit_reason":"custom_exit","initial_stop_loss_abs":69907.12,"initial_stop_loss_ratio":-0.3,"stop_loss_abs":69907.12,"stop_loss_ratio":-0.3,"min_rate":99792.0,"max_rate":99990.0,"is_open":false,"enter_tag":"","leverage":1.0,"is_short":false,"open_timestamp":1733596980000,"close_timestamp":1733597040000,"orders":[{"amount":0.0002,"safe_price":99867.31,"ft_order_side":"buy","order_filled_timestamp":1733596980000,"ft_is_entry":true,"ft_order_tag":"","cost":20.47279855},{"amount":0.0002,"safe_price":99792.01,"ft_order_side":"sell","order_filled_timestamp":1733597040000,"ft_is_entry":false,"ft_order_tag":"custom_exit","cost":20.457362049999997}],"funding_fees":0.0},{"pair":"BTC/USDT","stake_amount":19.996,"max_stake_amount":19.996,"amount":0.0002,"open_date":"2024-12-07 18:45:00+00:00","close_date":"2024-12-07 18:49:00+00:00","open_rate":99980.0,"close_rate":100076.99,"fee_open":0.025,"fee_close":0.025,"trade_duration":4,"profit_ratio":-0.04785771544552814,"profit_abs":-0.98088695,"exit_reason":"custom_exit","initial_stop_loss_abs":69986.0,"initial_stop_loss_ratio":-0.3,"stop_loss_abs":69986.0,"stop_loss_ratio":-0.3,"min_rate":99925.34,"max_rate":100169.49,"is_open":false,"enter_tag":"","leverage":1.0,"is_short":false,"open_timestamp":1733597100000,"close_timestamp":1733597340000,"orders":[{"amount":0.0002,"safe_price":99980.0,"ft_order_side":"buy","order_filled_timestamp":1733597100000,"ft_is_entry":true,"ft_order_tag":"","cost":20.4959},{"amount":0.0002,"safe_price":100076.99,"ft_order_side":"sell","order_filled_timestamp":1733597340000,"ft_is_entry":false,"ft_order_tag":"custom_exit","cost":20.51578295}],"funding_fees":0.0},{"pair":"BTC/USDT","stake_amount":19.0369778,"max_stake_amount":19.0369778,"amount":0.00019,"open_date":"2024-12-07 18:54:00+00:00","close_date":"2024-12-07 20:24:00+00:00","open_rate":100194.62,"close_rate":100232.22,"fee_open":0.025,"fee_close":0.025,"trade_duration":90,"profit_ratio":-0.04842352399126674,"profit_abs":-0.94488349,"exit_reason":"custom_exit","initial_stop_loss_abs":70136.24,"initial_stop_loss_ratio":-0.3,"stop_loss_abs":70136.24,"stop_loss_ratio":-0.3,"min_rate":99920.31,"max_rate":100380.72,"is_open":false,"enter_tag":"","leverage":1.0,"is_short":false,"open_timestamp":1733597640000,"close_timestamp":1733603040000,"orders":[{"amount":0.00019,"safe_price":100194.62,"ft_order_side":"buy","order_filled_timestamp":1733597640000,"ft_is_entry":true,"ft_order_tag":"","cost":19.512902244999996},{"amount":0.00019,"safe_price":100232.22,"ft_order_side":"sell","order_filled_timestamp":1733603040000,"ft_is_entry":false,"ft_order_tag":"custom_exit","cost":19.520224845}],"funding_fees":0.0},{"pair":"BTC/USDT","stake_amount":19.0761938,"max_stake_amount":19.0761938,"amount":0.00019,"open_date":"2024-12-07 21:02:00+00:00","close_date":"2024-12-08 21:27:00+00:00","open_rate":100401.02,"close_rate":99949.64,"fee_open":0.025,"fee_close":0.025,"trade_duration":1465,"profit_ratio":-0.05305695270275153,"profit_abs":-1.03742783,"exit_reason":"custom_exit","initial_stop_loss_abs":70280.72,"initial_stop_loss_ratio":-0.3,"stop_loss_abs":70280.72,"stop_loss_ratio":-0.3,"min_rate":98657.7,"max_rate":100500.0,"is_open":false,"enter_tag":"","leverage":1.0,"is_short":false,"open_timestamp":1733605320000,"close_timestamp":1733693220000,"orders":[{"amount":0.00019,"safe_price":100401.02,"ft_order_side":"buy","order_filled_timestamp":1733605320000,"ft_is_entry":true,"ft_order_tag":"","cost":19.553098645000002},{"amount":0.00019,"safe_price":99949.64,"ft_order_side":"sell","order_filled_timestamp":1733693220000,"ft_is_entry":false,"ft_order_tag":"custom_exit","cost":19.46519239}],"funding_fees":0.0},{"pair":"BTC/USDT","stake_amount":19.0091181,"max_stake_amount":19.0091181,"amount":0.00019,"open_date":"2024-12-08 21:31:00+00:00","close_date":"2024-12-08 22:56:00+00:00","open_rate":100047.99,"close_rate":100100.0,"fee_open":0.025,"fee_close":0.025,"trade_duration":85,"profit_ratio":-0.04828599571496961,"profit_abs":-0.94082105,"exit_reason":"custom_exit","initial_stop_loss_abs":70033.6,"initial_stop_loss_ratio":-0.3,"stop_loss_abs":70033.6,"stop_loss_ratio":-0.3,"min_rate":99879.21,"max_rate":100200.0,"is_open":false,"enter_tag":"","leverage":1.0,"is_short":false,"open_timestamp":1733693460000,"close_timestamp":1733698560000,"orders":[{"amount":0.00019,"safe_price":100047.99,"ft_order_side":"buy","order_filled_timestamp":1733693460000,"ft_is_entry":true,"ft_order_tag":"","cost":19.4843460525},{"amount":0.00019,"safe_price":100100.0,"ft_order_side":"sell","order_filled_timestamp":1733698560000,"ft_is_entry":false,"ft_order_tag":"custom_exit","cost":19.494475}],"funding_fees":0.0},{"pair":"BTC/USDT","stake_amount":19.038,"max_stake_amount":19.038,"amount":0.00019,"open_date":"2024-12-08 22:57:00+00:00","close_date":"2024-12-08 23:13:00+00:00","open_rate":100200.0,"close_rate":100233.22,"fee_open":0.025,"fee_close":0.025,"trade_duration":16,"profit_ratio":-0.04846512366794011,"profit_abs":-0.945746,"exit_reason":"custom_exit","initial_stop_loss_abs":70140.0,"initial_stop_loss_ratio":-0.3,"stop_loss_abs":70140.0,"stop_loss_ratio":-0.3,"min_rate":100088.98,"max_rate":100400.0,"is_open":false,"enter_tag":"","leverage":1.0,"is_short":false,"open_timestamp":1733698620000,"close_timestamp":1733699580000,"orders":[{"amount":0.00019,"safe_price":100200.0,"ft_order_side":"buy","order_filled_timestamp":1733698620000,"ft_is_entry":true,"ft_order_tag":"","cost":19.513949999999998},{"amount":0.00019,"safe_price":100233.22,"ft_order_side":"sell","order_filled_timestamp":1733699580000,"ft_is_entry":false,"ft_order_tag":"custom_exit","cost":19.520419595}],"funding_fees":0.0},{"pair":"BTC/USDT","stake_amount":19.0706572,"max_stake_amount":19.0706572,"amount":0.00019,"open_date":"2024-12-08 23:14:00+00:00","close_date":"2024-12-08 23:14:00+00:00","open_rate":100371.88,"close_rate":100371.88,"fee_open":0.025,"fee_close":0.025,"trade_duration":0,"profit_ratio":-0.04878048780487805,"profit_abs":-0.95353286,"exit_reason":"custom_exit","initial_stop_loss_abs":70260.32,"initial_stop_loss_ratio":-0.3,"stop_loss_abs":70260.32,"stop_loss_ratio":-0.3,"min_rate":100371.87,"max_rate":100498.99,"is_open":false,"enter_tag":"","leverage":1.0,"is_short":false,"open_timestamp":1733699640000,"close_timestamp":1733699640000,"orders":[{"amount":0.00019,"safe_price":100371.88,"ft_order_side":"buy","order_filled_timestamp":1733699640000,"ft_is_entry":true,"ft_order_tag":"","cost":19.54742363},{"amount":0.00019,"safe_price":100371.88,"ft_order_side":"sell","order_filled_timestamp":1733699640000,"ft_is_entry":false,"ft_order_tag":"custom_exit","cost":19.54742363}],"funding_fees":0.0},{"pair":"BTC/USDT","stake_amount":19.0870219,"max_stake_amount":19.0870219,"amount":0.00019,"open_date":"2024-12-08 23:15:00+00:00","close_date":"2024-12-08 23:20:00+00:00","open_rate":100458.01,"close_rate":100449.64,"fee_open":0.025,"fee_close":0.025,"trade_duration":5,"profit_ratio":-0.04885974201421431,"profit_abs":-0.95590164,"exit_reason":"custom_exit","initial_stop_loss_abs":70320.61,"initial_stop_loss_ratio":-0.3,"stop_loss_abs":70320.61,"stop_loss_ratio":-0.3,"min_rate":100323.52,"max_rate":100680.0,"is_open":false,"enter_tag":"","leverage":1.0,"is_short":false,"open_timestamp":1733699700000,"close_timestamp":1733700000000,"orders":[{"amount":0.00019,"safe_price":100458.01,"ft_order_side":"buy","order_filled_timestamp":1733699700000,"ft_is_entry":true,"ft_order_tag":"","cost":19.5641974475},{"amount":0.00019,"safe_price":100449.64,"ft_order_side":"sell","order_filled_timestamp":1733700000000,"ft_is_entry":false,"ft_order_tag":"custom_exit","cost":19.562567389999998}],"funding_fees":0.0},{"pair":"BTC/USDT","stake_amount":19.1200781,"max_stake_amount":19.1200781,"amount":0.00019,"open_date":"2024-12-08 23:21:00+00:00","close_date":"2024-12-08 23:49:00+00:00","open_rate":100631.99,"close_rate":100647.12,"fee_open":0.025,"fee_close":0.025,"trade_duration":28,"profit_ratio":-0.048637472009836306,"profit_abs":-0.95320107,"exit_reason":"custom_exit","initial_stop_loss_abs":70442.4,"initial_stop_loss_ratio":-0.3,"stop_loss_abs":70442.4,"stop_loss_ratio":-0.3,"min_rate":100338.38,"max_rate":101000.0,"is_open":false,"enter_tag":"","leverage":1.0,"is_short":false,"open_timestamp":1733700060000,"close_timestamp":1733701740000,"orders":[{"amount":0.00019,"safe_price":100631.99,"ft_order_side":"buy","order_filled_timestamp":1733700060000,"ft_is_entry":true,"ft_order_tag":"","cost":19.5980800525},{"amount":0.00019,"safe_price":100647.12,"ft_order_side":"sell","order_filled_timestamp":1733701740000,"ft_is_entry":false,"ft_order_tag":"custom_exit","cost":19.60102662}],"funding_fees":0.0},{"pair":"BTC/USDT","stake_amount":19.18848,"max_stake_amount":19.18848,"amount":0.00019,"open_date":"2024-12-08 23:50:00+00:00","close_date":"2024-12-08 23:50:00+00:00","open_rate":100992.0,"close_rate":100992.0,"fee_open":0.025,"fee_close":0.025,"trade_duration":0,"profit_ratio":-0.04878048780487805,"profit_abs":-0.959424,"exit_reason":"custom_exit","initial_stop_loss_abs":70694.4,"initial_stop_loss_ratio":-0.3,"stop_loss_abs":70694.4,"stop_loss_ratio":-0.3,"min_rate":100928.01,"max_rate":101120.0,"is_open":false,"enter_tag":"","leverage":1.0,"is_short":false,"open_timestamp":1733701800000,"close_timestamp":1733701800000,"orders":[{"amount":0.00019,"safe_price":100992.0,"ft_order_side":"buy","order_filled_timestamp":1733701800000,"ft_is_entry":true,"ft_order_tag":"","cost":19.668192},{"amount":0.00019,"safe_price":100992.0,"ft_order_side":"sell","order_filled_timestamp":1733701800000,"ft_is_entry":false,"ft_order_tag":"custom_exit","cost":19.668192}],"funding_fees":0.0},{"pair":"BTC/USDT","stake_amount":19.2072159,"max_stake_amount":19.2072159,"amount":0.00019,"open_date":"2024-12-08 23:51:00+00:00","close_date":"2024-12-08 23:53:00+00:00","open_rate":101090.61,"close_rate":101044.0,"fee_open":0.025,"fee_close":0.025,"trade_duration":2,"profit_ratio":-0.049219068146814704,"profit_abs":-0.9689953,"exit_reason":"custom_exit","initial_stop_loss_abs":70763.43,"initial_stop_loss_ratio":-0.3,"stop_loss_abs":70763.43,"stop_loss_ratio":-0.3,"min_rate":100999.69,"max_rate":101235.3,"is_open":false,"enter_tag":"","leverage":1.0,"is_short":false,"open_timestamp":1733701860000,"close_timestamp":1733701980000,"orders":[{"amount":0.00019,"safe_price":101090.61,"ft_order_side":"buy","order_filled_timestamp":1733701860000,"ft_is_entry":true,"ft_order_tag":"","cost":19.6873962975},{"amount":0.00019,"safe_price":101044.0,"ft_order_side":"sell","order_filled_timestamp":1733701980000,"ft_is_entry":false,"ft_order_tag":"custom_exit","cost":19.678319}],"funding_fees":0.0},{"pair":"BTC/USDT","stake_amount":19.55414,"max_stake_amount":19.55414,"amount":0.0002,"open_date":"2024-12-11 07:04:00+00:00","close_date":"2024-12-11 08:32:00+00:00","open_rate":97770.7,"close_rate":98070.17,"fee_open":0.025,"fee_close":0.025,"trade_duration":88,"profit_ratio":-0.04586691853190493,"profit_abs":-0.91931035,"exit_reason":"custom_exit","initial_stop_loss_abs":68439.49,"initial_stop_loss_ratio":-0.3,"stop_loss_abs":68439.49,"stop_loss_ratio":-0.3,"min_rate":97248.87,"max_rate":98096.28,"is_open":false,"enter_tag":"","leverage":1.0,"is_short":false,"open_timestamp":1733900640000,"close_timestamp":1733905920000,"orders":[{"amount":0.0002,"safe_price":97770.7,"ft_order_side":"buy","order_filled_timestamp":1733900640000,"ft_is_entry":true,"ft_order_tag":"","cost":20.042993499999998},{"amount":0.0002,"safe_price":98070.17,"ft_order_side":"sell","order_filled_timestamp":1733905920000,"ft_is_entry":false,"ft_order_tag":"custom_exit","cost":20.10438485}],"funding_fees":0.0},{"pair":"BTC/USDT","stake_amount":19.596802,"max_stake_amount":19.596802,"amount":0.0002,"open_date":"2024-12-11 08:33:00+00:00","close_date":"2024-12-11 08:43:00+00:00","open_rate":97984.01,"close_rate":98222.02,"fee_open":0.025,"fee_close":0.025,"trade_duration":10,"profit_ratio":-0.046469909210497595,"profit_abs":-0.93342815,"exit_reason":"custom_exit","initial_stop_loss_abs":68588.81,"initial_stop_loss_ratio":-0.3,"stop_loss_abs":68588.81,"stop_loss_ratio":-0.3,"min_rate":97984.0,"max_rate":98448.99,"is_open":false,"enter_tag":"","leverage":1.0,"is_short":false,"open_timestamp":1733905980000,"close_timestamp":1733906580000,"orders":[{"amount":0.0002,"safe_price":97984.01,"ft_order_side":"buy","order_filled_timestamp":1733905980000,"ft_is_entry":true,"ft_order_tag":"","cost":20.08672205},{"amount":0.0002,"safe_price":98222.02,"ft_order_side":"sell","order_filled_timestamp":1733906580000,"ft_is_entry":false,"ft_order_tag":"custom_exit","cost":20.135514099999998}],"funding_fees":0.0},{"pair":"BTC/USDT","stake_amount":19.66896,"max_stake_amount":19.66896,"amount":0.0002,"open_date":"2024-12-11 08:44:00+00:00","close_date":"2024-12-11 11:14:00+00:00","open_rate":98344.8,"close_rate":98268.82,"fee_open":0.025,"fee_close":0.025,"trade_duration":150,"profit_ratio":-0.04951538846598657,"profit_abs":-0.9982641,"exit_reason":"custom_exit","initial_stop_loss_abs":68841.36,"initial_stop_loss_ratio":-0.3,"stop_loss_abs":68841.36,"stop_loss_ratio":-0.3,"min_rate":97757.44,"max_rate":98472.57,"is_open":false,"enter_tag":"","leverage":1.0,"is_short":false,"open_timestamp":1733906640000,"close_timestamp":1733915640000,"orders":[{"amount":0.0002,"safe_price":98344.8,"ft_order_side":"buy","order_filled_timestamp":1733906640000,"ft_is_entry":true,"ft_order_tag":"","cost":20.160684},{"amount":0.0002,"safe_price":98268.82,"ft_order_side":"sell","order_filled_timestamp":1733915640000,"ft_is_entry":false,"ft_order_tag":"custom_exit","cost":20.1451081}],"funding_fees":0.0},{"pair":"BTC/USDT","stake_amount":19.682856,"max_stake_amount":19.682856,"amount":0.0002,"open_date":"2024-12-11 11:27:00+00:00","close_date":"2024-12-11 13:30:00+00:00","open_rate":98414.28,"close_rate":98375.99,"fee_open":0.025,"fee_close":0.025,"trade_duration":123,"profit_ratio":-0.04915057835598456,"profit_abs":-0.99160935,"exit_reason":"custom_exit","initial_stop_loss_abs":68890.0,"initial_stop_loss_ratio":-0.3,"stop_loss_abs":68890.0,"stop_loss_ratio":-0.3,"min_rate":98072.33,"max_rate":98799.99,"is_open":false,"enter_tag":"","leverage":1.0,"is_short":false,"open_timestamp":1733916420000,"close_timestamp":1733923800000,"orders":[{"amount":0.0002,"safe_price":98414.28,"ft_order_side":"buy","order_filled_timestamp":1733916420000,"ft_is_entry":true,"ft_order_tag":"","cost":20.174927399999998},{"amount":0.0002,"safe_price":98375.99,"ft_order_side":"sell","order_filled_timestamp":1733923800000,"ft_is_entry":false,"ft_order_tag":"custom_exit","cost":20.16707795}],"funding_fees":0.0},{"pair":"BTC/USDT","stake_amount":19.743146,"max_stake_amount":19.743146,"amount":0.0002,"open_date":"2024-12-11 13:31:00+00:00","close_date":"2024-12-11 13:32:00+00:00","open_rate":98715.73,"close_rate":98763.19,"fee_open":0.025,"fee_close":0.025,"trade_duration":1,"profit_ratio":-0.04832316577475397,"profit_abs":-0.9779026,"exit_reason":"custom_exit","initial_stop_loss_abs":69101.02,"initial_stop_loss_ratio":-0.3,"stop_loss_abs":69101.02,"stop_loss_ratio":-0.3,"min_rate":98602.06,"max_rate":98861.66,"is_open":false,"enter_tag":"","leverage":1.0,"is_short":false,"open_timestamp":1733923860000,"close_timestamp":1733923920000,"orders":[{"amount":0.0002,"safe_price":98715.73,"ft_order_side":"buy","order_filled_timestamp":1733923860000,"ft_is_entry":true,"ft_order_tag":"","cost":20.23672465},{"amount":0.0002,"safe_price":98763.19,"ft_order_side":"sell","order_filled_timestamp":1733923920000,"ft_is_entry":false,"ft_order_tag":"custom_exit","cost":20.24645395}],"funding_fees":0.0},{"pair":"BTC/USDT","stake_amount":19.768002,"max_stake_amount":19.768002,"amount":0.0002,"open_date":"2024-12-11 13:33:00+00:00","close_date":"2024-12-11 14:50:00+00:00","open_rate":98840.01,"close_rate":99200.01,"fee_open":0.025,"fee_close":0.025,"trade_duration":77,"profit_ratio":-0.04531590879087103,"profit_abs":-0.9182001,"exit_reason":"custom_exit","initial_stop_loss_abs":69188.01,"initial_stop_loss_ratio":-0.3,"stop_loss_abs":69188.01,"stop_loss_ratio":-0.3,"min_rate":98168.2,"max_rate":99388.0,"is_open":false,"enter_tag":"","leverage":1.0,"is_short":false,"open_timestamp":1733923980000,"close_timestamp":1733928600000,"orders":[{"amount":0.0002,"safe_price":98840.01,"ft_order_side":"buy","order_filled_timestamp":1733923980000,"ft_is_entry":true,"ft_order_tag":"","cost":20.26220205},{"amount":0.0002,"safe_price":99200.01,"ft_order_side":"sell","order_filled_timestamp":1733928600000,"ft_is_entry":false,"ft_order_tag":"custom_exit","cost":20.336002049999998}],"funding_fees":0.0},{"pair":"BTC/USDT","stake_amount":19.955626,"max_stake_amount":19.955626,"amount":0.0002,"open_date":"2024-12-11 15:08:00+00:00","close_date":"2024-12-11 15:21:00+00:00","open_rate":99778.13,"close_rate":100000.0,"fee_open":0.025,"fee_close":0.025,"trade_duration":13,"profit_ratio":-0.04666532415959093,"profit_abs":-0.95451665,"exit_reason":"custom_exit","initial_stop_loss_abs":69844.7,"initial_stop_loss_ratio":-0.3,"stop_loss_abs":69844.7,"stop_loss_ratio":-0.3,"min_rate":99638.95,"max_rate":100349.0,"is_open":false,"enter_tag":"","leverage":1.0,"is_short":false,"open_timestamp":1733929680000,"close_timestamp":1733930460000,"orders":[{"amount":0.0002,"safe_price":99778.13,"ft_order_side":"buy","order_filled_timestamp":1733929680000,"ft_is_entry":true,"ft_order_tag":"","cost":20.454516650000002},{"amount":0.0002,"safe_price":100000.0,"ft_order_side":"sell","order_filled_timestamp":1733930460000,"ft_is_entry":false,"ft_order_tag":"custom_exit","cost":20.5}],"funding_fees":0.0},{"pair":"BTC/USDT","stake_amount":19.0547238,"max_stake_amount":19.0547238,"amount":0.00019,"open_date":"2024-12-11 15:22:00+00:00","close_date":"2024-12-11 15:27:00+00:00","open_rate":100288.02,"close_rate":100595.08,"fee_open":0.025,"fee_close":0.025,"trade_duration":5,"profit_ratio":-0.04586806179685941,"profit_abs":-0.89585333,"exit_reason":"custom_exit","initial_stop_loss_abs":70201.62,"initial_stop_loss_ratio":-0.3,"stop_loss_abs":70201.62,"stop_loss_ratio":-0.3,"min_rate":100176.0,"max_rate":100800.0,"is_open":false,"enter_tag":"","leverage":1.0,"is_short":false,"open_timestamp":1733930520000,"close_timestamp":1733930820000,"orders":[{"amount":0.00019,"safe_price":100288.02,"ft_order_side":"buy","order_filled_timestamp":1733930520000,"ft_is_entry":true,"ft_order_tag":"","cost":19.531091895},{"amount":0.00019,"safe_price":100595.08,"ft_order_side":"sell","order_filled_timestamp":1733930820000,"ft_is_entry":false,"ft_order_tag":"custom_exit","cost":19.59089183}],"funding_fees":0.0},{"pair":"BTC/USDT","stake_amount":19.1915827,"max_stake_amount":19.1915827,"amount":0.00019,"open_date":"2024-12-11 16:24:00+00:00","close_date":"2024-12-11 20:04:00+00:00","open_rate":101008.33,"close_rate":101208.19,"fee_open":0.025,"fee_close":0.025,"trade_duration":220,"profit_ratio":-0.046898358561603584,"profit_abs":-0.92255507,"exit_reason":"custom_exit","initial_stop_loss_abs":70705.84,"initial_stop_loss_ratio":-0.3,"stop_loss_abs":70705.84,"stop_loss_ratio":-0.3,"min_rate":99608.23,"max_rate":101385.0,"is_open":false,"enter_tag":"","leverage":1.0,"is_short":false,"open_timestamp":1733934240000,"close_timestamp":1733947440000,"orders":[{"amount":0.00019,"safe_price":101008.33,"ft_order_side":"buy","order_filled_timestamp":1733934240000,"ft_is_entry":true,"ft_order_tag":"","cost":19.6713722675},{"amount":0.00019,"safe_price":101208.19,"ft_order_side":"sell","order_filled_timestamp":1733947440000,"ft_is_entry":false,"ft_order_tag":"custom_exit","cost":19.710295002499997}],"funding_fees":0.0},{"pair":"BTC/USDT","stake_amount":19.3374381,"max_stake_amount":19.3374381,"amount":0.00019,"open_date":"2024-12-11 22:07:00+00:00","close_date":"2024-12-12 07:56:00+00:00","open_rate":101775.99,"close_rate":100508.69,"fee_open":0.025,"fee_close":0.025,"trade_duration":589,"profit_ratio":-0.0606249364592697,"profit_abs":-1.20163923,"exit_reason":"custom_exit","initial_stop_loss_abs":71243.2,"initial_stop_loss_ratio":-0.3,"stop_loss_abs":71243.2,"stop_loss_ratio":-0.3,"min_rate":100331.61,"max_rate":101888.0,"is_open":false,"enter_tag":"","leverage":1.0,"is_short":false,"open_timestamp":1733954820000,"close_timestamp":1733990160000,"orders":[{"amount":0.00019,"safe_price":101775.99,"ft_order_side":"buy","order_filled_timestamp":1733954820000,"ft_is_entry":true,"ft_order_tag":"","cost":19.820874052500002},{"amount":0.00019,"safe_price":100508.69,"ft_order_side":"sell","order_filled_timestamp":1733990160000,"ft_is_entry":false,"ft_order_tag":"custom_exit","cost":19.5740673775}],"funding_fees":0.0},{"pair":"BTC/USDT","stake_amount":19.2093914,"max_stake_amount":19.2093914,"amount":0.00019,"open_date":"2024-12-12 09:06:00+00:00","close_date":"2024-12-12 13:18:00+00:00","open_rate":101102.06,"close_rate":101040.86,"fee_open":0.025,"fee_close":0.025,"trade_duration":252,"profit_ratio":-0.04935628847744932,"profit_abs":-0.97180687,"exit_reason":"custom_exit","initial_stop_loss_abs":70771.45,"initial_stop_loss_ratio":-0.3,"stop_loss_abs":70771.45,"stop_loss_ratio":-0.3,"min_rate":100178.32,"max_rate":101254.41,"is_open":false,"enter_tag":"","leverage":1.0,"is_short":false,"open_timestamp":1733994360000,"close_timestamp":1734009480000,"orders":[{"amount":0.00019,"safe_price":101102.06,"ft_order_side":"buy","order_filled_timestamp":1733994360000,"ft_is_entry":true,"ft_order_tag":"","cost":19.689626184999998},{"amount":0.00019,"safe_price":101040.86,"ft_order_side":"sell","order_filled_timestamp":1734009480000,"ft_is_entry":false,"ft_order_tag":"custom_exit","cost":19.677707485}],"funding_fees":0.0},{"pair":"BTC/USDT","stake_amount":19.238336,"max_stake_amount":19.238336,"amount":0.00019,"open_date":"2024-12-12 13:19:00+00:00","close_date":"2024-12-12 13:20:00+00:00","open_rate":101254.4,"close_rate":101311.24,"fee_open":0.025,"fee_close":0.025,"trade_duration":1,"profit_ratio":-0.04824651281640179,"profit_abs":-0.95138719,"exit_reason":"custom_exit","initial_stop_loss_abs":70878.08,"initial_stop_loss_ratio":-0.3,"stop_loss_abs":70878.08,"stop_loss_ratio":-0.3,"min_rate":101161.97,"max_rate":101435.04,"is_open":false,"enter_tag":"","leverage":1.0,"is_short":false,"open_timestamp":1734009540000,"close_timestamp":1734009600000,"orders":[{"amount":0.00019,"safe_price":101254.4,"ft_order_side":"buy","order_filled_timestamp":1734009540000,"ft_is_entry":true,"ft_order_tag":"","cost":19.7192944},{"amount":0.00019,"safe_price":101311.24,"ft_order_side":"sell","order_filled_timestamp":1734009600000,"ft_is_entry":false,"ft_order_tag":"custom_exit","cost":19.73036399}],"funding_fees":0.0},{"pair":"BTC/USDT","stake_amount":19.2726576,"max_stake_amount":19.2726576,"amount":0.00019,"open_date":"2024-12-12 13:21:00+00:00","close_date":"2024-12-12 15:08:00+00:00","open_rate":101435.04,"close_rate":101483.01,"fee_open":0.025,"fee_close":0.025,"trade_duration":107,"profit_ratio":-0.04833064338067286,"profit_abs":-0.95474644,"exit_reason":"custom_exit","initial_stop_loss_abs":71004.53,"initial_stop_loss_ratio":-0.3,"stop_loss_abs":71004.53,"stop_loss_ratio":-0.3,"min_rate":100540.74,"max_rate":101754.17,"is_open":false,"enter_tag":"","leverage":1.0,"is_short":false,"open_timestamp":1734009660000,"close_timestamp":1734016080000,"orders":[{"amount":0.00019,"safe_price":101435.04,"ft_order_side":"buy","order_filled_timestamp":1734009660000,"ft_is_entry":true,"ft_order_tag":"","cost":19.754474039999998},{"amount":0.00019,"safe_price":101483.01,"ft_order_side":"sell","order_filled_timestamp":1734016080000,"ft_is_entry":false,"ft_order_tag":"custom_exit","cost":19.7638161975}],"funding_fees":0.0},{"pair":"BTC/USDT","stake_amount":19.3353215,"max_stake_amount":19.3353215,"amount":0.00019,"open_date":"2024-12-12 15:47:00+00:00","close_date":"2024-12-12 16:02:00+00:00","open_rate":101764.85,"close_rate":102007.99,"fee_open":0.025,"fee_close":0.025,"trade_duration":15,"profit_ratio":-0.04650780217526112,"profit_abs":-0.92172439,"exit_reason":"custom_exit","initial_stop_loss_abs":71235.4,"initial_stop_loss_ratio":-0.3,"stop_loss_abs":71235.4,"stop_loss_ratio":-0.3,"min_rate":101476.0,"max_rate":102298.65,"is_open":false,"enter_tag":"","leverage":1.0,"is_short":false,"open_timestamp":1734018420000,"close_timestamp":1734019320000,"orders":[{"amount":0.00019,"safe_price":101764.85,"ft_order_side":"buy","order_filled_timestamp":1734018420000,"ft_is_entry":true,"ft_order_tag":"","cost":19.8187045375},{"amount":0.00019,"safe_price":102007.99,"ft_order_side":"sell","order_filled_timestamp":1734019320000,"ft_is_entry":false,"ft_order_tag":"custom_exit","cost":19.8660560525}],"funding_fees":0.0},{"pair":"BTC/USDT","stake_amount":19.4286438,"max_stake_amount":19.4286438,"amount":0.00019,"open_date":"2024-12-12 16:03:00+00:00","close_date":"2024-12-12 17:52:00+00:00","open_rate":102256.02,"close_rate":101423.97,"fee_open":0.025,"fee_close":0.025,"trade_duration":109,"profit_ratio":-0.056520493550114174,"profit_abs":-1.12556945,"exit_reason":"custom_exit","initial_stop_loss_abs":71579.22,"initial_stop_loss_ratio":-0.3,"stop_loss_abs":71579.22,"stop_loss_ratio":-0.3,"min_rate":101227.27,"max_rate":102540.0,"is_open":false,"enter_tag":"","leverage":1.0,"is_short":false,"open_timestamp":1734019380000,"close_timestamp":1734025920000,"orders":[{"amount":0.00019,"safe_price":102256.02,"ft_order_side":"buy","order_filled_timestamp":1734019380000,"ft_is_entry":true,"ft_order_tag":"","cost":19.914359895},{"amount":0.00019,"safe_price":101423.97,"ft_order_side":"sell","order_filled_timestamp":1734025920000,"ft_is_entry":false,"ft_order_tag":"custom_exit","cost":19.7523181575}],"funding_fees":0.0},{"pair":"BTC/USDT","stake_amount":19.109953,"max_stake_amount":19.109953,"amount":0.00019,"open_date":"2024-12-13 14:34:00+00:00","close_date":"2024-12-13 14:39:00+00:00","open_rate":100578.7,"close_rate":100691.96,"fee_open":0.025,"fee_close":0.025,"trade_duration":5,"profit_ratio":-0.04770933559991538,"profit_abs":-0.93451624,"exit_reason":"custom_exit","initial_stop_loss_abs":70405.09,"initial_stop_loss_ratio":-0.3,"stop_loss_abs":70405.09,"stop_loss_ratio":-0.3,"min_rate":100443.03,"max_rate":100794.12,"is_open":false,"enter_tag":"","leverage":1.0,"is_short":false,"open_timestamp":1734100440000,"close_timestamp":1734100740000,"orders":[{"amount":0.00019,"safe_price":100578.7,"ft_order_side":"buy","order_filled_timestamp":1734100440000,"ft_is_entry":true,"ft_order_tag":"","cost":19.587701825},{"amount":0.00019,"safe_price":100691.96,"ft_order_side":"sell","order_filled_timestamp":1734100740000,"ft_is_entry":false,"ft_order_tag":"custom_exit","cost":19.60975921}],"funding_fees":0.0},{"pair":"BTC/USDT","stake_amount":19.1543826,"max_stake_amount":19.1543826,"amount":0.00019,"open_date":"2024-12-13 14:41:00+00:00","close_date":"2024-12-13 15:03:00+00:00","open_rate":100812.54,"close_rate":100978.76,"fee_open":0.025,"fee_close":0.025,"trade_duration":22,"profit_ratio":-0.04721211413835785,"profit_abs":-0.92692687,"exit_reason":"custom_exit","initial_stop_loss_abs":70568.78,"initial_stop_loss_ratio":-0.3,"stop_loss_abs":70568.78,"stop_loss_ratio":-0.3,"min_rate":100620.78,"max_rate":101170.0,"is_open":false,"enter_tag":"","leverage":1.0,"is_short":false,"open_timestamp":1734100860000,"close_timestamp":1734102180000,"orders":[{"amount":0.00019,"safe_price":100812.54,"ft_order_side":"buy","order_filled_timestamp":1734100860000,"ft_is_entry":true,"ft_order_tag":"","cost":19.633242164999995},{"amount":0.00019,"safe_price":100978.76,"ft_order_side":"sell","order_filled_timestamp":1734102180000,"ft_is_entry":false,"ft_order_tag":"custom_exit","cost":19.665613509999996}],"funding_fees":0.0},{"pair":"BTC/USDT","stake_amount":19.2299665,"max_stake_amount":19.2299665,"amount":0.00019,"open_date":"2024-12-13 15:13:00+00:00","close_date":"2024-12-13 17:38:00+00:00","open_rate":101210.35,"close_rate":101257.17,"fee_open":0.025,"fee_close":0.025,"trade_duration":145,"profit_ratio":-0.048340452793034144,"profit_abs":-0.95282492,"exit_reason":"custom_exit","initial_stop_loss_abs":70847.25,"initial_stop_loss_ratio":-0.3,"stop_loss_abs":70847.25,"stop_loss_ratio":-0.3,"min_rate":99700.0,"max_rate":101500.0,"is_open":false,"enter_tag":"","leverage":1.0,"is_short":false,"open_timestamp":1734102780000,"close_timestamp":1734111480000,"orders":[{"amount":0.00019,"safe_price":101210.35,"ft_order_side":"buy","order_filled_timestamp":1734102780000,"ft_is_entry":true,"ft_order_tag":"","cost":19.7107156625},{"amount":0.00019,"safe_price":101257.17,"ft_order_side":"sell","order_filled_timestamp":1734111480000,"ft_is_entry":false,"ft_order_tag":"custom_exit","cost":19.7198338575}],"funding_fees":0.0},{"pair":"BTC/USDT","stake_amount":19.2807345,"max_stake_amount":19.2807345,"amount":0.00019,"open_date":"2024-12-13 17:39:00+00:00","close_date":"2024-12-13 18:12:00+00:00","open_rate":101477.55,"close_rate":101590.56,"fee_open":0.025,"fee_close":0.025,"trade_duration":33,"profit_ratio":-0.047721166507604496,"profit_abs":-0.94310162,"exit_reason":"custom_exit","initial_stop_loss_abs":71034.29,"initial_stop_loss_ratio":-0.3,"stop_loss_abs":71034.29,"stop_loss_ratio":-0.3,"min_rate":101333.6,"max_rate":101823.54,"is_open":false,"enter_tag":"","leverage":1.0,"is_short":false,"open_timestamp":1734111540000,"close_timestamp":1734113520000,"orders":[{"amount":0.00019,"safe_price":101477.55,"ft_order_side":"buy","order_filled_timestamp":1734111540000,"ft_is_entry":true,"ft_order_tag":"","cost":19.7627528625},{"amount":0.00019,"safe_price":101590.56,"ft_order_side":"sell","order_filled_timestamp":1734113520000,"ft_is_entry":false,"ft_order_tag":"custom_exit","cost":19.784761559999996}],"funding_fees":0.0},{"pair":"BTC/USDT","stake_amount":19.3153962,"max_stake_amount":19.3153962,"amount":0.00019,"open_date":"2024-12-13 20:24:00+00:00","close_date":"2024-12-13 20:48:00+00:00","open_rate":101659.98,"close_rate":101700.6,"fee_open":0.025,"fee_close":0.025,"trade_duration":24,"profit_ratio":-0.04840041188009993,"profit_abs":-0.95824496,"exit_reason":"custom_exit","initial_stop_loss_abs":71161.99,"initial_stop_loss_ratio":-0.3,"stop_loss_abs":71161.99,"stop_loss_ratio":-0.3,"min_rate":101598.43,"max_rate":101879.98,"is_open":false,"enter_tag":"","leverage":1.0,"is_short":false,"open_timestamp":1734121440000,"close_timestamp":1734122880000,"orders":[{"amount":0.00019,"safe_price":101659.98,"ft_order_side":"buy","order_filled_timestamp":1734121440000,"ft_is_entry":true,"ft_order_tag":"","cost":19.798281104999997},{"amount":0.00019,"safe_price":101700.6,"ft_order_side":"sell","order_filled_timestamp":1734122880000,"ft_is_entry":false,"ft_order_tag":"custom_exit","cost":19.80619185}],"funding_fees":0.0},{"pair":"BTC/USDT","stake_amount":19.2757375,"max_stake_amount":19.2757375,"amount":0.00019,"open_date":"2024-12-13 23:57:00+00:00","close_date":"2024-12-14 01:00:00+00:00","open_rate":101451.25,"close_rate":101301.07,"fee_open":0.025,"fee_close":0.025,"trade_duration":63,"profit_ratio":-0.05018859412531731,"profit_abs":-0.99160772,"exit_reason":"custom_exit","initial_stop_loss_abs":71015.88,"initial_stop_loss_ratio":-0.3,"stop_loss_abs":71015.88,"stop_loss_ratio":-0.3,"min_rate":101148.35,"max_rate":101731.97,"is_open":false,"enter_tag":"","leverage":1.0,"is_short":false,"open_timestamp":1734134220000,"close_timestamp":1734138000000,"orders":[{"amount":0.00019,"safe_price":101451.25,"ft_order_side":"buy","order_filled_timestamp":1734134220000,"ft_is_entry":true,"ft_order_tag":"","cost":19.7576309375},{"amount":0.00019,"safe_price":101301.07,"ft_order_side":"sell","order_filled_timestamp":1734138000000,"ft_is_entry":false,"ft_order_tag":"custom_exit","cost":19.728383382500002}],"funding_fees":0.0},{"pair":"BTC/USDT","stake_amount":19.3415041,"max_stake_amount":19.3415041,"amount":0.00019,"open_date":"2024-12-14 01:02:00+00:00","close_date":"2024-12-14 01:02:00+00:00","open_rate":101797.39,"close_rate":101797.39,"fee_open":0.025,"fee_close":0.025,"trade_duration":0,"profit_ratio":-0.048780487552671774,"profit_abs":-0.9670752,"exit_reason":"custom_exit","initial_stop_loss_abs":71258.18,"initial_stop_loss_ratio":-0.3,"stop_loss_abs":71258.18,"stop_loss_ratio":-0.3,"min_rate":101740.46,"max_rate":102000.0,"is_open":false,"enter_tag":"","leverage":1.0,"is_short":false,"open_timestamp":1734138120000,"close_timestamp":1734138120000,"orders":[{"amount":0.00019,"safe_price":101797.39,"ft_order_side":"buy","order_filled_timestamp":1734138120000,"ft_is_entry":true,"ft_order_tag":"","cost":19.8250417025},{"amount":0.00019,"safe_price":101797.39,"ft_order_side":"sell","order_filled_timestamp":1734138120000,"ft_is_entry":false,"ft_order_tag":"custom_exit","cost":19.8250417025}],"funding_fees":0.0},{"pair":"BTC/USDT","stake_amount":19.3420019,"max_stake_amount":19.3420019,"amount":0.00019,"open_date":"2024-12-14 01:03:00+00:00","close_date":"2024-12-14 01:03:00+00:00","open_rate":101800.01,"close_rate":101800.01,"fee_open":0.025,"fee_close":0.025,"trade_duration":0,"profit_ratio":-0.04878048755267826,"profit_abs":-0.96710009,"exit_reason":"custom_exit","initial_stop_loss_abs":71260.01,"initial_stop_loss_ratio":-0.3,"stop_loss_abs":71260.01,"stop_loss_ratio":-0.3,"min_rate":101700.0,"max_rate":102119.88,"is_open":false,"enter_tag":"","leverage":1.0,"is_short":false,"open_timestamp":1734138180000,"close_timestamp":1734138180000,"orders":[{"amount":0.00019,"safe_price":101800.01,"ft_order_side":"buy","order_filled_timestamp":1734138180000,"ft_is_entry":true,"ft_order_tag":"","cost":19.8255519475},{"amount":0.00019,"safe_price":101800.01,"ft_order_side":"sell","order_filled_timestamp":1734138180000,"ft_is_entry":false,"ft_order_tag":"custom_exit","cost":19.8255519475}],"funding_fees":0.0},{"pair":"BTC/USDT","stake_amount":19.3719288,"max_stake_amount":19.3719288,"amount":0.00019,"open_date":"2024-12-14 01:04:00+00:00","close_date":"2024-12-14 01:05:00+00:00","open_rate":101957.52,"close_rate":102016.36,"fee_open":0.025,"fee_close":0.025,"trade_duration":1,"profit_ratio":-0.048231536083636097,"profit_abs":-0.95769633,"exit_reason":"custom_exit","initial_stop_loss_abs":71370.27,"initial_stop_loss_ratio":-0.3,"stop_loss_abs":71370.27,"stop_loss_ratio":-0.3,"min_rate":101898.25,"max_rate":102126.36,"is_open":false,"enter_tag":"","leverage":1.0,"is_short":false,"open_timestamp":1734138240000,"close_timestamp":1734138300000,"orders":[{"amount":0.00019,"safe_price":101957.52,"ft_order_side":"buy","order_filled_timestamp":1734138240000,"ft_is_entry":true,"ft_order_tag":"","cost":19.856227020000002},{"amount":0.00019,"safe_price":102016.36,"ft_order_side":"sell","order_filled_timestamp":1734138300000,"ft_is_entry":false,"ft_order_tag":"custom_exit","cost":19.86768611}],"funding_fees":0.0},{"pair":"BTC/USDT","stake_amount":19.4412427,"max_stake_amount":19.4412427,"amount":0.00019,"open_date":"2024-12-14 01:18:00+00:00","close_date":"2024-12-14 01:23:00+00:00","open_rate":102322.33,"close_rate":102381.08,"fee_open":0.025,"fee_close":0.025,"trade_duration":5,"profit_ratio":-0.04823433005510346,"profit_abs":-0.9611787,"exit_reason":"custom_exit","initial_stop_loss_abs":71625.64,"initial_stop_loss_ratio":-0.3,"stop_loss_abs":71625.64,"stop_loss_ratio":-0.3,"min_rate":102180.74,"max_rate":102498.0,"is_open":false,"enter_tag":"","leverage":1.0,"is_short":false,"open_timestamp":1734139080000,"close_timestamp":1734139380000,"orders":[{"amount":0.00019,"safe_price":102322.33,"ft_order_side":"buy","order_filled_timestamp":1734139080000,"ft_is_entry":true,"ft_order_tag":"","cost":19.927273767499997},{"amount":0.00019,"safe_price":102381.08,"ft_order_side":"sell","order_filled_timestamp":1734139380000,"ft_is_entry":false,"ft_order_tag":"custom_exit","cost":19.93871533}],"funding_fees":0.0},{"pair":"BTC/USDT","stake_amount":19.4913248,"max_stake_amount":19.4913248,"amount":0.00019,"open_date":"2024-12-14 01:26:00+00:00","close_date":"2024-12-14 08:26:00+00:00","open_rate":102585.92,"close_rate":101704.19,"fee_open":0.025,"fee_close":0.025,"trade_duration":420,"profit_ratio":-0.05695625663992709,"profit_abs":-1.13790672,"exit_reason":"custom_exit","initial_stop_loss_abs":71810.15,"initial_stop_loss_ratio":-0.3,"stop_loss_abs":71810.15,"stop_loss_ratio":-0.3,"min_rate":101590.9,"max_rate":102650.0,"is_open":false,"enter_tag":"","leverage":1.0,"is_short":false,"open_timestamp":1734139560000,"close_timestamp":1734164760000,"orders":[{"amount":0.00019,"safe_price":102585.92,"ft_order_side":"buy","order_filled_timestamp":1734139560000,"ft_is_entry":true,"ft_order_tag":"","cost":19.978607919999998},{"amount":0.00019,"safe_price":101704.19,"ft_order_side":"sell","order_filled_timestamp":1734164760000,"ft_is_entry":false,"ft_order_tag":"custom_exit","cost":19.806891002500002}],"funding_fees":0.0},{"pair":"BTC/USDT","stake_amount":19.307724,"max_stake_amount":19.307724,"amount":0.00019,"open_date":"2024-12-14 16:57:00+00:00","close_date":"2024-12-14 17:10:00+00:00","open_rate":101619.6,"close_rate":101647.05,"fee_open":0.025,"fee_close":0.025,"trade_duration":13,"profit_ratio":-0.048523539708518824,"profit_abs":-0.96030109,"exit_reason":"custom_exit","initial_stop_loss_abs":71133.72,"initial_stop_loss_ratio":-0.3,"stop_loss_abs":71133.72,"stop_loss_ratio":-0.3,"min_rate":101608.99,"max_rate":101711.99,"is_open":false,"enter_tag":"","leverage":1.0,"is_short":false,"open_timestamp":1734195420000,"close_timestamp":1734196200000,"orders":[{"amount":0.00019,"safe_price":101619.6,"ft_order_side":"buy","order_filled_timestamp":1734195420000,"ft_is_entry":true,"ft_order_tag":"","cost":19.790417100000003},{"amount":0.00019,"safe_price":101647.05,"ft_order_side":"sell","order_filled_timestamp":1734196200000,"ft_is_entry":false,"ft_order_tag":"custom_exit","cost":19.7957629875}],"funding_fees":0.0},{"pair":"BTC/USDT","stake_amount":19.3252762,"max_stake_amount":19.3252762,"amount":0.00019,"open_date":"2024-12-14 17:11:00+00:00","close_date":"2024-12-15 00:00:00+00:00","open_rate":101711.98,"close_rate":101420.0,"fee_open":0.025,"fee_close":0.025,"trade_duration":409,"profit_ratio":-0.05151111106916484,"profit_abs":-1.02035311,"exit_reason":"force_exit","initial_stop_loss_abs":71198.39,"initial_stop_loss_ratio":-0.3,"stop_loss_abs":71198.39,"stop_loss_ratio":-0.3,"min_rate":100609.41,"max_rate":101737.7,"is_open":false,"enter_tag":"","leverage":1.0,"is_short":false,"open_timestamp":1734196260000,"close_timestamp":1734220800000,"orders":[{"amount":0.00019,"safe_price":101711.98,"ft_order_side":"buy","order_filled_timestamp":1734196260000,"ft_is_entry":true,"ft_order_tag":"","cost":19.808408104999998},{"amount":0.00019,"safe_price":101420.0,"ft_order_side":"sell","order_filled_timestamp":1734220800000,"ft_is_entry":false,"ft_order_tag":"force_exit","cost":19.751544999999997}],"funding_fees":0.0}],"locks":[],"best_pair":{"key":"BTC/USDT","trades":70,"profit_mean":-0.04997779126477466,"profit_mean_pct":-5.0,"profit_sum":-3.4984453885342264,"profit_sum_pct":-349.84,"profit_total_abs":-69.65581047000002,"profit_total":-0.06965581047000002,"profit_total_pct":-6.97,"duration_avg":"2:11:00","wins":0,"draws":0,"losses":70,"winrate":0.0,"cagr":-0.84777178676663,"expectancy":-0.995083006714286,"expectancy_ratio":-1.0,"sortino":-639.0790390045936,"sharpe":-639.0790390045936,"calmar":-136.46409410387713,"sqn":-55.5729,"profit_factor":0.0,"max_drawdown_account":0.06965581047000001,"max_drawdown_abs":69.65581047000002},"worst_pair":{"key":"BTC/USDT","trades":70,"profit_mean":-0.04997779126477466,"profit_mean_pct":-5.0,"profit_sum":-3.4984453885342264,"profit_sum_pct":-349.84,"profit_total_abs":-69.65581047000002,"profit_total":-0.06965581047000002,"profit_total_pct":-6.97,"duration_avg":"2:11:00","wins":0,"draws":0,"losses":70,"winrate":0.0,"cagr":-0.84777178676663,"expectancy":-0.995083006714286,"expectancy_ratio":-1.0,"sortino":-639.0790390045936,"sharpe":-639.0790390045936,"calmar":-136.46409410387713,"sqn":-55.5729,"profit_factor":0.0,"max_drawdown_account":0.06965581047000001,"max_drawdown_abs":69.65581047000002},"results_per_pair":[{"key":"BTC/USDT","trades":70,"profit_mean":-0.04997779126477466,"profit_mean_pct":-5.0,"profit_sum":-3.4984453885342264,"profit_sum_pct":-349.84,"profit_total_abs":-69.65581047000002,"profit_total":-0.06965581047000002,"profit_total_pct":-6.97,"duration_avg":"2:11:00","wins":0,"draws":0,"losses":70,"winrate":0.0,"cagr":-0.84777178676663,"expectancy":-0.995083006714286,"expectancy_ratio":-1.0,"sortino":-639.0790390045936,"sharpe":-639.0790390045936,"calmar":-136.46409410387713,"sqn":-55.5729,"profit_factor":0.0,"max_drawdown_account":0.06965581047000001,"max_drawdown_abs":69.65581047000002},{"key":"TOTAL","trades":70,"profit_mean":-0.04997779126477466,"profit_mean_pct":-5.0,"profit_sum":-3.4984453885342264,"profit_sum_pct":-349.84,"profit_total_abs":-69.65581047000002,"profit_total":-0.06965581047000002,"profit_total_pct":-6.97,"duration_avg":"2:11:00","wins":0,"draws":0,"losses":70,"winrate":0.0,"cagr":-0.84777178676663,"expectancy":-0.995083006714286,"expectancy_ratio":-1.0,"sortino":-639.0790390045936,"sharpe":-639.0790390045936,"calmar":-136.46409410387713,"sqn":-55.5729,"profit_factor":0.0,"max_drawdown_account":0.06965581047000001,"max_drawdown_abs":69.65581047000002}],"results_per_enter_tag":[{"key":"","trades":70,"profit_mean":-0.04997779126477466,"profit_mean_pct":-5.0,"profit_sum":-3.4984453885342264,"profit_sum_pct":-349.84,"profit_total_abs":-69.65581047000002,"profit_total":-0.06965581047000002,"profit_total_pct":-6.97,"duration_avg":"2:11:00","wins":0,"draws":0,"losses":70,"winrate":0.0,"cagr":-0.84777178676663,"expectancy":-0.995083006714286,"expectancy_ratio":-1.0,"sortino":-639.0790390045936,"sharpe":-639.0790390045936,"calmar":-136.46409410387713,"sqn":-55.5729,"profit_factor":0.0,"max_drawdown_account":0.06965581047000001,"max_drawdown_abs":69.65581047000002},{"key":"TOTAL","trades":70,"profit_mean":-0.04997779126477466,"profit_mean_pct":-5.0,"profit_sum":-3.4984453885342264,"profit_sum_pct":-349.84,"profit_total_abs":-69.65581047000002,"profit_total":-0.06965581047000002,"profit_total_pct":-6.97,"duration_avg":"2:11:00","wins":0,"draws":0,"losses":70,"winrate":0.0,"cagr":-0.84777178676663,"expectancy":-0.995083006714286,"expectancy_ratio":-1.0,"sortino":-639.0790390045936,"sharpe":-639.0790390045936,"calmar":-136.46409410387713,"sqn":-55.5729,"profit_factor":0.0,"max_drawdown_account":0.06965581047000001,"max_drawdown_abs":69.65581047000002}],"exit_reason_summary":[{"key":"force_exit","trades":1,"profit_mean":-0.05151111106916484,"profit_mean_pct":-5.15,"profit_sum":-0.05151111106916484,"profit_sum_pct":-5.15,"profit_total_abs":-1.02035311,"profit_total":-0.00102035311,"profit_total_pct":-0.1,"duration_avg":"6:49:00","wins":0,"draws":0,"losses":1,"winrate":0.0,"cagr":-0.026264569543431926,"expectancy":-1.02035311,"expectancy_ratio":-1.0,"sortino":-100,"sharpe":-100,"calmar":-136.46409410388068,"sqn":-100.0,"profit_factor":0.0,"max_drawdown_account":0.0010203531099999736,"max_drawdown_abs":1.02035311},{"key":"custom_exit","trades":69,"profit_mean":-0.04995556923862408,"profit_mean_pct":-5.0,"profit_sum":-3.4469342774650613,"profit_sum_pct":-344.69,"profit_total_abs":-68.63545736000002,"profit_total":-0.06863545736000001,"profit_total_pct":-6.86,"duration_avg":"2:07:00","wins":0,"draws":0,"losses":69,"winrate":0.0,"cagr":-0.843358631444642,"expectancy":-0.9947167733333336,"expectancy_ratio":-1.0,"sortino":-625.3341406798468,"sharpe":-625.3341406798468,"calmar":-136.4640941038771,"sqn":-54.7645,"profit_factor":0.0,"max_drawdown_account":0.06863545736000003,"max_drawdown_abs":68.63545736000002},{"key":"TOTAL","trades":70,"profit_mean":-0.04997779126477466,"profit_mean_pct":-5.0,"profit_sum":-3.4984453885342264,"profit_sum_pct":-349.84,"profit_total_abs":-69.65581047000002,"profit_total":-0.06965581047000002,"profit_total_pct":-6.97,"duration_avg":"2:11:00","wins":0,"draws":0,"losses":70,"winrate":0.0,"cagr":-0.84777178676663,"expectancy":-0.995083006714286,"expectancy_ratio":-1.0,"sortino":-639.0790390045936,"sharpe":-639.0790390045936,"calmar":-136.46409410387713,"sqn":-55.5729,"profit_factor":0.0,"max_drawdown_account":0.06965581047000001,"max_drawdown_abs":69.65581047000002}],"mix_tag_stats":[{"key":["","force_exit"],"trades":1,"profit_mean":-0.05151111106916484,"profit_mean_pct":-5.15,"profit_sum":-0.05151111106916484,"profit_sum_pct":-5.15,"profit_total_abs":-1.02035311,"profit_total":-0.00102035311,"profit_total_pct":-0.1,"duration_avg":"6:49:00","wins":0,"draws":0,"losses":1,"winrate":0.0,"cagr":-0.026264569543431926,"expectancy":-1.02035311,"expectancy_ratio":-1.0,"sortino":-100,"sharpe":-100,"calmar":-136.46409410388068,"sqn":-100.0,"profit_factor":0.0,"max_drawdown_account":0.0010203531099999736,"max_drawdown_abs":1.02035311},{"key":["","custom_exit"],"trades":69,"profit_mean":-0.04995556923862408,"profit_mean_pct":-5.0,"profit_sum":-3.4469342774650613,"profit_sum_pct":-344.69,"profit_total_abs":-68.63545736000002,"profit_total":-0.06863545736000001,"profit_total_pct":-6.86,"duration_avg":"2:07:00","wins":0,"draws":0,"losses":69,"winrate":0.0,"cagr":-0.843358631444642,"expectancy":-0.9947167733333336,"expectancy_ratio":-1.0,"sortino":-625.3341406798468,"sharpe":-625.3341406798468,"calmar":-136.4640941038771,"sqn":-54.7645,"profit_factor":0.0,"max_drawdown_account":0.06863545736000003,"max_drawdown_abs":68.63545736000002},{"key":"TOTAL","trades":70,"profit_mean":-0.04997779126477466,"profit_mean_pct":-5.0,"profit_sum":-3.4984453885342264,"profit_sum_pct":-349.84,"profit_total_abs":-69.65581047000002,"profit_total":-0.06965581047000002,"profit_total_pct":-6.97,"duration_avg":"2:11:00","wins":0,"draws":0,"losses":70,"winrate":0.0,"cagr":-0.84777178676663,"expectancy":-0.995083006714286,"expectancy_ratio":-1.0,"sortino":-639.0790390045936,"sharpe":-639.0790390045936,"calmar":-136.46409410387713,"sqn":-55.5729,"profit_factor":0.0,"max_drawdown_account":0.06965581047000001,"max_drawdown_abs":69.65581047000002}],"left_open_trades":[{"key":"BTC/USDT","trades":1,"profit_mean":-0.05151111106916484,"profit_mean_pct":-5.15,"profit_sum":-0.05151111106916484,"profit_sum_pct":-5.15,"profit_total_abs":-1.02035311,"profit_total":-0.00102035311,"profit_total_pct":-0.1,"duration_avg":"6:49:00","wins":0,"draws":0,"losses":1,"winrate":0.0,"cagr":-0.026264569543431926,"expectancy":-1.02035311,"expectancy_ratio":-1.0,"sortino":-100,"sharpe":-100,"calmar":-136.46409410388068,"sqn":-100.0,"profit_factor":0.0,"max_drawdown_account":0.0010203531099999736,"max_drawdown_abs":1.02035311},{"key":"TOTAL","trades":1,"profit_mean":-0.05151111106916484,"profit_mean_pct":-5.15,"profit_sum":-0.05151111106916484,"profit_sum_pct":-5.15,"profit_total_abs":-1.02035311,"profit_total":-0.00102035311,"profit_total_pct":-0.1,"duration_avg":"6:49:00","wins":0,"draws":0,"losses":1,"winrate":0.0,"cagr":-0.026264569543431926,"expectancy":-1.02035311,"expectancy_ratio":-1.0,"sortino":-100,"sharpe":-100,"calmar":-136.46409410388068,"sqn":-100.0,"profit_factor":0.0,"max_drawdown_account":0.0010203531099999736,"max_drawdown_abs":1.02035311}],"total_trades":70,"trade_count_long":70,"trade_count_short":0,"total_volume":2785.3190532549997,"avg_stake_amount":19.42218315428571,"profit_mean":-0.04997779126477466,"profit_median":-0.048326904577713416,"profit_total":-0.06965581047000002,"profit_total_long":-0.06965581047000002,"profit_total_short":0.0,"profit_total_abs":-69.65581047000002,"profit_total_long_abs":-69.65581047000002,"profit_total_short_abs":0.0,"cagr":-0.84777178676663,"expectancy":-0.995083006714286,"expectancy_ratio":-1.0,"sortino":-639.0790390045936,"sharpe":-639.0790390045936,"calmar":-136.46409410387713,"sqn":-55.5729,"profit_factor":0.0,"backtest_start":"2024-12-01 00:00:00","backtest_start_ts":1733011200000,"backtest_end":"2024-12-15 00:00:00","backtest_end_ts":1734220800000,"backtest_days":14,"backtest_run_start_ts":1752176665,"backtest_run_end_ts":1752176666,"trades_per_day":5.0,"market_change":0.051825039428903485,"pairlist":["BTC/USDT"],"stake_amount":20,"stake_currency":"USDT","stake_currency_decimals":3,"starting_balance":1000,"dry_run_wallet":1000,"final_balance":930.34418953,"rejected_signals":0,"timedout_entry_orders":0,"timedout_exit_orders":0,"canceled_trade_entries":0,"canceled_entry_orders":0,"replaced_entry_orders":0,"max_open_trades":1,"max_open_trades_setting":5,"timeframe":"1m","timeframe_detail":"","timerange":"20241201-20241215","enable_protections":false,"strategy_name":"MultiHorizonMomentum","stoploss":-0.3,"trailing_stop":false,"trailing_stop_positive":null,"trailing_stop_positive_offset":0.0,"trailing_only_offset_is_reached":false,"use_custom_stoploss":false,"minimal_roi":{},"use_exit_signal":true,"exit_profit_only":false,"exit_profit_offset":0.0,"ignore_roi_if_entry_signal":false,"trading_mode":"spot","margin_mode":"","periodic_breakdown":{"day":[{"date":"01/12/2024","date_ts":1733011200000,"profit_abs":-6.76451705,"wins":0,"draws":0,"losses":7,"trades":7,"profit_factor":0.0},{"date":"02/12/2024","date_ts":1733097600000,"profit_abs":-2.26960195,"wins":0,"draws":0,"losses":2,"trades":2,"profit_factor":0.0},{"date":"03/12/2024","date_ts":1733184000000,"profit_abs":0.0,"wins":0,"draws":0,"losses":0,"trades":0,"profit_factor":0.0},{"date":"04/12/2024","date_ts":1733270400000,"profit_abs":-6.5635479,"wins":0,"draws":0,"losses":7,"trades":7,"profit_factor":0.0},{"date":"05/12/2024","date_ts":1733356800000,"profit_abs":-10.81515344,"wins":0,"draws":0,"losses":11,"trades":11,"profit_factor":0.0},{"date":"06/12/2024","date_ts":1733443200000,"profit_abs":-3.86330102,"wins":0,"draws":0,"losses":3,"trades":3,"profit_factor":0.0},{"date":"07/12/2024","date_ts":1733529600000,"profit_abs":-4.34729252,"wins":0,"draws":0,"losses":4,"trades":4,"profit_factor":0.0},{"date":"08/12/2024","date_ts":1733616000000,"profit_abs":-7.71504975,"wins":0,"draws":0,"losses":8,"trades":8,"profit_factor":0.0},{"date":"09/12/2024","date_ts":1733702400000,"profit_abs":0.0,"wins":0,"draws":0,"losses":0,"trades":0,"profit_factor":0.0},{"date":"10/12/2024","date_ts":1733788800000,"profit_abs":0.0,"wins":0,"draws":0,"losses":0,"trades":0,"profit_factor":0.0},{"date":"11/12/2024","date_ts":1733875200000,"profit_abs":-8.5116397,"wins":0,"draws":0,"losses":9,"trades":9,"profit_factor":0.0},{"date":"12/12/2024","date_ts":1733961600000,"profit_abs":-6.12687357,"wins":0,"draws":0,"losses":6,"trades":6,"profit_factor":0.0},{"date":"13/12/2024","date_ts":1734048000000,"profit_abs":-4.71561461,"wins":0,"draws":0,"losses":5,"trades":5,"profit_factor":0.0},{"date":"14/12/2024","date_ts":1734134400000,"profit_abs":-6.94286585,"wins":0,"draws":0,"losses":7,"trades":7,"profit_factor":0.0},{"date":"15/12/2024","date_ts":1734220800000,"profit_abs":-1.02035311,"wins":0,"draws":0,"losses":1,"trades":1,"profit_factor":0.0}],"week":[{"date":"02/12/2024","date_ts":1733097600000,"profit_abs":-9.034119,"wins":0,"draws":0,"losses":9,"trades":9,"profit_factor":0.0},{"date":"09/12/2024","date_ts":1733702400000,"profit_abs":-33.30434463,"wins":0,"draws":0,"losses":33,"trades":33,"profit_factor":0.0},{"date":"16/12/2024","date_ts":1734307200000,"profit_abs":-27.31734684,"wins":0,"draws":0,"losses":28,"trades":28,"profit_factor":0.0}],"month":[{"date":"31/12/2024","date_ts":1735603200000,"profit_abs":-69.65581047,"wins":0,"draws":0,"losses":70,"trades":70,"profit_factor":0.0}],"year":[{"date":"31/12/2024","date_ts":1735603200000,"profit_abs":-69.65581047,"wins":0,"draws":0,"losses":70,"trades":70,"profit_factor":0.0}]},"backtest_best_day":0.0,"backtest_worst_day":-0.5382614323299565,"backtest_best_day_abs":0.0,"backtest_worst_day_abs":-10.81515344,"winning_days":0,"draw_days":3,"losing_days":12,"daily_profit":[["2024-12-01",-6.76451705],["2024-12-02",-2.26960195],["2024-12-03",0.0],["2024-12-04",-6.5635479],["2024-12-05",-10.81515344],["2024-12-06",-3.86330102],["2024-12-07",-4.34729252],["2024-12-08",-7.71504975],["2024-12-09",0.0],["2024-12-10",0.0],["2024-12-11",-8.5116397],["2024-12-12",-6.12687357],["2024-12-13",-4.71561461],["2024-12-14",-6.94286585],["2024-12-15",-1.02035311]],"wins":0,"losses":70,"draws":0,"winrate":0.0,"holding_avg":"2:11:00","holding_avg_s":7860.0,"winner_holding_min":"0d 00:00","winner_holding_min_s":0.0,"winner_holding_max":"0d 00:00","winner_holding_max_s":0.0,"winner_holding_avg":"0d 00:00","winner_holding_avg_s":0.0,"loser_holding_min":"0d 00:00","loser_holding_min_s":0.0,"loser_holding_max":"1d 00:25","loser_holding_max_s":87900.0,"loser_holding_avg":"0d 02:11","loser_holding_avg_s":7860.0,"max_consecutive_wins":0,"max_consecutive_losses":70,"max_drawdown_account":0.06965581047000001,"max_relative_drawdown":0.06965581047000001,"max_drawdown_abs":69.65581047000002,"drawdown_start":"2024-12-01 11:41:00","drawdown_start_ts":1733053260000.0,"drawdown_end":"2024-12-15 00:00:00","drawdown_end_ts":1734220800000.0,"max_drawdown_low":-69.65581047000002,"max_drawdown_high":-0.95676205,"csum_min":930.34418953,"csum_max":999.04323795}},"strategy_comparison":[{"key":"MultiHorizonMomentum","trades":70,"profit_mean":-0.04997779126477466,"profit_mean_pct":-5.0,"profit_sum":-3.4984453885342264,"profit_sum_pct":-349.84,"profit_total_abs":-69.65581047000002,"profit_total":-0.06965581047000002,"profit_total_pct":-6.97,"duration_avg":"2:11:00","wins":0,"draws":0,"losses":70,"winrate":0.0,"cagr":-0.84777178676663,"expectancy":-0.995083006714286,"expectancy_ratio":-1.0,"sortino":-639.0790390045936,"sharpe":-639.0790390045936,"calmar":-136.46409410387713,"sqn":-55.5729,"profit_factor":0.0,"max_drawdown_account":0.06965581047000001,"max_drawdown_abs":"69.656"}]}