{"strategy":{"MultiHorizonMomentum":{"trades":[{"pair":"BTC/USDT","stake_amount":99.4845592,"max_stake_amount":99.4845592,"amount":0.00104,"open_date":"2025-01-02 04:39:00+00:00","close_date":"2025-01-02 04:39:00+00:00","open_rate":95658.23,"close_rate":95658.23,"fee_open":0.1,"fee_close":0.1,"trade_duration":0,"profit_ratio":-0.18181818181818185,"profit_abs":-19.89691184,"exit_reason":"custom_exit","initial_stop_loss_abs":66960.77,"initial_stop_loss_ratio":-0.3,"stop_loss_abs":66960.77,"stop_loss_ratio":-0.3,"min_rate":95658.23,"max_rate":95768.79,"is_open":false,"enter_tag":"","leverage":1.0,"is_short":false,"open_timestamp":1735792740000,"close_timestamp":1735792740000,"orders":[{"amount":0.00104,"safe_price":95658.23,"ft_order_side":"buy","order_filled_timestamp":1735792740000,"ft_is_entry":true,"ft_order_tag":"","cost":109.43301512000001},{"amount":0.00104,"safe_price":95658.23,"ft_order_side":"sell","order_filled_timestamp":1735792740000,"ft_is_entry":false,"ft_order_tag":"custom_exit","cost":109.43301512000001}],"funding_fees":0.0},{"pair":"BTC/USDT","stake_amount":99.729708,"max_stake_amount":99.729708,"amount":0.00104,"open_date":"2025-01-02 04:42:00+00:00","close_date":"2025-01-02 04:42:00+00:00","open_rate":95893.95,"close_rate":95893.95,"fee_open":0.1,"fee_close":0.1,"trade_duration":0,"profit_ratio":-0.18181818181818182,"profit_abs":-19.9459416,"exit_reason":"custom_exit","initial_stop_loss_abs":67125.77,"initial_stop_loss_ratio":-0.3,"stop_loss_abs":67125.77,"stop_loss_ratio":-0.3,"min_rate":95883.11,"max_rate":95970.0,"is_open":false,"enter_tag":"","leverage":1.0,"is_short":false,"open_timestamp":1735792920000,"close_timestamp":1735792920000,"orders":[{"amount":0.00104,"safe_price":95893.95,"ft_order_side":"buy","order_filled_timestamp":1735792920000,"ft_is_entry":true,"ft_order_tag":"","cost":109.7026788},{"amount":0.00104,"safe_price":95893.95,"ft_order_side":"sell","order_filled_timestamp":1735792920000,"ft_is_entry":false,"ft_order_tag":"custom_exit","cost":109.7026788}],"funding_fees":0.0},{"pair":"BTC/USDT","stake_amount":99.324511,"max_stake_amount":99.324511,"amount":0.00101,"open_date":"2025-01-04 07:17:00+00:00","close_date":"2025-01-04 20:00:00+00:00","open_rate":98341.1,"close_rate":98166.26,"fee_open":0.1,"fee_close":0.1,"trade_duration":763,"profit_ratio":-0.18327282193397176,"profit_abs":-20.02383176,"exit_reason":"custom_exit","initial_stop_loss_abs":68838.77,"initial_stop_loss_ratio":-0.3,"stop_loss_abs":68838.77,"stop_loss_ratio":-0.3,"min_rate":97514.79,"max_rate":98490.0,"is_open":false,"enter_tag":"","leverage":1.0,"is_short":false,"open_timestamp":1735975020000,"close_timestamp":1736020800000,"orders":[{"amount":0.00101,"safe_price":98341.1,"ft_order_side":"buy","order_filled_timestamp":1735975020000,"ft_is_entry":true,"ft_order_tag":"","cost":109.25696210000002},{"amount":0.00101,"safe_price":98166.26,"ft_order_side":"sell","order_filled_timestamp":1736020800000,"ft_is_entry":false,"ft_order_tag":"custom_exit","cost":109.06271486000001}],"funding_fees":0.0},{"pair":"BTC/USDT","stake_amount":99.5083209,"max_stake_amount":99.5083209,"amount":0.00101,"open_date":"2025-01-04 20:37:00+00:00","close_date":"2025-01-04 20:40:00+00:00","open_rate":98523.09,"close_rate":98478.61,"fee_open":0.1,"fee_close":0.1,"trade_duration":3,"profit_ratio":-0.18218756454128487,"profit_abs":-19.9420965,"exit_reason":"custom_exit","initial_stop_loss_abs":68966.17,"initial_stop_loss_ratio":-0.3,"stop_loss_abs":68966.17,"stop_loss_ratio":-0.3,"min_rate":98468.0,"max_rate":98550.0,"is_open":false,"enter_tag":"","leverage":1.0,"is_short":false,"open_timestamp":1736023020000,"close_timestamp":1736023200000,"orders":[{"amount":0.00101,"safe_price":98523.09,"ft_order_side":"buy","order_filled_timestamp":1736023020000,"ft_is_entry":true,"ft_order_tag":"","cost":109.45915299},{"amount":0.00101,"safe_price":98478.61,"ft_order_side":"sell","order_filled_timestamp":1736023200000,"ft_is_entry":false,"ft_order_tag":"custom_exit","cost":109.40973571000002}],"funding_fees":0.0},{"pair":"BTC/USDT","stake_amount":99.5994027,"max_stake_amount":99.5994027,"amount":0.00101,"open_date":"2025-01-04 20:42:00+00:00","close_date":"2025-01-04 20:43:00+00:00","open_rate":98613.27,"close_rate":98580.21,"fee_open":0.1,"fee_close":0.1,"trade_duration":1,"profit_ratio":-0.18209247645326582,"profit_abs":-19.94993208,"exit_reason":"custom_exit","initial_stop_loss_abs":69029.29,"initial_stop_loss_ratio":-0.3,"stop_loss_abs":69029.29,"stop_loss_ratio":-0.3,"min_rate":98580.2,"max_rate":98671.02,"is_open":false,"enter_tag":"","leverage":1.0,"is_short":false,"open_timestamp":1736023320000,"close_timestamp":1736023380000,"orders":[{"amount":0.00101,"safe_price":98613.27,"ft_order_side":"buy","order_filled_timestamp":1736023320000,"ft_is_entry":true,"ft_order_tag":"","cost":109.55934297000002},{"amount":0.00101,"safe_price":98580.21,"ft_order_side":"sell","order_filled_timestamp":1736023380000,"ft_is_entry":false,"ft_order_tag":"custom_exit","cost":109.52261331000003}],"funding_fees":0.0},{"pair":"BTC/USDT","stake_amount":99.5900703,"max_stake_amount":99.5900703,"amount":0.00101,"open_date":"2025-01-04 20:44:00+00:00","close_date":"2025-01-04 20:56:00+00:00","open_rate":98604.03,"close_rate":98602.02,"fee_open":0.1,"fee_close":0.1,"trade_duration":12,"profit_ratio":-0.18183486009648894,"profit_abs":-19.91984115,"exit_reason":"custom_exit","initial_stop_loss_abs":69022.83,"initial_stop_loss_ratio":-0.3,"stop_loss_abs":69022.83,"stop_loss_ratio":-0.3,"min_rate":98521.98,"max_rate":98626.97,"is_open":false,"enter_tag":"","leverage":1.0,"is_short":false,"open_timestamp":1736023440000,"close_timestamp":1736024160000,"orders":[{"amount":0.00101,"safe_price":98604.03,"ft_order_side":"buy","order_filled_timestamp":1736023440000,"ft_is_entry":true,"ft_order_tag":"","cost":109.54907733000002},{"amount":0.00101,"safe_price":98602.02,"ft_order_side":"sell","order_filled_timestamp":1736024160000,"ft_is_entry":false,"ft_order_tag":"custom_exit","cost":109.54684422000003}],"funding_fees":0.0},{"pair":"BTC/USDT","stake_amount":99.7047659,"max_stake_amount":99.7047659,"amount":0.00101,"open_date":"2025-01-05 22:40:00+00:00","close_date":"2025-01-05 22:57:00+00:00","open_rate":98717.59,"close_rate":98687.4,"fee_open":0.1,"fee_close":0.1,"trade_duration":17,"profit_ratio":-0.18206839972859584,"profit_abs":-19.96839589,"exit_reason":"custom_exit","initial_stop_loss_abs":69102.32,"initial_stop_loss_ratio":-0.3,"stop_loss_abs":69102.32,"stop_loss_ratio":-0.3,"min_rate":98516.27,"max_rate":98738.6,"is_open":false,"enter_tag":"","leverage":1.0,"is_short":false,"open_timestamp":1736116800000,"close_timestamp":1736117820000,"orders":[{"amount":0.00101,"safe_price":98717.59,"ft_order_side":"buy","order_filled_timestamp":1736116800000,"ft_is_entry":true,"ft_order_tag":"","cost":109.67524249},{"amount":0.00101,"safe_price":98687.4,"ft_order_side":"sell","order_filled_timestamp":1736117820000,"ft_is_entry":false,"ft_order_tag":"custom_exit","cost":109.6417014}],"funding_fees":0.0},{"pair":"BTC/USDT","stake_amount":99.8796373,"max_stake_amount":99.8796373,"amount":0.00101,"open_date":"2025-01-06 02:02:00+00:00","close_date":"2025-01-06 02:03:00+00:00","open_rate":98890.73,"close_rate":98866.41,"fee_open":0.1,"fee_close":0.1,"trade_duration":1,"profit_ratio":-0.18201939564093528,"profit_abs":-19.99803434,"exit_reason":"custom_exit","initial_stop_loss_abs":69223.52,"initial_stop_loss_ratio":-0.3,"stop_loss_abs":69223.52,"stop_loss_ratio":-0.3,"min_rate":98816.9,"max_rate":98939.4,"is_open":false,"enter_tag":"","leverage":1.0,"is_short":false,"open_timestamp":1736128920000,"close_timestamp":1736128980000,"orders":[{"amount":0.00101,"safe_price":98890.73,"ft_order_side":"buy","order_filled_timestamp":1736128920000,"ft_is_entry":true,"ft_order_tag":"","cost":109.86760103},{"amount":0.00101,"safe_price":98866.41,"ft_order_side":"sell","order_filled_timestamp":1736128980000,"ft_is_entry":false,"ft_order_tag":"custom_exit","cost":109.84058151000002}],"funding_fees":0.0},{"pair":"BTC/USDT","stake_amount":99.12003,"max_stake_amount":99.12003,"amount":0.001,"open_date":"2025-01-06 02:06:00+00:00","close_date":"2025-01-06 02:06:00+00:00","open_rate":99120.03,"close_rate":99120.03,"fee_open":0.1,"fee_close":0.1,"trade_duration":0,"profit_ratio":-0.18181818181818182,"profit_abs":-19.824006,"exit_reason":"custom_exit","initial_stop_loss_abs":69384.03,"initial_stop_loss_ratio":-0.3,"stop_loss_abs":69384.03,"stop_loss_ratio":-0.3,"min_rate":99023.01,"max_rate":99238.99,"is_open":false,"enter_tag":"","leverage":1.0,"is_short":false,"open_timestamp":1736129160000,"close_timestamp":1736129160000,"orders":[{"amount":0.001,"safe_price":99120.03,"ft_order_side":"buy","order_filled_timestamp":1736129160000,"ft_is_entry":true,"ft_order_tag":"","cost":109.03203300000001},{"amount":0.001,"safe_price":99120.03,"ft_order_side":"sell","order_filled_timestamp":1736129160000,"ft_is_entry":false,"ft_order_tag":"custom_exit","cost":109.03203300000001}],"funding_fees":0.0},{"pair":"BTC/USDT","stake_amount":99.05008,"max_stake_amount":99.05008,"amount":0.001,"open_date":"2025-01-06 02:07:00+00:00","close_date":"2025-01-06 02:07:00+00:00","open_rate":99050.08,"close_rate":99050.08,"fee_open":0.1,"fee_close":0.1,"trade_duration":0,"profit_ratio":-0.18181818181818182,"profit_abs":-19.810016,"exit_reason":"custom_exit","initial_stop_loss_abs":69335.06,"initial_stop_loss_ratio":-0.3,"stop_loss_abs":69335.06,"stop_loss_ratio":-0.3,"min_rate":99005.0,"max_rate":99240.0,"is_open":false,"enter_tag":"","leverage":1.0,"is_short":false,"open_timestamp":1736129220000,"close_timestamp":1736129220000,"orders":[{"amount":0.001,"safe_price":99050.08,"ft_order_side":"buy","order_filled_timestamp":1736129220000,"ft_is_entry":true,"ft_order_tag":"","cost":108.95508800000002},{"amount":0.001,"safe_price":99050.08,"ft_order_side":"sell","order_filled_timestamp":1736129220000,"ft_is_entry":false,"ft_order_tag":"custom_exit","cost":108.95508800000002}],"funding_fees":0.0},{"pair":"BTC/USDT","stake_amount":99.24001,"max_stake_amount":99.24001,"amount":0.001,"open_date":"2025-01-06 02:09:00+00:00","close_date":"2025-01-06 02:10:00+00:00","open_rate":99240.01,"close_rate":99222.2,"fee_open":0.1,"fee_close":0.1,"trade_duration":1,"profit_ratio":-0.1819650159245248,"profit_abs":-19.864031,"exit_reason":"custom_exit","initial_stop_loss_abs":69468.01,"initial_stop_loss_ratio":-0.3,"stop_loss_abs":69468.01,"stop_loss_ratio":-0.3,"min_rate":99196.85,"max_rate":99333.0,"is_open":false,"enter_tag":"","leverage":1.0,"is_short":false,"open_timestamp":1736129340000,"close_timestamp":1736129400000,"orders":[{"amount":0.001,"safe_price":99240.01,"ft_order_side":"buy","order_filled_timestamp":1736129340000,"ft_is_entry":true,"ft_order_tag":"","cost":109.164011},{"amount":0.001,"safe_price":99222.2,"ft_order_side":"sell","order_filled_timestamp":1736129400000,"ft_is_entry":false,"ft_order_tag":"custom_exit","cost":109.14442000000001}],"funding_fees":0.0},{"pair":"BTC/USDT","stake_amount":99.40739,"max_stake_amount":99.40739,"amount":0.001,"open_date":"2025-01-06 04:20:00+00:00","close_date":"2025-01-06 04:20:00+00:00","open_rate":99407.39,"close_rate":99407.39,"fee_open":0.1,"fee_close":0.1,"trade_duration":0,"profit_ratio":-0.18181818181818182,"profit_abs":-19.881478,"exit_reason":"custom_exit","initial_stop_loss_abs":69585.18,"initial_stop_loss_ratio":-0.3,"stop_loss_abs":69585.18,"stop_loss_ratio":-0.3,"min_rate":99360.66,"max_rate":99444.0,"is_open":false,"enter_tag":"","leverage":1.0,"is_short":false,"open_timestamp":1736137200000,"close_timestamp":1736137200000,"orders":[{"amount":0.001,"safe_price":99407.39,"ft_order_side":"buy","order_filled_timestamp":1736137200000,"ft_is_entry":true,"ft_order_tag":"","cost":109.34812900000001},{"amount":0.001,"safe_price":99407.39,"ft_order_side":"sell","order_filled_timestamp":1736137200000,"ft_is_entry":false,"ft_order_tag":"custom_exit","cost":109.34812900000001}],"funding_fees":0.0},{"pair":"BTC/USDT","stake_amount":99.54001,"max_stake_amount":99.54001,"amount":0.001,"open_date":"2025-01-06 05:07:00+00:00","close_date":"2025-01-06 05:07:00+00:00","open_rate":99540.01,"close_rate":99540.01,"fee_open":0.1,"fee_close":0.1,"trade_duration":0,"profit_ratio":-0.18181818181818182,"profit_abs":-19.908002,"exit_reason":"custom_exit","initial_stop_loss_abs":69678.01,"initial_stop_loss_ratio":-0.3,"stop_loss_abs":69678.01,"stop_loss_ratio":-0.3,"min_rate":99540.0,"max_rate":99599.99,"is_open":false,"enter_tag":"","leverage":1.0,"is_short":false,"open_timestamp":1736140020000,"close_timestamp":1736140020000,"orders":[{"amount":0.001,"safe_price":99540.01,"ft_order_side":"buy","order_filled_timestamp":1736140020000,"ft_is_entry":true,"ft_order_tag":"","cost":109.494011},{"amount":0.001,"safe_price":99540.01,"ft_order_side":"sell","order_filled_timestamp":1736140020000,"ft_is_entry":false,"ft_order_tag":"custom_exit","cost":109.494011}],"funding_fees":0.0},{"pair":"BTC/USDT","stake_amount":99.81015,"max_stake_amount":99.81015,"amount":0.001,"open_date":"2025-01-06 05:35:00+00:00","close_date":"2025-01-06 05:46:00+00:00","open_rate":99810.15,"close_rate":99704.47,"fee_open":0.1,"fee_close":0.1,"trade_duration":11,"profit_ratio":-0.1826844810326951,"profit_abs":-20.057142,"exit_reason":"custom_exit","initial_stop_loss_abs":69867.11,"initial_stop_loss_ratio":-0.3,"stop_loss_abs":69867.11,"stop_loss_ratio":-0.3,"min_rate":99617.16,"max_rate":99830.8,"is_open":false,"enter_tag":"","leverage":1.0,"is_short":false,"open_timestamp":1736141700000,"close_timestamp":1736142360000,"orders":[{"amount":0.001,"safe_price":99810.15,"ft_order_side":"buy","order_filled_timestamp":1736141700000,"ft_is_entry":true,"ft_order_tag":"","cost":109.791165},{"amount":0.001,"safe_price":99704.47,"ft_order_side":"sell","order_filled_timestamp":1736142360000,"ft_is_entry":false,"ft_order_tag":"custom_exit","cost":109.67491700000001}],"funding_fees":0.0},{"pair":"BTC/USDT","stake_amount":99.2367896,"max_stake_amount":99.2367896,"amount":0.00104,"open_date":"2025-01-14 08:12:00+00:00","close_date":"2025-01-14 08:12:00+00:00","open_rate":95419.99,"close_rate":95419.99,"fee_open":0.1,"fee_close":0.1,"trade_duration":0,"profit_ratio":-0.18181818181818182,"profit_abs":-19.84735792,"exit_reason":"custom_exit","initial_stop_loss_abs":66794.0,"initial_stop_loss_ratio":-0.3,"stop_loss_abs":66794.0,"stop_loss_ratio":-0.3,"min_rate":95400.37,"max_rate":95527.0,"is_open":false,"enter_tag":"","leverage":1.0,"is_short":false,"open_timestamp":1736842320000,"close_timestamp":1736842320000,"orders":[{"amount":0.00104,"safe_price":95419.99,"ft_order_side":"buy","order_filled_timestamp":1736842320000,"ft_is_entry":true,"ft_order_tag":"","cost":109.16046856},{"amount":0.00104,"safe_price":95419.99,"ft_order_side":"sell","order_filled_timestamp":1736842320000,"ft_is_entry":false,"ft_order_tag":"custom_exit","cost":109.16046856}],"funding_fees":0.0},{"pair":"BTC/USDT","stake_amount":99.2888104,"max_stake_amount":99.2888104,"amount":0.00104,"open_date":"2025-01-14 08:13:00+00:00","close_date":"2025-01-14 08:13:00+00:00","open_rate":95470.01,"close_rate":95470.01,"fee_open":0.1,"fee_close":0.1,"trade_duration":0,"profit_ratio":-0.18181818181818182,"profit_abs":-19.85776208,"exit_reason":"custom_exit","initial_stop_loss_abs":66829.01,"initial_stop_loss_ratio":-0.3,"stop_loss_abs":66829.01,"stop_loss_ratio":-0.3,"min_rate":95470.0,"max_rate":95544.8,"is_open":false,"enter_tag":"","leverage":1.0,"is_short":false,"open_timestamp":1736842380000,"close_timestamp":1736842380000,"orders":[{"amount":0.00104,"safe_price":95470.01,"ft_order_side":"buy","order_filled_timestamp":1736842380000,"ft_is_entry":true,"ft_order_tag":"","cost":109.21769144},{"amount":0.00104,"safe_price":95470.01,"ft_order_side":"sell","order_filled_timestamp":1736842380000,"ft_is_entry":false,"ft_order_tag":"custom_exit","cost":109.21769144}],"funding_fees":0.0},{"pair":"BTC/USDT","stake_amount":99.5654504,"max_stake_amount":99.5654504,"amount":0.00104,"open_date":"2025-01-14 08:18:00+00:00","close_date":"2025-01-14 08:52:00+00:00","open_rate":95736.01,"close_rate":95710.99,"fee_open":0.1,"fee_close":0.1,"trade_duration":34,"profit_ratio":-0.18203200845552453,"profit_abs":-19.9365088,"exit_reason":"custom_exit","initial_stop_loss_abs":67015.21,"initial_stop_loss_ratio":-0.3,"stop_loss_abs":67015.21,"stop_loss_ratio":-0.3,"min_rate":95247.81,"max_rate":95819.7,"is_open":false,"enter_tag":"","leverage":1.0,"is_short":false,"open_timestamp":1736842680000,"close_timestamp":1736844720000,"orders":[{"amount":0.00104,"safe_price":95736.01,"ft_order_side":"buy","order_filled_timestamp":1736842680000,"ft_is_entry":true,"ft_order_tag":"","cost":109.52199544},{"amount":0.00104,"safe_price":95710.99,"ft_order_side":"sell","order_filled_timestamp":1736844720000,"ft_is_entry":false,"ft_order_tag":"custom_exit","cost":109.49337256}],"funding_fees":0.0},{"pair":"BTC/USDT","stake_amount":99.1635942,"max_stake_amount":99.1635942,"amount":0.00102,"open_date":"2025-01-14 09:50:00+00:00","close_date":"2025-01-14 09:50:00+00:00","open_rate":97219.21,"close_rate":97219.21,"fee_open":0.1,"fee_close":0.1,"trade_duration":0,"profit_ratio":-0.1818181818181818,"profit_abs":-19.83271884,"exit_reason":"custom_exit","initial_stop_loss_abs":68053.45,"initial_stop_loss_ratio":-0.3,"stop_loss_abs":68053.45,"stop_loss_ratio":-0.3,"min_rate":97109.47,"max_rate":97282.0,"is_open":false,"enter_tag":"","leverage":1.0,"is_short":false,"open_timestamp":1736848200000,"close_timestamp":1736848200000,"orders":[{"amount":0.00102,"safe_price":97219.21,"ft_order_side":"buy","order_filled_timestamp":1736848200000,"ft_is_entry":true,"ft_order_tag":"","cost":109.07995362000003},{"amount":0.00102,"safe_price":97219.21,"ft_order_side":"sell","order_filled_timestamp":1736848200000,"ft_is_entry":false,"ft_order_tag":"custom_exit","cost":109.07995362000003}],"funding_fees":0.0},{"pair":"BTC/USDT","stake_amount":99.1523742,"max_stake_amount":99.1523742,"amount":0.00102,"open_date":"2025-01-15 00:30:00+00:00","close_date":"2025-01-15 00:30:00+00:00","open_rate":97208.21,"close_rate":97208.21,"fee_open":0.1,"fee_close":0.1,"trade_duration":0,"profit_ratio":-0.18181818181818182,"profit_abs":-19.83047484,"exit_reason":"custom_exit","initial_stop_loss_abs":68045.75,"initial_stop_loss_ratio":-0.3,"stop_loss_abs":68045.75,"stop_loss_ratio":-0.3,"min_rate":97094.48,"max_rate":97281.6,"is_open":false,"enter_tag":"","leverage":1.0,"is_short":false,"open_timestamp":1736901000000,"close_timestamp":1736901000000,"orders":[{"amount":0.00102,"safe_price":97208.21,"ft_order_side":"buy","order_filled_timestamp":1736901000000,"ft_is_entry":true,"ft_order_tag":"","cost":109.06761162000002},{"amount":0.00102,"safe_price":97208.21,"ft_order_side":"sell","order_filled_timestamp":1736901000000,"ft_is_entry":false,"ft_order_tag":"custom_exit","cost":109.06761162000002}],"funding_fees":0.0},{"pair":"BTC/USDT","stake_amount":99.2272218,"max_stake_amount":99.2272218,"amount":0.00102,"open_date":"2025-01-15 00:31:00+00:00","close_date":"2025-01-15 00:31:00+00:00","open_rate":97281.59,"close_rate":97281.59,"fee_open":0.1,"fee_close":0.1,"trade_duration":0,"profit_ratio":-0.1818181818181818,"profit_abs":-19.84544436,"exit_reason":"custom_exit","initial_stop_loss_abs":68097.12,"initial_stop_loss_ratio":-0.3,"stop_loss_abs":68097.12,"stop_loss_ratio":-0.3,"min_rate":97248.5,"max_rate":97332.52,"is_open":false,"enter_tag":"","leverage":1.0,"is_short":false,"open_timestamp":1736901060000,"close_timestamp":1736901060000,"orders":[{"amount":0.00102,"safe_price":97281.59,"ft_order_side":"buy","order_filled_timestamp":1736901060000,"ft_is_entry":true,"ft_order_tag":"","cost":109.14994398000002},{"amount":0.00102,"safe_price":97281.59,"ft_order_side":"sell","order_filled_timestamp":1736901060000,"ft_is_entry":false,"ft_order_tag":"custom_exit","cost":109.14994398000002}],"funding_fees":0.0},{"pair":"BTC/USDT","stake_amount":99.3991224,"max_stake_amount":99.3991224,"amount":0.00102,"open_date":"2025-01-15 07:23:00+00:00","close_date":"2025-01-15 07:23:00+00:00","open_rate":97450.12,"close_rate":97450.12,"fee_open":0.1,"fee_close":0.1,"trade_duration":0,"profit_ratio":-0.18181818181818182,"profit_abs":-19.87982448,"exit_reason":"custom_exit","initial_stop_loss_abs":68215.09,"initial_stop_loss_ratio":-0.3,"stop_loss_abs":68215.09,"stop_loss_ratio":-0.3,"min_rate":97443.0,"max_rate":97487.43,"is_open":false,"enter_tag":"","leverage":1.0,"is_short":false,"open_timestamp":1736925780000,"close_timestamp":1736925780000,"orders":[{"amount":0.00102,"safe_price":97450.12,"ft_order_side":"buy","order_filled_timestamp":1736925780000,"ft_is_entry":true,"ft_order_tag":"","cost":109.33903464000001},{"amount":0.00102,"safe_price":97450.12,"ft_order_side":"sell","order_filled_timestamp":1736925780000,"ft_is_entry":false,"ft_order_tag":"custom_exit","cost":109.33903464000001}],"funding_fees":0.0},{"pair":"BTC/USDT","stake_amount":99.4371684,"max_stake_amount":99.4371684,"amount":0.00102,"open_date":"2025-01-15 07:24:00+00:00","close_date":"2025-01-15 07:28:00+00:00","open_rate":97487.42,"close_rate":97472.06,"fee_open":0.1,"fee_close":0.1,"trade_duration":4,"profit_ratio":-0.18194709355599653,"profit_abs":-19.90153416,"exit_reason":"custom_exit","initial_stop_loss_abs":68241.2,"initial_stop_loss_ratio":-0.3,"stop_loss_abs":68241.2,"stop_loss_ratio":-0.3,"min_rate":97423.74,"max_rate":97566.32,"is_open":false,"enter_tag":"","leverage":1.0,"is_short":false,"open_timestamp":1736925840000,"close_timestamp":1736926080000,"orders":[{"amount":0.00102,"safe_price":97487.42,"ft_order_side":"buy","order_filled_timestamp":1736925840000,"ft_is_entry":true,"ft_order_tag":"","cost":109.38088524000001},{"amount":0.00102,"safe_price":97472.06,"ft_order_side":"sell","order_filled_timestamp":1736926080000,"ft_is_entry":false,"ft_order_tag":"custom_exit","cost":109.36365132000002}],"funding_fees":0.0},{"pair":"BTC/USDT","stake_amount":99.44615,"max_stake_amount":99.44615,"amount":0.001,"open_date":"2025-01-15 19:00:00+00:00","close_date":"2025-01-15 19:02:00+00:00","open_rate":99446.15,"close_rate":99428.98,"fee_open":0.1,"fee_close":0.1,"trade_duration":2,"profit_ratio":-0.18195944602819075,"profit_abs":-19.904683,"exit_reason":"custom_exit","initial_stop_loss_abs":69612.31,"initial_stop_loss_ratio":-0.3,"stop_loss_abs":69612.31,"stop_loss_ratio":-0.3,"min_rate":99420.48,"max_rate":99576.93,"is_open":false,"enter_tag":"","leverage":1.0,"is_short":false,"open_timestamp":1736967600000,"close_timestamp":1736967720000,"orders":[{"amount":0.001,"safe_price":99446.15,"ft_order_side":"buy","order_filled_timestamp":1736967600000,"ft_is_entry":true,"ft_order_tag":"","cost":109.39076500000002},{"amount":0.001,"safe_price":99428.98,"ft_order_side":"sell","order_filled_timestamp":1736967720000,"ft_is_entry":false,"ft_order_tag":"custom_exit","cost":109.37187800000001}],"funding_fees":0.0},{"pair":"BTC/USDT","stake_amount":99.51346,"max_stake_amount":99.51346,"amount":0.001,"open_date":"2025-01-15 19:03:00+00:00","close_date":"2025-01-15 19:03:00+00:00","open_rate":99513.46,"close_rate":99513.46,"fee_open":0.1,"fee_close":0.1,"trade_duration":0,"profit_ratio":-0.1818181818181818,"profit_abs":-19.902692,"exit_reason":"custom_exit","initial_stop_loss_abs":69659.43,"initial_stop_loss_ratio":-0.3,"stop_loss_abs":69659.43,"stop_loss_ratio":-0.3,"min_rate":99488.72,"max_rate":99600.0,"is_open":false,"enter_tag":"","leverage":1.0,"is_short":false,"open_timestamp":1736967780000,"close_timestamp":1736967780000,"orders":[{"amount":0.001,"safe_price":99513.46,"ft_order_side":"buy","order_filled_timestamp":1736967780000,"ft_is_entry":true,"ft_order_tag":"","cost":109.46480600000002},{"amount":0.001,"safe_price":99513.46,"ft_order_side":"sell","order_filled_timestamp":1736967780000,"ft_is_entry":false,"ft_order_tag":"custom_exit","cost":109.46480600000002}],"funding_fees":0.0},{"pair":"BTC/USDT","stake_amount":99.51842,"max_stake_amount":99.51842,"amount":0.001,"open_date":"2025-01-15 19:04:00+00:00","close_date":"2025-01-15 19:06:00+00:00","open_rate":99518.42,"close_rate":99489.74,"fee_open":0.1,"fee_close":0.1,"trade_duration":2,"profit_ratio":-0.18205397188142292,"profit_abs":-19.929496,"exit_reason":"custom_exit","initial_stop_loss_abs":69662.9,"initial_stop_loss_ratio":-0.3,"stop_loss_abs":69662.9,"stop_loss_ratio":-0.3,"min_rate":99462.06,"max_rate":99560.64,"is_open":false,"enter_tag":"","leverage":1.0,"is_short":false,"open_timestamp":1736967840000,"close_timestamp":1736967960000,"orders":[{"amount":0.001,"safe_price":99518.42,"ft_order_side":"buy","order_filled_timestamp":1736967840000,"ft_is_entry":true,"ft_order_tag":"","cost":109.47026200000002},{"amount":0.001,"safe_price":99489.74,"ft_order_side":"sell","order_filled_timestamp":1736967960000,"ft_is_entry":false,"ft_order_tag":"custom_exit","cost":109.43871400000002}],"funding_fees":0.0},{"pair":"BTC/USDT","stake_amount":99.8434701,"max_stake_amount":99.8434701,"amount":0.00099,"open_date":"2025-01-16 00:02:00+00:00","close_date":"2025-01-17 01:36:00+00:00","open_rate":100851.99,"close_rate":100760.33,"fee_open":0.1,"fee_close":0.1,"trade_duration":1534,"profit_ratio":-0.1825617917901273,"profit_abs":-20.05036308,"exit_reason":"custom_exit","initial_stop_loss_abs":70596.4,"initial_stop_loss_ratio":-0.3,"stop_loss_abs":70596.4,"stop_loss_ratio":-0.3,"min_rate":97335.13,"max_rate":100999.0,"is_open":false,"enter_tag":"","leverage":1.0,"is_short":false,"open_timestamp":1736985720000,"close_timestamp":1737077760000,"orders":[{"amount":0.00099,"safe_price":100851.99,"ft_order_side":"buy","order_filled_timestamp":1736985720000,"ft_is_entry":true,"ft_order_tag":"","cost":109.82781711000001},{"amount":0.00099,"safe_price":100760.33,"ft_order_side":"sell","order_filled_timestamp":1737077760000,"ft_is_entry":false,"ft_order_tag":"custom_exit","cost":109.72799937}],"funding_fees":0.0},{"pair":"BTC/USDT","stake_amount":99.9559539,"max_stake_amount":99.9559539,"amount":0.00099,"open_date":"2025-01-17 01:38:00+00:00","close_date":"2025-01-17 01:38:00+00:00","open_rate":100965.61,"close_rate":100965.61,"fee_open":0.1,"fee_close":0.1,"trade_duration":0,"profit_ratio":-0.18181818181818182,"profit_abs":-19.99119078,"exit_reason":"custom_exit","initial_stop_loss_abs":70675.93,"initial_stop_loss_ratio":-0.3,"stop_loss_abs":70675.93,"stop_loss_ratio":-0.3,"min_rate":100873.76,"max_rate":101111.0,"is_open":false,"enter_tag":"","leverage":1.0,"is_short":false,"open_timestamp":1737077880000,"close_timestamp":1737077880000,"orders":[{"amount":0.00099,"safe_price":100965.61,"ft_order_side":"buy","order_filled_timestamp":1737077880000,"ft_is_entry":true,"ft_order_tag":"","cost":109.95154929},{"amount":0.00099,"safe_price":100965.61,"ft_order_side":"sell","order_filled_timestamp":1737077880000,"ft_is_entry":false,"ft_order_tag":"custom_exit","cost":109.95154929}],"funding_fees":0.0},{"pair":"BTC/USDT","stake_amount":99.0701796,"max_stake_amount":99.0701796,"amount":0.00098,"open_date":"2025-01-17 01:39:00+00:00","close_date":"2025-01-17 01:39:00+00:00","open_rate":101092.02,"close_rate":101092.02,"fee_open":0.1,"fee_close":0.1,"trade_duration":0,"profit_ratio":-0.18181818181818182,"profit_abs":-19.81403592,"exit_reason":"custom_exit","initial_stop_loss_abs":70764.42,"initial_stop_loss_ratio":-0.3,"stop_loss_abs":70764.42,"stop_loss_ratio":-0.3,"min_rate":101082.46,"max_rate":101208.26,"is_open":false,"enter_tag":"","leverage":1.0,"is_short":false,"open_timestamp":1737077940000,"close_timestamp":1737077940000,"orders":[{"amount":0.00098,"safe_price":101092.02,"ft_order_side":"buy","order_filled_timestamp":1737077940000,"ft_is_entry":true,"ft_order_tag":"","cost":108.97719756000001},{"amount":0.00098,"safe_price":101092.02,"ft_order_side":"sell","order_filled_timestamp":1737077940000,"ft_is_entry":false,"ft_order_tag":"custom_exit","cost":108.97719756000001}],"funding_fees":0.0},{"pair":"BTC/USDT","stake_amount":99.1407102,"max_stake_amount":99.1407102,"amount":0.00098,"open_date":"2025-01-17 01:40:00+00:00","close_date":"2025-01-17 01:40:00+00:00","open_rate":101163.99,"close_rate":101163.99,"fee_open":0.1,"fee_close":0.1,"trade_duration":0,"profit_ratio":-0.18181818181818182,"profit_abs":-19.82814204,"exit_reason":"custom_exit","initial_stop_loss_abs":70814.8,"initial_stop_loss_ratio":-0.3,"stop_loss_abs":70814.8,"stop_loss_ratio":-0.3,"min_rate":101163.99,"max_rate":101421.71,"is_open":false,"enter_tag":"","leverage":1.0,"is_short":false,"open_timestamp":1737078000000,"close_timestamp":1737078000000,"orders":[{"amount":0.00098,"safe_price":101163.99,"ft_order_side":"buy","order_filled_timestamp":1737078000000,"ft_is_entry":true,"ft_order_tag":"","cost":109.05478122000001},{"amount":0.00098,"safe_price":101163.99,"ft_order_side":"sell","order_filled_timestamp":1737078000000,"ft_is_entry":false,"ft_order_tag":"custom_exit","cost":109.05478122000001}],"funding_fees":0.0},{"pair":"BTC/USDT","stake_amount":99.3701772,"max_stake_amount":99.3701772,"amount":0.00098,"open_date":"2025-01-17 01:41:00+00:00","close_date":"2025-01-17 01:41:00+00:00","open_rate":101398.14,"close_rate":101398.14,"fee_open":0.1,"fee_close":0.1,"trade_duration":0,"profit_ratio":-0.18181818181818182,"profit_abs":-19.87403544,"exit_reason":"custom_exit","initial_stop_loss_abs":70978.7,"initial_stop_loss_ratio":-0.3,"stop_loss_abs":70978.7,"stop_loss_ratio":-0.3,"min_rate":101370.23,"max_rate":101605.72,"is_open":false,"enter_tag":"","leverage":1.0,"is_short":false,"open_timestamp":1737078060000,"close_timestamp":1737078060000,"orders":[{"amount":0.00098,"safe_price":101398.14,"ft_order_side":"buy","order_filled_timestamp":1737078060000,"ft_is_entry":true,"ft_order_tag":"","cost":109.30719492000001},{"amount":0.00098,"safe_price":101398.14,"ft_order_side":"sell","order_filled_timestamp":1737078060000,"ft_is_entry":false,"ft_order_tag":"custom_exit","cost":109.30719492000001}],"funding_fees":0.0},{"pair":"BTC/USDT","stake_amount":99.512042,"max_stake_amount":99.512042,"amount":0.00098,"open_date":"2025-01-17 01:42:00+00:00","close_date":"2025-01-17 01:43:00+00:00","open_rate":101542.9,"close_rate":101536.83,"fee_open":0.1,"fee_close":0.1,"trade_duration":1,"profit_ratio":-0.18186709083728964,"profit_abs":-19.90776214,"exit_reason":"custom_exit","initial_stop_loss_abs":71080.03,"initial_stop_loss_ratio":-0.3,"stop_loss_abs":71080.03,"stop_loss_ratio":-0.3,"min_rate":101400.0,"max_rate":101574.6,"is_open":false,"enter_tag":"","leverage":1.0,"is_short":false,"open_timestamp":1737078120000,"close_timestamp":1737078180000,"orders":[{"amount":0.00098,"safe_price":101542.9,"ft_order_side":"buy","order_filled_timestamp":1737078120000,"ft_is_entry":true,"ft_order_tag":"","cost":109.4632462},{"amount":0.00098,"safe_price":101536.83,"ft_order_side":"sell","order_filled_timestamp":1737078180000,"ft_is_entry":false,"ft_order_tag":"custom_exit","cost":109.45670274000001}],"funding_fees":0.0},{"pair":"BTC/USDT","stake_amount":99.6799846,"max_stake_amount":99.6799846,"amount":0.00098,"open_date":"2025-01-17 05:13:00+00:00","close_date":"2025-01-17 05:15:00+00:00","open_rate":101714.27,"close_rate":101668.52,"fee_open":0.1,"fee_close":0.1,"trade_duration":2,"profit_ratio":-0.18218619132345398,"profit_abs":-19.97634842,"exit_reason":"custom_exit","initial_stop_loss_abs":71199.99,"initial_stop_loss_ratio":-0.3,"stop_loss_abs":71199.99,"stop_loss_ratio":-0.3,"min_rate":101668.51,"max_rate":101782.02,"is_open":false,"enter_tag":"","leverage":1.0,"is_short":false,"open_timestamp":1737090780000,"close_timestamp":1737090900000,"orders":[{"amount":0.00098,"safe_price":101714.27,"ft_order_side":"buy","order_filled_timestamp":1737090780000,"ft_is_entry":true,"ft_order_tag":"","cost":109.64798306},{"amount":0.00098,"safe_price":101668.52,"ft_order_side":"sell","order_filled_timestamp":1737090900000,"ft_is_entry":false,"ft_order_tag":"custom_exit","cost":109.59866456000002}],"funding_fees":0.0},{"pair":"BTC/USDT","stake_amount":99.9827556,"max_stake_amount":99.9827556,"amount":0.00098,"open_date":"2025-01-17 08:32:00+00:00","close_date":"2025-01-17 08:35:00+00:00","open_rate":102023.22,"close_rate":102044.51,"fee_open":0.1,"fee_close":0.1,"trade_duration":3,"profit_ratio":-0.18164744528478194,"profit_abs":-19.97777334,"exit_reason":"custom_exit","initial_stop_loss_abs":71416.26,"initial_stop_loss_ratio":-0.3,"stop_loss_abs":71416.26,"stop_loss_ratio":-0.3,"min_rate":101928.6,"max_rate":102123.4,"is_open":false,"enter_tag":"","leverage":1.0,"is_short":false,"open_timestamp":1737102720000,"close_timestamp":1737102900000,"orders":[{"amount":0.00098,"safe_price":102023.22,"ft_order_side":"buy","order_filled_timestamp":1737102720000,"ft_is_entry":true,"ft_order_tag":"","cost":109.98103116000001},{"amount":0.00098,"safe_price":102044.51,"ft_order_side":"sell","order_filled_timestamp":1737102900000,"ft_is_entry":false,"ft_order_tag":"custom_exit","cost":110.00398178}],"funding_fees":0.0},{"pair":"BTC/USDT","stake_amount":99.5471133,"max_stake_amount":99.5471133,"amount":0.00097,"open_date":"2025-01-17 12:20:00+00:00","close_date":"2025-01-17 12:20:00+00:00","open_rate":102625.89,"close_rate":102625.89,"fee_open":0.1,"fee_close":0.1,"trade_duration":0,"profit_ratio":-0.18181818181818182,"profit_abs":-19.90942266,"exit_reason":"custom_exit","initial_stop_loss_abs":71838.13,"initial_stop_loss_ratio":-0.3,"stop_loss_abs":71838.13,"stop_loss_ratio":-0.3,"min_rate":102556.67,"max_rate":102666.0,"is_open":false,"enter_tag":"","leverage":1.0,"is_short":false,"open_timestamp":1737116400000,"close_timestamp":1737116400000,"orders":[{"amount":0.00097,"safe_price":102625.89,"ft_order_side":"buy","order_filled_timestamp":1737116400000,"ft_is_entry":true,"ft_order_tag":"","cost":109.50182463000002},{"amount":0.00097,"safe_price":102625.89,"ft_order_side":"sell","order_filled_timestamp":1737116400000,"ft_is_entry":false,"ft_order_tag":"custom_exit","cost":109.50182463000002}],"funding_fees":0.0},{"pair":"BTC/USDT","stake_amount":99.7962336,"max_stake_amount":99.7962336,"amount":0.00096,"open_date":"2025-01-18 13:43:00+00:00","close_date":"2025-01-18 13:56:00+00:00","open_rate":103954.41,"close_rate":103923.03,"fee_open":0.1,"fee_close":0.1,"trade_duration":13,"profit_ratio":-0.18206516071455134,"profit_abs":-19.98635904,"exit_reason":"custom_exit","initial_stop_loss_abs":72768.09,"initial_stop_loss_ratio":-0.3,"stop_loss_abs":72768.09,"stop_loss_ratio":-0.3,"min_rate":103793.31,"max_rate":104074.97,"is_open":false,"enter_tag":"","leverage":1.0,"is_short":false,"open_timestamp":1737207780000,"close_timestamp":1737208560000,"orders":[{"amount":0.00096,"safe_price":103954.41,"ft_order_side":"buy","order_filled_timestamp":1737207780000,"ft_is_entry":true,"ft_order_tag":"","cost":109.77585696000001},{"amount":0.00096,"safe_price":103923.03,"ft_order_side":"sell","order_filled_timestamp":1737208560000,"ft_is_entry":false,"ft_order_tag":"custom_exit","cost":109.74271968000001}],"funding_fees":0.0},{"pair":"BTC/USDT","stake_amount":99.0755,"max_stake_amount":99.0755,"amount":0.00095,"open_date":"2025-01-18 13:58:00+00:00","close_date":"2025-01-18 13:58:00+00:00","open_rate":104290.0,"close_rate":104290.0,"fee_open":0.1,"fee_close":0.1,"trade_duration":0,"profit_ratio":-0.18181818181818182,"profit_abs":-19.8151,"exit_reason":"custom_exit","initial_stop_loss_abs":73003.0,"initial_stop_loss_ratio":-0.3,"stop_loss_abs":73003.0,"stop_loss_ratio":-0.3,"min_rate":104233.54,"max_rate":104395.92,"is_open":false,"enter_tag":"","leverage":1.0,"is_short":false,"open_timestamp":1737208680000,"close_timestamp":1737208680000,"orders":[{"amount":0.00095,"safe_price":104290.0,"ft_order_side":"buy","order_filled_timestamp":1737208680000,"ft_is_entry":true,"ft_order_tag":"","cost":108.98305000000002},{"amount":0.00095,"safe_price":104290.0,"ft_order_side":"sell","order_filled_timestamp":1737208680000,"ft_is_entry":false,"ft_order_tag":"custom_exit","cost":108.98305000000002}],"funding_fees":0.0},{"pair":"BTC/USDT","stake_amount":99.171013,"max_stake_amount":99.171013,"amount":0.00095,"open_date":"2025-01-18 13:59:00+00:00","close_date":"2025-01-18 14:01:00+00:00","open_rate":104390.54,"close_rate":104291.16,"fee_open":0.1,"fee_close":0.1,"trade_duration":2,"profit_ratio":-0.18259709252303025,"profit_abs":-19.9191725,"exit_reason":"custom_exit","initial_stop_loss_abs":73073.38,"initial_stop_loss_ratio":-0.3,"stop_loss_abs":73073.38,"stop_loss_ratio":-0.3,"min_rate":104223.44,"max_rate":104562.5,"is_open":false,"enter_tag":"","leverage":1.0,"is_short":false,"open_timestamp":1737208740000,"close_timestamp":1737208860000,"orders":[{"amount":0.00095,"safe_price":104390.54,"ft_order_side":"buy","order_filled_timestamp":1737208740000,"ft_is_entry":true,"ft_order_tag":"","cost":109.0881143},{"amount":0.00095,"safe_price":104291.16,"ft_order_side":"sell","order_filled_timestamp":1737208860000,"ft_is_entry":false,"ft_order_tag":"custom_exit","cost":108.98426220000002}],"funding_fees":0.0},{"pair":"BTC/USDT","stake_amount":99.256304,"max_stake_amount":99.256304,"amount":0.00095,"open_date":"2025-01-18 23:06:00+00:00","close_date":"2025-01-18 23:09:00+00:00","open_rate":104480.32,"close_rate":104500.0,"fee_open":0.1,"fee_close":0.1,"trade_duration":3,"profit_ratio":-0.18166406841020394,"profit_abs":-19.8344344,"exit_reason":"custom_exit","initial_stop_loss_abs":73136.23,"initial_stop_loss_ratio":-0.3,"stop_loss_abs":73136.23,"stop_loss_ratio":-0.3,"min_rate":104471.81,"max_rate":104560.0,"is_open":false,"enter_tag":"","leverage":1.0,"is_short":false,"open_timestamp":1737241560000,"close_timestamp":1737241740000,"orders":[{"amount":0.00095,"safe_price":104480.32,"ft_order_side":"buy","order_filled_timestamp":1737241560000,"ft_is_entry":true,"ft_order_tag":"","cost":109.1819344},{"amount":0.00095,"safe_price":104500.0,"ft_order_side":"sell","order_filled_timestamp":1737241740000,"ft_is_entry":false,"ft_order_tag":"custom_exit","cost":109.20250000000001}],"funding_fees":0.0},{"pair":"BTC/USDT","stake_amount":99.267362,"max_stake_amount":99.267362,"amount":0.00095,"open_date":"2025-01-18 23:11:00+00:00","close_date":"2025-01-18 23:11:00+00:00","open_rate":104491.96,"close_rate":104491.96,"fee_open":0.1,"fee_close":0.1,"trade_duration":0,"profit_ratio":-0.18181818181818182,"profit_abs":-19.8534724,"exit_reason":"custom_exit","initial_stop_loss_abs":73144.38,"initial_stop_loss_ratio":-0.3,"stop_loss_abs":73144.38,"stop_loss_ratio":-0.3,"min_rate":104491.96,"max_rate":104541.14,"is_open":false,"enter_tag":"","leverage":1.0,"is_short":false,"open_timestamp":1737241860000,"close_timestamp":1737241860000,"orders":[{"amount":0.00095,"safe_price":104491.96,"ft_order_side":"buy","order_filled_timestamp":1737241860000,"ft_is_entry":true,"ft_order_tag":"","cost":109.19409820000001},{"amount":0.00095,"safe_price":104491.96,"ft_order_side":"sell","order_filled_timestamp":1737241860000,"ft_is_entry":false,"ft_order_tag":"custom_exit","cost":109.19409820000001}],"funding_fees":0.0},{"pair":"BTC/USDT","stake_amount":99.460934,"max_stake_amount":99.460934,"amount":0.00095,"open_date":"2025-01-18 23:17:00+00:00","close_date":"2025-01-19 02:06:00+00:00","open_rate":104695.72,"close_rate":104692.71,"fee_open":0.1,"fee_close":0.1,"trade_duration":169,"profit_ratio":-0.18184170453021556,"profit_abs":-19.89476035,"exit_reason":"custom_exit","initial_stop_loss_abs":73287.01,"initial_stop_loss_ratio":-0.3,"stop_loss_abs":73287.01,"stop_loss_ratio":-0.3,"min_rate":104013.51,"max_rate":104750.0,"is_open":false,"enter_tag":"","leverage":1.0,"is_short":false,"open_timestamp":1737242220000,"close_timestamp":1737252360000,"orders":[{"amount":0.00095,"safe_price":104695.72,"ft_order_side":"buy","order_filled_timestamp":1737242220000,"ft_is_entry":true,"ft_order_tag":"","cost":109.4070274},{"amount":0.00095,"safe_price":104692.71,"ft_order_side":"sell","order_filled_timestamp":1737252360000,"ft_is_entry":false,"ft_order_tag":"custom_exit","cost":109.40388195000001}],"funding_fees":0.0},{"pair":"BTC/USDT","stake_amount":99.7025095,"max_stake_amount":99.7025095,"amount":0.00095,"open_date":"2025-01-19 02:22:00+00:00","close_date":"2025-01-19 02:24:00+00:00","open_rate":104950.01,"close_rate":104908.79,"fee_open":0.1,"fee_close":0.1,"trade_duration":2,"profit_ratio":-0.1821395296155327,"profit_abs":-19.975745,"exit_reason":"custom_exit","initial_stop_loss_abs":73465.01,"initial_stop_loss_ratio":-0.3,"stop_loss_abs":73465.01,"stop_loss_ratio":-0.3,"min_rate":104908.79,"max_rate":105070.43,"is_open":false,"enter_tag":"","leverage":1.0,"is_short":false,"open_timestamp":1737253320000,"close_timestamp":1737253440000,"orders":[{"amount":0.00095,"safe_price":104950.01,"ft_order_side":"buy","order_filled_timestamp":1737253320000,"ft_is_entry":true,"ft_order_tag":"","cost":109.67276045},{"amount":0.00095,"safe_price":104908.79,"ft_order_side":"sell","order_filled_timestamp":1737253440000,"ft_is_entry":false,"ft_order_tag":"custom_exit","cost":109.62968555}],"funding_fees":0.0},{"pair":"BTC/USDT","stake_amount":99.786518,"max_stake_amount":99.786518,"amount":0.00095,"open_date":"2025-01-19 02:25:00+00:00","close_date":"2025-01-19 02:25:00+00:00","open_rate":105038.44,"close_rate":105038.44,"fee_open":0.1,"fee_close":0.1,"trade_duration":0,"profit_ratio":-0.18181818181818182,"profit_abs":-19.9573036,"exit_reason":"custom_exit","initial_stop_loss_abs":73526.91,"initial_stop_loss_ratio":-0.3,"stop_loss_abs":73526.91,"stop_loss_ratio":-0.3,"min_rate":105038.43,"max_rate":105100.0,"is_open":false,"enter_tag":"","leverage":1.0,"is_short":false,"open_timestamp":1737253500000,"close_timestamp":1737253500000,"orders":[{"amount":0.00095,"safe_price":105038.44,"ft_order_side":"buy","order_filled_timestamp":1737253500000,"ft_is_entry":true,"ft_order_tag":"","cost":109.76516980000001},{"amount":0.00095,"safe_price":105038.44,"ft_order_side":"sell","order_filled_timestamp":1737253500000,"ft_is_entry":false,"ft_order_tag":"custom_exit","cost":109.76516980000001}],"funding_fees":0.0},{"pair":"BTC/USDT","stake_amount":99.8929655,"max_stake_amount":99.8929655,"amount":0.00095,"open_date":"2025-01-19 02:27:00+00:00","close_date":"2025-01-19 02:27:00+00:00","open_rate":105150.49,"close_rate":105150.49,"fee_open":0.1,"fee_close":0.1,"trade_duration":0,"profit_ratio":-0.18181818181818185,"profit_abs":-19.9785931,"exit_reason":"custom_exit","initial_stop_loss_abs":73605.35,"initial_stop_loss_ratio":-0.3,"stop_loss_abs":73605.35,"stop_loss_ratio":-0.3,"min_rate":105131.06,"max_rate":105299.07,"is_open":false,"enter_tag":"","leverage":1.0,"is_short":false,"open_timestamp":1737253620000,"close_timestamp":1737253620000,"orders":[{"amount":0.00095,"safe_price":105150.49,"ft_order_side":"buy","order_filled_timestamp":1737253620000,"ft_is_entry":true,"ft_order_tag":"","cost":109.88226205000001},{"amount":0.00095,"safe_price":105150.49,"ft_order_side":"sell","order_filled_timestamp":1737253620000,"ft_is_entry":false,"ft_order_tag":"custom_exit","cost":109.88226205000001}],"funding_fees":0.0},{"pair":"BTC/USDT","stake_amount":99.404906,"max_stake_amount":99.404906,"amount":0.00094,"open_date":"2025-01-19 19:53:00+00:00","close_date":"2025-01-19 19:53:00+00:00","open_rate":105749.9,"close_rate":105749.9,"fee_open":0.1,"fee_close":0.1,"trade_duration":0,"profit_ratio":-0.18181818181818182,"profit_abs":-19.8809812,"exit_reason":"custom_exit","initial_stop_loss_abs":74024.93,"initial_stop_loss_ratio":-0.3,"stop_loss_abs":74024.93,"stop_loss_ratio":-0.3,"min_rate":105686.95,"max_rate":105777.91,"is_open":false,"enter_tag":"","leverage":1.0,"is_short":false,"open_timestamp":1737316380000,"close_timestamp":1737316380000,"orders":[{"amount":0.00094,"safe_price":105749.9,"ft_order_side":"buy","order_filled_timestamp":1737316380000,"ft_is_entry":true,"ft_order_tag":"","cost":109.3453966},{"amount":0.00094,"safe_price":105749.9,"ft_order_side":"sell","order_filled_timestamp":1737316380000,"ft_is_entry":false,"ft_order_tag":"custom_exit","cost":109.3453966}],"funding_fees":0.0},{"pair":"BTC/USDT","stake_amount":99.640047,"max_stake_amount":99.640047,"amount":0.00094,"open_date":"2025-01-19 19:59:00+00:00","close_date":"2025-01-19 19:59:00+00:00","open_rate":106000.05,"close_rate":106000.05,"fee_open":0.1,"fee_close":0.1,"trade_duration":0,"profit_ratio":-0.18181818181818182,"profit_abs":-19.9280094,"exit_reason":"custom_exit","initial_stop_loss_abs":74200.04,"initial_stop_loss_ratio":-0.3,"stop_loss_abs":74200.04,"stop_loss_ratio":-0.3,"min_rate":106000.05,"max_rate":106200.74,"is_open":false,"enter_tag":"","leverage":1.0,"is_short":false,"open_timestamp":1737316740000,"close_timestamp":1737316740000,"orders":[{"amount":0.00094,"safe_price":106000.05,"ft_order_side":"buy","order_filled_timestamp":1737316740000,"ft_is_entry":true,"ft_order_tag":"","cost":109.6040517},{"amount":0.00094,"safe_price":106000.05,"ft_order_side":"sell","order_filled_timestamp":1737316740000,"ft_is_entry":false,"ft_order_tag":"custom_exit","cost":109.6040517}],"funding_fees":0.0}],"locks":[],"best_pair":{"key":"BTC/USDT","trades":45,"profit_mean":-0.18196275497640996,"profit_mean_pct":-18.2,"profit_sum":-8.188323973938449,"profit_sum_pct":-818.83,"profit_total_abs":-896.01116145,"profit_total":-0.89601116145,"profit_total_pct":-89.6,"duration_avg":"0:57:00","wins":0,"draws":0,"losses":45,"winrate":0.0,"cagr":-0.9999999999989035,"expectancy":-19.911359143333335,"expectancy_ratio":-1.0,"sortino":-8912.768641679118,"sharpe":-8912.768641679118,"calmar":-63.68324391514267,"sqn":-2063.0097,"profit_factor":0.0,"max_drawdown_account":0.8960111614499999,"max_drawdown_abs":896.0111614499999},"worst_pair":{"key":"BTC/USDT","trades":45,"profit_mean":-0.18196275497640996,"profit_mean_pct":-18.2,"profit_sum":-8.188323973938449,"profit_sum_pct":-818.83,"profit_total_abs":-896.01116145,"profit_total":-0.89601116145,"profit_total_pct":-89.6,"duration_avg":"0:57:00","wins":0,"draws":0,"losses":45,"winrate":0.0,"cagr":-0.9999999999989035,"expectancy":-19.911359143333335,"expectancy_ratio":-1.0,"sortino":-8912.768641679118,"sharpe":-8912.768641679118,"calmar":-63.68324391514267,"sqn":-2063.0097,"profit_factor":0.0,"max_drawdown_account":0.8960111614499999,"max_drawdown_abs":896.0111614499999},"results_per_pair":[{"key":"BTC/USDT","trades":45,"profit_mean":-0.18196275497640996,"profit_mean_pct":-18.2,"profit_sum":-8.188323973938449,"profit_sum_pct":-818.83,"profit_total_abs":-896.01116145,"profit_total":-0.89601116145,"profit_total_pct":-89.6,"duration_avg":"0:57:00","wins":0,"draws":0,"losses":45,"winrate":0.0,"cagr":-0.9999999999989035,"expectancy":-19.911359143333335,"expectancy_ratio":-1.0,"sortino":-8912.768641679118,"sharpe":-8912.768641679118,"calmar":-63.68324391514267,"sqn":-2063.0097,"profit_factor":0.0,"max_drawdown_account":0.8960111614499999,"max_drawdown_abs":896.0111614499999},{"key":"TOTAL","trades":45,"profit_mean":-0.18196275497640996,"profit_mean_pct":-18.2,"profit_sum":-8.188323973938449,"profit_sum_pct":-818.83,"profit_total_abs":-896.01116145,"profit_total":-0.89601116145,"profit_total_pct":-89.6,"duration_avg":"0:57:00","wins":0,"draws":0,"losses":45,"winrate":0.0,"cagr":-0.9999999999989035,"expectancy":-19.911359143333335,"expectancy_ratio":-1.0,"sortino":-8912.768641679118,"sharpe":-8912.768641679118,"calmar":-63.68324391514267,"sqn":-2063.0097,"profit_factor":0.0,"max_drawdown_account":0.8960111614499999,"max_drawdown_abs":896.0111614499999}],"results_per_enter_tag":[{"key":"","trades":45,"profit_mean":-0.18196275497640996,"profit_mean_pct":-18.2,"profit_sum":-8.188323973938449,"profit_sum_pct":-818.83,"profit_total_abs":-896.01116145,"profit_total":-0.89601116145,"profit_total_pct":-89.6,"duration_avg":"0:57:00","wins":0,"draws":0,"losses":45,"winrate":0.0,"cagr":-0.9999999999989035,"expectancy":-19.911359143333335,"expectancy_ratio":-1.0,"sortino":-8912.768641679118,"sharpe":-8912.768641679118,"calmar":-63.68324391514267,"sqn":-2063.0097,"profit_factor":0.0,"max_drawdown_account":0.8960111614499999,"max_drawdown_abs":896.0111614499999},{"key":"TOTAL","trades":45,"profit_mean":-0.18196275497640996,"profit_mean_pct":-18.2,"profit_sum":-8.188323973938449,"profit_sum_pct":-818.83,"profit_total_abs":-896.01116145,"profit_total":-0.89601116145,"profit_total_pct":-89.6,"duration_avg":"0:57:00","wins":0,"draws":0,"losses":45,"winrate":0.0,"cagr":-0.9999999999989035,"expectancy":-19.911359143333335,"expectancy_ratio":-1.0,"sortino":-8912.768641679118,"sharpe":-8912.768641679118,"calmar":-63.68324391514267,"sqn":-2063.0097,"profit_factor":0.0,"max_drawdown_account":0.8960111614499999,"max_drawdown_abs":896.0111614499999}],"exit_reason_summary":[{"key":"custom_exit","trades":45,"profit_mean":-0.18196275497640996,"profit_mean_pct":-18.2,"profit_sum":-8.188323973938449,"profit_sum_pct":-818.83,"profit_total_abs":-896.01116145,"profit_total":-0.89601116145,"profit_total_pct":-89.6,"duration_avg":"0:57:00","wins":0,"draws":0,"losses":45,"winrate":0.0,"cagr":-0.9999999999989035,"expectancy":-19.911359143333335,"expectancy_ratio":-1.0,"sortino":-8912.768641679118,"sharpe":-8912.768641679118,"calmar":-63.68324391514267,"sqn":-2063.0097,"profit_factor":0.0,"max_drawdown_account":0.8960111614499999,"max_drawdown_abs":896.0111614499999},{"key":"TOTAL","trades":45,"profit_mean":-0.18196275497640996,"profit_mean_pct":-18.2,"profit_sum":-8.188323973938449,"profit_sum_pct":-818.83,"profit_total_abs":-896.01116145,"profit_total":-0.89601116145,"profit_total_pct":-89.6,"duration_avg":"0:57:00","wins":0,"draws":0,"losses":45,"winrate":0.0,"cagr":-0.9999999999989035,"expectancy":-19.911359143333335,"expectancy_ratio":-1.0,"sortino":-8912.768641679118,"sharpe":-8912.768641679118,"calmar":-63.68324391514267,"sqn":-2063.0097,"profit_factor":0.0,"max_drawdown_account":0.8960111614499999,"max_drawdown_abs":896.0111614499999}],"mix_tag_stats":[{"key":["","custom_exit"],"trades":45,"profit_mean":-0.18196275497640996,"profit_mean_pct":-18.2,"profit_sum":-8.188323973938449,"profit_sum_pct":-818.83,"profit_total_abs":-896.01116145,"profit_total":-0.89601116145,"profit_total_pct":-89.6,"duration_avg":"0:57:00","wins":0,"draws":0,"losses":45,"winrate":0.0,"cagr":-0.9999999999989035,"expectancy":-19.911359143333335,"expectancy_ratio":-1.0,"sortino":-8912.768641679118,"sharpe":-8912.768641679118,"calmar":-63.68324391514267,"sqn":-2063.0097,"profit_factor":0.0,"max_drawdown_account":0.8960111614499999,"max_drawdown_abs":896.0111614499999},{"key":"TOTAL","trades":45,"profit_mean":-0.18196275497640996,"profit_mean_pct":-18.2,"profit_sum":-8.188323973938449,"profit_sum_pct":-818.83,"profit_total_abs":-896.01116145,"profit_total":-0.89601116145,"profit_total_pct":-89.6,"duration_avg":"0:57:00","wins":0,"draws":0,"losses":45,"winrate":0.0,"cagr":-0.9999999999989035,"expectancy":-19.911359143333335,"expectancy_ratio":-1.0,"sortino":-8912.768641679118,"sharpe":-8912.768641679118,"calmar":-63.68324391514267,"sqn":-2063.0097,"profit_factor":0.0,"max_drawdown_account":0.8960111614499999,"max_drawdown_abs":896.0111614499999}],"left_open_trades":[{"key":"TOTAL","trades":0,"profit_mean":0.0,"profit_mean_pct":0.0,"profit_sum":0.0,"profit_sum_pct":0.0,"profit_total_abs":0.0,"profit_total":0.0,"profit_total_pct":0.0,"duration_avg":"0:00","wins":0,"draws":0,"losses":0,"winrate":0.0,"cagr":0.0,"expectancy":0.0,"expectancy_ratio":100.0,"sortino":0,"sharpe":0,"calmar":0,"sqn":0.0,"profit_factor":0.0,"max_drawdown_account":0.0,"max_drawdown_abs":0.0}],"total_trades":45,"trade_count_long":45,"trade_count_short":0,"total_volume":9847.41585685,"avg_stake_amount":99.47764190666666,"profit_mean":-0.18196275497640996,"profit_median":-0.18181818181818182,"profit_total":-0.89601116145,"profit_total_long":-0.89601116145,"profit_total_short":0.0,"profit_total_abs":-896.01116145,"profit_total_long_abs":-896.01116145,"profit_total_short_abs":0.0,"cagr":-0.9999999999989035,"expectancy":-19.911359143333335,"expectancy_ratio":-1.0,"sortino":-8912.768641679118,"sharpe":-8912.768641679118,"calmar":-63.68324391514267,"sqn":-2063.0097,"profit_factor":0.0,"backtest_start":"2025-01-01 00:00:00","backtest_start_ts":1735689600000,"backtest_end":"2025-01-31 00:00:00","backtest_end_ts":1738281600000,"backtest_days":30,"backtest_run_start_ts":1752202394,"backtest_run_end_ts":1752202395,"trades_per_day":1.5,"market_change":0.11915905546499764,"pairlist":["BTC/USDT"],"stake_amount":100,"stake_currency":"USDT","stake_currency_decimals":3,"starting_balance":1000,"dry_run_wallet":1000,"final_balance":103.98883855000008,"rejected_signals":0,"timedout_entry_orders":0,"timedout_exit_orders":0,"canceled_trade_entries":0,"canceled_entry_orders":0,"replaced_entry_orders":0,"max_open_trades":1,"max_open_trades_setting":10,"timeframe":"1m","timeframe_detail":"","timerange":"20250101-20250131","enable_protections":true,"strategy_name":"MultiHorizonMomentum","stoploss":-0.3,"trailing_stop":false,"trailing_stop_positive":null,"trailing_stop_positive_offset":0.0,"trailing_only_offset_is_reached":false,"use_custom_stoploss":false,"minimal_roi":{"0":0.003},"use_exit_signal":true,"exit_profit_only":false,"exit_profit_offset":0.0,"ignore_roi_if_entry_signal":false,"trading_mode":"spot","margin_mode":"","periodic_breakdown":{"day":[{"date":"02/01/2025","date_ts":1735776000000,"profit_abs":-39.84285344,"wins":0,"draws":0,"losses":2,"trades":2,"profit_factor":0.0},{"date":"03/01/2025","date_ts":1735862400000,"profit_abs":0.0,"wins":0,"draws":0,"losses":0,"trades":0,"profit_factor":0.0},{"date":"04/01/2025","date_ts":1735948800000,"profit_abs":-79.83570149,"wins":0,"draws":0,"losses":4,"trades":4,"profit_factor":0.0},{"date":"05/01/2025","date_ts":1736035200000,"profit_abs":-19.96839589,"wins":0,"draws":0,"losses":1,"trades":1,"profit_factor":0.0},{"date":"06/01/2025","date_ts":1736121600000,"profit_abs":-139.34270934,"wins":0,"draws":0,"losses":7,"trades":7,"profit_factor":0.0},{"date":"07/01/2025","date_ts":1736208000000,"profit_abs":0.0,"wins":0,"draws":0,"losses":0,"trades":0,"profit_factor":0.0},{"date":"08/01/2025","date_ts":1736294400000,"profit_abs":0.0,"wins":0,"draws":0,"losses":0,"trades":0,"profit_factor":0.0},{"date":"09/01/2025","date_ts":1736380800000,"profit_abs":0.0,"wins":0,"draws":0,"losses":0,"trades":0,"profit_factor":0.0},{"date":"10/01/2025","date_ts":1736467200000,"profit_abs":0.0,"wins":0,"draws":0,"losses":0,"trades":0,"profit_factor":0.0},{"date":"11/01/2025","date_ts":1736553600000,"profit_abs":0.0,"wins":0,"draws":0,"losses":0,"trades":0,"profit_factor":0.0},{"date":"12/01/2025","date_ts":1736640000000,"profit_abs":0.0,"wins":0,"draws":0,"losses":0,"trades":0,"profit_factor":0.0},{"date":"13/01/2025","date_ts":1736726400000,"profit_abs":0.0,"wins":0,"draws":0,"losses":0,"trades":0,"profit_factor":0.0},{"date":"14/01/2025","date_ts":1736812800000,"profit_abs":-79.47434764,"wins":0,"draws":0,"losses":4,"trades":4,"profit_factor":0.0},{"date":"15/01/2025","date_ts":1736899200000,"profit_abs":-139.19414884,"wins":0,"draws":0,"losses":7,"trades":7,"profit_factor":0.0},{"date":"16/01/2025","date_ts":1736985600000,"profit_abs":0.0,"wins":0,"draws":0,"losses":0,"trades":0,"profit_factor":0.0},{"date":"17/01/2025","date_ts":1737072000000,"profit_abs":-179.32907382,"wins":0,"draws":0,"losses":9,"trades":9,"profit_factor":0.0},{"date":"18/01/2025","date_ts":1737158400000,"profit_abs":-99.40853834,"wins":0,"draws":0,"losses":5,"trades":5,"profit_factor":0.0},{"date":"19/01/2025","date_ts":1737244800000,"profit_abs":-119.61539265,"wins":0,"draws":0,"losses":6,"trades":6,"profit_factor":0.0}],"week":[{"date":"06/01/2025","date_ts":1736121600000,"profit_abs":-278.98966016,"wins":0,"draws":0,"losses":14,"trades":14,"profit_factor":0.0},{"date":"13/01/2025","date_ts":1736726400000,"profit_abs":0.0,"wins":0,"draws":0,"losses":0,"trades":0,"profit_factor":0.0},{"date":"20/01/2025","date_ts":1737331200000,"profit_abs":-617.02150129,"wins":0,"draws":0,"losses":31,"trades":31,"profit_factor":0.0}],"month":[{"date":"31/01/2025","date_ts":1738281600000,"profit_abs":-896.01116145,"wins":0,"draws":0,"losses":45,"trades":45,"profit_factor":0.0}],"year":[{"date":"31/12/2025","date_ts":1767139200000,"profit_abs":-896.01116145,"wins":0,"draws":0,"losses":45,"trades":45,"profit_factor":0.0}]},"backtest_best_day":0.0,"backtest_worst_day":-1.637353428326562,"backtest_best_day_abs":0.0,"backtest_worst_day_abs":-179.32907382,"winning_days":0,"draw_days":9,"losing_days":9,"daily_profit":[["2025-01-02",-39.84285344],["2025-01-03",0.0],["2025-01-04",-79.83570149],["2025-01-05",-19.96839589],["2025-01-06",-139.34270934],["2025-01-07",0.0],["2025-01-08",0.0],["2025-01-09",0.0],["2025-01-10",0.0],["2025-01-11",0.0],["2025-01-12",0.0],["2025-01-13",0.0],["2025-01-14",-79.47434764],["2025-01-15",-139.19414884],["2025-01-16",0.0],["2025-01-17",-179.32907382],["2025-01-18",-99.40853834],["2025-01-19",-119.61539265]],"wins":0,"losses":45,"draws":0,"winrate":0.0,"holding_avg":"0:57:00","holding_avg_s":3420.0,"winner_holding_min":"0d 00:00","winner_holding_min_s":0.0,"winner_holding_max":"0d 00:00","winner_holding_max_s":0.0,"winner_holding_avg":"0d 00:00","winner_holding_avg_s":0.0,"loser_holding_min":"0d 00:00","loser_holding_min_s":0.0,"loser_holding_max":"1d 01:34","loser_holding_max_s":92040.0,"loser_holding_avg":"0d 00:57","loser_holding_avg_s":3420.0,"max_consecutive_wins":0,"max_consecutive_losses":45,"max_drawdown_account":0.8960111614499999,"max_relative_drawdown":0.8960111614499999,"max_drawdown_abs":896.0111614499999,"drawdown_start":"2025-01-02 04:39:00","drawdown_start_ts":1735792740000.0,"drawdown_end":"2025-01-19 19:59:00","drawdown_end_ts":1737316740000.0,"max_drawdown_low":-896.0111614499999,"max_drawdown_high":-19.89691184,"csum_min":103.98883855000008,"csum_max":980.10308816}},"strategy_comparison":[{"key":"MultiHorizonMomentum","trades":45,"profit_mean":-0.18196275497640996,"profit_mean_pct":-18.2,"profit_sum":-8.188323973938449,"profit_sum_pct":-818.83,"profit_total_abs":-896.01116145,"profit_total":-0.89601116145,"profit_total_pct":-89.6,"duration_avg":"0:57:00","wins":0,"draws":0,"losses":45,"winrate":0.0,"cagr":-0.9999999999989035,"expectancy":-19.911359143333335,"expectancy_ratio":-1.0,"sortino":-8912.768641679118,"sharpe":-8912.768641679118,"calmar":-63.68324391514267,"sqn":-2063.0097,"profit_factor":0.0,"max_drawdown_account":0.8960111614499999,"max_drawdown_abs":"896.011"}]}