{"strategy":{"MultiHorizonMomentum":{"trades":[{"pair":"BTC/USDT","stake_amount":19.131646,"max_stake_amount":19.131646,"amount":0.0002,"open_date":"2025-01-02 04:39:00+00:00","close_date":"2025-01-02 04:39:00+00:00","open_rate":95658.23,"close_rate":95658.23,"fee_open":0.001,"fee_close":0.001,"trade_duration":0,"profit_ratio":-0.0019980018935675963,"profit_abs":-0.03826329,"exit_reason":"custom_exit","initial_stop_loss_abs":66960.77,"initial_stop_loss_ratio":-0.3,"stop_loss_abs":66960.77,"stop_loss_ratio":-0.3,"min_rate":95658.23,"max_rate":95768.79,"is_open":false,"enter_tag":"","leverage":1.0,"is_short":false,"open_timestamp":1735792740000,"close_timestamp":1735792740000,"orders":[{"amount":0.0002,"safe_price":95658.23,"ft_order_side":"buy","order_filled_timestamp":1735792740000,"ft_is_entry":true,"ft_order_tag":"","cost":19.150777645999998},{"amount":0.0002,"safe_price":95658.23,"ft_order_side":"sell","order_filled_timestamp":1735792740000,"ft_is_entry":false,"ft_order_tag":"custom_exit","cost":19.150777645999998}],"funding_fees":0.0},{"pair":"BTC/USDT","stake_amount":19.17879,"max_stake_amount":19.17879,"amount":0.0002,"open_date":"2025-01-02 04:42:00+00:00","close_date":"2025-01-02 04:47:00+00:00","open_rate":95893.95,"close_rate":95942.79,"fee_open":0.001,"fee_close":0.001,"trade_duration":5,"profit_ratio":-0.0014897070785372393,"profit_abs":-0.02859935,"exit_reason":"custom_exit","initial_stop_loss_abs":67125.77,"initial_stop_loss_ratio":-0.3,"stop_loss_abs":67125.77,"stop_loss_ratio":-0.3,"min_rate":95812.78,"max_rate":96000.0,"is_open":false,"enter_tag":"","leverage":1.0,"is_short":false,"open_timestamp":1735792920000,"close_timestamp":1735793220000,"orders":[{"amount":0.0002,"safe_price":95893.95,"ft_order_side":"buy","order_filled_timestamp":1735792920000,"ft_is_entry":true,"ft_order_tag":"","cost":19.197968789999997},{"amount":0.0002,"safe_price":95942.79,"ft_order_side":"sell","order_filled_timestamp":1735793220000,"ft_is_entry":false,"ft_order_tag":"custom_exit","cost":19.207746557999997}],"funding_fees":0.0},{"pair":"BTC/USDT","stake_amount":19.66822,"max_stake_amount":19.66822,"amount":0.0002,"open_date":"2025-01-04 07:17:00+00:00","close_date":"2025-01-04 20:00:00+00:00","open_rate":98341.1,"close_rate":98166.26,"fee_open":0.001,"fee_close":0.001,"trade_duration":763,"profit_ratio":-0.0037723431365560647,"profit_abs":-0.07426947,"exit_reason":"custom_exit","initial_stop_loss_abs":68838.77,"initial_stop_loss_ratio":-0.3,"stop_loss_abs":68838.77,"stop_loss_ratio":-0.3,"min_rate":97514.79,"max_rate":98490.0,"is_open":false,"enter_tag":"","leverage":1.0,"is_short":false,"open_timestamp":1735975020000,"close_timestamp":1736020800000,"orders":[{"amount":0.0002,"safe_price":98341.1,"ft_order_side":"buy","order_filled_timestamp":1735975020000,"ft_is_entry":true,"ft_order_tag":"","cost":19.687888219999998},{"amount":0.0002,"safe_price":98166.26,"ft_order_side":"sell","order_filled_timestamp":1736020800000,"ft_is_entry":false,"ft_order_tag":"custom_exit","cost":19.652885251999997}],"funding_fees":0.0},{"pair":"BTC/USDT","stake_amount":19.704618,"max_stake_amount":19.704618,"amount":0.0002,"open_date":"2025-01-04 20:37:00+00:00","close_date":"2025-01-04 20:41:00+00:00","open_rate":98523.09,"close_rate":98550.0,"fee_open":0.001,"fee_close":0.001,"trade_duration":4,"profit_ratio":-0.0017254138790521786,"profit_abs":-0.03403262,"exit_reason":"custom_exit","initial_stop_loss_abs":68966.17,"initial_stop_loss_ratio":-0.3,"stop_loss_abs":68966.17,"stop_loss_ratio":-0.3,"min_rate":98468.0,"max_rate":98613.27,"is_open":false,"enter_tag":"","leverage":1.0,"is_short":false,"open_timestamp":1736023020000,"close_timestamp":1736023260000,"orders":[{"amount":0.0002,"safe_price":98523.09,"ft_order_side":"buy","order_filled_timestamp":1736023020000,"ft_is_entry":true,"ft_order_tag":"","cost":19.724322618},{"amount":0.0002,"safe_price":98550.0,"ft_order_side":"sell","order_filled_timestamp":1736023260000,"ft_is_entry":false,"ft_order_tag":"custom_exit","cost":19.729709999999997}],"funding_fees":0.0},{"pair":"BTC/USDT","stake_amount":19.722654,"max_stake_amount":19.722654,"amount":0.0002,"open_date":"2025-01-04 20:42:00+00:00","close_date":"2025-01-04 20:43:00+00:00","open_rate":98613.27,"close_rate":98580.21,"fee_open":0.001,"fee_close":0.001,"trade_duration":1,"profit_ratio":-0.0023325813708791575,"profit_abs":-0.0460507,"exit_reason":"custom_exit","initial_stop_loss_abs":69029.29,"initial_stop_loss_ratio":-0.3,"stop_loss_abs":69029.29,"stop_loss_ratio":-0.3,"min_rate":98580.2,"max_rate":98671.02,"is_open":false,"enter_tag":"","leverage":1.0,"is_short":false,"open_timestamp":1736023320000,"close_timestamp":1736023380000,"orders":[{"amount":0.0002,"safe_price":98613.27,"ft_order_side":"buy","order_filled_timestamp":1736023320000,"ft_is_entry":true,"ft_order_tag":"","cost":19.742376654},{"amount":0.0002,"safe_price":98580.21,"ft_order_side":"sell","order_filled_timestamp":1736023380000,"ft_is_entry":false,"ft_order_tag":"custom_exit","cost":19.735758042}],"funding_fees":0.0},{"pair":"BTC/USDT","stake_amount":19.720806,"max_stake_amount":19.720806,"amount":0.0002,"open_date":"2025-01-04 20:44:00+00:00","close_date":"2025-01-04 21:00:00+00:00","open_rate":98604.03,"close_rate":98599.02,"fee_open":0.001,"fee_close":0.001,"trade_duration":16,"profit_ratio":-0.0020487097632930313,"profit_abs":-0.04044261,"exit_reason":"custom_exit","initial_stop_loss_abs":69022.83,"initial_stop_loss_ratio":-0.3,"stop_loss_abs":69022.83,"stop_loss_ratio":-0.3,"min_rate":98521.98,"max_rate":98710.5,"is_open":false,"enter_tag":"","leverage":1.0,"is_short":false,"open_timestamp":1736023440000,"close_timestamp":1736024400000,"orders":[{"amount":0.0002,"safe_price":98604.03,"ft_order_side":"buy","order_filled_timestamp":1736023440000,"ft_is_entry":true,"ft_order_tag":"","cost":19.740526806},{"amount":0.0002,"safe_price":98599.02,"ft_order_side":"sell","order_filled_timestamp":1736024400000,"ft_is_entry":false,"ft_order_tag":"custom_exit","cost":19.739523804}],"funding_fees":0.0},{"pair":"BTC/USDT","stake_amount":19.743518,"max_stake_amount":19.743518,"amount":0.0002,"open_date":"2025-01-05 22:40:00+00:00","close_date":"2025-01-05 23:02:00+00:00","open_rate":98717.59,"close_rate":98736.32,"fee_open":0.001,"fee_close":0.001,"trade_duration":22,"profit_ratio":-0.0018086478270524496,"profit_abs":-0.03574478,"exit_reason":"custom_exit","initial_stop_loss_abs":69102.32,"initial_stop_loss_ratio":-0.3,"stop_loss_abs":69102.32,"stop_loss_ratio":-0.3,"min_rate":98516.27,"max_rate":98836.85,"is_open":false,"enter_tag":"","leverage":1.0,"is_short":false,"open_timestamp":1736116800000,"close_timestamp":1736118120000,"orders":[{"amount":0.0002,"safe_price":98717.59,"ft_order_side":"buy","order_filled_timestamp":1736116800000,"ft_is_entry":true,"ft_order_tag":"","cost":19.763261518},{"amount":0.0002,"safe_price":98736.32,"ft_order_side":"sell","order_filled_timestamp":1736118120000,"ft_is_entry":false,"ft_order_tag":"custom_exit","cost":19.767011264}],"funding_fees":0.0},{"pair":"BTC/USDT","stake_amount":19.778146,"max_stake_amount":19.778146,"amount":0.0002,"open_date":"2025-01-06 02:02:00+00:00","close_date":"2025-01-06 02:05:00+00:00","open_rate":98890.73,"close_rate":98885.59,"fee_open":0.001,"fee_close":0.001,"trade_duration":3,"profit_ratio":-0.002049874507080557,"profit_abs":-0.04058326,"exit_reason":"custom_exit","initial_stop_loss_abs":69223.52,"initial_stop_loss_ratio":-0.3,"stop_loss_abs":69223.52,"stop_loss_ratio":-0.3,"min_rate":98815.24,"max_rate":99254.87,"is_open":false,"enter_tag":"","leverage":1.0,"is_short":false,"open_timestamp":1736128920000,"close_timestamp":1736129100000,"orders":[{"amount":0.0002,"safe_price":98890.73,"ft_order_side":"buy","order_filled_timestamp":1736128920000,"ft_is_entry":true,"ft_order_tag":"","cost":19.797924145999996},{"amount":0.0002,"safe_price":98885.59,"ft_order_side":"sell","order_filled_timestamp":1736129100000,"ft_is_entry":false,"ft_order_tag":"custom_exit","cost":19.796895118}],"funding_fees":0.0},{"pair":"BTC/USDT","stake_amount":19.824006,"max_stake_amount":19.824006,"amount":0.0002,"open_date":"2025-01-06 02:06:00+00:00","close_date":"2025-01-06 02:06:00+00:00","open_rate":99120.03,"close_rate":99120.03,"fee_open":0.001,"fee_close":0.001,"trade_duration":0,"profit_ratio":-0.0019980018972150025,"profit_abs":-0.03964801,"exit_reason":"custom_exit","initial_stop_loss_abs":69384.03,"initial_stop_loss_ratio":-0.3,"stop_loss_abs":69384.03,"stop_loss_ratio":-0.3,"min_rate":99023.01,"max_rate":99238.99,"is_open":false,"enter_tag":"","leverage":1.0,"is_short":false,"open_timestamp":1736129160000,"close_timestamp":1736129160000,"orders":[{"amount":0.0002,"safe_price":99120.03,"ft_order_side":"buy","order_filled_timestamp":1736129160000,"ft_is_entry":true,"ft_order_tag":"","cost":19.843830005999997},{"amount":0.0002,"safe_price":99120.03,"ft_order_side":"sell","order_filled_timestamp":1736129160000,"ft_is_entry":false,"ft_order_tag":"custom_exit","cost":19.843830005999997}],"funding_fees":0.0},{"pair":"BTC/USDT","stake_amount":19.810016,"max_stake_amount":19.810016,"amount":0.0002,"open_date":"2025-01-06 02:07:00+00:00","close_date":"2025-01-06 02:07:00+00:00","open_rate":99050.08,"close_rate":99050.08,"fee_open":0.001,"fee_close":0.001,"trade_duration":0,"profit_ratio":-0.0019980018971438264,"profit_abs":-0.03962003,"exit_reason":"custom_exit","initial_stop_loss_abs":69335.06,"initial_stop_loss_ratio":-0.3,"stop_loss_abs":69335.06,"stop_loss_ratio":-0.3,"min_rate":99005.0,"max_rate":99240.0,"is_open":false,"enter_tag":"","leverage":1.0,"is_short":false,"open_timestamp":1736129220000,"close_timestamp":1736129220000,"orders":[{"amount":0.0002,"safe_price":99050.08,"ft_order_side":"buy","order_filled_timestamp":1736129220000,"ft_is_entry":true,"ft_order_tag":"","cost":19.829826016},{"amount":0.0002,"safe_price":99050.08,"ft_order_side":"sell","order_filled_timestamp":1736129220000,"ft_is_entry":false,"ft_order_tag":"custom_exit","cost":19.829826016}],"funding_fees":0.0},{"pair":"BTC/USDT","stake_amount":19.848002,"max_stake_amount":19.848002,"amount":0.0002,"open_date":"2025-01-06 02:09:00+00:00","close_date":"2025-01-06 04:15:00+00:00","open_rate":99240.01,"close_rate":99282.14,"fee_open":0.001,"fee_close":0.001,"trade_duration":126,"profit_ratio":-0.0015743238446460665,"profit_abs":-0.03127843,"exit_reason":"custom_exit","initial_stop_loss_abs":69468.01,"initial_stop_loss_ratio":-0.3,"stop_loss_abs":69468.01,"stop_loss_ratio":-0.3,"min_rate":98649.97,"max_rate":99333.0,"is_open":false,"enter_tag":"","leverage":1.0,"is_short":false,"open_timestamp":1736129340000,"close_timestamp":1736136900000,"orders":[{"amount":0.0002,"safe_price":99240.01,"ft_order_side":"buy","order_filled_timestamp":1736129340000,"ft_is_entry":true,"ft_order_tag":"","cost":19.867850001999997},{"amount":0.0002,"safe_price":99282.14,"ft_order_side":"sell","order_filled_timestamp":1736136900000,"ft_is_entry":false,"ft_order_tag":"custom_exit","cost":19.876284427999998}],"funding_fees":0.0},{"pair":"BTC/USDT","stake_amount":19.881478,"max_stake_amount":19.881478,"amount":0.0002,"open_date":"2025-01-06 04:20:00+00:00","close_date":"2025-01-06 04:55:00+00:00","open_rate":99407.39,"close_rate":99425.58,"fee_open":0.001,"fee_close":0.001,"trade_duration":35,"profit_ratio":-0.0018153830164184728,"profit_abs":-0.03612859,"exit_reason":"custom_exit","initial_stop_loss_abs":69585.18,"initial_stop_loss_ratio":-0.3,"stop_loss_abs":69585.18,"stop_loss_ratio":-0.3,"min_rate":99184.98,"max_rate":99500.88,"is_open":false,"enter_tag":"","leverage":1.0,"is_short":false,"open_timestamp":1736137200000,"close_timestamp":1736139300000,"orders":[{"amount":0.0002,"safe_price":99407.39,"ft_order_side":"buy","order_filled_timestamp":1736137200000,"ft_is_entry":true,"ft_order_tag":"","cost":19.901359478},{"amount":0.0002,"safe_price":99425.58,"ft_order_side":"sell","order_filled_timestamp":1736139300000,"ft_is_entry":false,"ft_order_tag":"custom_exit","cost":19.905001115999998}],"funding_fees":0.0},{"pair":"BTC/USDT","stake_amount":19.908002,"max_stake_amount":19.908002,"amount":0.0002,"open_date":"2025-01-06 05:07:00+00:00","close_date":"2025-01-06 05:23:00+00:00","open_rate":99540.01,"close_rate":99597.99,"fee_open":0.001,"fee_close":0.001,"trade_duration":16,"profit_ratio":-0.0014166864461534914,"profit_abs":-0.0282316,"exit_reason":"custom_exit","initial_stop_loss_abs":69678.01,"initial_stop_loss_ratio":-0.3,"stop_loss_abs":69678.01,"stop_loss_ratio":-0.3,"min_rate":99413.39,"max_rate":99650.0,"is_open":false,"enter_tag":"","leverage":1.0,"is_short":false,"open_timestamp":1736140020000,"close_timestamp":1736140980000,"orders":[{"amount":0.0002,"safe_price":99540.01,"ft_order_side":"buy","order_filled_timestamp":1736140020000,"ft_is_entry":true,"ft_order_tag":"","cost":19.927910001999997},{"amount":0.0002,"safe_price":99597.99,"ft_order_side":"sell","order_filled_timestamp":1736140980000,"ft_is_entry":false,"ft_order_tag":"custom_exit","cost":19.939517598}],"funding_fees":0.0},{"pair":"BTC/USDT","stake_amount":19.96203,"max_stake_amount":19.96203,"amount":0.0002,"open_date":"2025-01-06 05:35:00+00:00","close_date":"2025-01-06 07:46:00+00:00","open_rate":99810.15,"close_rate":99312.23,"fee_open":0.001,"fee_close":0.001,"trade_duration":131,"profit_ratio":-0.006976705815451173,"profit_abs":-0.13940848,"exit_reason":"custom_exit","initial_stop_loss_abs":69867.11,"initial_stop_loss_ratio":-0.3,"stop_loss_abs":69867.11,"stop_loss_ratio":-0.3,"min_rate":99161.14,"max_rate":99892.0,"is_open":false,"enter_tag":"","leverage":1.0,"is_short":false,"open_timestamp":1736141700000,"close_timestamp":1736149560000,"orders":[{"amount":0.0002,"safe_price":99810.15,"ft_order_side":"buy","order_filled_timestamp":1736141700000,"ft_is_entry":true,"ft_order_tag":"","cost":19.981992029999997},{"amount":0.0002,"safe_price":99312.23,"ft_order_side":"sell","order_filled_timestamp":1736149560000,"ft_is_entry":false,"ft_order_tag":"custom_exit","cost":19.882308445999996}],"funding_fees":0.0},{"pair":"BTC/USDT","stake_amount":19.083998,"max_stake_amount":19.083998,"amount":0.0002,"open_date":"2025-01-14 08:12:00+00:00","close_date":"2025-01-14 08:12:00+00:00","open_rate":95419.99,"close_rate":95419.99,"fee_open":0.001,"fee_close":0.001,"trade_duration":0,"profit_ratio":-0.0019980022073922943,"profit_abs":-0.038168,"exit_reason":"custom_exit","initial_stop_loss_abs":66794.0,"initial_stop_loss_ratio":-0.3,"stop_loss_abs":66794.0,"stop_loss_ratio":-0.3,"min_rate":95400.37,"max_rate":95527.0,"is_open":false,"enter_tag":"","leverage":1.0,"is_short":false,"open_timestamp":1736842320000,"close_timestamp":1736842320000,"orders":[{"amount":0.0002,"safe_price":95419.99,"ft_order_side":"buy","order_filled_timestamp":1736842320000,"ft_is_entry":true,"ft_order_tag":"","cost":19.103081998},{"amount":0.0002,"safe_price":95419.99,"ft_order_side":"sell","order_filled_timestamp":1736842320000,"ft_is_entry":false,"ft_order_tag":"custom_exit","cost":19.103081998}],"funding_fees":0.0},{"pair":"BTC/USDT","stake_amount":19.094002,"max_stake_amount":19.094002,"amount":0.0002,"open_date":"2025-01-14 08:13:00+00:00","close_date":"2025-01-14 08:14:00+00:00","open_rate":95470.01,"close_rate":95532.52,"fee_open":0.001,"fee_close":0.001,"trade_duration":1,"profit_ratio":-0.0013445498310326544,"profit_abs":-0.02569851,"exit_reason":"custom_exit","initial_stop_loss_abs":66829.01,"initial_stop_loss_ratio":-0.3,"stop_loss_abs":66829.01,"stop_loss_ratio":-0.3,"min_rate":95470.0,"max_rate":95585.06,"is_open":false,"enter_tag":"","leverage":1.0,"is_short":false,"open_timestamp":1736842380000,"close_timestamp":1736842440000,"orders":[{"amount":0.0002,"safe_price":95470.01,"ft_order_side":"buy","order_filled_timestamp":1736842380000,"ft_is_entry":true,"ft_order_tag":"","cost":19.113096002},{"amount":0.0002,"safe_price":95532.52,"ft_order_side":"sell","order_filled_timestamp":1736842440000,"ft_is_entry":false,"ft_order_tag":"custom_exit","cost":19.125610503999997}],"funding_fees":0.0},{"pair":"BTC/USDT","stake_amount":19.147202,"max_stake_amount":19.147202,"amount":0.0002,"open_date":"2025-01-14 08:18:00+00:00","close_date":"2025-01-14 09:14:00+00:00","open_rate":95736.01,"close_rate":95807.43,"fee_open":0.001,"fee_close":0.001,"trade_duration":56,"profit_ratio":-0.0012534828488616411,"profit_abs":-0.02402469,"exit_reason":"custom_exit","initial_stop_loss_abs":67015.21,"initial_stop_loss_ratio":-0.3,"stop_loss_abs":67015.21,"stop_loss_ratio":-0.3,"min_rate":95247.81,"max_rate":95861.45,"is_open":false,"enter_tag":"","leverage":1.0,"is_short":false,"open_timestamp":1736842680000,"close_timestamp":1736846040000,"orders":[{"amount":0.0002,"safe_price":95736.01,"ft_order_side":"buy","order_filled_timestamp":1736842680000,"ft_is_entry":true,"ft_order_tag":"","cost":19.166349202},{"amount":0.0002,"safe_price":95807.43,"ft_order_side":"sell","order_filled_timestamp":1736846040000,"ft_is_entry":false,"ft_order_tag":"custom_exit","cost":19.180647485999998}],"funding_fees":0.0},{"pair":"BTC/USDT","stake_amount":19.443842,"max_stake_amount":19.443842,"amount":0.0002,"open_date":"2025-01-14 09:50:00+00:00","close_date":"2025-01-14 09:52:00+00:00","open_rate":97219.21,"close_rate":97276.96,"fee_open":0.001,"fee_close":0.001,"trade_duration":2,"profit_ratio":-0.001405170238058306,"profit_abs":-0.02734923,"exit_reason":"custom_exit","initial_stop_loss_abs":68053.45,"initial_stop_loss_ratio":-0.3,"stop_loss_abs":68053.45,"stop_loss_ratio":-0.3,"min_rate":97109.47,"max_rate":97371.0,"is_open":false,"enter_tag":"","leverage":1.0,"is_short":false,"open_timestamp":1736848200000,"close_timestamp":1736848320000,"orders":[{"amount":0.0002,"safe_price":97219.21,"ft_order_side":"buy","order_filled_timestamp":1736848200000,"ft_is_entry":true,"ft_order_tag":"","cost":19.463285842},{"amount":0.0002,"safe_price":97276.96,"ft_order_side":"sell","order_filled_timestamp":1736848320000,"ft_is_entry":false,"ft_order_tag":"custom_exit","cost":19.474847392}],"funding_fees":0.0},{"pair":"BTC/USDT","stake_amount":19.441642,"max_stake_amount":19.441642,"amount":0.0002,"open_date":"2025-01-15 00:30:00+00:00","close_date":"2025-01-15 00:31:00+00:00","open_rate":97208.21,"close_rate":97281.59,"fee_open":0.001,"fee_close":0.001,"trade_duration":1,"profit_ratio":-0.0012446357276696197,"profit_abs":-0.02422196,"exit_reason":"custom_exit","initial_stop_loss_abs":68045.75,"initial_stop_loss_ratio":-0.3,"stop_loss_abs":68045.75,"stop_loss_ratio":-0.3,"min_rate":97094.48,"max_rate":97332.52,"is_open":false,"enter_tag":"","leverage":1.0,"is_short":false,"open_timestamp":1736901000000,"close_timestamp":1736901060000,"orders":[{"amount":0.0002,"safe_price":97208.21,"ft_order_side":"buy","order_filled_timestamp":1736901000000,"ft_is_entry":true,"ft_order_tag":"","cost":19.461083642},{"amount":0.0002,"safe_price":97281.59,"ft_order_side":"sell","order_filled_timestamp":1736901060000,"ft_is_entry":false,"ft_order_tag":"custom_exit","cost":19.475774318}],"funding_fees":0.0},{"pair":"BTC/USDT","stake_amount":19.490024,"max_stake_amount":19.490024,"amount":0.0002,"open_date":"2025-01-15 07:23:00+00:00","close_date":"2025-01-15 07:28:00+00:00","open_rate":97450.12,"close_rate":97472.06,"fee_open":0.001,"fee_close":0.001,"trade_duration":5,"profit_ratio":-0.0017733112140794756,"profit_abs":-0.03459644,"exit_reason":"custom_exit","initial_stop_loss_abs":68215.09,"initial_stop_loss_ratio":-0.3,"stop_loss_abs":68215.09,"stop_loss_ratio":-0.3,"min_rate":97423.74,"max_rate":97566.32,"is_open":false,"enter_tag":"","leverage":1.0,"is_short":false,"open_timestamp":1736925780000,"close_timestamp":1736926080000,"orders":[{"amount":0.0002,"safe_price":97450.12,"ft_order_side":"buy","order_filled_timestamp":1736925780000,"ft_is_entry":true,"ft_order_tag":"","cost":19.509514023999998},{"amount":0.0002,"safe_price":97472.06,"ft_order_side":"sell","order_filled_timestamp":1736926080000,"ft_is_entry":false,"ft_order_tag":"custom_exit","cost":19.513906411999997}],"funding_fees":0.0},{"pair":"BTC/USDT","stake_amount":19.88923,"max_stake_amount":19.88923,"amount":0.0002,"open_date":"2025-01-15 19:00:00+00:00","close_date":"2025-01-15 19:03:00+00:00","open_rate":99446.15,"close_rate":99513.46,"fee_open":0.001,"fee_close":0.001,"trade_duration":3,"profit_ratio":-0.0013225055159810802,"profit_abs":-0.02632992,"exit_reason":"custom_exit","initial_stop_loss_abs":69612.31,"initial_stop_loss_ratio":-0.3,"stop_loss_abs":69612.31,"stop_loss_ratio":-0.3,"min_rate":99420.48,"max_rate":99600.0,"is_open":false,"enter_tag":"","leverage":1.0,"is_short":false,"open_timestamp":1736967600000,"close_timestamp":1736967780000,"orders":[{"amount":0.0002,"safe_price":99446.15,"ft_order_side":"buy","order_filled_timestamp":1736967600000,"ft_is_entry":true,"ft_order_tag":"","cost":19.909119229999998},{"amount":0.0002,"safe_price":99513.46,"ft_order_side":"sell","order_filled_timestamp":1736967780000,"ft_is_entry":false,"ft_order_tag":"custom_exit","cost":19.922594692}],"funding_fees":0.0},{"pair":"BTC/USDT","stake_amount":19.903684,"max_stake_amount":19.903684,"amount":0.0002,"open_date":"2025-01-15 19:04:00+00:00","close_date":"2025-01-15 19:36:00+00:00","open_rate":99518.42,"close_rate":99600.0,"fee_open":0.001,"fee_close":0.001,"trade_duration":32,"profit_ratio":-0.0011798919136877274,"profit_abs":-0.02350768,"exit_reason":"custom_exit","initial_stop_loss_abs":69662.9,"initial_stop_loss_ratio":-0.3,"stop_loss_abs":69662.9,"stop_loss_ratio":-0.3,"min_rate":99297.41,"max_rate":99700.0,"is_open":false,"enter_tag":"","leverage":1.0,"is_short":false,"open_timestamp":1736967840000,"close_timestamp":1736969760000,"orders":[{"amount":0.0002,"safe_price":99518.42,"ft_order_side":"buy","order_filled_timestamp":1736967840000,"ft_is_entry":true,"ft_order_tag":"","cost":19.923587684},{"amount":0.0002,"safe_price":99600.0,"ft_order_side":"sell","order_filled_timestamp":1736969760000,"ft_is_entry":false,"ft_order_tag":"custom_exit","cost":19.93992}],"funding_fees":0.0},{"pair":"BTC/USDT","stake_amount":19.1618781,"max_stake_amount":19.1618781,"amount":0.00019,"open_date":"2025-01-16 00:02:00+00:00","close_date":"2025-01-17 01:36:00+00:00","open_rate":100851.99,"close_rate":100760.33,"fee_open":0.001,"fee_close":0.001,"trade_duration":1534,"profit_ratio":-0.002905042691304561,"profit_abs":-0.05572174,"exit_reason":"custom_exit","initial_stop_loss_abs":70596.4,"initial_stop_loss_ratio":-0.3,"stop_loss_abs":70596.4,"stop_loss_ratio":-0.3,"min_rate":97335.13,"max_rate":100999.0,"is_open":false,"enter_tag":"","leverage":1.0,"is_short":false,"open_timestamp":1736985720000,"close_timestamp":1737077760000,"orders":[{"amount":0.00019,"safe_price":100851.99,"ft_order_side":"buy","order_filled_timestamp":1736985720000,"ft_is_entry":true,"ft_order_tag":"","cost":19.1810399781},{"amount":0.00019,"safe_price":100760.33,"ft_order_side":"sell","order_filled_timestamp":1737077760000,"ft_is_entry":false,"ft_order_tag":"custom_exit","cost":19.1636071627}],"funding_fees":0.0},{"pair":"BTC/USDT","stake_amount":19.1834659,"max_stake_amount":19.1834659,"amount":0.00019,"open_date":"2025-01-17 01:38:00+00:00","close_date":"2025-01-17 01:38:00+00:00","open_rate":100965.61,"close_rate":100965.61,"fee_open":0.001,"fee_close":0.001,"trade_duration":0,"profit_ratio":-0.0019980019042649326,"profit_abs":-0.03836693,"exit_reason":"custom_exit","initial_stop_loss_abs":70675.93,"initial_stop_loss_ratio":-0.3,"stop_loss_abs":70675.93,"stop_loss_ratio":-0.3,"min_rate":100873.76,"max_rate":101111.0,"is_open":false,"enter_tag":"","leverage":1.0,"is_short":false,"open_timestamp":1737077880000,"close_timestamp":1737077880000,"orders":[{"amount":0.00019,"safe_price":100965.61,"ft_order_side":"buy","order_filled_timestamp":1737077880000,"ft_is_entry":true,"ft_order_tag":"","cost":19.2026493659},{"amount":0.00019,"safe_price":100965.61,"ft_order_side":"sell","order_filled_timestamp":1737077880000,"ft_is_entry":false,"ft_order_tag":"custom_exit","cost":19.2026493659}],"funding_fees":0.0},{"pair":"BTC/USDT","stake_amount":19.2074838,"max_stake_amount":19.2074838,"amount":0.00019,"open_date":"2025-01-17 01:39:00+00:00","close_date":"2025-01-17 01:39:00+00:00","open_rate":101092.02,"close_rate":101092.02,"fee_open":0.001,"fee_close":0.001,"trade_duration":0,"profit_ratio":-0.001998002122828468,"profit_abs":-0.03841497,"exit_reason":"custom_exit","initial_stop_loss_abs":70764.42,"initial_stop_loss_ratio":-0.3,"stop_loss_abs":70764.42,"stop_loss_ratio":-0.3,"min_rate":101082.46,"max_rate":101208.26,"is_open":false,"enter_tag":"","leverage":1.0,"is_short":false,"open_timestamp":1737077940000,"close_timestamp":1737077940000,"orders":[{"amount":0.00019,"safe_price":101092.02,"ft_order_side":"buy","order_filled_timestamp":1737077940000,"ft_is_entry":true,"ft_order_tag":"","cost":19.2266912838},{"amount":0.00019,"safe_price":101092.02,"ft_order_side":"sell","order_filled_timestamp":1737077940000,"ft_is_entry":false,"ft_order_tag":"custom_exit","cost":19.2266912838}],"funding_fees":0.0},{"pair":"BTC/USDT","stake_amount":19.2211581,"max_stake_amount":19.2211581,"amount":0.00019,"open_date":"2025-01-17 01:40:00+00:00","close_date":"2025-01-17 01:40:00+00:00","open_rate":101163.99,"close_rate":101163.99,"fee_open":0.001,"fee_close":0.001,"trade_duration":0,"profit_ratio":-0.0019980021955033024,"profit_abs":-0.03844232,"exit_reason":"custom_exit","initial_stop_loss_abs":70814.8,"initial_stop_loss_ratio":-0.3,"stop_loss_abs":70814.8,"stop_loss_ratio":-0.3,"min_rate":101163.99,"max_rate":101421.71,"is_open":false,"enter_tag":"","leverage":1.0,"is_short":false,"open_timestamp":1737078000000,"close_timestamp":1737078000000,"orders":[{"amount":0.00019,"safe_price":101163.99,"ft_order_side":"buy","order_filled_timestamp":1737078000000,"ft_is_entry":true,"ft_order_tag":"","cost":19.240379258100003},{"amount":0.00019,"safe_price":101163.99,"ft_order_side":"sell","order_filled_timestamp":1737078000000,"ft_is_entry":false,"ft_order_tag":"custom_exit","cost":19.240379258100003}],"funding_fees":0.0},{"pair":"BTC/USDT","stake_amount":19.2656466,"max_stake_amount":19.2656466,"amount":0.00019,"open_date":"2025-01-17 01:41:00+00:00","close_date":"2025-01-17 01:41:00+00:00","open_rate":101398.14,"close_rate":101398.14,"fee_open":0.001,"fee_close":0.001,"trade_duration":0,"profit_ratio":-0.0019980018320691715,"profit_abs":-0.03853129,"exit_reason":"custom_exit","initial_stop_loss_abs":70978.7,"initial_stop_loss_ratio":-0.3,"stop_loss_abs":70978.7,"stop_loss_ratio":-0.3,"min_rate":101370.23,"max_rate":101605.72,"is_open":false,"enter_tag":"","leverage":1.0,"is_short":false,"open_timestamp":1737078060000,"close_timestamp":1737078060000,"orders":[{"amount":0.00019,"safe_price":101398.14,"ft_order_side":"buy","order_filled_timestamp":1737078060000,"ft_is_entry":true,"ft_order_tag":"","cost":19.284912246599998},{"amount":0.00019,"safe_price":101398.14,"ft_order_side":"sell","order_filled_timestamp":1737078060000,"ft_is_entry":false,"ft_order_tag":"custom_exit","cost":19.284912246599998}],"funding_fees":0.0},{"pair":"BTC/USDT","stake_amount":19.293151,"max_stake_amount":19.293151,"amount":0.00019,"open_date":"2025-01-17 01:42:00+00:00","close_date":"2025-01-17 01:44:00+00:00","open_rate":101542.9,"close_rate":101561.19,"fee_open":0.001,"fee_close":0.001,"trade_duration":2,"profit_ratio":-0.0018182411156995764,"profit_abs":-0.03511468,"exit_reason":"custom_exit","initial_stop_loss_abs":71080.03,"initial_stop_loss_ratio":-0.3,"stop_loss_abs":71080.03,"stop_loss_ratio":-0.3,"min_rate":101400.0,"max_rate":101666.0,"is_open":false,"enter_tag":"","leverage":1.0,"is_short":false,"open_timestamp":1737078120000,"close_timestamp":1737078240000,"orders":[{"amount":0.00019,"safe_price":101542.9,"ft_order_side":"buy","order_filled_timestamp":1737078120000,"ft_is_entry":true,"ft_order_tag":"","cost":19.312444151},{"amount":0.00019,"safe_price":101561.19,"ft_order_side":"sell","order_filled_timestamp":1737078240000,"ft_is_entry":false,"ft_order_tag":"custom_exit","cost":19.3159227261}],"funding_fees":0.0},{"pair":"BTC/USDT","stake_amount":19.3257113,"max_stake_amount":19.3257113,"amount":0.00019,"open_date":"2025-01-17 05:13:00+00:00","close_date":"2025-01-17 07:41:00+00:00","open_rate":101714.27,"close_rate":101678.57,"fee_open":0.001,"fee_close":0.001,"trade_duration":148,"profit_ratio":-0.002348283953836035,"profit_abs":-0.04542764,"exit_reason":"custom_exit","initial_stop_loss_abs":71199.99,"initial_stop_loss_ratio":-0.3,"stop_loss_abs":71199.99,"stop_loss_ratio":-0.3,"min_rate":101301.4,"max_rate":101899.49,"is_open":false,"enter_tag":"","leverage":1.0,"is_short":false,"open_timestamp":1737090780000,"close_timestamp":1737099660000,"orders":[{"amount":0.00019,"safe_price":101714.27,"ft_order_side":"buy","order_filled_timestamp":1737090780000,"ft_is_entry":true,"ft_order_tag":"","cost":19.3450370113},{"amount":0.00019,"safe_price":101678.57,"ft_order_side":"sell","order_filled_timestamp":1737099660000,"ft_is_entry":false,"ft_order_tag":"custom_exit","cost":19.338247228300002}],"funding_fees":0.0},{"pair":"BTC/USDT","stake_amount":19.3844118,"max_stake_amount":19.3844118,"amount":0.00019,"open_date":"2025-01-17 08:32:00+00:00","close_date":"2025-01-17 08:35:00+00:00","open_rate":102023.22,"close_rate":102044.51,"fee_open":0.001,"fee_close":0.001,"trade_duration":3,"profit_ratio":-0.0017897410187642073,"profit_abs":-0.03472777,"exit_reason":"custom_exit","initial_stop_loss_abs":71416.26,"initial_stop_loss_ratio":-0.3,"stop_loss_abs":71416.26,"stop_loss_ratio":-0.3,"min_rate":101928.6,"max_rate":102123.4,"is_open":false,"enter_tag":"","leverage":1.0,"is_short":false,"open_timestamp":1737102720000,"close_timestamp":1737102900000,"orders":[{"amount":0.00019,"safe_price":102023.22,"ft_order_side":"buy","order_filled_timestamp":1737102720000,"ft_is_entry":true,"ft_order_tag":"","cost":19.4037962118},{"amount":0.00019,"safe_price":102044.51,"ft_order_side":"sell","order_filled_timestamp":1737102900000,"ft_is_entry":false,"ft_order_tag":"custom_exit","cost":19.407845356899998}],"funding_fees":0.0},{"pair":"BTC/USDT","stake_amount":19.4989191,"max_stake_amount":19.4989191,"amount":0.00019,"open_date":"2025-01-17 12:20:00+00:00","close_date":"2025-01-17 12:41:00+00:00","open_rate":102625.89,"close_rate":102630.5,"fee_open":0.001,"fee_close":0.001,"trade_duration":21,"profit_ratio":-0.0019531711003778294,"profit_abs":-0.03812281,"exit_reason":"custom_exit","initial_stop_loss_abs":71838.13,"initial_stop_loss_ratio":-0.3,"stop_loss_abs":71838.13,"stop_loss_ratio":-0.3,"min_rate":102374.25,"max_rate":102789.0,"is_open":false,"enter_tag":"","leverage":1.0,"is_short":false,"open_timestamp":1737116400000,"close_timestamp":1737117660000,"orders":[{"amount":0.00019,"safe_price":102625.89,"ft_order_side":"buy","order_filled_timestamp":1737116400000,"ft_is_entry":true,"ft_order_tag":"","cost":19.5184180191},{"amount":0.00019,"safe_price":102630.5,"ft_order_side":"sell","order_filled_timestamp":1737117660000,"ft_is_entry":false,"ft_order_tag":"custom_exit","cost":19.519294795}],"funding_fees":0.0},{"pair":"BTC/USDT","stake_amount":19.7513379,"max_stake_amount":19.7513379,"amount":0.00019,"open_date":"2025-01-18 13:43:00+00:00","close_date":"2025-01-18 13:56:00+00:00","open_rate":103954.41,"close_rate":103923.03,"fee_open":0.001,"fee_close":0.001,"trade_duration":13,"profit_ratio":-0.002299261788412647,"profit_abs":-0.04545891,"exit_reason":"custom_exit","initial_stop_loss_abs":72768.09,"initial_stop_loss_ratio":-0.3,"stop_loss_abs":72768.09,"stop_loss_ratio":-0.3,"min_rate":103793.31,"max_rate":104074.97,"is_open":false,"enter_tag":"","leverage":1.0,"is_short":false,"open_timestamp":1737207780000,"close_timestamp":1737208560000,"orders":[{"amount":0.00019,"safe_price":103954.41,"ft_order_side":"buy","order_filled_timestamp":1737207780000,"ft_is_entry":true,"ft_order_tag":"","cost":19.7710892379},{"amount":0.00019,"safe_price":103923.03,"ft_order_side":"sell","order_filled_timestamp":1737208560000,"ft_is_entry":false,"ft_order_tag":"custom_exit","cost":19.765121075699998}],"funding_fees":0.0},{"pair":"BTC/USDT","stake_amount":19.8151,"max_stake_amount":19.8151,"amount":0.00019,"open_date":"2025-01-18 13:58:00+00:00","close_date":"2025-01-18 14:01:00+00:00","open_rate":104290.0,"close_rate":104291.16,"fee_open":0.001,"fee_close":0.001,"trade_duration":3,"profit_ratio":-0.0019869013707046316,"profit_abs":-0.03941002,"exit_reason":"custom_exit","initial_stop_loss_abs":73003.0,"initial_stop_loss_ratio":-0.3,"stop_loss_abs":73003.0,"stop_loss_ratio":-0.3,"min_rate":104223.44,"max_rate":104562.5,"is_open":false,"enter_tag":"","leverage":1.0,"is_short":false,"open_timestamp":1737208680000,"close_timestamp":1737208860000,"orders":[{"amount":0.00019,"safe_price":104290.0,"ft_order_side":"buy","order_filled_timestamp":1737208680000,"ft_is_entry":true,"ft_order_tag":"","cost":19.8349151},{"amount":0.00019,"safe_price":104291.16,"ft_order_side":"sell","order_filled_timestamp":1737208860000,"ft_is_entry":false,"ft_order_tag":"custom_exit","cost":19.8351357204}],"funding_fees":0.0},{"pair":"BTC/USDT","stake_amount":19.8512608,"max_stake_amount":19.8512608,"amount":0.00019,"open_date":"2025-01-18 23:06:00+00:00","close_date":"2025-01-18 23:14:00+00:00","open_rate":104480.32,"close_rate":104536.91,"fee_open":0.001,"fee_close":0.001,"trade_duration":8,"profit_ratio":-0.001457450892098388,"profit_abs":-0.02896117,"exit_reason":"custom_exit","initial_stop_loss_abs":73136.23,"initial_stop_loss_ratio":-0.3,"stop_loss_abs":73136.23,"stop_loss_ratio":-0.3,"min_rate":104442.41,"max_rate":104585.58,"is_open":false,"enter_tag":"","leverage":1.0,"is_short":false,"open_timestamp":1737241560000,"close_timestamp":1737242040000,"orders":[{"amount":0.00019,"safe_price":104480.32,"ft_order_side":"buy","order_filled_timestamp":1737241560000,"ft_is_entry":true,"ft_order_tag":"","cost":19.8711120608},{"amount":0.00019,"safe_price":104536.91,"ft_order_side":"sell","order_filled_timestamp":1737242040000,"ft_is_entry":false,"ft_order_tag":"custom_exit","cost":19.881874912900003}],"funding_fees":0.0},{"pair":"BTC/USDT","stake_amount":19.8921868,"max_stake_amount":19.8921868,"amount":0.00019,"open_date":"2025-01-18 23:17:00+00:00","close_date":"2025-01-19 02:07:00+00:00","open_rate":104695.72,"close_rate":104743.98,"fee_open":0.001,"fee_close":0.001,"trade_duration":170,"profit_ratio":-0.001537967985176293,"profit_abs":-0.03062414,"exit_reason":"custom_exit","initial_stop_loss_abs":73287.01,"initial_stop_loss_ratio":-0.3,"stop_loss_abs":73287.01,"stop_loss_ratio":-0.3,"min_rate":104013.51,"max_rate":104789.0,"is_open":false,"enter_tag":"","leverage":1.0,"is_short":false,"open_timestamp":1737242220000,"close_timestamp":1737252420000,"orders":[{"amount":0.00019,"safe_price":104695.72,"ft_order_side":"buy","order_filled_timestamp":1737242220000,"ft_is_entry":true,"ft_order_tag":"","cost":19.912078986799997},{"amount":0.00019,"safe_price":104743.98,"ft_order_side":"sell","order_filled_timestamp":1737252420000,"ft_is_entry":false,"ft_order_tag":"custom_exit","cost":19.921257556199997}],"funding_fees":0.0},{"pair":"BTC/USDT","stake_amount":19.9405019,"max_stake_amount":19.9405019,"amount":0.00019,"open_date":"2025-01-19 02:22:00+00:00","close_date":"2025-01-19 02:24:00+00:00","open_rate":104950.01,"close_rate":104908.79,"fee_open":0.001,"fee_close":0.001,"trade_duration":2,"profit_ratio":-0.002389975584682384,"profit_abs":-0.04770497,"exit_reason":"custom_exit","initial_stop_loss_abs":73465.01,"initial_stop_loss_ratio":-0.3,"stop_loss_abs":73465.01,"stop_loss_ratio":-0.3,"min_rate":104908.79,"max_rate":105070.43,"is_open":false,"enter_tag":"","leverage":1.0,"is_short":false,"open_timestamp":1737253320000,"close_timestamp":1737253440000,"orders":[{"amount":0.00019,"safe_price":104950.01,"ft_order_side":"buy","order_filled_timestamp":1737253320000,"ft_is_entry":true,"ft_order_tag":"","cost":19.9604424019},{"amount":0.00019,"safe_price":104908.79,"ft_order_side":"sell","order_filled_timestamp":1737253440000,"ft_is_entry":false,"ft_order_tag":"custom_exit","cost":19.952602770099997}],"funding_fees":0.0},{"pair":"BTC/USDT","stake_amount":19.9573036,"max_stake_amount":19.9573036,"amount":0.00019,"open_date":"2025-01-19 02:25:00+00:00","close_date":"2025-01-19 02:26:00+00:00","open_rate":105038.44,"close_rate":105099.74,"fee_open":0.001,"fee_close":0.001,"trade_duration":1,"profit_ratio":-0.0014155719413417652,"profit_abs":-0.02827925,"exit_reason":"custom_exit","initial_stop_loss_abs":73526.91,"initial_stop_loss_ratio":-0.3,"stop_loss_abs":73526.91,"stop_loss_ratio":-0.3,"min_rate":105038.43,"max_rate":105213.75,"is_open":false,"enter_tag":"","leverage":1.0,"is_short":false,"open_timestamp":1737253500000,"close_timestamp":1737253560000,"orders":[{"amount":0.00019,"safe_price":105038.44,"ft_order_side":"buy","order_filled_timestamp":1737253500000,"ft_is_entry":true,"ft_order_tag":"","cost":19.9772609036},{"amount":0.00019,"safe_price":105099.74,"ft_order_side":"sell","order_filled_timestamp":1737253560000,"ft_is_entry":false,"ft_order_tag":"custom_exit","cost":19.988919550600002}],"funding_fees":0.0},{"pair":"BTC/USDT","stake_amount":19.9785931,"max_stake_amount":19.9785931,"amount":0.00019,"open_date":"2025-01-19 02:27:00+00:00","close_date":"2025-01-19 02:27:00+00:00","open_rate":105150.49,"close_rate":105150.49,"fee_open":0.001,"fee_close":0.001,"trade_duration":0,"profit_ratio":-0.0019980021880155675,"profit_abs":-0.03995719,"exit_reason":"custom_exit","initial_stop_loss_abs":73605.35,"initial_stop_loss_ratio":-0.3,"stop_loss_abs":73605.35,"stop_loss_ratio":-0.3,"min_rate":105131.06,"max_rate":105299.07,"is_open":false,"enter_tag":"","leverage":1.0,"is_short":false,"open_timestamp":1737253620000,"close_timestamp":1737253620000,"orders":[{"amount":0.00019,"safe_price":105150.49,"ft_order_side":"buy","order_filled_timestamp":1737253620000,"ft_is_entry":true,"ft_order_tag":"","cost":19.9985716931},{"amount":0.00019,"safe_price":105150.49,"ft_order_side":"sell","order_filled_timestamp":1737253620000,"ft_is_entry":false,"ft_order_tag":"custom_exit","cost":19.9985716931}],"funding_fees":0.0},{"pair":"BTC/USDT","stake_amount":19.034982,"max_stake_amount":19.034982,"amount":0.00018,"open_date":"2025-01-19 19:53:00+00:00","close_date":"2025-01-19 19:55:00+00:00","open_rate":105749.9,"close_rate":105832.75,"fee_open":0.001,"fee_close":0.001,"trade_duration":2,"profit_ratio":-0.001216115217168646,"profit_abs":-0.02317188,"exit_reason":"custom_exit","initial_stop_loss_abs":74024.93,"initial_stop_loss_ratio":-0.3,"stop_loss_abs":74024.93,"stop_loss_ratio":-0.3,"min_rate":105686.95,"max_rate":105887.1,"is_open":false,"enter_tag":"","leverage":1.0,"is_short":false,"open_timestamp":1737316380000,"close_timestamp":1737316500000,"orders":[{"amount":0.00018,"safe_price":105749.9,"ft_order_side":"buy","order_filled_timestamp":1737316380000,"ft_is_entry":true,"ft_order_tag":"","cost":19.054016981999997},{"amount":0.00018,"safe_price":105832.75,"ft_order_side":"sell","order_filled_timestamp":1737316500000,"ft_is_entry":false,"ft_order_tag":"custom_exit","cost":19.068944895}],"funding_fees":0.0},{"pair":"BTC/USDT","stake_amount":19.080009,"max_stake_amount":19.080009,"amount":0.00018,"open_date":"2025-01-19 19:59:00+00:00","close_date":"2025-01-19 19:59:00+00:00","open_rate":106000.05,"close_rate":106000.05,"fee_open":0.001,"fee_close":0.001,"trade_duration":0,"profit_ratio":-0.0019980021027190347,"profit_abs":-0.03816002,"exit_reason":"custom_exit","initial_stop_loss_abs":74200.04,"initial_stop_loss_ratio":-0.3,"stop_loss_abs":74200.04,"stop_loss_ratio":-0.3,"min_rate":106000.05,"max_rate":106200.74,"is_open":false,"enter_tag":"","leverage":1.0,"is_short":false,"open_timestamp":1737316740000,"close_timestamp":1737316740000,"orders":[{"amount":0.00018,"safe_price":106000.05,"ft_order_side":"buy","order_filled_timestamp":1737316740000,"ft_is_entry":true,"ft_order_tag":"","cost":19.099089009},{"amount":0.00018,"safe_price":106000.05,"ft_order_side":"sell","order_filled_timestamp":1737316740000,"ft_is_entry":false,"ft_order_tag":"custom_exit","cost":19.099089009}],"funding_fees":0.0}],"locks":[],"best_pair":{"key":"BTC/USDT","trades":40,"profit_mean":-0.0019907917218694136,"profit_mean_pct":-0.2,"profit_sum":-0.07963166887477655,"profit_sum_pct":-7.96,"profit_total_abs":-1.56079535,"profit_total":-0.00156079535,"profit_total_pct":-0.16,"duration_avg":"1:18:00","wins":0,"draws":0,"losses":40,"winrate":0.0,"cagr":-0.018825064530345492,"expectancy":-0.03901988375,"expectancy_ratio":-1.0,"sortino":-53.3268666272634,"sharpe":-53.3268666272634,"calmar":-63.68324391514124,"sqn":-13.0735,"profit_factor":0.0,"max_drawdown_account":0.0015607953500000348,"max_drawdown_abs":1.56079535},"worst_pair":{"key":"BTC/USDT","trades":40,"profit_mean":-0.0019907917218694136,"profit_mean_pct":-0.2,"profit_sum":-0.07963166887477655,"profit_sum_pct":-7.96,"profit_total_abs":-1.56079535,"profit_total":-0.00156079535,"profit_total_pct":-0.16,"duration_avg":"1:18:00","wins":0,"draws":0,"losses":40,"winrate":0.0,"cagr":-0.018825064530345492,"expectancy":-0.03901988375,"expectancy_ratio":-1.0,"sortino":-53.3268666272634,"sharpe":-53.3268666272634,"calmar":-63.68324391514124,"sqn":-13.0735,"profit_factor":0.0,"max_drawdown_account":0.0015607953500000348,"max_drawdown_abs":1.56079535},"results_per_pair":[{"key":"BTC/USDT","trades":40,"profit_mean":-0.0019907917218694136,"profit_mean_pct":-0.2,"profit_sum":-0.07963166887477655,"profit_sum_pct":-7.96,"profit_total_abs":-1.56079535,"profit_total":-0.00156079535,"profit_total_pct":-0.16,"duration_avg":"1:18:00","wins":0,"draws":0,"losses":40,"winrate":0.0,"cagr":-0.018825064530345492,"expectancy":-0.03901988375,"expectancy_ratio":-1.0,"sortino":-53.3268666272634,"sharpe":-53.3268666272634,"calmar":-63.68324391514124,"sqn":-13.0735,"profit_factor":0.0,"max_drawdown_account":0.0015607953500000348,"max_drawdown_abs":1.56079535},{"key":"TOTAL","trades":40,"profit_mean":-0.0019907917218694136,"profit_mean_pct":-0.2,"profit_sum":-0.07963166887477655,"profit_sum_pct":-7.96,"profit_total_abs":-1.56079535,"profit_total":-0.00156079535,"profit_total_pct":-0.16,"duration_avg":"1:18:00","wins":0,"draws":0,"losses":40,"winrate":0.0,"cagr":-0.018825064530345492,"expectancy":-0.03901988375,"expectancy_ratio":-1.0,"sortino":-53.3268666272634,"sharpe":-53.3268666272634,"calmar":-63.68324391514124,"sqn":-13.0735,"profit_factor":0.0,"max_drawdown_account":0.0015607953500000348,"max_drawdown_abs":1.56079535}],"results_per_enter_tag":[{"key":"","trades":40,"profit_mean":-0.0019907917218694136,"profit_mean_pct":-0.2,"profit_sum":-0.07963166887477655,"profit_sum_pct":-7.96,"profit_total_abs":-1.56079535,"profit_total":-0.00156079535,"profit_total_pct":-0.16,"duration_avg":"1:18:00","wins":0,"draws":0,"losses":40,"winrate":0.0,"cagr":-0.018825064530345492,"expectancy":-0.03901988375,"expectancy_ratio":-1.0,"sortino":-53.3268666272634,"sharpe":-53.3268666272634,"calmar":-63.68324391514124,"sqn":-13.0735,"profit_factor":0.0,"max_drawdown_account":0.0015607953500000348,"max_drawdown_abs":1.56079535},{"key":"TOTAL","trades":40,"profit_mean":-0.0019907917218694136,"profit_mean_pct":-0.2,"profit_sum":-0.07963166887477655,"profit_sum_pct":-7.96,"profit_total_abs":-1.56079535,"profit_total":-0.00156079535,"profit_total_pct":-0.16,"duration_avg":"1:18:00","wins":0,"draws":0,"losses":40,"winrate":0.0,"cagr":-0.018825064530345492,"expectancy":-0.03901988375,"expectancy_ratio":-1.0,"sortino":-53.3268666272634,"sharpe":-53.3268666272634,"calmar":-63.68324391514124,"sqn":-13.0735,"profit_factor":0.0,"max_drawdown_account":0.0015607953500000348,"max_drawdown_abs":1.56079535}],"exit_reason_summary":[{"key":"custom_exit","trades":40,"profit_mean":-0.0019907917218694136,"profit_mean_pct":-0.2,"profit_sum":-0.07963166887477655,"profit_sum_pct":-7.96,"profit_total_abs":-1.56079535,"profit_total":-0.00156079535,"profit_total_pct":-0.16,"duration_avg":"1:18:00","wins":0,"draws":0,"losses":40,"winrate":0.0,"cagr":-0.018825064530345492,"expectancy":-0.03901988375,"expectancy_ratio":-1.0,"sortino":-53.3268666272634,"sharpe":-53.3268666272634,"calmar":-63.68324391514124,"sqn":-13.0735,"profit_factor":0.0,"max_drawdown_account":0.0015607953500000348,"max_drawdown_abs":1.56079535},{"key":"TOTAL","trades":40,"profit_mean":-0.0019907917218694136,"profit_mean_pct":-0.2,"profit_sum":-0.07963166887477655,"profit_sum_pct":-7.96,"profit_total_abs":-1.56079535,"profit_total":-0.00156079535,"profit_total_pct":-0.16,"duration_avg":"1:18:00","wins":0,"draws":0,"losses":40,"winrate":0.0,"cagr":-0.018825064530345492,"expectancy":-0.03901988375,"expectancy_ratio":-1.0,"sortino":-53.3268666272634,"sharpe":-53.3268666272634,"calmar":-63.68324391514124,"sqn":-13.0735,"profit_factor":0.0,"max_drawdown_account":0.0015607953500000348,"max_drawdown_abs":1.56079535}],"mix_tag_stats":[{"key":["","custom_exit"],"trades":40,"profit_mean":-0.0019907917218694136,"profit_mean_pct":-0.2,"profit_sum":-0.07963166887477655,"profit_sum_pct":-7.96,"profit_total_abs":-1.56079535,"profit_total":-0.00156079535,"profit_total_pct":-0.16,"duration_avg":"1:18:00","wins":0,"draws":0,"losses":40,"winrate":0.0,"cagr":-0.018825064530345492,"expectancy":-0.03901988375,"expectancy_ratio":-1.0,"sortino":-53.3268666272634,"sharpe":-53.3268666272634,"calmar":-63.68324391514124,"sqn":-13.0735,"profit_factor":0.0,"max_drawdown_account":0.0015607953500000348,"max_drawdown_abs":1.56079535},{"key":"TOTAL","trades":40,"profit_mean":-0.0019907917218694136,"profit_mean_pct":-0.2,"profit_sum":-0.07963166887477655,"profit_sum_pct":-7.96,"profit_total_abs":-1.56079535,"profit_total":-0.00156079535,"profit_total_pct":-0.16,"duration_avg":"1:18:00","wins":0,"draws":0,"losses":40,"winrate":0.0,"cagr":-0.018825064530345492,"expectancy":-0.03901988375,"expectancy_ratio":-1.0,"sortino":-53.3268666272634,"sharpe":-53.3268666272634,"calmar":-63.68324391514124,"sqn":-13.0735,"profit_factor":0.0,"max_drawdown_account":0.0015607953500000348,"max_drawdown_abs":1.56079535}],"left_open_trades":[{"key":"TOTAL","trades":0,"profit_mean":0.0,"profit_mean_pct":0.0,"profit_sum":0.0,"profit_sum_pct":0.0,"profit_total_abs":0.0,"profit_total":0.0,"profit_total_pct":0.0,"duration_avg":"0:00","wins":0,"draws":0,"losses":0,"winrate":0.0,"cagr":0.0,"expectancy":0.0,"expectancy_ratio":100.0,"sortino":0,"sharpe":0,"calmar":0,"sqn":0.0,"profit_factor":0.0,"max_drawdown_account":0.0,"max_drawdown_abs":0.0}],"total_trades":40,"trade_count_long":40,"trade_count_short":0,"total_volume":1566.0054001592,"avg_stake_amount":19.55546642,"profit_mean":-0.0019907917218694136,"profit_median":-0.0019700362355412303,"profit_total":-0.00156079535,"profit_total_long":-0.00156079535,"profit_total_short":0.0,"profit_total_abs":-1.56079535,"profit_total_long_abs":-1.56079535,"profit_total_short_abs":0.0,"cagr":-0.018825064530345492,"expectancy":-0.03901988375,"expectancy_ratio":-1.0,"sortino":-53.3268666272634,"sharpe":-53.3268666272634,"calmar":-63.68324391514124,"sqn":-13.0735,"profit_factor":0.0,"backtest_start":"2025-01-01 00:00:00","backtest_start_ts":1735689600000,"backtest_end":"2025-01-31 00:00:00","backtest_end_ts":1738281600000,"backtest_days":30,"backtest_run_start_ts":1752180413,"backtest_run_end_ts":1752180414,"trades_per_day":1.33,"market_change":0.11915905546499764,"pairlist":["BTC/USDT"],"stake_amount":20,"stake_currency":"USDT","stake_currency_decimals":3,"starting_balance":1000,"dry_run_wallet":1000,"final_balance":998.43920465,"rejected_signals":0,"timedout_entry_orders":0,"timedout_exit_orders":0,"canceled_trade_entries":0,"canceled_entry_orders":0,"replaced_entry_orders":0,"max_open_trades":1,"max_open_trades_setting":5,"timeframe":"1m","timeframe_detail":"","timerange":"20250101-20250131","enable_protections":false,"strategy_name":"MultiHorizonMomentum","stoploss":-0.3,"trailing_stop":false,"trailing_stop_positive":null,"trailing_stop_positive_offset":0.0,"trailing_only_offset_is_reached":false,"use_custom_stoploss":false,"minimal_roi":{},"use_exit_signal":true,"exit_profit_only":false,"exit_profit_offset":0.0,"ignore_roi_if_entry_signal":false,"trading_mode":"spot","margin_mode":"","periodic_breakdown":{"day":[{"date":"02/01/2025","date_ts":1735776000000,"profit_abs":-0.06686264,"wins":0,"draws":0,"losses":2,"trades":2,"profit_factor":0.0},{"date":"03/01/2025","date_ts":1735862400000,"profit_abs":0.0,"wins":0,"draws":0,"losses":0,"trades":0,"profit_factor":0.0},{"date":"04/01/2025","date_ts":1735948800000,"profit_abs":-0.1947954,"wins":0,"draws":0,"losses":4,"trades":4,"profit_factor":0.0},{"date":"05/01/2025","date_ts":1736035200000,"profit_abs":-0.03574478,"wins":0,"draws":0,"losses":1,"trades":1,"profit_factor":0.0},{"date":"06/01/2025","date_ts":1736121600000,"profit_abs":-0.3548984,"wins":0,"draws":0,"losses":7,"trades":7,"profit_factor":0.0},{"date":"07/01/2025","date_ts":1736208000000,"profit_abs":0.0,"wins":0,"draws":0,"losses":0,"trades":0,"profit_factor":0.0},{"date":"08/01/2025","date_ts":1736294400000,"profit_abs":0.0,"wins":0,"draws":0,"losses":0,"trades":0,"profit_factor":0.0},{"date":"09/01/2025","date_ts":1736380800000,"profit_abs":0.0,"wins":0,"draws":0,"losses":0,"trades":0,"profit_factor":0.0},{"date":"10/01/2025","date_ts":1736467200000,"profit_abs":0.0,"wins":0,"draws":0,"losses":0,"trades":0,"profit_factor":0.0},{"date":"11/01/2025","date_ts":1736553600000,"profit_abs":0.0,"wins":0,"draws":0,"losses":0,"trades":0,"profit_factor":0.0},{"date":"12/01/2025","date_ts":1736640000000,"profit_abs":0.0,"wins":0,"draws":0,"losses":0,"trades":0,"profit_factor":0.0},{"date":"13/01/2025","date_ts":1736726400000,"profit_abs":0.0,"wins":0,"draws":0,"losses":0,"trades":0,"profit_factor":0.0},{"date":"14/01/2025","date_ts":1736812800000,"profit_abs":-0.11524043,"wins":0,"draws":0,"losses":4,"trades":4,"profit_factor":0.0},{"date":"15/01/2025","date_ts":1736899200000,"profit_abs":-0.108656,"wins":0,"draws":0,"losses":4,"trades":4,"profit_factor":0.0},{"date":"16/01/2025","date_ts":1736985600000,"profit_abs":0.0,"wins":0,"draws":0,"losses":0,"trades":0,"profit_factor":0.0},{"date":"17/01/2025","date_ts":1737072000000,"profit_abs":-0.36287015,"wins":0,"draws":0,"losses":9,"trades":9,"profit_factor":0.0},{"date":"18/01/2025","date_ts":1737158400000,"profit_abs":-0.1138301,"wins":0,"draws":0,"losses":3,"trades":3,"profit_factor":0.0},{"date":"19/01/2025","date_ts":1737244800000,"profit_abs":-0.20789745,"wins":0,"draws":0,"losses":6,"trades":6,"profit_factor":0.0}],"week":[{"date":"06/01/2025","date_ts":1736121600000,"profit_abs":-0.65230122,"wins":0,"draws":0,"losses":14,"trades":14,"profit_factor":0.0},{"date":"13/01/2025","date_ts":1736726400000,"profit_abs":0.0,"wins":0,"draws":0,"losses":0,"trades":0,"profit_factor":0.0},{"date":"20/01/2025","date_ts":1737331200000,"profit_abs":-0.90849413,"wins":0,"draws":0,"losses":26,"trades":26,"profit_factor":0.0}],"month":[{"date":"31/01/2025","date_ts":1738281600000,"profit_abs":-1.56079535,"wins":0,"draws":0,"losses":40,"trades":40,"profit_factor":0.0}],"year":[{"date":"31/12/2025","date_ts":1767139200000,"profit_abs":-1.56079535,"wins":0,"draws":0,"losses":40,"trades":40,"profit_factor":0.0}]},"backtest_best_day":0.0,"backtest_worst_day":-0.018806487934648085,"backtest_best_day_abs":0.0,"backtest_worst_day_abs":-0.36287015,"winning_days":0,"draw_days":9,"losing_days":9,"daily_profit":[["2025-01-02",-0.06686264],["2025-01-03",0.0],["2025-01-04",-0.1947954],["2025-01-05",-0.03574478],["2025-01-06",-0.3548984],["2025-01-07",0.0],["2025-01-08",0.0],["2025-01-09",0.0],["2025-01-10",0.0],["2025-01-11",0.0],["2025-01-12",0.0],["2025-01-13",0.0],["2025-01-14",-0.11524043],["2025-01-15",-0.108656],["2025-01-16",0.0],["2025-01-17",-0.36287015],["2025-01-18",-0.1138301],["2025-01-19",-0.20789745]],"wins":0,"losses":40,"draws":0,"winrate":0.0,"holding_avg":"1:18:00","holding_avg_s":4680.0,"winner_holding_min":"0d 00:00","winner_holding_min_s":0.0,"winner_holding_max":"0d 00:00","winner_holding_max_s":0.0,"winner_holding_avg":"0d 00:00","winner_holding_avg_s":0.0,"loser_holding_min":"0d 00:00","loser_holding_min_s":0.0,"loser_holding_max":"1d 01:34","loser_holding_max_s":92040.0,"loser_holding_avg":"0d 01:18","loser_holding_avg_s":4680.0,"max_consecutive_wins":0,"max_consecutive_losses":40,"max_drawdown_account":0.0015607953500000348,"max_relative_drawdown":0.0015607953500000348,"max_drawdown_abs":1.56079535,"drawdown_start":"2025-01-02 04:39:00","drawdown_start_ts":1735792740000.0,"drawdown_end":"2025-01-19 19:59:00","drawdown_end_ts":1737316740000.0,"max_drawdown_low":-1.56079535,"max_drawdown_high":-0.03826329,"csum_min":998.43920465,"csum_max":999.96173671}},"strategy_comparison":[{"key":"MultiHorizonMomentum","trades":40,"profit_mean":-0.0019907917218694136,"profit_mean_pct":-0.2,"profit_sum":-0.07963166887477655,"profit_sum_pct":-7.96,"profit_total_abs":-1.56079535,"profit_total":-0.00156079535,"profit_total_pct":-0.16,"duration_avg":"1:18:00","wins":0,"draws":0,"losses":40,"winrate":0.0,"cagr":-0.018825064530345492,"expectancy":-0.03901988375,"expectancy_ratio":-1.0,"sortino":-53.3268666272634,"sharpe":-53.3268666272634,"calmar":-63.68324391514124,"sqn":-13.0735,"profit_factor":0.0,"max_drawdown_account":0.0015607953500000348,"max_drawdown_abs":"1.561"}]}