{"strategy":{"MultiHorizonMomentum":{"trades":[{"pair":"BTC/USDT","stake_amount":19.4498724,"max_stake_amount":19.4498724,"amount":0.00021,"open_date":"2024-11-20 06:07:00+00:00","close_date":"2024-12-10 00:00:00+00:00","open_rate":92618.44,"close_rate":97276.48,"fee_open":0.0002,"fee_close":0.0002,"trade_duration":28433,"profit_ratio":0.04987275938317993,"profit_abs":0.97021281,"exit_reason":"force_exit","initial_stop_loss_abs":64832.91,"initial_stop_loss_ratio":-0.3,"stop_loss_abs":64832.91,"stop_loss_ratio":-0.3,"min_rate":90500.0,"max_rate":104088.0,"is_open":false,"enter_tag":"","leverage":1.0,"is_short":false,"open_timestamp":1732082820000,"close_timestamp":1733788800000,"orders":[{"amount":0.00021,"safe_price":92618.44,"ft_order_side":"buy","order_filled_timestamp":1732082820000,"ft_is_entry":true,"ft_order_tag":"","cost":19.45376237448},{"amount":0.00021,"safe_price":97276.48,"ft_order_side":"sell","order_filled_timestamp":1733788800000,"ft_is_entry":false,"ft_order_tag":"force_exit","cost":20.43214641216}],"funding_fees":0.0}],"locks":[],"best_pair":{"key":"BTC/USDT","trades":1,"profit_mean":0.04987275938317993,"profit_mean_pct":4.99,"profit_sum":0.04987275938317993,"profit_sum_pct":4.99,"profit_total_abs":0.97021281,"profit_total":0.00097021281,"profit_total_pct":0.1,"duration_avg":"19 days, 17:53:00","wins":1,"draws":0,"losses":0,"winrate":1.0,"cagr":0.017855333876851898,"expectancy":0.97021281,"expectancy_ratio":100.0,"sortino":-100,"sharpe":-100,"calmar":-100,"sqn":-100.0,"profit_factor":0.0,"max_drawdown_account":0.0,"max_drawdown_abs":0.0},"worst_pair":{"key":"BTC/USDT","trades":1,"profit_mean":0.04987275938317993,"profit_mean_pct":4.99,"profit_sum":0.04987275938317993,"profit_sum_pct":4.99,"profit_total_abs":0.97021281,"profit_total":0.00097021281,"profit_total_pct":0.1,"duration_avg":"19 days, 17:53:00","wins":1,"draws":0,"losses":0,"winrate":1.0,"cagr":0.017855333876851898,"expectancy":0.97021281,"expectancy_ratio":100.0,"sortino":-100,"sharpe":-100,"calmar":-100,"sqn":-100.0,"profit_factor":0.0,"max_drawdown_account":0.0,"max_drawdown_abs":0.0},"results_per_pair":[{"key":"BTC/USDT","trades":1,"profit_mean":0.04987275938317993,"profit_mean_pct":4.99,"profit_sum":0.04987275938317993,"profit_sum_pct":4.99,"profit_total_abs":0.97021281,"profit_total":0.00097021281,"profit_total_pct":0.1,"duration_avg":"19 days, 17:53:00","wins":1,"draws":0,"losses":0,"winrate":1.0,"cagr":0.017855333876851898,"expectancy":0.97021281,"expectancy_ratio":100.0,"sortino":-100,"sharpe":-100,"calmar":-100,"sqn":-100.0,"profit_factor":0.0,"max_drawdown_account":0.0,"max_drawdown_abs":0.0},{"key":"TOTAL","trades":1,"profit_mean":0.04987275938317993,"profit_mean_pct":4.99,"profit_sum":0.04987275938317993,"profit_sum_pct":4.99,"profit_total_abs":0.97021281,"profit_total":0.00097021281,"profit_total_pct":0.1,"duration_avg":"19 days, 17:53:00","wins":1,"draws":0,"losses":0,"winrate":1.0,"cagr":0.017855333876851898,"expectancy":0.97021281,"expectancy_ratio":100.0,"sortino":-100,"sharpe":-100,"calmar":-100,"sqn":-100.0,"profit_factor":0.0,"max_drawdown_account":0.0,"max_drawdown_abs":0.0}],"results_per_enter_tag":[{"key":"","trades":1,"profit_mean":0.04987275938317993,"profit_mean_pct":4.99,"profit_sum":0.04987275938317993,"profit_sum_pct":4.99,"profit_total_abs":0.97021281,"profit_total":0.00097021281,"profit_total_pct":0.1,"duration_avg":"19 days, 17:53:00","wins":1,"draws":0,"losses":0,"winrate":1.0,"cagr":0.017855333876851898,"expectancy":0.97021281,"expectancy_ratio":100.0,"sortino":-100,"sharpe":-100,"calmar":-100,"sqn":-100.0,"profit_factor":0.0,"max_drawdown_account":0.0,"max_drawdown_abs":0.0},{"key":"TOTAL","trades":1,"profit_mean":0.04987275938317993,"profit_mean_pct":4.99,"profit_sum":0.04987275938317993,"profit_sum_pct":4.99,"profit_total_abs":0.97021281,"profit_total":0.00097021281,"profit_total_pct":0.1,"duration_avg":"19 days, 17:53:00","wins":1,"draws":0,"losses":0,"winrate":1.0,"cagr":0.017855333876851898,"expectancy":0.97021281,"expectancy_ratio":100.0,"sortino":-100,"sharpe":-100,"calmar":-100,"sqn":-100.0,"profit_factor":0.0,"max_drawdown_account":0.0,"max_drawdown_abs":0.0}],"exit_reason_summary":[{"key":"force_exit","trades":1,"profit_mean":0.04987275938317993,"profit_mean_pct":4.99,"profit_sum":0.04987275938317993,"profit_sum_pct":4.99,"profit_total_abs":0.97021281,"profit_total":0.00097021281,"profit_total_pct":0.1,"duration_avg":"19 days, 17:53:00","wins":1,"draws":0,"losses":0,"winrate":1.0,"cagr":0.017855333876851898,"expectancy":0.97021281,"expectancy_ratio":100.0,"sortino":-100,"sharpe":-100,"calmar":-100,"sqn":-100.0,"profit_factor":0.0,"max_drawdown_account":0.0,"max_drawdown_abs":0.0},{"key":"TOTAL","trades":1,"profit_mean":0.04987275938317993,"profit_mean_pct":4.99,"profit_sum":0.04987275938317993,"profit_sum_pct":4.99,"profit_total_abs":0.97021281,"profit_total":0.00097021281,"profit_total_pct":0.1,"duration_avg":"19 days, 17:53:00","wins":1,"draws":0,"losses":0,"winrate":1.0,"cagr":0.017855333876851898,"expectancy":0.97021281,"expectancy_ratio":100.0,"sortino":-100,"sharpe":-100,"calmar":-100,"sqn":-100.0,"profit_factor":0.0,"max_drawdown_account":0.0,"max_drawdown_abs":0.0}],"mix_tag_stats":[{"key":["","force_exit"],"trades":1,"profit_mean":0.04987275938317993,"profit_mean_pct":4.99,"profit_sum":0.04987275938317993,"profit_sum_pct":4.99,"profit_total_abs":0.97021281,"profit_total":0.00097021281,"profit_total_pct":0.1,"duration_avg":"19 days, 17:53:00","wins":1,"draws":0,"losses":0,"winrate":1.0,"cagr":0.017855333876851898,"expectancy":0.97021281,"expectancy_ratio":100.0,"sortino":-100,"sharpe":-100,"calmar":-100,"sqn":-100.0,"profit_factor":0.0,"max_drawdown_account":0.0,"max_drawdown_abs":0.0},{"key":"TOTAL","trades":1,"profit_mean":0.04987275938317993,"profit_mean_pct":4.99,"profit_sum":0.04987275938317993,"profit_sum_pct":4.99,"profit_total_abs":0.97021281,"profit_total":0.00097021281,"profit_total_pct":0.1,"duration_avg":"19 days, 17:53:00","wins":1,"draws":0,"losses":0,"winrate":1.0,"cagr":0.017855333876851898,"expectancy":0.97021281,"expectancy_ratio":100.0,"sortino":-100,"sharpe":-100,"calmar":-100,"sqn":-100.0,"profit_factor":0.0,"max_drawdown_account":0.0,"max_drawdown_abs":0.0}],"left_open_trades":[{"key":"BTC/USDT","trades":1,"profit_mean":0.04987275938317993,"profit_mean_pct":4.99,"profit_sum":0.04987275938317993,"profit_sum_pct":4.99,"profit_total_abs":0.97021281,"profit_total":0.00097021281,"profit_total_pct":0.1,"duration_avg":"19 days, 17:53:00","wins":1,"draws":0,"losses":0,"winrate":1.0,"cagr":0.017855333876851898,"expectancy":0.97021281,"expectancy_ratio":100.0,"sortino":-100,"sharpe":-100,"calmar":-100,"sqn":-100.0,"profit_factor":0.0,"max_drawdown_account":0.0,"max_drawdown_abs":0.0},{"key":"TOTAL","trades":1,"profit_mean":0.04987275938317993,"profit_mean_pct":4.99,"profit_sum":0.04987275938317993,"profit_sum_pct":4.99,"profit_total_abs":0.97021281,"profit_total":0.00097021281,"profit_total_pct":0.1,"duration_avg":"19 days, 17:53:00","wins":1,"draws":0,"losses":0,"winrate":1.0,"cagr":0.017855333876851898,"expectancy":0.97021281,"expectancy_ratio":100.0,"sortino":-100,"sharpe":-100,"calmar":-100,"sqn":-100.0,"profit_factor":0.0,"max_drawdown_account":0.0,"max_drawdown_abs":0.0}],"total_trades":1,"trade_count_long":1,"trade_count_short":0,"total_volume":39.88590878664,"avg_stake_amount":19.4498724,"profit_mean":0.04987275938317993,"profit_median":0.04987275938317993,"profit_total":0.00097021281,"profit_total_long":0.00097021281,"profit_total_short":0.0,"profit_total_abs":0.97021281,"profit_total_long_abs":0.97021281,"profit_total_short_abs":0.0,"cagr":0.017855333876851898,"expectancy":0.97021281,"expectancy_ratio":100.0,"sortino":-100,"sharpe":-100,"calmar":-100,"sqn":-100.0,"profit_factor":0.0,"backtest_start":"2024-11-20 00:00:00","backtest_start_ts":1732060800000,"backtest_end":"2024-12-10 00:00:00","backtest_end_ts":1733788800000,"backtest_days":20,"backtest_run_start_ts":1752176976,"backtest_run_end_ts":1752176979,"trades_per_day":0.05,"market_change":0.05388825353653102,"pairlist":["BTC/USDT"],"stake_amount":20,"stake_currency":"USDT","stake_currency_decimals":3,"starting_balance":1000,"dry_run_wallet":1000,"final_balance":1000.97021281,"rejected_signals":0,"timedout_entry_orders":0,"timedout_exit_orders":0,"canceled_trade_entries":0,"canceled_entry_orders":0,"replaced_entry_orders":0,"max_open_trades":1,"max_open_trades_setting":5,"timeframe":"1m","timeframe_detail":"","timerange":"20241120-20241210","enable_protections":false,"strategy_name":"MultiHorizonMomentum","stoploss":-0.3,"trailing_stop":false,"trailing_stop_positive":null,"trailing_stop_positive_offset":0.0,"trailing_only_offset_is_reached":false,"use_custom_stoploss":false,"minimal_roi":{},"use_exit_signal":true,"exit_profit_only":false,"exit_profit_offset":0.0,"ignore_roi_if_entry_signal":false,"trading_mode":"spot","margin_mode":"","periodic_breakdown":{"day":[{"date":"10/12/2024","date_ts":1733788800000,"profit_abs":0.97021281,"wins":1,"draws":0,"losses":0,"trades":1,"profit_factor":0.0}],"week":[{"date":"16/12/2024","date_ts":1734307200000,"profit_abs":0.97021281,"wins":1,"draws":0,"losses":0,"trades":1,"profit_factor":0.0}],"month":[{"date":"31/12/2024","date_ts":1735603200000,"profit_abs":0.97021281,"wins":1,"draws":0,"losses":0,"trades":1,"profit_factor":0.0}],"year":[{"date":"31/12/2024","date_ts":1735603200000,"profit_abs":0.97021281,"wins":1,"draws":0,"losses":0,"trades":1,"profit_factor":0.0}]},"backtest_best_day":0.04987275938317993,"backtest_worst_day":0.04987275938317993,"backtest_best_day_abs":0.97021281,"backtest_worst_day_abs":0.97021281,"winning_days":1,"draw_days":0,"losing_days":0,"daily_profit":[["2024-12-10",0.97021281]],"wins":1,"losses":0,"draws":0,"winrate":1.0,"holding_avg":"19 days, 17:53:00","holding_avg_s":1705980.0,"winner_holding_min":"19d 17:53","winner_holding_min_s":1705980.0,"winner_holding_max":"19d 17:53","winner_holding_max_s":1705980.0,"winner_holding_avg":"19d 17:53","winner_holding_avg_s":1705980.0,"loser_holding_min":"0d 00:00","loser_holding_min_s":0.0,"loser_holding_max":"0d 00:00","loser_holding_max_s":0.0,"loser_holding_avg":"0d 00:00","loser_holding_avg_s":0.0,"max_consecutive_wins":1,"max_consecutive_losses":0,"max_drawdown_account":0.0,"max_relative_drawdown":0.0,"max_drawdown_abs":0.0,"drawdown_start":"2024-12-10 00:00:00","drawdown_start_ts":1733788800000.0,"drawdown_end":"2024-12-10 00:00:00","drawdown_end_ts":1733788800000.0,"max_drawdown_low":0.97021281,"max_drawdown_high":0.97021281,"csum_min":1000.97021281,"csum_max":1000.97021281}},"strategy_comparison":[{"key":"MultiHorizonMomentum","trades":1,"profit_mean":0.04987275938317993,"profit_mean_pct":4.99,"profit_sum":0.04987275938317993,"profit_sum_pct":4.99,"profit_total_abs":0.97021281,"profit_total":0.00097021281,"profit_total_pct":0.1,"duration_avg":"19 days, 17:53:00","wins":1,"draws":0,"losses":0,"winrate":1.0,"cagr":0.017855333876851898,"expectancy":0.97021281,"expectancy_ratio":100.0,"sortino":-100,"sharpe":-100,"calmar":-100,"sqn":-100.0,"profit_factor":0.0,"max_drawdown_account":0.0,"max_drawdown_abs":"0"}]}