{"strategy":{"MultiHorizonMomentum":{"trades":[{"pair":"BTC/USDT","stake_amount":19.131646,"max_stake_amount":19.131646,"amount":0.0002,"open_date":"2025-01-02 04:39:00+00:00","close_date":"2025-01-02 04:39:00+00:00","open_rate":95658.23,"close_rate":95658.23,"fee_open":0.0002,"fee_close":0.0002,"trade_duration":0,"profit_ratio":-0.0003999200996111465,"profit_abs":-0.00765266,"exit_reason":"custom_exit","initial_stop_loss_abs":66960.77,"initial_stop_loss_ratio":-0.3,"stop_loss_abs":66960.77,"stop_loss_ratio":-0.3,"min_rate":95658.23,"max_rate":95768.79,"is_open":false,"enter_tag":"","leverage":1.0,"is_short":false,"open_timestamp":1735792740000,"close_timestamp":1735792740000,"orders":[{"amount":0.0002,"safe_price":95658.23,"ft_order_side":"buy","order_filled_timestamp":1735792740000,"ft_is_entry":true,"ft_order_tag":"","cost":19.1354723292},{"amount":0.0002,"safe_price":95658.23,"ft_order_side":"sell","order_filled_timestamp":1735792740000,"ft_is_entry":false,"ft_order_tag":"custom_exit","cost":19.1354723292}],"funding_fees":0.0},{"pair":"BTC/USDT","stake_amount":19.17879,"max_stake_amount":19.17879,"amount":0.0002,"open_date":"2025-01-02 04:42:00+00:00","close_date":"2025-01-02 04:42:00+00:00","open_rate":95893.95,"close_rate":95893.95,"fee_open":0.0002,"fee_close":0.0002,"trade_duration":0,"profit_ratio":-0.0003999202245188273,"profit_abs":-0.00767152,"exit_reason":"custom_exit","initial_stop_loss_abs":67125.77,"initial_stop_loss_ratio":-0.3,"stop_loss_abs":67125.77,"stop_loss_ratio":-0.3,"min_rate":95883.11,"max_rate":95970.0,"is_open":false,"enter_tag":"","leverage":1.0,"is_short":false,"open_timestamp":1735792920000,"close_timestamp":1735792920000,"orders":[{"amount":0.0002,"safe_price":95893.95,"ft_order_side":"buy","order_filled_timestamp":1735792920000,"ft_is_entry":true,"ft_order_tag":"","cost":19.182625758},{"amount":0.0002,"safe_price":95893.95,"ft_order_side":"sell","order_filled_timestamp":1735792920000,"ft_is_entry":false,"ft_order_tag":"custom_exit","cost":19.182625758}],"funding_fees":0.0},{"pair":"BTC/USDT","stake_amount":19.66822,"max_stake_amount":19.66822,"amount":0.0002,"open_date":"2025-01-04 07:17:00+00:00","close_date":"2025-01-04 20:00:00+00:00","open_rate":98341.1,"close_rate":98166.26,"fee_open":0.0002,"fee_close":0.0002,"trade_duration":763,"profit_ratio":-0.0021771022519978442,"profit_abs":-0.04282829,"exit_reason":"custom_exit","initial_stop_loss_abs":68838.77,"initial_stop_loss_ratio":-0.3,"stop_loss_abs":68838.77,"stop_loss_ratio":-0.3,"min_rate":97514.79,"max_rate":98490.0,"is_open":false,"enter_tag":"","leverage":1.0,"is_short":false,"open_timestamp":1735975020000,"close_timestamp":1736020800000,"orders":[{"amount":0.0002,"safe_price":98341.1,"ft_order_side":"buy","order_filled_timestamp":1735975020000,"ft_is_entry":true,"ft_order_tag":"","cost":19.672153644},{"amount":0.0002,"safe_price":98166.26,"ft_order_side":"sell","order_filled_timestamp":1736020800000,"ft_is_entry":false,"ft_order_tag":"custom_exit","cost":19.6371786504}],"funding_fees":0.0},{"pair":"BTC/USDT","stake_amount":19.722654,"max_stake_amount":19.722654,"amount":0.0002,"open_date":"2025-01-04 20:42:00+00:00","close_date":"2025-01-04 20:43:00+00:00","open_rate":98613.27,"close_rate":98580.21,"fee_open":0.0002,"fee_close":0.0002,"trade_duration":1,"profit_ratio":-0.0007350349822023763,"profit_abs":-0.01449974,"exit_reason":"custom_exit","initial_stop_loss_abs":69029.29,"initial_stop_loss_ratio":-0.3,"stop_loss_abs":69029.29,"stop_loss_ratio":-0.3,"min_rate":98580.2,"max_rate":98671.02,"is_open":false,"enter_tag":"","leverage":1.0,"is_short":false,"open_timestamp":1736023320000,"close_timestamp":1736023380000,"orders":[{"amount":0.0002,"safe_price":98613.27,"ft_order_side":"buy","order_filled_timestamp":1736023320000,"ft_is_entry":true,"ft_order_tag":"","cost":19.7265985308},{"amount":0.0002,"safe_price":98580.21,"ft_order_side":"sell","order_filled_timestamp":1736023380000,"ft_is_entry":false,"ft_order_tag":"custom_exit","cost":19.7199852084}],"funding_fees":0.0},{"pair":"BTC/USDT","stake_amount":19.720806,"max_stake_amount":19.720806,"amount":0.0002,"open_date":"2025-01-04 20:44:00+00:00","close_date":"2025-01-04 21:00:00+00:00","open_rate":98604.03,"close_rate":98599.02,"fee_open":0.0002,"fee_close":0.0002,"trade_duration":16,"profit_ratio":-0.00045070887729100386,"profit_abs":-0.00889012,"exit_reason":"custom_exit","initial_stop_loss_abs":69022.83,"initial_stop_loss_ratio":-0.3,"stop_loss_abs":69022.83,"stop_loss_ratio":-0.3,"min_rate":98521.98,"max_rate":98710.5,"is_open":false,"enter_tag":"","leverage":1.0,"is_short":false,"open_timestamp":1736023440000,"close_timestamp":1736024400000,"orders":[{"amount":0.0002,"safe_price":98604.03,"ft_order_side":"buy","order_filled_timestamp":1736023440000,"ft_is_entry":true,"ft_order_tag":"","cost":19.7247501612},{"amount":0.0002,"safe_price":98599.02,"ft_order_side":"sell","order_filled_timestamp":1736024400000,"ft_is_entry":false,"ft_order_tag":"custom_exit","cost":19.723747960800004}],"funding_fees":0.0},{"pair":"BTC/USDT","stake_amount":19.743518,"max_stake_amount":19.743518,"amount":0.0002,"open_date":"2025-01-05 22:40:00+00:00","close_date":"2025-01-05 23:02:00+00:00","open_rate":98717.59,"close_rate":98736.32,"fee_open":0.0002,"fee_close":0.0002,"trade_duration":22,"profit_ratio":-0.00021026291940743234,"profit_abs":-0.00415216,"exit_reason":"custom_exit","initial_stop_loss_abs":69102.32,"initial_stop_loss_ratio":-0.3,"stop_loss_abs":69102.32,"stop_loss_ratio":-0.3,"min_rate":98516.27,"max_rate":98836.85,"is_open":false,"enter_tag":"","leverage":1.0,"is_short":false,"open_timestamp":1736116800000,"close_timestamp":1736118120000,"orders":[{"amount":0.0002,"safe_price":98717.59,"ft_order_side":"buy","order_filled_timestamp":1736116800000,"ft_is_entry":true,"ft_order_tag":"","cost":19.7474667036},{"amount":0.0002,"safe_price":98736.32,"ft_order_side":"sell","order_filled_timestamp":1736118120000,"ft_is_entry":false,"ft_order_tag":"custom_exit","cost":19.751213452800002}],"funding_fees":0.0},{"pair":"BTC/USDT","stake_amount":19.824006,"max_stake_amount":19.824006,"amount":0.0002,"open_date":"2025-01-06 02:06:00+00:00","close_date":"2025-01-06 02:06:00+00:00","open_rate":99120.03,"close_rate":99120.03,"fee_open":0.0002,"fee_close":0.0002,"trade_duration":0,"profit_ratio":-0.0003999198949556702,"profit_abs":-0.0079296,"exit_reason":"custom_exit","initial_stop_loss_abs":69384.03,"initial_stop_loss_ratio":-0.3,"stop_loss_abs":69384.03,"stop_loss_ratio":-0.3,"min_rate":99023.01,"max_rate":99238.99,"is_open":false,"enter_tag":"","leverage":1.0,"is_short":false,"open_timestamp":1736129160000,"close_timestamp":1736129160000,"orders":[{"amount":0.0002,"safe_price":99120.03,"ft_order_side":"buy","order_filled_timestamp":1736129160000,"ft_is_entry":true,"ft_order_tag":"","cost":19.8279708012},{"amount":0.0002,"safe_price":99120.03,"ft_order_side":"sell","order_filled_timestamp":1736129160000,"ft_is_entry":false,"ft_order_tag":"custom_exit","cost":19.8279708012}],"funding_fees":0.0},{"pair":"BTC/USDT","stake_amount":19.810016,"max_stake_amount":19.810016,"amount":0.0002,"open_date":"2025-01-06 02:07:00+00:00","close_date":"2025-01-06 02:07:00+00:00","open_rate":99050.08,"close_rate":99050.08,"fee_open":0.0002,"fee_close":0.0002,"trade_duration":0,"profit_ratio":-0.0003999201976867167,"profit_abs":-0.00792401,"exit_reason":"custom_exit","initial_stop_loss_abs":69335.06,"initial_stop_loss_ratio":-0.3,"stop_loss_abs":69335.06,"stop_loss_ratio":-0.3,"min_rate":99005.0,"max_rate":99240.0,"is_open":false,"enter_tag":"","leverage":1.0,"is_short":false,"open_timestamp":1736129220000,"close_timestamp":1736129220000,"orders":[{"amount":0.0002,"safe_price":99050.08,"ft_order_side":"buy","order_filled_timestamp":1736129220000,"ft_is_entry":true,"ft_order_tag":"","cost":19.8139780032},{"amount":0.0002,"safe_price":99050.08,"ft_order_side":"sell","order_filled_timestamp":1736129220000,"ft_is_entry":false,"ft_order_tag":"custom_exit","cost":19.8139780032}],"funding_fees":0.0},{"pair":"BTC/USDT","stake_amount":19.848002,"max_stake_amount":19.848002,"amount":0.0002,"open_date":"2025-01-06 02:09:00+00:00","close_date":"2025-01-06 02:10:00+00:00","open_rate":99240.01,"close_rate":99222.2,"fee_open":0.0002,"fee_close":0.0002,"trade_duration":1,"profit_ratio":-0.0005793122331369987,"profit_abs":-0.01150049,"exit_reason":"custom_exit","initial_stop_loss_abs":69468.01,"initial_stop_loss_ratio":-0.3,"stop_loss_abs":69468.01,"stop_loss_ratio":-0.3,"min_rate":99196.85,"max_rate":99333.0,"is_open":false,"enter_tag":"","leverage":1.0,"is_short":false,"open_timestamp":1736129340000,"close_timestamp":1736129400000,"orders":[{"amount":0.0002,"safe_price":99240.01,"ft_order_side":"buy","order_filled_timestamp":1736129340000,"ft_is_entry":true,"ft_order_tag":"","cost":19.8519716004},{"amount":0.0002,"safe_price":99222.2,"ft_order_side":"sell","order_filled_timestamp":1736129400000,"ft_is_entry":false,"ft_order_tag":"custom_exit","cost":19.848408887999998}],"funding_fees":0.0},{"pair":"BTC/USDT","stake_amount":19.881478,"max_stake_amount":19.881478,"amount":0.0002,"open_date":"2025-01-06 04:20:00+00:00","close_date":"2025-01-06 04:55:00+00:00","open_rate":99407.39,"close_rate":99425.58,"fee_open":0.0002,"fee_close":0.0002,"trade_duration":35,"profit_ratio":-0.00021700887170351645,"profit_abs":-0.00431532,"exit_reason":"custom_exit","initial_stop_loss_abs":69585.18,"initial_stop_loss_ratio":-0.3,"stop_loss_abs":69585.18,"stop_loss_ratio":-0.3,"min_rate":99184.98,"max_rate":99500.88,"is_open":false,"enter_tag":"","leverage":1.0,"is_short":false,"open_timestamp":1736137200000,"close_timestamp":1736139300000,"orders":[{"amount":0.0002,"safe_price":99407.39,"ft_order_side":"buy","order_filled_timestamp":1736137200000,"ft_is_entry":true,"ft_order_tag":"","cost":19.885454295600002},{"amount":0.0002,"safe_price":99425.58,"ft_order_side":"sell","order_filled_timestamp":1736139300000,"ft_is_entry":false,"ft_order_tag":"custom_exit","cost":19.8890930232}],"funding_fees":0.0},{"pair":"BTC/USDT","stake_amount":19.908002,"max_stake_amount":19.908002,"amount":0.0002,"open_date":"2025-01-06 05:07:00+00:00","close_date":"2025-01-06 05:07:00+00:00","open_rate":99540.01,"close_rate":99540.01,"fee_open":0.0002,"fee_close":0.0002,"trade_duration":0,"profit_ratio":-0.00039991997581998974,"profit_abs":-0.0079632,"exit_reason":"custom_exit","initial_stop_loss_abs":69678.01,"initial_stop_loss_ratio":-0.3,"stop_loss_abs":69678.01,"stop_loss_ratio":-0.3,"min_rate":99540.0,"max_rate":99599.99,"is_open":false,"enter_tag":"","leverage":1.0,"is_short":false,"open_timestamp":1736140020000,"close_timestamp":1736140020000,"orders":[{"amount":0.0002,"safe_price":99540.01,"ft_order_side":"buy","order_filled_timestamp":1736140020000,"ft_is_entry":true,"ft_order_tag":"","cost":19.9119836004},{"amount":0.0002,"safe_price":99540.01,"ft_order_side":"sell","order_filled_timestamp":1736140020000,"ft_is_entry":false,"ft_order_tag":"custom_exit","cost":19.9119836004}],"funding_fees":0.0}],"locks":[],"best_pair":{"key":"BTC/USDT","trades":11,"profit_mean":-0.0005790027753028655,"profit_mean_pct":-0.06,"profit_sum":-0.006369030528331521,"profit_sum_pct":-0.64,"profit_total_abs":-0.12532711,"profit_total":-0.00012532711,"profit_total_pct":-0.01,"duration_avg":"1:16:00","wins":0,"draws":0,"losses":11,"winrate":0.0,"cagr":-0.007595550549568064,"expectancy":-0.011393373636363635,"expectancy_ratio":-1.0,"sortino":-38.689689276363886,"sharpe":-38.689689276363886,"calmar":-318.41621957585613,"sqn":-3.4931,"profit_factor":0.0,"max_drawdown_account":0.00012532710999994378,"max_drawdown_abs":0.12532711},"worst_pair":{"key":"BTC/USDT","trades":11,"profit_mean":-0.0005790027753028655,"profit_mean_pct":-0.06,"profit_sum":-0.006369030528331521,"profit_sum_pct":-0.64,"profit_total_abs":-0.12532711,"profit_total":-0.00012532711,"profit_total_pct":-0.01,"duration_avg":"1:16:00","wins":0,"draws":0,"losses":11,"winrate":0.0,"cagr":-0.007595550549568064,"expectancy":-0.011393373636363635,"expectancy_ratio":-1.0,"sortino":-38.689689276363886,"sharpe":-38.689689276363886,"calmar":-318.41621957585613,"sqn":-3.4931,"profit_factor":0.0,"max_drawdown_account":0.00012532710999994378,"max_drawdown_abs":0.12532711},"results_per_pair":[{"key":"BTC/USDT","trades":11,"profit_mean":-0.0005790027753028655,"profit_mean_pct":-0.06,"profit_sum":-0.006369030528331521,"profit_sum_pct":-0.64,"profit_total_abs":-0.12532711,"profit_total":-0.00012532711,"profit_total_pct":-0.01,"duration_avg":"1:16:00","wins":0,"draws":0,"losses":11,"winrate":0.0,"cagr":-0.007595550549568064,"expectancy":-0.011393373636363635,"expectancy_ratio":-1.0,"sortino":-38.689689276363886,"sharpe":-38.689689276363886,"calmar":-318.41621957585613,"sqn":-3.4931,"profit_factor":0.0,"max_drawdown_account":0.00012532710999994378,"max_drawdown_abs":0.12532711},{"key":"TOTAL","trades":11,"profit_mean":-0.0005790027753028655,"profit_mean_pct":-0.06,"profit_sum":-0.006369030528331521,"profit_sum_pct":-0.64,"profit_total_abs":-0.12532711,"profit_total":-0.00012532711,"profit_total_pct":-0.01,"duration_avg":"1:16:00","wins":0,"draws":0,"losses":11,"winrate":0.0,"cagr":-0.007595550549568064,"expectancy":-0.011393373636363635,"expectancy_ratio":-1.0,"sortino":-38.689689276363886,"sharpe":-38.689689276363886,"calmar":-318.41621957585613,"sqn":-3.4931,"profit_factor":0.0,"max_drawdown_account":0.00012532710999994378,"max_drawdown_abs":0.12532711}],"results_per_enter_tag":[{"key":"","trades":11,"profit_mean":-0.0005790027753028655,"profit_mean_pct":-0.06,"profit_sum":-0.006369030528331521,"profit_sum_pct":-0.64,"profit_total_abs":-0.12532711,"profit_total":-0.00012532711,"profit_total_pct":-0.01,"duration_avg":"1:16:00","wins":0,"draws":0,"losses":11,"winrate":0.0,"cagr":-0.007595550549568064,"expectancy":-0.011393373636363635,"expectancy_ratio":-1.0,"sortino":-38.689689276363886,"sharpe":-38.689689276363886,"calmar":-318.41621957585613,"sqn":-3.4931,"profit_factor":0.0,"max_drawdown_account":0.00012532710999994378,"max_drawdown_abs":0.12532711},{"key":"TOTAL","trades":11,"profit_mean":-0.0005790027753028655,"profit_mean_pct":-0.06,"profit_sum":-0.006369030528331521,"profit_sum_pct":-0.64,"profit_total_abs":-0.12532711,"profit_total":-0.00012532711,"profit_total_pct":-0.01,"duration_avg":"1:16:00","wins":0,"draws":0,"losses":11,"winrate":0.0,"cagr":-0.007595550549568064,"expectancy":-0.011393373636363635,"expectancy_ratio":-1.0,"sortino":-38.689689276363886,"sharpe":-38.689689276363886,"calmar":-318.41621957585613,"sqn":-3.4931,"profit_factor":0.0,"max_drawdown_account":0.00012532710999994378,"max_drawdown_abs":0.12532711}],"exit_reason_summary":[{"key":"custom_exit","trades":11,"profit_mean":-0.0005790027753028655,"profit_mean_pct":-0.06,"profit_sum":-0.006369030528331521,"profit_sum_pct":-0.64,"profit_total_abs":-0.12532711,"profit_total":-0.00012532711,"profit_total_pct":-0.01,"duration_avg":"1:16:00","wins":0,"draws":0,"losses":11,"winrate":0.0,"cagr":-0.007595550549568064,"expectancy":-0.011393373636363635,"expectancy_ratio":-1.0,"sortino":-38.689689276363886,"sharpe":-38.689689276363886,"calmar":-318.41621957585613,"sqn":-3.4931,"profit_factor":0.0,"max_drawdown_account":0.00012532710999994378,"max_drawdown_abs":0.12532711},{"key":"TOTAL","trades":11,"profit_mean":-0.0005790027753028655,"profit_mean_pct":-0.06,"profit_sum":-0.006369030528331521,"profit_sum_pct":-0.64,"profit_total_abs":-0.12532711,"profit_total":-0.00012532711,"profit_total_pct":-0.01,"duration_avg":"1:16:00","wins":0,"draws":0,"losses":11,"winrate":0.0,"cagr":-0.007595550549568064,"expectancy":-0.011393373636363635,"expectancy_ratio":-1.0,"sortino":-38.689689276363886,"sharpe":-38.689689276363886,"calmar":-318.41621957585613,"sqn":-3.4931,"profit_factor":0.0,"max_drawdown_account":0.00012532710999994378,"max_drawdown_abs":0.12532711}],"mix_tag_stats":[{"key":["","custom_exit"],"trades":11,"profit_mean":-0.0005790027753028655,"profit_mean_pct":-0.06,"profit_sum":-0.006369030528331521,"profit_sum_pct":-0.64,"profit_total_abs":-0.12532711,"profit_total":-0.00012532711,"profit_total_pct":-0.01,"duration_avg":"1:16:00","wins":0,"draws":0,"losses":11,"winrate":0.0,"cagr":-0.007595550549568064,"expectancy":-0.011393373636363635,"expectancy_ratio":-1.0,"sortino":-38.689689276363886,"sharpe":-38.689689276363886,"calmar":-318.41621957585613,"sqn":-3.4931,"profit_factor":0.0,"max_drawdown_account":0.00012532710999994378,"max_drawdown_abs":0.12532711},{"key":"TOTAL","trades":11,"profit_mean":-0.0005790027753028655,"profit_mean_pct":-0.06,"profit_sum":-0.006369030528331521,"profit_sum_pct":-0.64,"profit_total_abs":-0.12532711,"profit_total":-0.00012532711,"profit_total_pct":-0.01,"duration_avg":"1:16:00","wins":0,"draws":0,"losses":11,"winrate":0.0,"cagr":-0.007595550549568064,"expectancy":-0.011393373636363635,"expectancy_ratio":-1.0,"sortino":-38.689689276363886,"sharpe":-38.689689276363886,"calmar":-318.41621957585613,"sqn":-3.4931,"profit_factor":0.0,"max_drawdown_account":0.00012532710999994378,"max_drawdown_abs":0.12532711}],"left_open_trades":[{"key":"TOTAL","trades":0,"profit_mean":0.0,"profit_mean_pct":0.0,"profit_sum":0.0,"profit_sum_pct":0.0,"profit_total_abs":0.0,"profit_total":0.0,"profit_total_pct":0.0,"duration_avg":"0:00","wins":0,"draws":0,"losses":0,"winrate":0.0,"cagr":0.0,"expectancy":0.0,"expectancy_ratio":100.0,"sortino":0,"sharpe":0,"calmar":0,"sqn":0.0,"profit_factor":0.0,"max_drawdown_account":0.0,"max_drawdown_abs":0.0}],"total_trades":11,"trade_count_long":11,"trade_count_short":0,"total_volume":432.9220831032,"avg_stake_amount":19.676103454545455,"profit_mean":-0.0005790027753028655,"profit_median":-0.0003999201976867167,"profit_total":-0.00012532711,"profit_total_long":-0.00012532711,"profit_total_short":0.0,"profit_total_abs":-0.12532711,"profit_total_long_abs":-0.12532711,"profit_total_short_abs":0.0,"cagr":-0.007595550549568064,"expectancy":-0.011393373636363635,"expectancy_ratio":-1.0,"sortino":-38.689689276363886,"sharpe":-38.689689276363886,"calmar":-318.41621957585613,"sqn":-3.4931,"profit_factor":0.0,"backtest_start":"2025-01-01 00:00:00","backtest_start_ts":1735689600000,"backtest_end":"2025-01-07 00:00:00","backtest_end_ts":1736208000000,"backtest_days":6,"backtest_run_start_ts":1752179101,"backtest_run_end_ts":1752179101,"trades_per_day":1.83,"market_change":0.09217556112304423,"pairlist":["BTC/USDT"],"stake_amount":20,"stake_currency":"USDT","stake_currency_decimals":3,"starting_balance":1000,"dry_run_wallet":1000,"final_balance":999.87467289,"rejected_signals":0,"timedout_entry_orders":0,"timedout_exit_orders":0,"canceled_trade_entries":0,"canceled_entry_orders":0,"replaced_entry_orders":0,"max_open_trades":1,"max_open_trades_setting":5,"timeframe":"1m","timeframe_detail":"","timerange":"20250101-20250107","enable_protections":false,"strategy_name":"MultiHorizonMomentum","stoploss":-0.3,"trailing_stop":false,"trailing_stop_positive":null,"trailing_stop_positive_offset":0.0,"trailing_only_offset_is_reached":false,"use_custom_stoploss":false,"minimal_roi":{},"use_exit_signal":true,"exit_profit_only":false,"exit_profit_offset":0.0,"ignore_roi_if_entry_signal":false,"trading_mode":"spot","margin_mode":"","periodic_breakdown":{"day":[{"date":"02/01/2025","date_ts":1735776000000,"profit_abs":-0.01532418,"wins":0,"draws":0,"losses":2,"trades":2,"profit_factor":0.0},{"date":"03/01/2025","date_ts":1735862400000,"profit_abs":0.0,"wins":0,"draws":0,"losses":0,"trades":0,"profit_factor":0.0},{"date":"04/01/2025","date_ts":1735948800000,"profit_abs":-0.06621815,"wins":0,"draws":0,"losses":3,"trades":3,"profit_factor":0.0},{"date":"05/01/2025","date_ts":1736035200000,"profit_abs":-0.00415216,"wins":0,"draws":0,"losses":1,"trades":1,"profit_factor":0.0},{"date":"06/01/2025","date_ts":1736121600000,"profit_abs":-0.03963262,"wins":0,"draws":0,"losses":5,"trades":5,"profit_factor":0.0}],"week":[{"date":"06/01/2025","date_ts":1736121600000,"profit_abs":-0.12532711,"wins":0,"draws":0,"losses":11,"trades":11,"profit_factor":0.0}],"month":[{"date":"31/01/2025","date_ts":1738281600000,"profit_abs":-0.12532711,"wins":0,"draws":0,"losses":11,"trades":11,"profit_factor":0.0}],"year":[{"date":"31/12/2025","date_ts":1767139200000,"profit_abs":-0.12532711,"wins":0,"draws":0,"losses":11,"trades":11,"profit_factor":0.0}]},"backtest_best_day":0.0,"backtest_worst_day":-0.0033628461114912243,"backtest_best_day_abs":0.0,"backtest_worst_day_abs":-0.06621815,"winning_days":0,"draw_days":1,"losing_days":4,"daily_profit":[["2025-01-02",-0.01532418],["2025-01-03",0.0],["2025-01-04",-0.06621815],["2025-01-05",-0.00415216],["2025-01-06",-0.03963262]],"wins":0,"losses":11,"draws":0,"winrate":0.0,"holding_avg":"1:16:00","holding_avg_s":4560.0,"winner_holding_min":"0d 00:00","winner_holding_min_s":0.0,"winner_holding_max":"0d 00:00","winner_holding_max_s":0.0,"winner_holding_avg":"0d 00:00","winner_holding_avg_s":0.0,"loser_holding_min":"0d 00:00","loser_holding_min_s":0.0,"loser_holding_max":"0d 12:43","loser_holding_max_s":45780.0,"loser_holding_avg":"0d 01:16","loser_holding_avg_s":4560.0,"max_consecutive_wins":0,"max_consecutive_losses":11,"max_drawdown_account":0.00012532710999994378,"max_relative_drawdown":0.00012532710999994378,"max_drawdown_abs":0.12532711,"drawdown_start":"2025-01-02 04:39:00","drawdown_start_ts":1735792740000.0,"drawdown_end":"2025-01-06 05:07:00","drawdown_end_ts":1736140020000.0,"max_drawdown_low":-0.12532711,"max_drawdown_high":-0.00765266,"csum_min":999.87467289,"csum_max":999.99234734}},"strategy_comparison":[{"key":"MultiHorizonMomentum","trades":11,"profit_mean":-0.0005790027753028655,"profit_mean_pct":-0.06,"profit_sum":-0.006369030528331521,"profit_sum_pct":-0.64,"profit_total_abs":-0.12532711,"profit_total":-0.00012532711,"profit_total_pct":-0.01,"duration_avg":"1:16:00","wins":0,"draws":0,"losses":11,"winrate":0.0,"cagr":-0.007595550549568064,"expectancy":-0.011393373636363635,"expectancy_ratio":-1.0,"sortino":-38.689689276363886,"sharpe":-38.689689276363886,"calmar":-318.41621957585613,"sqn":-3.4931,"profit_factor":0.0,"max_drawdown_account":0.00012532710999994378,"max_drawdown_abs":"0.125"}]}