{"strategy":{"MultiHorizonMomentum":{"trades":[{"pair":"BTC/USDT","stake_amount":19.383202,"max_stake_amount":19.383202,"amount":0.0002,"open_date":"2024-12-01 09:50:00+00:00","close_date":"2024-12-01 09:55:00+00:00","open_rate":96916.01,"close_rate":96943.58,"fee_open":0.0,"fee_close":0.0,"trade_duration":5,"profit_ratio":0.0002844731226553796,"profit_abs":0.005514,"exit_reason":"custom_exit","initial_stop_loss_abs":67841.21,"initial_stop_loss_ratio":-0.3,"stop_loss_abs":67841.21,"stop_loss_ratio":-0.3,"min_rate":96916.0,"max_rate":97000.0,"is_open":false,"enter_tag":"","leverage":1.0,"is_short":false,"open_timestamp":1733046600000,"close_timestamp":1733046900000,"orders":[{"amount":0.0002,"safe_price":96916.01,"ft_order_side":"buy","order_filled_timestamp":1733046600000,"ft_is_entry":true,"ft_order_tag":"","cost":19.383202},{"amount":0.0002,"safe_price":96943.58,"ft_order_side":"sell","order_filled_timestamp":1733046900000,"ft_is_entry":false,"ft_order_tag":"custom_exit","cost":19.388716000000002}],"funding_fees":0.0},{"pair":"BTC/USDT","stake_amount":19.360002,"max_stake_amount":19.360002,"amount":0.0002,"open_date":"2024-12-01 10:16:00+00:00","close_date":"2024-12-01 10:22:00+00:00","open_rate":96800.01,"close_rate":96823.96,"fee_open":0.0,"fee_close":0.0,"trade_duration":6,"profit_ratio":0.0002474173298122593,"profit_abs":0.00479,"exit_reason":"custom_exit","initial_stop_loss_abs":67760.01,"initial_stop_loss_ratio":-0.3,"stop_loss_abs":67760.01,"stop_loss_ratio":-0.3,"min_rate":96770.96,"max_rate":96860.0,"is_open":false,"enter_tag":"","leverage":1.0,"is_short":false,"open_timestamp":1733048160000,"close_timestamp":1733048520000,"orders":[{"amount":0.0002,"safe_price":96800.01,"ft_order_side":"buy","order_filled_timestamp":1733048160000,"ft_is_entry":true,"ft_order_tag":"","cost":19.360002},{"amount":0.0002,"safe_price":96823.96,"ft_order_side":"sell","order_filled_timestamp":1733048520000,"ft_is_entry":false,"ft_order_tag":"custom_exit","cost":19.364792}],"funding_fees":0.0},{"pair":"BTC/USDT","stake_amount":19.388002,"max_stake_amount":19.388002,"amount":0.0002,"open_date":"2024-12-01 11:16:00+00:00","close_date":"2024-12-01 11:29:00+00:00","open_rate":96940.01,"close_rate":96959.99,"fee_open":0.0,"fee_close":0.0,"trade_duration":13,"profit_ratio":0.0002061068489677276,"profit_abs":0.003996,"exit_reason":"custom_exit","initial_stop_loss_abs":67858.01,"initial_stop_loss_ratio":-0.3,"stop_loss_abs":67858.01,"stop_loss_ratio":-0.3,"min_rate":96916.01,"max_rate":96975.58,"is_open":false,"enter_tag":"","leverage":1.0,"is_short":false,"open_timestamp":1733051760000,"close_timestamp":1733052540000,"orders":[{"amount":0.0002,"safe_price":96940.01,"ft_order_side":"buy","order_filled_timestamp":1733051760000,"ft_is_entry":true,"ft_order_tag":"","cost":19.388002},{"amount":0.0002,"safe_price":96959.99,"ft_order_side":"sell","order_filled_timestamp":1733052540000,"ft_is_entry":false,"ft_order_tag":"custom_exit","cost":19.391998}],"funding_fees":0.0},{"pair":"BTC/USDT","stake_amount":19.395116,"max_stake_amount":19.395116,"amount":0.0002,"open_date":"2024-12-01 11:30:00+00:00","close_date":"2024-12-01 11:31:00+00:00","open_rate":96975.58,"close_rate":97000.0,"fee_open":0.0,"fee_close":0.0,"trade_duration":1,"profit_ratio":0.0002518159726397099,"profit_abs":0.004884,"exit_reason":"custom_exit","initial_stop_loss_abs":67882.91,"initial_stop_loss_ratio":-0.3,"stop_loss_abs":67882.91,"stop_loss_ratio":-0.3,"min_rate":96975.57,"max_rate":97026.54,"is_open":false,"enter_tag":"","leverage":1.0,"is_short":false,"open_timestamp":1733052600000,"close_timestamp":1733052660000,"orders":[{"amount":0.0002,"safe_price":96975.58,"ft_order_side":"buy","order_filled_timestamp":1733052600000,"ft_is_entry":true,"ft_order_tag":"","cost":19.395116},{"amount":0.0002,"safe_price":97000.0,"ft_order_side":"sell","order_filled_timestamp":1733052660000,"ft_is_entry":false,"ft_order_tag":"custom_exit","cost":19.400000000000002}],"funding_fees":0.0},{"pair":"BTC/USDT","stake_amount":19.400402,"max_stake_amount":19.400402,"amount":0.0002,"open_date":"2024-12-01 11:37:00+00:00","close_date":"2024-12-01 11:38:00+00:00","open_rate":97002.01,"close_rate":97035.23,"fee_open":0.0,"fee_close":0.0,"trade_duration":1,"profit_ratio":0.00034246713032028923,"profit_abs":0.006644,"exit_reason":"custom_exit","initial_stop_loss_abs":67901.41,"initial_stop_loss_ratio":-0.3,"stop_loss_abs":67901.41,"stop_loss_ratio":-0.3,"min_rate":96981.87,"max_rate":97048.0,"is_open":false,"enter_tag":"","leverage":1.0,"is_short":false,"open_timestamp":1733053020000,"close_timestamp":1733053080000,"orders":[{"amount":0.0002,"safe_price":97002.01,"ft_order_side":"buy","order_filled_timestamp":1733053020000,"ft_is_entry":true,"ft_order_tag":"","cost":19.400402},{"amount":0.0002,"safe_price":97035.23,"ft_order_side":"sell","order_filled_timestamp":1733053080000,"ft_is_entry":false,"ft_order_tag":"custom_exit","cost":19.407046}],"funding_fees":0.0},{"pair":"BTC/USDT","stake_amount":19.414,"max_stake_amount":19.414,"amount":0.0002,"open_date":"2024-12-01 11:41:00+00:00","close_date":"2024-12-01 11:41:00+00:00","open_rate":97070.0,"close_rate":97070.0,"fee_open":0.0,"fee_close":0.0,"trade_duration":0,"profit_ratio":0.0,"profit_abs":0.0,"exit_reason":"custom_exit","initial_stop_loss_abs":67949.0,"initial_stop_loss_ratio":-0.3,"stop_loss_abs":67949.0,"stop_loss_ratio":-0.3,"min_rate":97069.99,"max_rate":97121.0,"is_open":false,"enter_tag":"","leverage":1.0,"is_short":false,"open_timestamp":1733053260000,"close_timestamp":1733053260000,"orders":[{"amount":0.0002,"safe_price":97070.0,"ft_order_side":"buy","order_filled_timestamp":1733053260000,"ft_is_entry":true,"ft_order_tag":"","cost":19.414},{"amount":0.0002,"safe_price":97070.0,"ft_order_side":"sell","order_filled_timestamp":1733053260000,"ft_is_entry":false,"ft_order_tag":"custom_exit","cost":19.414}],"funding_fees":0.0},{"pair":"BTC/USDT","stake_amount":19.422148,"max_stake_amount":19.422148,"amount":0.0002,"open_date":"2024-12-01 12:01:00+00:00","close_date":"2024-12-01 12:44:00+00:00","open_rate":97110.74,"close_rate":96922.16,"fee_open":0.0,"fee_close":0.0,"trade_duration":43,"profit_ratio":-0.0019419067345177268,"profit_abs":-0.037716,"exit_reason":"exit_signal","initial_stop_loss_abs":67977.52,"initial_stop_loss_ratio":-0.3,"stop_loss_abs":67977.52,"stop_loss_ratio":-0.3,"min_rate":96862.8,"max_rate":97117.84,"is_open":false,"enter_tag":"","leverage":1.0,"is_short":false,"open_timestamp":1733054460000,"close_timestamp":1733057040000,"orders":[{"amount":0.0002,"safe_price":97110.74,"ft_order_side":"buy","order_filled_timestamp":1733054460000,"ft_is_entry":true,"ft_order_tag":"","cost":19.422148000000004},{"amount":0.0002,"safe_price":96922.16,"ft_order_side":"sell","order_filled_timestamp":1733057040000,"ft_is_entry":false,"ft_order_tag":"exit_signal","cost":19.384432}],"funding_fees":0.0},{"pair":"BTC/USDT","stake_amount":19.43,"max_stake_amount":19.43,"amount":0.0002,"open_date":"2024-12-01 13:19:00+00:00","close_date":"2024-12-01 13:21:00+00:00","open_rate":97150.0,"close_rate":97164.88,"fee_open":0.0,"fee_close":0.0,"trade_duration":2,"profit_ratio":0.00015316520844055583,"profit_abs":0.002976,"exit_reason":"custom_exit","initial_stop_loss_abs":68005.0,"initial_stop_loss_ratio":-0.3,"stop_loss_abs":68005.0,"stop_loss_ratio":-0.3,"min_rate":97144.0,"max_rate":97319.88,"is_open":false,"enter_tag":"","leverage":1.0,"is_short":false,"open_timestamp":1733059140000,"close_timestamp":1733059260000,"orders":[{"amount":0.0002,"safe_price":97150.0,"ft_order_side":"buy","order_filled_timestamp":1733059140000,"ft_is_entry":true,"ft_order_tag":"","cost":19.43},{"amount":0.0002,"safe_price":97164.88,"ft_order_side":"sell","order_filled_timestamp":1733059260000,"ft_is_entry":false,"ft_order_tag":"custom_exit","cost":19.432976000000004}],"funding_fees":0.0},{"pair":"BTC/USDT","stake_amount":19.452002,"max_stake_amount":19.452002,"amount":0.0002,"open_date":"2024-12-01 13:22:00+00:00","close_date":"2024-12-01 13:22:00+00:00","open_rate":97260.01,"close_rate":97260.01,"fee_open":0.0,"fee_close":0.0,"trade_duration":0,"profit_ratio":0.0,"profit_abs":0.0,"exit_reason":"custom_exit","initial_stop_loss_abs":68082.01,"initial_stop_loss_ratio":-0.3,"stop_loss_abs":68082.01,"stop_loss_ratio":-0.3,"min_rate":97237.85,"max_rate":97297.04,"is_open":false,"enter_tag":"","leverage":1.0,"is_short":false,"open_timestamp":1733059320000,"close_timestamp":1733059320000,"orders":[{"amount":0.0002,"safe_price":97260.01,"ft_order_side":"buy","order_filled_timestamp":1733059320000,"ft_is_entry":true,"ft_order_tag":"","cost":19.452002},{"amount":0.0002,"safe_price":97260.01,"ft_order_side":"sell","order_filled_timestamp":1733059320000,"ft_is_entry":false,"ft_order_tag":"custom_exit","cost":19.452002}],"funding_fees":0.0},{"pair":"BTC/USDT","stake_amount":19.472002,"max_stake_amount":19.472002,"amount":0.0002,"open_date":"2024-12-01 13:24:00+00:00","close_date":"2024-12-01 15:40:00+00:00","open_rate":97360.01,"close_rate":97047.98,"fee_open":0.0,"fee_close":0.0,"trade_duration":136,"profit_ratio":-0.003204909284623122,"profit_abs":-0.062406,"exit_reason":"exit_signal","initial_stop_loss_abs":68152.01,"initial_stop_loss_ratio":-0.3,"stop_loss_abs":68152.01,"stop_loss_ratio":-0.3,"min_rate":96968.25,"max_rate":97360.01,"is_open":false,"enter_tag":"","leverage":1.0,"is_short":false,"open_timestamp":1733059440000,"close_timestamp":1733067600000,"orders":[{"amount":0.0002,"safe_price":97360.01,"ft_order_side":"buy","order_filled_timestamp":1733059440000,"ft_is_entry":true,"ft_order_tag":"","cost":19.472002},{"amount":0.0002,"safe_price":97047.98,"ft_order_side":"sell","order_filled_timestamp":1733067600000,"ft_is_entry":false,"ft_order_tag":"exit_signal","cost":19.409596}],"funding_fees":0.0},{"pair":"BTC/USDT","stake_amount":19.444604,"max_stake_amount":19.444604,"amount":0.0002,"open_date":"2024-12-01 16:52:00+00:00","close_date":"2024-12-01 17:11:00+00:00","open_rate":97223.02,"close_rate":97092.01,"fee_open":0.0,"fee_close":0.0,"trade_duration":19,"profit_ratio":-0.0013475203712042681,"profit_abs":-0.026202,"exit_reason":"exit_signal","initial_stop_loss_abs":68056.12,"initial_stop_loss_ratio":-0.3,"stop_loss_abs":68056.12,"stop_loss_ratio":-0.3,"min_rate":97052.48,"max_rate":97259.18,"is_open":false,"enter_tag":"","leverage":1.0,"is_short":false,"open_timestamp":1733071920000,"close_timestamp":1733073060000,"orders":[{"amount":0.0002,"safe_price":97223.02,"ft_order_side":"buy","order_filled_timestamp":1733071920000,"ft_is_entry":true,"ft_order_tag":"","cost":19.444604},{"amount":0.0002,"safe_price":97092.01,"ft_order_side":"sell","order_filled_timestamp":1733073060000,"ft_is_entry":false,"ft_order_tag":"exit_signal","cost":19.418402}],"funding_fees":0.0},{"pair":"BTC/USDT","stake_amount":19.468,"max_stake_amount":19.468,"amount":0.0002,"open_date":"2024-12-01 18:02:00+00:00","close_date":"2024-12-01 18:03:00+00:00","open_rate":97340.0,"close_rate":97366.0,"fee_open":0.0,"fee_close":0.0,"trade_duration":1,"profit_ratio":0.0002671049928087117,"profit_abs":0.0052,"exit_reason":"custom_exit","initial_stop_loss_abs":68138.0,"initial_stop_loss_ratio":-0.3,"stop_loss_abs":68138.0,"stop_loss_ratio":-0.3,"min_rate":97339.99,"max_rate":97380.96,"is_open":false,"enter_tag":"","leverage":1.0,"is_short":false,"open_timestamp":1733076120000,"close_timestamp":1733076180000,"orders":[{"amount":0.0002,"safe_price":97340.0,"ft_order_side":"buy","order_filled_timestamp":1733076120000,"ft_is_entry":true,"ft_order_tag":"","cost":19.468},{"amount":0.0002,"safe_price":97366.0,"ft_order_side":"sell","order_filled_timestamp":1733076180000,"ft_is_entry":false,"ft_order_tag":"custom_exit","cost":19.473200000000002}],"funding_fees":0.0},{"pair":"BTC/USDT","stake_amount":19.471786,"max_stake_amount":19.471786,"amount":0.0002,"open_date":"2024-12-01 18:04:00+00:00","close_date":"2024-12-01 18:09:00+00:00","open_rate":97358.93,"close_rate":97394.35,"fee_open":0.0,"fee_close":0.0,"trade_duration":5,"profit_ratio":0.00036380843544603456,"profit_abs":0.007084,"exit_reason":"custom_exit","initial_stop_loss_abs":68151.26,"initial_stop_loss_ratio":-0.3,"stop_loss_abs":68151.26,"stop_loss_ratio":-0.3,"min_rate":97332.0,"max_rate":97436.65,"is_open":false,"enter_tag":"","leverage":1.0,"is_short":false,"open_timestamp":1733076240000,"close_timestamp":1733076540000,"orders":[{"amount":0.0002,"safe_price":97358.93,"ft_order_side":"buy","order_filled_timestamp":1733076240000,"ft_is_entry":true,"ft_order_tag":"","cost":19.471785999999998},{"amount":0.0002,"safe_price":97394.35,"ft_order_side":"sell","order_filled_timestamp":1733076540000,"ft_is_entry":false,"ft_order_tag":"custom_exit","cost":19.47887}],"funding_fees":0.0},{"pair":"BTC/USDT","stake_amount":19.48732,"max_stake_amount":19.48732,"amount":0.0002,"open_date":"2024-12-01 18:10:00+00:00","close_date":"2024-12-01 18:14:00+00:00","open_rate":97436.6,"close_rate":97453.73,"fee_open":0.0,"fee_close":0.0,"trade_duration":4,"profit_ratio":0.00017580662707853106,"profit_abs":0.003426,"exit_reason":"custom_exit","initial_stop_loss_abs":68205.62,"initial_stop_loss_ratio":-0.3,"stop_loss_abs":68205.62,"stop_loss_ratio":-0.3,"min_rate":97394.35,"max_rate":97516.08,"is_open":false,"enter_tag":"","leverage":1.0,"is_short":false,"open_timestamp":1733076600000,"close_timestamp":1733076840000,"orders":[{"amount":0.0002,"safe_price":97436.6,"ft_order_side":"buy","order_filled_timestamp":1733076600000,"ft_is_entry":true,"ft_order_tag":"","cost":19.48732},{"amount":0.0002,"safe_price":97453.73,"ft_order_side":"sell","order_filled_timestamp":1733076840000,"ft_is_entry":false,"ft_order_tag":"custom_exit","cost":19.490746}],"funding_fees":0.0},{"pair":"BTC/USDT","stake_amount":19.501586,"max_stake_amount":19.501586,"amount":0.0002,"open_date":"2024-12-01 18:15:00+00:00","close_date":"2024-12-01 18:56:00+00:00","open_rate":97507.93,"close_rate":97112.03,"fee_open":0.0,"fee_close":0.0,"trade_duration":41,"profit_ratio":-0.004060182592328644,"profit_abs":-0.07918,"exit_reason":"exit_signal","initial_stop_loss_abs":68255.56,"initial_stop_loss_ratio":-0.3,"stop_loss_abs":68255.56,"stop_loss_ratio":-0.3,"min_rate":97095.23,"max_rate":97523.41,"is_open":false,"enter_tag":"","leverage":1.0,"is_short":false,"open_timestamp":1733076900000,"close_timestamp":1733079360000,"orders":[{"amount":0.0002,"safe_price":97507.93,"ft_order_side":"buy","order_filled_timestamp":1733076900000,"ft_is_entry":true,"ft_order_tag":"","cost":19.501586},{"amount":0.0002,"safe_price":97112.03,"ft_order_side":"sell","order_filled_timestamp":1733079360000,"ft_is_entry":false,"ft_order_tag":"exit_signal","cost":19.422406000000002}],"funding_fees":0.0},{"pair":"BTC/USDT","stake_amount":19.47608,"max_stake_amount":19.47608,"amount":0.0002,"open_date":"2024-12-01 21:41:00+00:00","close_date":"2024-12-01 21:42:00+00:00","open_rate":97380.4,"close_rate":97400.0,"fee_open":0.0,"fee_close":0.0,"trade_duration":1,"profit_ratio":0.00020127253533565277,"profit_abs":0.00392,"exit_reason":"custom_exit","initial_stop_loss_abs":68166.28,"initial_stop_loss_ratio":-0.3,"stop_loss_abs":68166.28,"stop_loss_ratio":-0.3,"min_rate":97380.4,"max_rate":97432.0,"is_open":false,"enter_tag":"","leverage":1.0,"is_short":false,"open_timestamp":1733089260000,"close_timestamp":1733089320000,"orders":[{"amount":0.0002,"safe_price":97380.4,"ft_order_side":"buy","order_filled_timestamp":1733089260000,"ft_is_entry":true,"ft_order_tag":"","cost":19.47608},{"amount":0.0002,"safe_price":97400.0,"ft_order_side":"sell","order_filled_timestamp":1733089320000,"ft_is_entry":false,"ft_order_tag":"custom_exit","cost":19.48}],"funding_fees":0.0},{"pair":"BTC/USDT","stake_amount":19.48469,"max_stake_amount":19.48469,"amount":0.0002,"open_date":"2024-12-01 21:43:00+00:00","close_date":"2024-12-01 21:47:00+00:00","open_rate":97423.45,"close_rate":97457.62,"fee_open":0.0,"fee_close":0.0,"trade_duration":4,"profit_ratio":0.0003507369119036536,"profit_abs":0.006834,"exit_reason":"custom_exit","initial_stop_loss_abs":68196.42,"initial_stop_loss_ratio":-0.3,"stop_loss_abs":68196.42,"stop_loss_ratio":-0.3,"min_rate":97423.44,"max_rate":97473.52,"is_open":false,"enter_tag":"","leverage":1.0,"is_short":false,"open_timestamp":1733089380000,"close_timestamp":1733089620000,"orders":[{"amount":0.0002,"safe_price":97423.45,"ft_order_side":"buy","order_filled_timestamp":1733089380000,"ft_is_entry":true,"ft_order_tag":"","cost":19.48469},{"amount":0.0002,"safe_price":97457.62,"ft_order_side":"sell","order_filled_timestamp":1733089620000,"ft_is_entry":false,"ft_order_tag":"custom_exit","cost":19.491524}],"funding_fees":0.0},{"pair":"BTC/USDT","stake_amount":19.519744,"max_stake_amount":19.519744,"amount":0.0002,"open_date":"2024-12-01 21:50:00+00:00","close_date":"2024-12-01 21:50:00+00:00","open_rate":97598.72,"close_rate":97598.72,"fee_open":0.0,"fee_close":0.0,"trade_duration":0,"profit_ratio":0.0,"profit_abs":0.0,"exit_reason":"custom_exit","initial_stop_loss_abs":68319.11,"initial_stop_loss_ratio":-0.3,"stop_loss_abs":68319.11,"stop_loss_ratio":-0.3,"min_rate":97589.2,"max_rate":97750.0,"is_open":false,"enter_tag":"","leverage":1.0,"is_short":false,"open_timestamp":1733089800000,"close_timestamp":1733089800000,"orders":[{"amount":0.0002,"safe_price":97598.72,"ft_order_side":"buy","order_filled_timestamp":1733089800000,"ft_is_entry":true,"ft_order_tag":"","cost":19.519744000000003},{"amount":0.0002,"safe_price":97598.72,"ft_order_side":"sell","order_filled_timestamp":1733089800000,"ft_is_entry":false,"ft_order_tag":"custom_exit","cost":19.519744000000003}],"funding_fees":0.0},{"pair":"BTC/USDT","stake_amount":19.543204,"max_stake_amount":19.543204,"amount":0.0002,"open_date":"2024-12-01 21:51:00+00:00","close_date":"2024-12-01 21:58:00+00:00","open_rate":97716.02,"close_rate":97734.4,"fee_open":0.0,"fee_close":0.0,"trade_duration":7,"profit_ratio":0.0001880960767743099,"profit_abs":0.003676,"exit_reason":"custom_exit","initial_stop_loss_abs":68401.22,"initial_stop_loss_ratio":-0.3,"stop_loss_abs":68401.22,"stop_loss_ratio":-0.3,"min_rate":97623.33,"max_rate":97766.0,"is_open":false,"enter_tag":"","leverage":1.0,"is_short":false,"open_timestamp":1733089860000,"close_timestamp":1733090280000,"orders":[{"amount":0.0002,"safe_price":97716.02,"ft_order_side":"buy","order_filled_timestamp":1733089860000,"ft_is_entry":true,"ft_order_tag":"","cost":19.543204000000003},{"amount":0.0002,"safe_price":97734.4,"ft_order_side":"sell","order_filled_timestamp":1733090280000,"ft_is_entry":false,"ft_order_tag":"custom_exit","cost":19.546879999999998}],"funding_fees":0.0},{"pair":"BTC/USDT","stake_amount":19.554496,"max_stake_amount":19.554496,"amount":0.0002,"open_date":"2024-12-01 22:01:00+00:00","close_date":"2024-12-01 22:04:00+00:00","open_rate":97772.48,"close_rate":97799.99,"fee_open":0.0,"fee_close":0.0,"trade_duration":3,"profit_ratio":0.0002813675177309607,"profit_abs":0.005502,"exit_reason":"custom_exit","initial_stop_loss_abs":68440.74,"initial_stop_loss_ratio":-0.3,"stop_loss_abs":68440.74,"stop_loss_ratio":-0.3,"min_rate":97692.56,"max_rate":97814.7,"is_open":false,"enter_tag":"","leverage":1.0,"is_short":false,"open_timestamp":1733090460000,"close_timestamp":1733090640000,"orders":[{"amount":0.0002,"safe_price":97772.48,"ft_order_side":"buy","order_filled_timestamp":1733090460000,"ft_is_entry":true,"ft_order_tag":"","cost":19.554496},{"amount":0.0002,"safe_price":97799.99,"ft_order_side":"sell","order_filled_timestamp":1733090640000,"ft_is_entry":false,"ft_order_tag":"custom_exit","cost":19.559998}],"funding_fees":0.0},{"pair":"BTC/USDT","stake_amount":19.494402,"max_stake_amount":19.494402,"amount":0.0002,"open_date":"2024-12-01 22:24:00+00:00","close_date":"2024-12-01 22:32:00+00:00","open_rate":97472.01,"close_rate":97440.0,"fee_open":0.0,"fee_close":0.0,"trade_duration":8,"profit_ratio":-0.0003284019689344664,"profit_abs":-0.006402,"exit_reason":"custom_exit","initial_stop_loss_abs":68230.41,"initial_stop_loss_ratio":-0.3,"stop_loss_abs":68230.41,"stop_loss_ratio":-0.3,"min_rate":97385.25,"max_rate":97579.99,"is_open":false,"enter_tag":"","leverage":1.0,"is_short":false,"open_timestamp":1733091840000,"close_timestamp":1733092320000,"orders":[{"amount":0.0002,"safe_price":97472.01,"ft_order_side":"buy","order_filled_timestamp":1733091840000,"ft_is_entry":true,"ft_order_tag":"","cost":19.494402},{"amount":0.0002,"safe_price":97440.0,"ft_order_side":"sell","order_filled_timestamp":1733092320000,"ft_is_entry":false,"ft_order_tag":"custom_exit","cost":19.488}],"funding_fees":0.0},{"pair":"BTC/USDT","stake_amount":19.483234,"max_stake_amount":19.483234,"amount":0.0002,"open_date":"2024-12-01 22:35:00+00:00","close_date":"2024-12-01 22:35:00+00:00","open_rate":97416.17,"close_rate":97416.17,"fee_open":0.0,"fee_close":0.0,"trade_duration":0,"profit_ratio":0.0,"profit_abs":0.0,"exit_reason":"custom_exit","initial_stop_loss_abs":68191.32,"initial_stop_loss_ratio":-0.3,"stop_loss_abs":68191.32,"stop_loss_ratio":-0.3,"min_rate":97409.66,"max_rate":97559.8,"is_open":false,"enter_tag":"","leverage":1.0,"is_short":false,"open_timestamp":1733092500000,"close_timestamp":1733092500000,"orders":[{"amount":0.0002,"safe_price":97416.17,"ft_order_side":"buy","order_filled_timestamp":1733092500000,"ft_is_entry":true,"ft_order_tag":"","cost":19.483234},{"amount":0.0002,"safe_price":97416.17,"ft_order_side":"sell","order_filled_timestamp":1733092500000,"ft_is_entry":false,"ft_order_tag":"custom_exit","cost":19.483234}],"funding_fees":0.0},{"pair":"BTC/USDT","stake_amount":19.512742,"max_stake_amount":19.512742,"amount":0.0002,"open_date":"2024-12-01 23:01:00+00:00","close_date":"2024-12-01 23:03:00+00:00","open_rate":97563.71,"close_rate":97600.0,"fee_open":0.0,"fee_close":0.0,"trade_duration":2,"profit_ratio":0.0003719620748329476,"profit_abs":0.007258,"exit_reason":"custom_exit","initial_stop_loss_abs":68294.6,"initial_stop_loss_ratio":-0.3,"stop_loss_abs":68294.6,"stop_loss_ratio":-0.3,"min_rate":97528.0,"max_rate":97763.9,"is_open":false,"enter_tag":"","leverage":1.0,"is_short":false,"open_timestamp":1733094060000,"close_timestamp":1733094180000,"orders":[{"amount":0.0002,"safe_price":97563.71,"ft_order_side":"buy","order_filled_timestamp":1733094060000,"ft_is_entry":true,"ft_order_tag":"","cost":19.512742000000003},{"amount":0.0002,"safe_price":97600.0,"ft_order_side":"sell","order_filled_timestamp":1733094180000,"ft_is_entry":false,"ft_order_tag":"custom_exit","cost":19.52}],"funding_fees":0.0},{"pair":"BTC/USDT","stake_amount":19.551504,"max_stake_amount":19.551504,"amount":0.0002,"open_date":"2024-12-01 23:04:00+00:00","close_date":"2024-12-01 23:47:00+00:00","open_rate":97757.52,"close_rate":97360.22,"fee_open":0.0,"fee_close":0.0,"trade_duration":43,"profit_ratio":-0.004064137469935817,"profit_abs":-0.07946,"exit_reason":"exit_signal","initial_stop_loss_abs":68430.27,"initial_stop_loss_ratio":-0.3,"stop_loss_abs":68430.27,"stop_loss_ratio":-0.3,"min_rate":97320.7,"max_rate":97771.04,"is_open":false,"enter_tag":"","leverage":1.0,"is_short":false,"open_timestamp":1733094240000,"close_timestamp":1733096820000,"orders":[{"amount":0.0002,"safe_price":97757.52,"ft_order_side":"buy","order_filled_timestamp":1733094240000,"ft_is_entry":true,"ft_order_tag":"","cost":19.551504},{"amount":0.0002,"safe_price":97360.22,"ft_order_side":"sell","order_filled_timestamp":1733096820000,"ft_is_entry":false,"ft_order_tag":"exit_signal","cost":19.472044}],"funding_fees":0.0}],"locks":[],"best_pair":{"key":"BTC/USDT","trades":24,"profit_mean":-0.0004692274015332218,"profit_mean_pct":-0.05,"profit_sum":-0.011261457636797322,"profit_sum_pct":-1.13,"profit_total_abs":-0.219662,"profit_total":-0.000219662,"profit_total_pct":-0.02,"duration_avg":"0:14:00","wins":14,"draws":4,"losses":6,"winrate":0.5833333333333334,"cagr":-0.07705481782489587,"expectancy":-0.009152583333333332,"expectancy_ratio":-0.3551426727895498,"sortino":-153.6004514327449,"sharpe":-157.63074848642103,"calmar":-1709.538070062597,"sqn":-1.6487,"profit_factor":0.246095975508467,"max_drawdown_account":0.00024548365964805656,"max_drawdown_abs":0.24548999999999999},"worst_pair":{"key":"BTC/USDT","trades":24,"profit_mean":-0.0004692274015332218,"profit_mean_pct":-0.05,"profit_sum":-0.011261457636797322,"profit_sum_pct":-1.13,"profit_total_abs":-0.219662,"profit_total":-0.000219662,"profit_total_pct":-0.02,"duration_avg":"0:14:00","wins":14,"draws":4,"losses":6,"winrate":0.5833333333333334,"cagr":-0.07705481782489587,"expectancy":-0.009152583333333332,"expectancy_ratio":-0.3551426727895498,"sortino":-153.6004514327449,"sharpe":-157.63074848642103,"calmar":-1709.538070062597,"sqn":-1.6487,"profit_factor":0.246095975508467,"max_drawdown_account":0.00024548365964805656,"max_drawdown_abs":0.24548999999999999},"results_per_pair":[{"key":"BTC/USDT","trades":24,"profit_mean":-0.0004692274015332218,"profit_mean_pct":-0.05,"profit_sum":-0.011261457636797322,"profit_sum_pct":-1.13,"profit_total_abs":-0.219662,"profit_total":-0.000219662,"profit_total_pct":-0.02,"duration_avg":"0:14:00","wins":14,"draws":4,"losses":6,"winrate":0.5833333333333334,"cagr":-0.07705481782489587,"expectancy":-0.009152583333333332,"expectancy_ratio":-0.3551426727895498,"sortino":-153.6004514327449,"sharpe":-157.63074848642103,"calmar":-1709.538070062597,"sqn":-1.6487,"profit_factor":0.246095975508467,"max_drawdown_account":0.00024548365964805656,"max_drawdown_abs":0.24548999999999999},{"key":"TOTAL","trades":24,"profit_mean":-0.0004692274015332218,"profit_mean_pct":-0.05,"profit_sum":-0.011261457636797322,"profit_sum_pct":-1.13,"profit_total_abs":-0.219662,"profit_total":-0.000219662,"profit_total_pct":-0.02,"duration_avg":"0:14:00","wins":14,"draws":4,"losses":6,"winrate":0.5833333333333334,"cagr":-0.07705481782489587,"expectancy":-0.009152583333333332,"expectancy_ratio":-0.3551426727895498,"sortino":-153.6004514327449,"sharpe":-157.63074848642103,"calmar":-1709.538070062597,"sqn":-1.6487,"profit_factor":0.246095975508467,"max_drawdown_account":0.00024548365964805656,"max_drawdown_abs":0.24548999999999999}],"results_per_enter_tag":[{"key":"","trades":24,"profit_mean":-0.0004692274015332218,"profit_mean_pct":-0.05,"profit_sum":-0.011261457636797322,"profit_sum_pct":-1.13,"profit_total_abs":-0.219662,"profit_total":-0.000219662,"profit_total_pct":-0.02,"duration_avg":"0:14:00","wins":14,"draws":4,"losses":6,"winrate":0.5833333333333334,"cagr":-0.07705481782489587,"expectancy":-0.009152583333333332,"expectancy_ratio":-0.3551426727895498,"sortino":-153.6004514327449,"sharpe":-157.63074848642103,"calmar":-1709.538070062597,"sqn":-1.6487,"profit_factor":0.246095975508467,"max_drawdown_account":0.00024548365964805656,"max_drawdown_abs":0.24548999999999999},{"key":"TOTAL","trades":24,"profit_mean":-0.0004692274015332218,"profit_mean_pct":-0.05,"profit_sum":-0.011261457636797322,"profit_sum_pct":-1.13,"profit_total_abs":-0.219662,"profit_total":-0.000219662,"profit_total_pct":-0.02,"duration_avg":"0:14:00","wins":14,"draws":4,"losses":6,"winrate":0.5833333333333334,"cagr":-0.07705481782489587,"expectancy":-0.009152583333333332,"expectancy_ratio":-0.3551426727895498,"sortino":-153.6004514327449,"sharpe":-157.63074848642103,"calmar":-1709.538070062597,"sqn":-1.6487,"profit_factor":0.246095975508467,"max_drawdown_account":0.00024548365964805656,"max_drawdown_abs":0.24548999999999999}],"exit_reason_summary":[{"key":"custom_exit","trades":19,"profit_mean":0.0001766946745164346,"profit_mean_pct":0.02,"profit_sum":0.003357198815812257,"profit_sum_pct":0.34,"profit_total_abs":0.065302,"profit_total":6.530199999999999e-05,"profit_total_pct":0.01,"duration_avg":"0:03:00","wins":14,"draws":4,"losses":1,"winrate":0.7368421052631579,"cagr":0.0241207624968911,"expectancy":0.0034369473684210524,"expectancy_ratio":0.32632894325786355,"sortino":-100,"sharpe":375.07997408969504,"calmar":19488.80600786741,"sqn":4.3839,"profit_factor":11.200249921899408,"max_drawdown_account":6.401587443275665e-06,"max_drawdown_abs":0.006401999999999998},{"key":"exit_signal","trades":5,"profit_mean":-0.0029237312905219153,"profit_mean_pct":-0.29,"profit_sum":-0.014618656452609577,"profit_sum_pct":-1.46,"profit_total_abs":-0.284964,"profit_total":-0.000284964,"profit_total_pct":-0.03,"duration_avg":"0:56:00","wins":0,"draws":0,"losses":5,"winrate":0.0,"cagr":-0.0987987493226038,"expectancy":-0.056992799999999996,"expectancy_ratio":-1.0,"sortino":-251.33661361085603,"sharpe":-251.33661361085603,"calmar":-1910.4973174546462,"sqn":-5.2622,"profit_factor":0.0,"max_drawdown_account":0.0002849639999999454,"max_drawdown_abs":0.284964},{"key":"TOTAL","trades":24,"profit_mean":-0.0004692274015332218,"profit_mean_pct":-0.05,"profit_sum":-0.011261457636797322,"profit_sum_pct":-1.13,"profit_total_abs":-0.219662,"profit_total":-0.000219662,"profit_total_pct":-0.02,"duration_avg":"0:14:00","wins":14,"draws":4,"losses":6,"winrate":0.5833333333333334,"cagr":-0.07705481782489587,"expectancy":-0.009152583333333332,"expectancy_ratio":-0.3551426727895498,"sortino":-153.6004514327449,"sharpe":-157.63074848642103,"calmar":-1709.538070062597,"sqn":-1.6487,"profit_factor":0.246095975508467,"max_drawdown_account":0.00024548365964805656,"max_drawdown_abs":0.24548999999999999}],"mix_tag_stats":[{"key":["","custom_exit"],"trades":19,"profit_mean":0.0001766946745164346,"profit_mean_pct":0.02,"profit_sum":0.003357198815812257,"profit_sum_pct":0.34,"profit_total_abs":0.065302,"profit_total":6.530199999999999e-05,"profit_total_pct":0.01,"duration_avg":"0:03:00","wins":14,"draws":4,"losses":1,"winrate":0.7368421052631579,"cagr":0.0241207624968911,"expectancy":0.0034369473684210524,"expectancy_ratio":0.32632894325786355,"sortino":-100,"sharpe":375.07997408969504,"calmar":19488.80600786741,"sqn":4.3839,"profit_factor":11.200249921899408,"max_drawdown_account":6.401587443275665e-06,"max_drawdown_abs":0.006401999999999998},{"key":["","exit_signal"],"trades":5,"profit_mean":-0.0029237312905219153,"profit_mean_pct":-0.29,"profit_sum":-0.014618656452609577,"profit_sum_pct":-1.46,"profit_total_abs":-0.284964,"profit_total":-0.000284964,"profit_total_pct":-0.03,"duration_avg":"0:56:00","wins":0,"draws":0,"losses":5,"winrate":0.0,"cagr":-0.0987987493226038,"expectancy":-0.056992799999999996,"expectancy_ratio":-1.0,"sortino":-251.33661361085603,"sharpe":-251.33661361085603,"calmar":-1910.4973174546462,"sqn":-5.2622,"profit_factor":0.0,"max_drawdown_account":0.0002849639999999454,"max_drawdown_abs":0.284964},{"key":"TOTAL","trades":24,"profit_mean":-0.0004692274015332218,"profit_mean_pct":-0.05,"profit_sum":-0.011261457636797322,"profit_sum_pct":-1.13,"profit_total_abs":-0.219662,"profit_total":-0.000219662,"profit_total_pct":-0.02,"duration_avg":"0:14:00","wins":14,"draws":4,"losses":6,"winrate":0.5833333333333334,"cagr":-0.07705481782489587,"expectancy":-0.009152583333333332,"expectancy_ratio":-0.3551426727895498,"sortino":-153.6004514327449,"sharpe":-157.63074848642103,"calmar":-1709.538070062597,"sqn":-1.6487,"profit_factor":0.246095975508467,"max_drawdown_account":0.00024548365964805656,"max_drawdown_abs":0.24548999999999999}],"left_open_trades":[{"key":"TOTAL","trades":0,"profit_mean":0.0,"profit_mean_pct":0.0,"profit_sum":0.0,"profit_sum_pct":0.0,"profit_total_abs":0.0,"profit_total":0.0,"profit_total_pct":0.0,"duration_avg":"0:00","wins":0,"draws":0,"losses":0,"winrate":0.0,"cagr":0.0,"expectancy":0.0,"expectancy_ratio":100.0,"sortino":0,"sharpe":0,"calmar":0,"sqn":0.0,"profit_factor":0.0,"max_drawdown_account":0.0,"max_drawdown_abs":0.0}],"total_trades":24,"trade_count_long":24,"trade_count_short":0,"total_volume":934.0008740000001,"avg_stake_amount":19.462927833333335,"profit_mean":-0.0004692274015332218,"profit_median":0.00018195135192642048,"profit_total":-0.000219662,"profit_total_long":-0.000219662,"profit_total_short":0.0,"profit_total_abs":-0.219662,"profit_total_long_abs":-0.219662,"profit_total_short_abs":0.0,"cagr":-0.07705481782489587,"expectancy":-0.009152583333333332,"expectancy_ratio":-0.3551426727895498,"sortino":-153.6004514327449,"sharpe":-157.63074848642103,"calmar":-1709.538070062597,"sqn":-1.6487,"profit_factor":0.246095975508467,"backtest_start":"2024-12-01 00:00:00","backtest_start_ts":1733011200000,"backtest_end":"2024-12-02 00:00:00","backtest_end_ts":1733097600000,"backtest_days":1,"backtest_run_start_ts":1752170452,"backtest_run_end_ts":1752170452,"trades_per_day":24.0,"market_change":0.00873547356188262,"pairlist":["BTC/USDT"],"stake_amount":20,"stake_currency":"USDT","stake_currency_decimals":3,"starting_balance":1000,"dry_run_wallet":1000,"final_balance":999.780338,"rejected_signals":0,"timedout_entry_orders":0,"timedout_exit_orders":0,"canceled_trade_entries":0,"canceled_entry_orders":0,"replaced_entry_orders":0,"max_open_trades":1,"max_open_trades_setting":5,"timeframe":"1m","timeframe_detail":"","timerange":"20241201-20241202","enable_protections":false,"strategy_name":"MultiHorizonMomentum","stoploss":-0.3,"trailing_stop":false,"trailing_stop_positive":null,"trailing_stop_positive_offset":0.0,"trailing_only_offset_is_reached":false,"use_custom_stoploss":false,"minimal_roi":{},"use_exit_signal":true,"exit_profit_only":false,"exit_profit_offset":0.0,"ignore_roi_if_entry_signal":false,"trading_mode":"spot","margin_mode":"","periodic_breakdown":{"day":[{"date":"01/12/2024","date_ts":1733011200000,"profit_abs":-0.219662,"wins":14,"draws":4,"losses":6,"trades":24,"profit_factor":0.24609598}],"week":[{"date":"02/12/2024","date_ts":1733097600000,"profit_abs":-0.219662,"wins":14,"draws":4,"losses":6,"trades":24,"profit_factor":0.24609598}],"month":[{"date":"31/12/2024","date_ts":1735603200000,"profit_abs":-0.219662,"wins":14,"draws":4,"losses":6,"trades":24,"profit_factor":0.24609598}],"year":[{"date":"31/12/2024","date_ts":1735603200000,"profit_abs":-0.219662,"wins":14,"draws":4,"losses":6,"trades":24,"profit_factor":0.24609598}]},"backtest_best_day":-0.01126145763679732,"backtest_worst_day":-0.01126145763679732,"backtest_best_day_abs":-0.219662,"backtest_worst_day_abs":-0.219662,"winning_days":0,"draw_days":0,"losing_days":1,"daily_profit":[["2024-12-01",-0.219662]],"wins":14,"losses":6,"draws":4,"winrate":0.5833333333333334,"holding_avg":"0:14:00","holding_avg_s":840.0,"winner_holding_min":"0d 00:01","winner_holding_min_s":60.0,"winner_holding_max":"0d 00:13","winner_holding_max_s":780.0,"winner_holding_avg":"0d 00:04","winner_holding_avg_s":240.0,"loser_holding_min":"0d 00:08","loser_holding_min_s":480.0,"loser_holding_max":"0d 02:16","loser_holding_max_s":8160.0,"loser_holding_avg":"0d 00:48","loser_holding_avg_s":2880.0,"max_consecutive_wins":5,"max_consecutive_losses":3,"max_drawdown_account":0.00024548365964805656,"max_relative_drawdown":0.00024548365964805656,"max_drawdown_abs":0.24548999999999999,"drawdown_start":"2024-12-01 11:38:00","drawdown_start_ts":1733053080000.0,"drawdown_end":"2024-12-01 23:47:00","drawdown_end_ts":1733096820000.0,"max_drawdown_low":-0.219662,"max_drawdown_high":0.025828,"csum_min":999.780338,"csum_max":1000.025828}},"strategy_comparison":[{"key":"MultiHorizonMomentum","trades":24,"profit_mean":-0.0004692274015332218,"profit_mean_pct":-0.05,"profit_sum":-0.011261457636797322,"profit_sum_pct":-1.13,"profit_total_abs":-0.219662,"profit_total":-0.000219662,"profit_total_pct":-0.02,"duration_avg":"0:14:00","wins":14,"draws":4,"losses":6,"winrate":0.5833333333333334,"cagr":-0.07705481782489587,"expectancy":-0.009152583333333332,"expectancy_ratio":-0.3551426727895498,"sortino":-153.6004514327449,"sharpe":-157.63074848642103,"calmar":-1709.538070062597,"sqn":-1.6487,"profit_factor":0.246095975508467,"max_drawdown_account":0.00024548365964805656,"max_drawdown_abs":"0.245"}]}