{"strategy":{"MultiHorizonMomentum":{"trades":[{"pair":"BTC/USDT","stake_amount":19.55904,"max_stake_amount":19.55904,"amount":0.00032,"open_date":"2024-08-13 21:39:00+00:00","close_date":"2024-08-14 03:31:00+00:00","open_rate":61122.0,"close_rate":61074.88,"fee_open":0.0002,"fee_close":0.0002,"trade_duration":352,"profit_ratio":-0.0011705288764569653,"profit_abs":-0.022899,"exit_reason":"custom_exit","initial_stop_loss_abs":42785.4,"initial_stop_loss_ratio":-0.3,"stop_loss_abs":42785.4,"stop_loss_ratio":-0.3,"min_rate":60389.75,"max_rate":61171.86,"is_open":false,"enter_tag":"","leverage":1.0,"is_short":false,"open_timestamp":1723585140000,"close_timestamp":1723606260000,"orders":[{"amount":0.00032,"safe_price":61122.0,"ft_order_side":"buy","order_filled_timestamp":1723585140000,"ft_is_entry":true,"ft_order_tag":"","cost":19.562951808},{"amount":0.00032,"safe_price":61074.88,"ft_order_side":"sell","order_filled_timestamp":1723606260000,"ft_is_entry":false,"ft_order_tag":"custom_exit","cost":19.54787039232}],"funding_fees":0.0},{"pair":"BTC/USDT","stake_amount":19.5616,"max_stake_amount":19.5616,"amount":0.00032,"open_date":"2024-08-14 03:32:00+00:00","close_date":"2024-08-14 03:46:00+00:00","open_rate":61130.0,"close_rate":61172.18,"fee_open":0.0002,"fee_close":0.0002,"trade_duration":14,"profit_ratio":0.00028980892027058355,"profit_abs":0.00567026,"exit_reason":"custom_exit","initial_stop_loss_abs":42791.0,"initial_stop_loss_ratio":-0.3,"stop_loss_abs":42791.0,"stop_loss_ratio":-0.3,"min_rate":61036.84,"max_rate":61302.88,"is_open":false,"enter_tag":"","leverage":1.0,"is_short":false,"open_timestamp":1723606320000,"close_timestamp":1723607160000,"orders":[{"amount":0.00032,"safe_price":61130.0,"ft_order_side":"buy","order_filled_timestamp":1723606320000,"ft_is_entry":true,"ft_order_tag":"","cost":19.565512320000003},{"amount":0.00032,"safe_price":61172.18,"ft_order_side":"sell","order_filled_timestamp":1723607160000,"ft_is_entry":false,"ft_order_tag":"custom_exit","cost":19.579012619520004}],"funding_fees":0.0},{"pair":"BTC/USDT","stake_amount":19.6169216,"max_stake_amount":19.6169216,"amount":0.00032,"open_date":"2024-08-14 03:47:00+00:00","close_date":"2024-08-14 11:40:00+00:00","open_rate":61302.88,"close_rate":61293.0,"fee_open":0.0002,"fee_close":0.0002,"trade_duration":473,"profit_ratio":-0.000561022729082098,"profit_abs":-0.01100774,"exit_reason":"custom_exit","initial_stop_loss_abs":42912.02,"initial_stop_loss_ratio":-0.3,"stop_loss_abs":42912.02,"stop_loss_ratio":-0.3,"min_rate":60637.3,"max_rate":61399.0,"is_open":false,"enter_tag":"","leverage":1.0,"is_short":false,"open_timestamp":1723607220000,"close_timestamp":1723635600000,"orders":[{"amount":0.00032,"safe_price":61302.88,"ft_order_side":"buy","order_filled_timestamp":1723607220000,"ft_is_entry":true,"ft_order_tag":"","cost":19.62084498432},{"amount":0.00032,"safe_price":61293.0,"ft_order_side":"sell","order_filled_timestamp":1723635600000,"ft_is_entry":false,"ft_order_tag":"custom_exit","cost":19.617682752000004}],"funding_fees":0.0},{"pair":"BTC/USDT","stake_amount":19.708293,"max_stake_amount":19.708293,"amount":0.00033,"open_date":"2024-08-18 00:40:00+00:00","close_date":"2024-08-18 02:49:00+00:00","open_rate":59722.1,"close_rate":59711.19,"fee_open":0.0002,"fee_close":0.0002,"trade_duration":129,"profit_ratio":-0.0005825265475413906,"profit_abs":-0.0114829,"exit_reason":"custom_exit","initial_stop_loss_abs":41805.47,"initial_stop_loss_ratio":-0.3,"stop_loss_abs":41805.47,"stop_loss_ratio":-0.3,"min_rate":59393.1,"max_rate":59756.51,"is_open":false,"enter_tag":"","leverage":1.0,"is_short":false,"open_timestamp":1723941600000,"close_timestamp":1723949340000,"orders":[{"amount":0.00033,"safe_price":59722.1,"ft_order_side":"buy","order_filled_timestamp":1723941600000,"ft_is_entry":true,"ft_order_tag":"","cost":19.7122346586},{"amount":0.00033,"safe_price":59711.19,"ft_order_side":"sell","order_filled_timestamp":1723949340000,"ft_is_entry":false,"ft_order_tag":"custom_exit","cost":19.70863363854}],"funding_fees":0.0},{"pair":"BTC/USDT","stake_amount":19.7538,"max_stake_amount":19.7538,"amount":0.00033,"open_date":"2024-08-18 02:51:00+00:00","close_date":"2024-08-18 02:51:00+00:00","open_rate":59860.0,"close_rate":59860.0,"fee_open":0.0002,"fee_close":0.0002,"trade_duration":0,"profit_ratio":-0.0003999200159968007,"profit_abs":-0.00790152,"exit_reason":"custom_exit","initial_stop_loss_abs":41902.0,"initial_stop_loss_ratio":-0.3,"stop_loss_abs":41902.0,"stop_loss_ratio":-0.3,"min_rate":59853.0,"max_rate":59998.0,"is_open":false,"enter_tag":"","leverage":1.0,"is_short":false,"open_timestamp":1723949460000,"close_timestamp":1723949460000,"orders":[{"amount":0.00033,"safe_price":59860.0,"ft_order_side":"buy","order_filled_timestamp":1723949460000,"ft_is_entry":true,"ft_order_tag":"","cost":19.757750759999997},{"amount":0.00033,"safe_price":59860.0,"ft_order_side":"sell","order_filled_timestamp":1723949460000,"ft_is_entry":false,"ft_order_tag":"custom_exit","cost":19.757750759999997}],"funding_fees":0.0},{"pair":"BTC/USDT","stake_amount":19.7702934,"max_stake_amount":19.7702934,"amount":0.00033,"open_date":"2024-08-18 02:52:00+00:00","close_date":"2024-08-18 02:57:00+00:00","open_rate":59909.98,"close_rate":59926.53,"fee_open":0.0002,"fee_close":0.0002,"trade_duration":5,"profit_ratio":-0.00012378271310272118,"profit_abs":-0.00244771,"exit_reason":"custom_exit","initial_stop_loss_abs":41936.99,"initial_stop_loss_ratio":-0.3,"stop_loss_abs":41936.99,"stop_loss_ratio":-0.3,"min_rate":59824.0,"max_rate":59998.99,"is_open":false,"enter_tag":"","leverage":1.0,"is_short":false,"open_timestamp":1723949520000,"close_timestamp":1723949820000,"orders":[{"amount":0.00033,"safe_price":59909.98,"ft_order_side":"buy","order_filled_timestamp":1723949520000,"ft_is_entry":true,"ft_order_tag":"","cost":19.774247458679998},{"amount":0.00033,"safe_price":59926.53,"ft_order_side":"sell","order_filled_timestamp":1723949820000,"ft_is_entry":false,"ft_order_tag":"custom_exit","cost":19.77971005098}],"funding_fees":0.0},{"pair":"BTC/USDT","stake_amount":19.85676,"max_stake_amount":19.85676,"amount":0.00033,"open_date":"2024-08-18 02:59:00+00:00","close_date":"2024-08-18 02:59:00+00:00","open_rate":60172.0,"close_rate":60172.0,"fee_open":0.0002,"fee_close":0.0002,"trade_duration":0,"profit_ratio":-0.00039991981459434835,"profit_abs":-0.0079427,"exit_reason":"custom_exit","initial_stop_loss_abs":42120.4,"initial_stop_loss_ratio":-0.3,"stop_loss_abs":42120.4,"stop_loss_ratio":-0.3,"min_rate":60084.14,"max_rate":60259.01,"is_open":false,"enter_tag":"","leverage":1.0,"is_short":false,"open_timestamp":1723949940000,"close_timestamp":1723949940000,"orders":[{"amount":0.00033,"safe_price":60172.0,"ft_order_side":"buy","order_filled_timestamp":1723949940000,"ft_is_entry":true,"ft_order_tag":"","cost":19.860731352000002},{"amount":0.00033,"safe_price":60172.0,"ft_order_side":"sell","order_filled_timestamp":1723949940000,"ft_is_entry":false,"ft_order_tag":"custom_exit","cost":19.860731352000002}],"funding_fees":0.0},{"pair":"BTC/USDT","stake_amount":19.8415767,"max_stake_amount":19.8415767,"amount":0.00033,"open_date":"2024-08-18 03:00:00+00:00","close_date":"2024-08-18 03:00:00+00:00","open_rate":60125.99,"close_rate":60125.99,"fee_open":0.0002,"fee_close":0.0002,"trade_duration":0,"profit_ratio":-0.0003999199817321836,"profit_abs":-0.00793663,"exit_reason":"custom_exit","initial_stop_loss_abs":42088.2,"initial_stop_loss_ratio":-0.3,"stop_loss_abs":42088.2,"stop_loss_ratio":-0.3,"min_rate":59985.17,"max_rate":60254.77,"is_open":false,"enter_tag":"","leverage":1.0,"is_short":false,"open_timestamp":1723950000000,"close_timestamp":1723950000000,"orders":[{"amount":0.00033,"safe_price":60125.99,"ft_order_side":"buy","order_filled_timestamp":1723950000000,"ft_is_entry":true,"ft_order_tag":"","cost":19.84554501534},{"amount":0.00033,"safe_price":60125.99,"ft_order_side":"sell","order_filled_timestamp":1723950000000,"ft_is_entry":false,"ft_order_tag":"custom_exit","cost":19.84554501534}],"funding_fees":0.0},{"pair":"BTC/USDT","stake_amount":19.7511567,"max_stake_amount":19.7511567,"amount":0.00033,"open_date":"2024-08-18 09:17:00+00:00","close_date":"2024-08-18 09:50:00+00:00","open_rate":59851.99,"close_rate":59830.47,"fee_open":0.0002,"fee_close":0.0002,"trade_duration":33,"profit_ratio":-0.0007593297293776025,"profit_abs":-0.01500064,"exit_reason":"custom_exit","initial_stop_loss_abs":41896.4,"initial_stop_loss_ratio":-0.3,"stop_loss_abs":41896.4,"stop_loss_ratio":-0.3,"min_rate":59651.68,"max_rate":60125.99,"is_open":false,"enter_tag":"","leverage":1.0,"is_short":false,"open_timestamp":1723972620000,"close_timestamp":1723974600000,"orders":[{"amount":0.00033,"safe_price":59851.99,"ft_order_side":"buy","order_filled_timestamp":1723972620000,"ft_is_entry":true,"ft_order_tag":"","cost":19.75510693134},{"amount":0.00033,"safe_price":59830.47,"ft_order_side":"sell","order_filled_timestamp":1723974600000,"ft_is_entry":false,"ft_order_tag":"custom_exit","cost":19.74800391102}],"funding_fees":0.0},{"pair":"BTC/USDT","stake_amount":19.5180768,"max_stake_amount":19.5180768,"amount":0.00032,"open_date":"2024-08-23 05:21:00+00:00","close_date":"2024-08-23 05:25:00+00:00","open_rate":60993.99,"close_rate":60996.0,"fee_open":0.0002,"fee_close":0.0002,"trade_duration":4,"profit_ratio":-0.0003669791613131217,"profit_abs":-0.00716416,"exit_reason":"custom_exit","initial_stop_loss_abs":42695.8,"initial_stop_loss_ratio":-0.3,"stop_loss_abs":42695.8,"stop_loss_ratio":-0.3,"min_rate":60967.23,"max_rate":61028.01,"is_open":false,"enter_tag":"","leverage":1.0,"is_short":false,"open_timestamp":1724390460000,"close_timestamp":1724390700000,"orders":[{"amount":0.00032,"safe_price":60993.99,"ft_order_side":"buy","order_filled_timestamp":1724390460000,"ft_is_entry":true,"ft_order_tag":"","cost":19.521980415359998},{"amount":0.00032,"safe_price":60996.0,"ft_order_side":"sell","order_filled_timestamp":1724390700000,"ft_is_entry":false,"ft_order_tag":"custom_exit","cost":19.522623744}],"funding_fees":0.0},{"pair":"BTC/USDT","stake_amount":19.8425184,"max_stake_amount":19.8425184,"amount":0.00032,"open_date":"2024-08-23 14:14:00+00:00","close_date":"2024-08-23 14:14:00+00:00","open_rate":62007.87,"close_rate":62007.87,"fee_open":0.0002,"fee_close":0.0002,"trade_duration":0,"profit_ratio":-0.0003999201490178241,"profit_abs":-0.00793701,"exit_reason":"custom_exit","initial_stop_loss_abs":43405.51,"initial_stop_loss_ratio":-0.3,"stop_loss_abs":43405.51,"stop_loss_ratio":-0.3,"min_rate":62007.86,"max_rate":62113.0,"is_open":false,"enter_tag":"","leverage":1.0,"is_short":false,"open_timestamp":1724422440000,"close_timestamp":1724422440000,"orders":[{"amount":0.00032,"safe_price":62007.87,"ft_order_side":"buy","order_filled_timestamp":1724422440000,"ft_is_entry":true,"ft_order_tag":"","cost":19.846486903680002},{"amount":0.00032,"safe_price":62007.87,"ft_order_side":"sell","order_filled_timestamp":1724422440000,"ft_is_entry":false,"ft_order_tag":"custom_exit","cost":19.846486903680002}],"funding_fees":0.0},{"pair":"BTC/USDT","stake_amount":19.878896,"max_stake_amount":19.878896,"amount":0.00032,"open_date":"2024-08-23 14:16:00+00:00","close_date":"2024-08-23 14:16:00+00:00","open_rate":62121.55,"close_rate":62121.55,"fee_open":0.0002,"fee_close":0.0002,"trade_duration":0,"profit_ratio":-0.0003999200964680735,"profit_abs":-0.00795156,"exit_reason":"custom_exit","initial_stop_loss_abs":43485.09,"initial_stop_loss_ratio":-0.3,"stop_loss_abs":43485.09,"stop_loss_ratio":-0.3,"min_rate":61706.65,"max_rate":62229.98,"is_open":false,"enter_tag":"","leverage":1.0,"is_short":false,"open_timestamp":1724422560000,"close_timestamp":1724422560000,"orders":[{"amount":0.00032,"safe_price":62121.55,"ft_order_side":"buy","order_filled_timestamp":1724422560000,"ft_is_entry":true,"ft_order_tag":"","cost":19.882871779200002},{"amount":0.00032,"safe_price":62121.55,"ft_order_side":"sell","order_filled_timestamp":1724422560000,"ft_is_entry":false,"ft_order_tag":"custom_exit","cost":19.882871779200002}],"funding_fees":0.0},{"pair":"BTC/USDT","stake_amount":19.9257568,"max_stake_amount":19.9257568,"amount":0.00032,"open_date":"2024-08-23 17:46:00+00:00","close_date":"2024-08-23 17:46:00+00:00","open_rate":62267.99,"close_rate":62267.99,"fee_open":0.0002,"fee_close":0.0002,"trade_duration":0,"profit_ratio":-0.00039991987951736165,"profit_abs":-0.0079703,"exit_reason":"custom_exit","initial_stop_loss_abs":43587.6,"initial_stop_loss_ratio":-0.3,"stop_loss_abs":43587.6,"stop_loss_ratio":-0.3,"min_rate":62267.99,"max_rate":62615.98,"is_open":false,"enter_tag":"","leverage":1.0,"is_short":false,"open_timestamp":1724435160000,"close_timestamp":1724435160000,"orders":[{"amount":0.00032,"safe_price":62267.99,"ft_order_side":"buy","order_filled_timestamp":1724435160000,"ft_is_entry":true,"ft_order_tag":"","cost":19.92974195136},{"amount":0.00032,"safe_price":62267.99,"ft_order_side":"sell","order_filled_timestamp":1724435160000,"ft_is_entry":false,"ft_order_tag":"custom_exit","cost":19.92974195136}],"funding_fees":0.0},{"pair":"BTC/USDT","stake_amount":19.3939472,"max_stake_amount":19.3939472,"amount":0.00031,"open_date":"2024-08-23 17:47:00+00:00","close_date":"2024-08-23 17:47:00+00:00","open_rate":62561.12,"close_rate":62561.12,"fee_open":0.0002,"fee_close":0.0002,"trade_duration":0,"profit_ratio":-0.0003999200737352297,"profit_abs":-0.00775758,"exit_reason":"custom_exit","initial_stop_loss_abs":43792.79,"initial_stop_loss_ratio":-0.3,"stop_loss_abs":43792.79,"stop_loss_ratio":-0.3,"min_rate":62556.01,"max_rate":62850.0,"is_open":false,"enter_tag":"","leverage":1.0,"is_short":false,"open_timestamp":1724435220000,"close_timestamp":1724435220000,"orders":[{"amount":0.00031,"safe_price":62561.12,"ft_order_side":"buy","order_filled_timestamp":1724435220000,"ft_is_entry":true,"ft_order_tag":"","cost":19.397825989439998},{"amount":0.00031,"safe_price":62561.12,"ft_order_side":"sell","order_filled_timestamp":1724435220000,"ft_is_entry":false,"ft_order_tag":"custom_exit","cost":19.397825989439998}],"funding_fees":0.0},{"pair":"BTC/USDT","stake_amount":19.4468549,"max_stake_amount":19.4468549,"amount":0.00031,"open_date":"2024-08-23 17:48:00+00:00","close_date":"2024-08-23 17:48:00+00:00","open_rate":62731.79,"close_rate":62731.79,"fee_open":0.0002,"fee_close":0.0002,"trade_duration":0,"profit_ratio":-0.00039991991522944837,"profit_abs":-0.00777874,"exit_reason":"custom_exit","initial_stop_loss_abs":43912.26,"initial_stop_loss_ratio":-0.3,"stop_loss_abs":43912.26,"stop_loss_ratio":-0.3,"min_rate":62714.8,"max_rate":62886.0,"is_open":false,"enter_tag":"","leverage":1.0,"is_short":false,"open_timestamp":1724435280000,"close_timestamp":1724435280000,"orders":[{"amount":0.00031,"safe_price":62731.79,"ft_order_side":"buy","order_filled_timestamp":1724435280000,"ft_is_entry":true,"ft_order_tag":"","cost":19.45074427098},{"amount":0.00031,"safe_price":62731.79,"ft_order_side":"sell","order_filled_timestamp":1724435280000,"ft_is_entry":false,"ft_order_tag":"custom_exit","cost":19.45074427098}],"funding_fees":0.0},{"pair":"BTC/USDT","stake_amount":19.57712,"max_stake_amount":19.57712,"amount":0.00031,"open_date":"2024-08-23 18:01:00+00:00","close_date":"2024-08-23 18:21:00+00:00","open_rate":63152.0,"close_rate":63241.03,"fee_open":0.0002,"fee_close":0.0002,"trade_duration":20,"profit_ratio":0.0010092893236777999,"profit_abs":0.01976293,"exit_reason":"custom_exit","initial_stop_loss_abs":44206.4,"initial_stop_loss_ratio":-0.3,"stop_loss_abs":44206.4,"stop_loss_ratio":-0.3,"min_rate":62659.09,"max_rate":63354.99,"is_open":false,"enter_tag":"","leverage":1.0,"is_short":false,"open_timestamp":1724436060000,"close_timestamp":1724437260000,"orders":[{"amount":0.00031,"safe_price":63152.0,"ft_order_side":"buy","order_filled_timestamp":1724436060000,"ft_is_entry":true,"ft_order_tag":"","cost":19.581035424},{"amount":0.00031,"safe_price":63241.03,"ft_order_side":"sell","order_filled_timestamp":1724437260000,"ft_is_entry":false,"ft_order_tag":"custom_exit","cost":19.60864024386}],"funding_fees":0.0},{"pair":"BTC/USDT","stake_amount":19.96896,"max_stake_amount":19.96896,"amount":0.00031,"open_date":"2024-08-24 09:00:00+00:00","close_date":"2024-08-24 09:00:00+00:00","open_rate":64416.0,"close_rate":64416.0,"fee_open":0.0002,"fee_close":0.0002,"trade_duration":0,"profit_ratio":-0.00039991981572597233,"profit_abs":-0.00798758,"exit_reason":"custom_exit","initial_stop_loss_abs":45091.2,"initial_stop_loss_ratio":-0.3,"stop_loss_abs":45091.2,"stop_loss_ratio":-0.3,"min_rate":64412.85,"max_rate":64494.5,"is_open":false,"enter_tag":"","leverage":1.0,"is_short":false,"open_timestamp":1724490000000,"close_timestamp":1724490000000,"orders":[{"amount":0.00031,"safe_price":64416.0,"ft_order_side":"buy","order_filled_timestamp":1724490000000,"ft_is_entry":true,"ft_order_tag":"","cost":19.972953792},{"amount":0.00031,"safe_price":64416.0,"ft_order_side":"sell","order_filled_timestamp":1724490000000,"ft_is_entry":false,"ft_order_tag":"custom_exit","cost":19.972953792}],"funding_fees":0.0},{"pair":"BTC/USDT","stake_amount":19.9733062,"max_stake_amount":19.9733062,"amount":0.00031,"open_date":"2024-08-24 09:01:00+00:00","close_date":"2024-08-25 00:05:00+00:00","open_rate":64430.02,"close_rate":64184.3,"fee_open":0.0002,"fee_close":0.0002,"trade_duration":904,"profit_ratio":-0.004212145103308863,"profit_abs":-0.08414729,"exit_reason":"custom_exit","initial_stop_loss_abs":45101.02,"initial_stop_loss_ratio":-0.3,"stop_loss_abs":45101.02,"stop_loss_ratio":-0.3,"min_rate":63531.0,"max_rate":64507.04,"is_open":false,"enter_tag":"","leverage":1.0,"is_short":false,"open_timestamp":1724490060000,"close_timestamp":1724544300000,"orders":[{"amount":0.00031,"safe_price":64430.02,"ft_order_side":"buy","order_filled_timestamp":1724490060000,"ft_is_entry":true,"ft_order_tag":"","cost":19.97730086124},{"amount":0.00031,"safe_price":64184.3,"ft_order_side":"sell","order_filled_timestamp":1724544300000,"ft_is_entry":false,"ft_order_tag":"custom_exit","cost":19.9011124266}],"funding_fees":0.0},{"pair":"BTC/USDT","stake_amount":19.9191151,"max_stake_amount":19.9191151,"amount":0.00031,"open_date":"2024-08-25 20:12:00+00:00","close_date":"2024-08-25 21:08:00+00:00","open_rate":64255.21,"close_rate":64265.26,"fee_open":0.0002,"fee_close":0.0002,"trade_duration":56,"profit_ratio":-0.00024357505921897033,"profit_abs":-0.00485277,"exit_reason":"custom_exit","initial_stop_loss_abs":44978.65,"initial_stop_loss_ratio":-0.3,"stop_loss_abs":44978.65,"stop_loss_ratio":-0.3,"min_rate":64122.49,"max_rate":64320.0,"is_open":false,"enter_tag":"","leverage":1.0,"is_short":false,"open_timestamp":1724616720000,"close_timestamp":1724620080000,"orders":[{"amount":0.00031,"safe_price":64255.21,"ft_order_side":"buy","order_filled_timestamp":1724616720000,"ft_is_entry":true,"ft_order_tag":"","cost":19.92309892302},{"amount":0.00031,"safe_price":64265.26,"ft_order_side":"sell","order_filled_timestamp":1724620080000,"ft_is_entry":false,"ft_order_tag":"custom_exit","cost":19.92621504612}],"funding_fees":0.0},{"pair":"BTC/USDT","stake_amount":19.95811,"max_stake_amount":19.95811,"amount":0.00031,"open_date":"2024-08-25 21:18:00+00:00","close_date":"2024-08-25 21:18:00+00:00","open_rate":64381.0,"close_rate":64381.0,"fee_open":0.0002,"fee_close":0.0002,"trade_duration":0,"profit_ratio":-0.0003999198156170974,"profit_abs":-0.00798324,"exit_reason":"custom_exit","initial_stop_loss_abs":45066.7,"initial_stop_loss_ratio":-0.3,"stop_loss_abs":45066.7,"stop_loss_ratio":-0.3,"min_rate":64378.01,"max_rate":64414.0,"is_open":false,"enter_tag":"","leverage":1.0,"is_short":false,"open_timestamp":1724620680000,"close_timestamp":1724620680000,"orders":[{"amount":0.00031,"safe_price":64381.0,"ft_order_side":"buy","order_filled_timestamp":1724620680000,"ft_is_entry":true,"ft_order_tag":"","cost":19.962101622000002},{"amount":0.00031,"safe_price":64381.0,"ft_order_side":"sell","order_filled_timestamp":1724620680000,"ft_is_entry":false,"ft_order_tag":"custom_exit","cost":19.962101622000002}],"funding_fees":0.0},{"pair":"BTC/USDT","stake_amount":19.98353,"max_stake_amount":19.98353,"amount":0.00031,"open_date":"2024-08-25 21:21:00+00:00","close_date":"2024-08-25 21:21:00+00:00","open_rate":64463.0,"close_rate":64463.0,"fee_open":0.0002,"fee_close":0.0002,"trade_duration":0,"profit_ratio":-0.0003999199159343952,"profit_abs":-0.00799341,"exit_reason":"custom_exit","initial_stop_loss_abs":45124.1,"initial_stop_loss_ratio":-0.3,"stop_loss_abs":45124.1,"stop_loss_ratio":-0.3,"min_rate":64462.75,"max_rate":64551.48,"is_open":false,"enter_tag":"","leverage":1.0,"is_short":false,"open_timestamp":1724620860000,"close_timestamp":1724620860000,"orders":[{"amount":0.00031,"safe_price":64463.0,"ft_order_side":"buy","order_filled_timestamp":1724620860000,"ft_is_entry":true,"ft_order_tag":"","cost":19.987526705999997},{"amount":0.00031,"safe_price":64463.0,"ft_order_side":"sell","order_filled_timestamp":1724620860000,"ft_is_entry":false,"ft_order_tag":"custom_exit","cost":19.987526705999997}],"funding_fees":0.0},{"pair":"BTC/USDT","stake_amount":19.3608,"max_stake_amount":19.3608,"amount":0.0003,"open_date":"2024-08-25 21:22:00+00:00","close_date":"2024-08-25 21:22:00+00:00","open_rate":64536.0,"close_rate":64536.0,"fee_open":0.0002,"fee_close":0.0002,"trade_duration":0,"profit_ratio":-0.0003999200159968006,"profit_abs":-0.00774432,"exit_reason":"custom_exit","initial_stop_loss_abs":45175.2,"initial_stop_loss_ratio":-0.3,"stop_loss_abs":45175.2,"stop_loss_ratio":-0.3,"min_rate":64526.07,"max_rate":64572.0,"is_open":false,"enter_tag":"","leverage":1.0,"is_short":false,"open_timestamp":1724620920000,"close_timestamp":1724620920000,"orders":[{"amount":0.0003,"safe_price":64536.0,"ft_order_side":"buy","order_filled_timestamp":1724620920000,"ft_is_entry":true,"ft_order_tag":"","cost":19.364672159999998},{"amount":0.0003,"safe_price":64536.0,"ft_order_side":"sell","order_filled_timestamp":1724620920000,"ft_is_entry":false,"ft_order_tag":"custom_exit","cost":19.364672159999998}],"funding_fees":0.0}],"locks":[],"best_pair":{"key":"BTC/USDT","trades":22,"profit_mean":-0.0005236286893190402,"profit_mean_pct":-0.05,"profit_sum":-0.011519831165018883,"profit_sum_pct":-1.15,"profit_total_abs":-0.22845361000000003,"profit_total":-0.00022845361000000002,"profit_total_pct":-0.02,"duration_avg":"1:30:00","wins":2,"draws":0,"losses":20,"winrate":0.09090909090909091,"cagr":-0.0027759762979152613,"expectancy":-0.010384255000000002,"expectancy_ratio":-0.8180224414975493,"sortino":-8.62434296947467,"sharpe":-8.176741195600215,"calmar":-63.68324391514989,"sqn":-2.6745,"profit_factor":0.10017531435269576,"max_drawdown_account":0.0002284536099999741,"max_drawdown_abs":0.22845361},"worst_pair":{"key":"BTC/USDT","trades":22,"profit_mean":-0.0005236286893190402,"profit_mean_pct":-0.05,"profit_sum":-0.011519831165018883,"profit_sum_pct":-1.15,"profit_total_abs":-0.22845361000000003,"profit_total":-0.00022845361000000002,"profit_total_pct":-0.02,"duration_avg":"1:30:00","wins":2,"draws":0,"losses":20,"winrate":0.09090909090909091,"cagr":-0.0027759762979152613,"expectancy":-0.010384255000000002,"expectancy_ratio":-0.8180224414975493,"sortino":-8.62434296947467,"sharpe":-8.176741195600215,"calmar":-63.68324391514989,"sqn":-2.6745,"profit_factor":0.10017531435269576,"max_drawdown_account":0.0002284536099999741,"max_drawdown_abs":0.22845361},"results_per_pair":[{"key":"BTC/USDT","trades":22,"profit_mean":-0.0005236286893190402,"profit_mean_pct":-0.05,"profit_sum":-0.011519831165018883,"profit_sum_pct":-1.15,"profit_total_abs":-0.22845361000000003,"profit_total":-0.00022845361000000002,"profit_total_pct":-0.02,"duration_avg":"1:30:00","wins":2,"draws":0,"losses":20,"winrate":0.09090909090909091,"cagr":-0.0027759762979152613,"expectancy":-0.010384255000000002,"expectancy_ratio":-0.8180224414975493,"sortino":-8.62434296947467,"sharpe":-8.176741195600215,"calmar":-63.68324391514989,"sqn":-2.6745,"profit_factor":0.10017531435269576,"max_drawdown_account":0.0002284536099999741,"max_drawdown_abs":0.22845361},{"key":"TOTAL","trades":22,"profit_mean":-0.0005236286893190402,"profit_mean_pct":-0.05,"profit_sum":-0.011519831165018883,"profit_sum_pct":-1.15,"profit_total_abs":-0.22845361000000003,"profit_total":-0.00022845361000000002,"profit_total_pct":-0.02,"duration_avg":"1:30:00","wins":2,"draws":0,"losses":20,"winrate":0.09090909090909091,"cagr":-0.0027759762979152613,"expectancy":-0.010384255000000002,"expectancy_ratio":-0.8180224414975493,"sortino":-8.62434296947467,"sharpe":-8.176741195600215,"calmar":-63.68324391514989,"sqn":-2.6745,"profit_factor":0.10017531435269576,"max_drawdown_account":0.0002284536099999741,"max_drawdown_abs":0.22845361}],"results_per_enter_tag":[{"key":"","trades":22,"profit_mean":-0.0005236286893190402,"profit_mean_pct":-0.05,"profit_sum":-0.011519831165018883,"profit_sum_pct":-1.15,"profit_total_abs":-0.22845361000000003,"profit_total":-0.00022845361000000002,"profit_total_pct":-0.02,"duration_avg":"1:30:00","wins":2,"draws":0,"losses":20,"winrate":0.09090909090909091,"cagr":-0.0027759762979152613,"expectancy":-0.010384255000000002,"expectancy_ratio":-0.8180224414975493,"sortino":-8.62434296947467,"sharpe":-8.176741195600215,"calmar":-63.68324391514989,"sqn":-2.6745,"profit_factor":0.10017531435269576,"max_drawdown_account":0.0002284536099999741,"max_drawdown_abs":0.22845361},{"key":"TOTAL","trades":22,"profit_mean":-0.0005236286893190402,"profit_mean_pct":-0.05,"profit_sum":-0.011519831165018883,"profit_sum_pct":-1.15,"profit_total_abs":-0.22845361000000003,"profit_total":-0.00022845361000000002,"profit_total_pct":-0.02,"duration_avg":"1:30:00","wins":2,"draws":0,"losses":20,"winrate":0.09090909090909091,"cagr":-0.0027759762979152613,"expectancy":-0.010384255000000002,"expectancy_ratio":-0.8180224414975493,"sortino":-8.62434296947467,"sharpe":-8.176741195600215,"calmar":-63.68324391514989,"sqn":-2.6745,"profit_factor":0.10017531435269576,"max_drawdown_account":0.0002284536099999741,"max_drawdown_abs":0.22845361}],"exit_reason_summary":[{"key":"custom_exit","trades":22,"profit_mean":-0.0005236286893190402,"profit_mean_pct":-0.05,"profit_sum":-0.011519831165018883,"profit_sum_pct":-1.15,"profit_total_abs":-0.22845361000000003,"profit_total":-0.00022845361000000002,"profit_total_pct":-0.02,"duration_avg":"1:30:00","wins":2,"draws":0,"losses":20,"winrate":0.09090909090909091,"cagr":-0.0027759762979152613,"expectancy":-0.010384255000000002,"expectancy_ratio":-0.8180224414975493,"sortino":-8.62434296947467,"sharpe":-8.176741195600215,"calmar":-63.68324391514989,"sqn":-2.6745,"profit_factor":0.10017531435269576,"max_drawdown_account":0.0002284536099999741,"max_drawdown_abs":0.22845361},{"key":"TOTAL","trades":22,"profit_mean":-0.0005236286893190402,"profit_mean_pct":-0.05,"profit_sum":-0.011519831165018883,"profit_sum_pct":-1.15,"profit_total_abs":-0.22845361000000003,"profit_total":-0.00022845361000000002,"profit_total_pct":-0.02,"duration_avg":"1:30:00","wins":2,"draws":0,"losses":20,"winrate":0.09090909090909091,"cagr":-0.0027759762979152613,"expectancy":-0.010384255000000002,"expectancy_ratio":-0.8180224414975493,"sortino":-8.62434296947467,"sharpe":-8.176741195600215,"calmar":-63.68324391514989,"sqn":-2.6745,"profit_factor":0.10017531435269576,"max_drawdown_account":0.0002284536099999741,"max_drawdown_abs":0.22845361}],"mix_tag_stats":[{"key":["","custom_exit"],"trades":22,"profit_mean":-0.0005236286893190402,"profit_mean_pct":-0.05,"profit_sum":-0.011519831165018883,"profit_sum_pct":-1.15,"profit_total_abs":-0.22845361000000003,"profit_total":-0.00022845361000000002,"profit_total_pct":-0.02,"duration_avg":"1:30:00","wins":2,"draws":0,"losses":20,"winrate":0.09090909090909091,"cagr":-0.0027759762979152613,"expectancy":-0.010384255000000002,"expectancy_ratio":-0.8180224414975493,"sortino":-8.62434296947467,"sharpe":-8.176741195600215,"calmar":-63.68324391514989,"sqn":-2.6745,"profit_factor":0.10017531435269576,"max_drawdown_account":0.0002284536099999741,"max_drawdown_abs":0.22845361},{"key":"TOTAL","trades":22,"profit_mean":-0.0005236286893190402,"profit_mean_pct":-0.05,"profit_sum":-0.011519831165018883,"profit_sum_pct":-1.15,"profit_total_abs":-0.22845361000000003,"profit_total":-0.00022845361000000002,"profit_total_pct":-0.02,"duration_avg":"1:30:00","wins":2,"draws":0,"losses":20,"winrate":0.09090909090909091,"cagr":-0.0027759762979152613,"expectancy":-0.010384255000000002,"expectancy_ratio":-0.8180224414975493,"sortino":-8.62434296947467,"sharpe":-8.176741195600215,"calmar":-63.68324391514989,"sqn":-2.6745,"profit_factor":0.10017531435269576,"max_drawdown_account":0.0002284536099999741,"max_drawdown_abs":0.22845361}],"left_open_trades":[{"key":"TOTAL","trades":0,"profit_mean":0.0,"profit_mean_pct":0.0,"profit_sum":0.0,"profit_sum_pct":0.0,"profit_total_abs":0.0,"profit_total":0.0,"profit_total_pct":0.0,"duration_avg":"0:00","wins":0,"draws":0,"losses":0,"winrate":0.0,"cagr":0.0,"expectancy":0.0,"expectancy_ratio":100.0,"sortino":0,"sharpe":0,"calmar":0,"sqn":0.0,"profit_factor":0.0,"max_drawdown_account":0.0,"max_drawdown_abs":0.0}],"total_trades":22,"trade_count_long":22,"trade_count_short":0,"total_volume":868.45172321352,"avg_stake_amount":19.73483785454545,"profit_mean":-0.0005236286893190402,"profit_median":-0.0003999199488332894,"profit_total":-0.00022845361000000002,"profit_total_long":-0.00022845361000000002,"profit_total_short":0.0,"profit_total_abs":-0.22845361000000003,"profit_total_long_abs":-0.22845361000000003,"profit_total_short_abs":0.0,"cagr":-0.0027759762979152613,"expectancy":-0.010384255000000002,"expectancy_ratio":-0.8180224414975493,"sortino":-8.62434296947467,"sharpe":-8.176741195600215,"calmar":-63.68324391514989,"sqn":-2.6745,"profit_factor":0.10017531435269576,"backtest_start":"2024-08-01 00:00:00","backtest_start_ts":1722470400000,"backtest_end":"2024-08-31 00:00:00","backtest_end_ts":1725062400000,"backtest_days":30,"backtest_run_start_ts":1752179052,"backtest_run_end_ts":1752179054,"trades_per_day":0.73,"market_change":-0.0853112780717149,"pairlist":["BTC/USDT"],"stake_amount":20,"stake_currency":"USDT","stake_currency_decimals":3,"starting_balance":1000,"dry_run_wallet":1000,"final_balance":999.77154639,"rejected_signals":0,"timedout_entry_orders":0,"timedout_exit_orders":0,"canceled_trade_entries":0,"canceled_entry_orders":0,"replaced_entry_orders":0,"max_open_trades":1,"max_open_trades_setting":5,"timeframe":"1m","timeframe_detail":"","timerange":"20240801-20240831","enable_protections":false,"strategy_name":"MultiHorizonMomentum","stoploss":-0.3,"trailing_stop":false,"trailing_stop_positive":null,"trailing_stop_positive_offset":0.0,"trailing_only_offset_is_reached":false,"use_custom_stoploss":false,"minimal_roi":{},"use_exit_signal":true,"exit_profit_only":false,"exit_profit_offset":0.0,"ignore_roi_if_entry_signal":false,"trading_mode":"spot","margin_mode":"","periodic_breakdown":{"day":[{"date":"14/08/2024","date_ts":1723593600000,"profit_abs":-0.02823648,"wins":1,"draws":0,"losses":2,"trades":3,"profit_factor":0.16723106},{"date":"15/08/2024","date_ts":1723680000000,"profit_abs":0.0,"wins":0,"draws":0,"losses":0,"trades":0,"profit_factor":0.0},{"date":"16/08/2024","date_ts":1723766400000,"profit_abs":0.0,"wins":0,"draws":0,"losses":0,"trades":0,"profit_factor":0.0},{"date":"17/08/2024","date_ts":1723852800000,"profit_abs":0.0,"wins":0,"draws":0,"losses":0,"trades":0,"profit_factor":0.0},{"date":"18/08/2024","date_ts":1723939200000,"profit_abs":-0.0527121,"wins":0,"draws":0,"losses":6,"trades":6,"profit_factor":0.0},{"date":"19/08/2024","date_ts":1724025600000,"profit_abs":0.0,"wins":0,"draws":0,"losses":0,"trades":0,"profit_factor":0.0},{"date":"20/08/2024","date_ts":1724112000000,"profit_abs":0.0,"wins":0,"draws":0,"losses":0,"trades":0,"profit_factor":0.0},{"date":"21/08/2024","date_ts":1724198400000,"profit_abs":0.0,"wins":0,"draws":0,"losses":0,"trades":0,"profit_factor":0.0},{"date":"22/08/2024","date_ts":1724284800000,"profit_abs":0.0,"wins":0,"draws":0,"losses":0,"trades":0,"profit_factor":0.0},{"date":"23/08/2024","date_ts":1724371200000,"profit_abs":-0.02679642,"wins":1,"draws":0,"losses":6,"trades":7,"profit_factor":0.42446748},{"date":"24/08/2024","date_ts":1724457600000,"profit_abs":-0.00798758,"wins":0,"draws":0,"losses":1,"trades":1,"profit_factor":0.0},{"date":"25/08/2024","date_ts":1724544000000,"profit_abs":-0.11272103,"wins":0,"draws":0,"losses":5,"trades":5,"profit_factor":0.0}],"week":[{"date":"19/08/2024","date_ts":1724025600000,"profit_abs":-0.08094858,"wins":1,"draws":0,"losses":8,"trades":9,"profit_factor":0.0654622},{"date":"26/08/2024","date_ts":1724630400000,"profit_abs":-0.14750503,"wins":1,"draws":0,"losses":12,"trades":13,"profit_factor":0.11815132}],"month":[{"date":"31/08/2024","date_ts":1725062400000,"profit_abs":-0.22845361,"wins":2,"draws":0,"losses":20,"trades":22,"profit_factor":0.10017531}],"year":[{"date":"31/12/2024","date_ts":1735603200000,"profit_abs":-0.22845361,"wins":2,"draws":0,"losses":20,"trades":22,"profit_factor":0.10017531}]},"backtest_best_day":0.0,"backtest_worst_day":-0.005655479910076126,"backtest_best_day_abs":0.0,"backtest_worst_day_abs":-0.11272103,"winning_days":0,"draw_days":7,"losing_days":5,"daily_profit":[["2024-08-14",-0.02823648],["2024-08-15",0.0],["2024-08-16",0.0],["2024-08-17",0.0],["2024-08-18",-0.0527121],["2024-08-19",0.0],["2024-08-20",0.0],["2024-08-21",0.0],["2024-08-22",0.0],["2024-08-23",-0.02679642],["2024-08-24",-0.00798758],["2024-08-25",-0.11272103]],"wins":2,"losses":20,"draws":0,"winrate":0.09090909090909091,"holding_avg":"1:30:00","holding_avg_s":5400.0,"winner_holding_min":"0d 00:14","winner_holding_min_s":840.0,"winner_holding_max":"0d 00:20","winner_holding_max_s":1200.0,"winner_holding_avg":"0d 00:17","winner_holding_avg_s":1020.0,"loser_holding_min":"0d 00:00","loser_holding_min_s":0.0,"loser_holding_max":"0d 15:04","loser_holding_max_s":54240.0,"loser_holding_avg":"0d 01:38","loser_holding_avg_s":5880.0,"max_consecutive_wins":1,"max_consecutive_losses":13,"max_drawdown_account":0.0002284536099999741,"max_relative_drawdown":0.0002284536099999741,"max_drawdown_abs":0.22845361,"drawdown_start":"2024-08-14 03:31:00","drawdown_start_ts":1723606260000.0,"drawdown_end":"2024-08-25 21:22:00","drawdown_end_ts":1724620920000.0,"max_drawdown_low":-0.22845361,"max_drawdown_high":-0.022899,"csum_min":999.77154639,"csum_max":999.98277126}},"strategy_comparison":[{"key":"MultiHorizonMomentum","trades":22,"profit_mean":-0.0005236286893190402,"profit_mean_pct":-0.05,"profit_sum":-0.011519831165018883,"profit_sum_pct":-1.15,"profit_total_abs":-0.22845361000000003,"profit_total":-0.00022845361000000002,"profit_total_pct":-0.02,"duration_avg":"1:30:00","wins":2,"draws":0,"losses":20,"winrate":0.09090909090909091,"cagr":-0.0027759762979152613,"expectancy":-0.010384255000000002,"expectancy_ratio":-0.8180224414975493,"sortino":-8.62434296947467,"sharpe":-8.176741195600215,"calmar":-63.68324391514989,"sqn":-2.6745,"profit_factor":0.10017531435269576,"max_drawdown_account":0.0002284536099999741,"max_drawdown_abs":"0.228"}]}