{"strategy":{"MultiHorizonMomentum":{"trades":[{"pair":"BTC/USDT","stake_amount":19.543204,"max_stake_amount":19.543204,"amount":0.0002,"open_date":"2024-12-01 21:51:00+00:00","close_date":"2024-12-01 21:58:00+00:00","open_rate":97716.02,"close_rate":97734.4,"fee_open":0.0002,"fee_close":0.0002,"trade_duration":7,"profit_ratio":-0.00021189932631556575,"profit_abs":-0.00414202,"exit_reason":"custom_exit","initial_stop_loss_abs":68401.22,"initial_stop_loss_ratio":-0.3,"stop_loss_abs":68401.22,"stop_loss_ratio":-0.3,"min_rate":97623.33,"max_rate":97766.0,"is_open":false,"enter_tag":"","leverage":1.0,"is_short":false,"open_timestamp":1733089860000,"close_timestamp":1733090280000,"orders":[{"amount":0.0002,"safe_price":97716.02,"ft_order_side":"buy","order_filled_timestamp":1733089860000,"ft_is_entry":true,"ft_order_tag":"","cost":19.5471126408},{"amount":0.0002,"safe_price":97734.4,"ft_order_side":"sell","order_filled_timestamp":1733090280000,"ft_is_entry":false,"ft_order_tag":"custom_exit","cost":19.550789375999997}],"funding_fees":0.0},{"pair":"BTC/USDT","stake_amount":19.569598,"max_stake_amount":19.569598,"amount":0.0002,"open_date":"2024-12-04 20:11:00+00:00","close_date":"2024-12-04 20:12:00+00:00","open_rate":97847.99,"close_rate":97882.06,"fee_open":0.0002,"fee_close":0.0002,"trade_duration":1,"profit_ratio":-5.1866011790322924e-05,"profit_abs":-0.0010152,"exit_reason":"custom_exit","initial_stop_loss_abs":68493.6,"initial_stop_loss_ratio":-0.3,"stop_loss_abs":68493.6,"stop_loss_ratio":-0.3,"min_rate":97751.86,"max_rate":97988.0,"is_open":false,"enter_tag":"","leverage":1.0,"is_short":false,"open_timestamp":1733343060000,"close_timestamp":1733343120000,"orders":[{"amount":0.0002,"safe_price":97847.99,"ft_order_side":"buy","order_filled_timestamp":1733343060000,"ft_is_entry":true,"ft_order_tag":"","cost":19.5735119196},{"amount":0.0002,"safe_price":97882.06,"ft_order_side":"sell","order_filled_timestamp":1733343120000,"ft_is_entry":false,"ft_order_tag":"custom_exit","cost":19.580327282400003}],"funding_fees":0.0},{"pair":"BTC/USDT","stake_amount":19.623578,"max_stake_amount":19.623578,"amount":0.0002,"open_date":"2024-12-04 20:14:00+00:00","close_date":"2024-12-04 20:16:00+00:00","open_rate":98117.89,"close_rate":98200.0,"fee_open":0.0002,"fee_close":0.0002,"trade_duration":2,"profit_ratio":0.00043659553251209645,"profit_abs":0.00856928,"exit_reason":"custom_exit","initial_stop_loss_abs":68682.53,"initial_stop_loss_ratio":-0.3,"stop_loss_abs":68682.53,"stop_loss_ratio":-0.3,"min_rate":97973.19,"max_rate":98323.63,"is_open":false,"enter_tag":"","leverage":1.0,"is_short":false,"open_timestamp":1733343240000,"close_timestamp":1733343360000,"orders":[{"amount":0.0002,"safe_price":98117.89,"ft_order_side":"buy","order_filled_timestamp":1733343240000,"ft_is_entry":true,"ft_order_tag":"","cost":19.627502715600002},{"amount":0.0002,"safe_price":98200.0,"ft_order_side":"sell","order_filled_timestamp":1733343360000,"ft_is_entry":false,"ft_order_tag":"custom_exit","cost":19.643928}],"funding_fees":0.0},{"pair":"BTC/USDT","stake_amount":19.998106,"max_stake_amount":19.998106,"amount":0.0002,"open_date":"2024-12-05 02:34:00+00:00","close_date":"2024-12-05 02:40:00+00:00","open_rate":99990.53,"close_rate":99944.0,"fee_open":0.0002,"fee_close":0.0002,"trade_duration":6,"profit_ratio":-0.0008650779236792126,"profit_abs":-0.01730338,"exit_reason":"custom_exit","initial_stop_loss_abs":69993.38,"initial_stop_loss_ratio":-0.3,"stop_loss_abs":69993.38,"stop_loss_ratio":-0.3,"min_rate":99548.28,"max_rate":100168.98,"is_open":false,"enter_tag":"","leverage":1.0,"is_short":false,"open_timestamp":1733366040000,"close_timestamp":1733366400000,"orders":[{"amount":0.0002,"safe_price":99990.53,"ft_order_side":"buy","order_filled_timestamp":1733366040000,"ft_is_entry":true,"ft_order_tag":"","cost":20.0021056212},{"amount":0.0002,"safe_price":99944.0,"ft_order_side":"sell","order_filled_timestamp":1733366400000,"ft_is_entry":false,"ft_order_tag":"custom_exit","cost":19.992797760000002}],"funding_fees":0.0},{"pair":"BTC/USDT","stake_amount":19.1458972,"max_stake_amount":19.1458972,"amount":0.00019,"open_date":"2024-12-05 02:42:00+00:00","close_date":"2024-12-05 02:42:00+00:00","open_rate":100767.88,"close_rate":100767.88,"fee_open":0.0002,"fee_close":0.0002,"trade_duration":0,"profit_ratio":-0.000399920074483276,"profit_abs":-0.00765836,"exit_reason":"custom_exit","initial_stop_loss_abs":70537.52,"initial_stop_loss_ratio":-0.3,"stop_loss_abs":70537.52,"stop_loss_ratio":-0.3,"min_rate":100631.18,"max_rate":101616.22,"is_open":false,"enter_tag":"","leverage":1.0,"is_short":false,"open_timestamp":1733366520000,"close_timestamp":1733366520000,"orders":[{"amount":0.00019,"safe_price":100767.88,"ft_order_side":"buy","order_filled_timestamp":1733366520000,"ft_is_entry":true,"ft_order_tag":"","cost":19.14972637944},{"amount":0.00019,"safe_price":100767.88,"ft_order_side":"sell","order_filled_timestamp":1733366520000,"ft_is_entry":false,"ft_order_tag":"custom_exit","cost":19.14972637944}],"funding_fees":0.0},{"pair":"BTC/USDT","stake_amount":19.1208419,"max_stake_amount":19.1208419,"amount":0.00019,"open_date":"2024-12-06 17:45:00+00:00","close_date":"2024-12-06 17:48:00+00:00","open_rate":100636.01,"close_rate":100536.01,"fee_open":0.0002,"fee_close":0.0002,"trade_duration":3,"profit_ratio":-0.0013932028880782956,"profit_abs":-0.02664454,"exit_reason":"custom_exit","initial_stop_loss_abs":70445.21,"initial_stop_loss_ratio":-0.3,"stop_loss_abs":70445.21,"stop_loss_ratio":-0.3,"min_rate":100145.63,"max_rate":100788.76,"is_open":false,"enter_tag":"","leverage":1.0,"is_short":false,"open_timestamp":1733507100000,"close_timestamp":1733507280000,"orders":[{"amount":0.00019,"safe_price":100636.01,"ft_order_side":"buy","order_filled_timestamp":1733507100000,"ft_is_entry":true,"ft_order_tag":"","cost":19.124666068379998},{"amount":0.00019,"safe_price":100536.01,"ft_order_side":"sell","order_filled_timestamp":1733507280000,"ft_is_entry":false,"ft_order_tag":"custom_exit","cost":19.10566226838}],"funding_fees":0.0},{"pair":"BTC/USDT","stake_amount":19.2317981,"max_stake_amount":19.2317981,"amount":0.00019,"open_date":"2024-12-06 17:51:00+00:00","close_date":"2024-12-06 18:07:00+00:00","open_rate":101219.99,"close_rate":101132.01,"fee_open":0.0002,"fee_close":0.0002,"trade_duration":16,"profit_ratio":-0.001268768512083537,"profit_abs":-0.02440558,"exit_reason":"custom_exit","initial_stop_loss_abs":70854.0,"initial_stop_loss_ratio":-0.3,"stop_loss_abs":70854.0,"stop_loss_ratio":-0.3,"min_rate":100588.23,"max_rate":101428.52,"is_open":false,"enter_tag":"","leverage":1.0,"is_short":false,"open_timestamp":1733507460000,"close_timestamp":1733508420000,"orders":[{"amount":0.00019,"safe_price":101219.99,"ft_order_side":"buy","order_filled_timestamp":1733507460000,"ft_is_entry":true,"ft_order_tag":"","cost":19.23564445962},{"amount":0.00019,"safe_price":101132.01,"ft_order_side":"sell","order_filled_timestamp":1733508420000,"ft_is_entry":false,"ft_order_tag":"custom_exit","cost":19.21892491638}],"funding_fees":0.0},{"pair":"BTC/USDT","stake_amount":19.0345534,"max_stake_amount":19.0345534,"amount":0.00019,"open_date":"2024-12-08 02:30:00+00:00","close_date":"2024-12-08 02:43:00+00:00","open_rate":100181.86,"close_rate":100187.99,"fee_open":0.0002,"fee_close":0.0002,"trade_duration":13,"profit_ratio":-0.00033875553854194524,"profit_abs":-0.00644935,"exit_reason":"custom_exit","initial_stop_loss_abs":70127.31,"initial_stop_loss_ratio":-0.3,"stop_loss_abs":70127.31,"stop_loss_ratio":-0.3,"min_rate":100060.0,"max_rate":100235.99,"is_open":false,"enter_tag":"","leverage":1.0,"is_short":false,"open_timestamp":1733625000000,"close_timestamp":1733625780000,"orders":[{"amount":0.00019,"safe_price":100181.86,"ft_order_side":"buy","order_filled_timestamp":1733625000000,"ft_is_entry":true,"ft_order_tag":"","cost":19.038360310679998},{"amount":0.00019,"safe_price":100187.99,"ft_order_side":"sell","order_filled_timestamp":1733625780000,"ft_is_entry":false,"ft_order_tag":"custom_exit","cost":19.03952524362}],"funding_fees":0.0},{"pair":"BTC/USDT","stake_amount":19.3374381,"max_stake_amount":19.3374381,"amount":0.00019,"open_date":"2024-12-11 22:07:00+00:00","close_date":"2024-12-11 22:10:00+00:00","open_rate":101775.99,"close_rate":101839.99,"fee_open":0.0002,"fee_close":0.0002,"trade_duration":3,"profit_ratio":0.00022866036524601602,"profit_abs":0.00442259,"exit_reason":"custom_exit","initial_stop_loss_abs":71243.2,"initial_stop_loss_ratio":-0.3,"stop_loss_abs":71243.2,"stop_loss_ratio":-0.3,"min_rate":101708.16,"max_rate":101888.0,"is_open":false,"enter_tag":"","leverage":1.0,"is_short":false,"open_timestamp":1733954820000,"close_timestamp":1733955000000,"orders":[{"amount":0.00019,"safe_price":101775.99,"ft_order_side":"buy","order_filled_timestamp":1733954820000,"ft_is_entry":true,"ft_order_tag":"","cost":19.341305587620003},{"amount":0.00019,"safe_price":101839.99,"ft_order_side":"sell","order_filled_timestamp":1733955000000,"ft_is_entry":false,"ft_order_tag":"custom_exit","cost":19.35346801962}],"funding_fees":0.0},{"pair":"BTC/USDT","stake_amount":19.50388,"max_stake_amount":19.50388,"amount":0.00019,"open_date":"2024-12-15 04:22:00+00:00","close_date":"2024-12-15 04:22:00+00:00","open_rate":102652.0,"close_rate":102652.0,"fee_open":0.0002,"fee_close":0.0002,"trade_duration":0,"profit_ratio":-0.00039991991347360626,"profit_abs":-0.00780155,"exit_reason":"custom_exit","initial_stop_loss_abs":71856.4,"initial_stop_loss_ratio":-0.3,"stop_loss_abs":71856.4,"stop_loss_ratio":-0.3,"min_rate":102609.38,"max_rate":102799.62,"is_open":false,"enter_tag":"","leverage":1.0,"is_short":false,"open_timestamp":1734236520000,"close_timestamp":1734236520000,"orders":[{"amount":0.00019,"safe_price":102652.0,"ft_order_side":"buy","order_filled_timestamp":1734236520000,"ft_is_entry":true,"ft_order_tag":"","cost":19.507780776},{"amount":0.00019,"safe_price":102652.0,"ft_order_side":"sell","order_filled_timestamp":1734236520000,"ft_is_entry":false,"ft_order_tag":"custom_exit","cost":19.507780776}],"funding_fees":0.0},{"pair":"BTC/USDT","stake_amount":19.5116928,"max_stake_amount":19.5116928,"amount":0.00019,"open_date":"2024-12-15 04:23:00+00:00","close_date":"2024-12-15 04:24:00+00:00","open_rate":102693.12,"close_rate":102675.99,"fee_open":0.0002,"fee_close":0.0002,"trade_duration":1,"profit_ratio":-0.0005666611713085575,"profit_abs":-0.01105873,"exit_reason":"custom_exit","initial_stop_loss_abs":71885.19,"initial_stop_loss_ratio":-0.3,"stop_loss_abs":71885.19,"stop_loss_ratio":-0.3,"min_rate":102645.36,"max_rate":102836.0,"is_open":false,"enter_tag":"","leverage":1.0,"is_short":false,"open_timestamp":1734236580000,"close_timestamp":1734236640000,"orders":[{"amount":0.00019,"safe_price":102693.12,"ft_order_side":"buy","order_filled_timestamp":1734236580000,"ft_is_entry":true,"ft_order_tag":"","cost":19.51559513856},{"amount":0.00019,"safe_price":102675.99,"ft_order_side":"sell","order_filled_timestamp":1734236640000,"ft_is_entry":false,"ft_order_tag":"custom_exit","cost":19.512339787620004}],"funding_fees":0.0},{"pair":"BTC/USDT","stake_amount":19.5421118,"max_stake_amount":19.5421118,"amount":0.00019,"open_date":"2024-12-15 12:04:00+00:00","close_date":"2024-12-15 12:07:00+00:00","open_rate":102853.22,"close_rate":102852.01,"fee_open":0.0002,"fee_close":0.0002,"trade_duration":3,"profit_ratio":-0.00041167971323363527,"profit_abs":-0.0080467,"exit_reason":"custom_exit","initial_stop_loss_abs":71997.26,"initial_stop_loss_ratio":-0.3,"stop_loss_abs":71997.26,"stop_loss_ratio":-0.3,"min_rate":102736.0,"max_rate":102947.0,"is_open":false,"enter_tag":"","leverage":1.0,"is_short":false,"open_timestamp":1734264240000,"close_timestamp":1734264420000,"orders":[{"amount":0.00019,"safe_price":102853.22,"ft_order_side":"buy","order_filled_timestamp":1734264240000,"ft_is_entry":true,"ft_order_tag":"","cost":19.54602022236},{"amount":0.00019,"safe_price":102852.01,"ft_order_side":"sell","order_filled_timestamp":1734264420000,"ft_is_entry":false,"ft_order_tag":"custom_exit","cost":19.54579027638}],"funding_fees":0.0},{"pair":"BTC/USDT","stake_amount":19.90288,"max_stake_amount":19.90288,"amount":0.00019,"open_date":"2024-12-15 23:24:00+00:00","close_date":"2024-12-15 23:26:00+00:00","open_rate":104752.0,"close_rate":104747.99,"fee_open":0.0002,"fee_close":0.0002,"trade_duration":2,"profit_ratio":-0.00043818561780235984,"profit_abs":-0.0087229,"exit_reason":"custom_exit","initial_stop_loss_abs":73326.4,"initial_stop_loss_ratio":-0.3,"stop_loss_abs":73326.4,"stop_loss_ratio":-0.3,"min_rate":104556.13,"max_rate":104944.0,"is_open":false,"enter_tag":"","leverage":1.0,"is_short":false,"open_timestamp":1734305040000,"close_timestamp":1734305160000,"orders":[{"amount":0.00019,"safe_price":104752.0,"ft_order_side":"buy","order_filled_timestamp":1734305040000,"ft_is_entry":true,"ft_order_tag":"","cost":19.906860576},{"amount":0.00019,"safe_price":104747.99,"ft_order_side":"sell","order_filled_timestamp":1734305160000,"ft_is_entry":false,"ft_order_tag":"custom_exit","cost":19.906098523620003}],"funding_fees":0.0},{"pair":"BTC/USDT","stake_amount":19.9630568,"max_stake_amount":19.9630568,"amount":0.00019,"open_date":"2024-12-15 23:28:00+00:00","close_date":"2024-12-16 00:28:00+00:00","open_rate":105068.72,"close_rate":105184.0,"fee_open":0.0002,"fee_close":0.0002,"trade_duration":60,"profit_ratio":0.0006968280447127071,"profit_abs":0.0139136,"exit_reason":"custom_exit","initial_stop_loss_abs":73548.11,"initial_stop_loss_ratio":-0.3,"stop_loss_abs":73548.11,"stop_loss_ratio":-0.3,"min_rate":104235.29,"max_rate":105272.23,"is_open":false,"enter_tag":"","leverage":1.0,"is_short":false,"open_timestamp":1734305280000,"close_timestamp":1734308880000,"orders":[{"amount":0.00019,"safe_price":105068.72,"ft_order_side":"buy","order_filled_timestamp":1734305280000,"ft_is_entry":true,"ft_order_tag":"","cost":19.96704941136},{"amount":0.00019,"safe_price":105184.0,"ft_order_side":"sell","order_filled_timestamp":1734308880000,"ft_is_entry":false,"ft_order_tag":"custom_exit","cost":19.988956992000002}],"funding_fees":0.0},{"pair":"BTC/USDT","stake_amount":19.3507506,"max_stake_amount":19.3507506,"amount":0.00018,"open_date":"2024-12-17 08:41:00+00:00","close_date":"2024-12-17 13:32:00+00:00","open_rate":107504.17,"close_rate":107516.0,"fee_open":0.0002,"fee_close":0.0002,"trade_duration":291,"profit_ratio":-0.0002899219815487839,"profit_abs":-0.00561133,"exit_reason":"custom_exit","initial_stop_loss_abs":75252.92,"initial_stop_loss_ratio":-0.3,"stop_loss_abs":75252.92,"stop_loss_ratio":-0.3,"min_rate":106534.29,"max_rate":107620.09,"is_open":false,"enter_tag":"","leverage":1.0,"is_short":false,"open_timestamp":1734424860000,"close_timestamp":1734442320000,"orders":[{"amount":0.00018,"safe_price":107504.17,"ft_order_side":"buy","order_filled_timestamp":1734424860000,"ft_is_entry":true,"ft_order_tag":"","cost":19.354620750120002},{"amount":0.00018,"safe_price":107516.0,"ft_order_side":"sell","order_filled_timestamp":1734442320000,"ft_is_entry":false,"ft_order_tag":"custom_exit","cost":19.356750576000003}],"funding_fees":0.0},{"pair":"BTC/USDT","stake_amount":19.806808,"max_stake_amount":19.806808,"amount":0.0002,"open_date":"2024-12-25 10:20:00+00:00","close_date":"2024-12-25 10:20:00+00:00","open_rate":99034.04,"close_rate":99034.04,"fee_open":0.0002,"fee_close":0.0002,"trade_duration":0,"profit_ratio":-0.0003999198544684954,"profit_abs":-0.00792272,"exit_reason":"custom_exit","initial_stop_loss_abs":69323.83,"initial_stop_loss_ratio":-0.3,"stop_loss_abs":69323.83,"stop_loss_ratio":-0.3,"min_rate":99000.0,"max_rate":99262.0,"is_open":false,"enter_tag":"","leverage":1.0,"is_short":false,"open_timestamp":1735122000000,"close_timestamp":1735122000000,"orders":[{"amount":0.0002,"safe_price":99034.04,"ft_order_side":"buy","order_filled_timestamp":1735122000000,"ft_is_entry":true,"ft_order_tag":"","cost":19.8107693616},{"amount":0.0002,"safe_price":99034.04,"ft_order_side":"sell","order_filled_timestamp":1735122000000,"ft_is_entry":false,"ft_order_tag":"custom_exit","cost":19.8107693616}],"funding_fees":0.0},{"pair":"BTC/USDT","stake_amount":19.849696,"max_stake_amount":19.849696,"amount":0.0002,"open_date":"2024-12-25 10:21:00+00:00","close_date":"2024-12-25 10:22:00+00:00","open_rate":99248.48,"close_rate":99278.76,"fee_open":0.0002,"fee_close":0.0002,"trade_duration":1,"profit_ratio":-9.494921521158422e-05,"profit_abs":-0.00188509,"exit_reason":"custom_exit","initial_stop_loss_abs":69473.94,"initial_stop_loss_ratio":-0.3,"stop_loss_abs":69473.94,"stop_loss_ratio":-0.3,"min_rate":99119.54,"max_rate":99347.5,"is_open":false,"enter_tag":"","leverage":1.0,"is_short":false,"open_timestamp":1735122060000,"close_timestamp":1735122120000,"orders":[{"amount":0.0002,"safe_price":99248.48,"ft_order_side":"buy","order_filled_timestamp":1735122060000,"ft_is_entry":true,"ft_order_tag":"","cost":19.853665939200003},{"amount":0.0002,"safe_price":99278.76,"ft_order_side":"sell","order_filled_timestamp":1735122120000,"ft_is_entry":false,"ft_order_tag":"custom_exit","cost":19.859723150399997}],"funding_fees":0.0}],"locks":[],"best_pair":{"key":"BTC/USDT","trades":17,"profit_mean":-0.00033933198820872693,"profit_mean_pct":-0.03,"profit_sum":-0.005768643799548358,"profit_sum_pct":-0.58,"profit_total_abs":-0.11176198000000001,"profit_total":-0.00011176198000000002,"profit_total_pct":-0.01,"duration_avg":"0:24:00","wins":3,"draws":0,"losses":14,"winrate":0.17647058823529413,"cagr":-0.001358922575034116,"expectancy":-0.006574234117647059,"expectancy_ratio":-0.6637410412253115,"sortino":-9.586261656242058,"sharpe":-7.123567305458705,"calmar":-61.796822597008365,"sqn":-2.632,"profit_factor":0.19402873565497883,"max_drawdown_account":0.00011517364702054852,"max_drawdown_abs":0.11517404},"worst_pair":{"key":"BTC/USDT","trades":17,"profit_mean":-0.00033933198820872693,"profit_mean_pct":-0.03,"profit_sum":-0.005768643799548358,"profit_sum_pct":-0.58,"profit_total_abs":-0.11176198000000001,"profit_total":-0.00011176198000000002,"profit_total_pct":-0.01,"duration_avg":"0:24:00","wins":3,"draws":0,"losses":14,"winrate":0.17647058823529413,"cagr":-0.001358922575034116,"expectancy":-0.006574234117647059,"expectancy_ratio":-0.6637410412253115,"sortino":-9.586261656242058,"sharpe":-7.123567305458705,"calmar":-61.796822597008365,"sqn":-2.632,"profit_factor":0.19402873565497883,"max_drawdown_account":0.00011517364702054852,"max_drawdown_abs":0.11517404},"results_per_pair":[{"key":"BTC/USDT","trades":17,"profit_mean":-0.00033933198820872693,"profit_mean_pct":-0.03,"profit_sum":-0.005768643799548358,"profit_sum_pct":-0.58,"profit_total_abs":-0.11176198000000001,"profit_total":-0.00011176198000000002,"profit_total_pct":-0.01,"duration_avg":"0:24:00","wins":3,"draws":0,"losses":14,"winrate":0.17647058823529413,"cagr":-0.001358922575034116,"expectancy":-0.006574234117647059,"expectancy_ratio":-0.6637410412253115,"sortino":-9.586261656242058,"sharpe":-7.123567305458705,"calmar":-61.796822597008365,"sqn":-2.632,"profit_factor":0.19402873565497883,"max_drawdown_account":0.00011517364702054852,"max_drawdown_abs":0.11517404},{"key":"TOTAL","trades":17,"profit_mean":-0.00033933198820872693,"profit_mean_pct":-0.03,"profit_sum":-0.005768643799548358,"profit_sum_pct":-0.58,"profit_total_abs":-0.11176198000000001,"profit_total":-0.00011176198000000002,"profit_total_pct":-0.01,"duration_avg":"0:24:00","wins":3,"draws":0,"losses":14,"winrate":0.17647058823529413,"cagr":-0.001358922575034116,"expectancy":-0.006574234117647059,"expectancy_ratio":-0.6637410412253115,"sortino":-9.586261656242058,"sharpe":-7.123567305458705,"calmar":-61.796822597008365,"sqn":-2.632,"profit_factor":0.19402873565497883,"max_drawdown_account":0.00011517364702054852,"max_drawdown_abs":0.11517404}],"results_per_enter_tag":[{"key":"","trades":17,"profit_mean":-0.00033933198820872693,"profit_mean_pct":-0.03,"profit_sum":-0.005768643799548358,"profit_sum_pct":-0.58,"profit_total_abs":-0.11176198000000001,"profit_total":-0.00011176198000000002,"profit_total_pct":-0.01,"duration_avg":"0:24:00","wins":3,"draws":0,"losses":14,"winrate":0.17647058823529413,"cagr":-0.001358922575034116,"expectancy":-0.006574234117647059,"expectancy_ratio":-0.6637410412253115,"sortino":-9.586261656242058,"sharpe":-7.123567305458705,"calmar":-61.796822597008365,"sqn":-2.632,"profit_factor":0.19402873565497883,"max_drawdown_account":0.00011517364702054852,"max_drawdown_abs":0.11517404},{"key":"TOTAL","trades":17,"profit_mean":-0.00033933198820872693,"profit_mean_pct":-0.03,"profit_sum":-0.005768643799548358,"profit_sum_pct":-0.58,"profit_total_abs":-0.11176198000000001,"profit_total":-0.00011176198000000002,"profit_total_pct":-0.01,"duration_avg":"0:24:00","wins":3,"draws":0,"losses":14,"winrate":0.17647058823529413,"cagr":-0.001358922575034116,"expectancy":-0.006574234117647059,"expectancy_ratio":-0.6637410412253115,"sortino":-9.586261656242058,"sharpe":-7.123567305458705,"calmar":-61.796822597008365,"sqn":-2.632,"profit_factor":0.19402873565497883,"max_drawdown_account":0.00011517364702054852,"max_drawdown_abs":0.11517404}],"exit_reason_summary":[{"key":"custom_exit","trades":17,"profit_mean":-0.00033933198820872693,"profit_mean_pct":-0.03,"profit_sum":-0.005768643799548358,"profit_sum_pct":-0.58,"profit_total_abs":-0.11176198000000001,"profit_total":-0.00011176198000000002,"profit_total_pct":-0.01,"duration_avg":"0:24:00","wins":3,"draws":0,"losses":14,"winrate":0.17647058823529413,"cagr":-0.001358922575034116,"expectancy":-0.006574234117647059,"expectancy_ratio":-0.6637410412253115,"sortino":-9.586261656242058,"sharpe":-7.123567305458705,"calmar":-61.796822597008365,"sqn":-2.632,"profit_factor":0.19402873565497883,"max_drawdown_account":0.00011517364702054852,"max_drawdown_abs":0.11517404},{"key":"TOTAL","trades":17,"profit_mean":-0.00033933198820872693,"profit_mean_pct":-0.03,"profit_sum":-0.005768643799548358,"profit_sum_pct":-0.58,"profit_total_abs":-0.11176198000000001,"profit_total":-0.00011176198000000002,"profit_total_pct":-0.01,"duration_avg":"0:24:00","wins":3,"draws":0,"losses":14,"winrate":0.17647058823529413,"cagr":-0.001358922575034116,"expectancy":-0.006574234117647059,"expectancy_ratio":-0.6637410412253115,"sortino":-9.586261656242058,"sharpe":-7.123567305458705,"calmar":-61.796822597008365,"sqn":-2.632,"profit_factor":0.19402873565497883,"max_drawdown_account":0.00011517364702054852,"max_drawdown_abs":0.11517404}],"mix_tag_stats":[{"key":["","custom_exit"],"trades":17,"profit_mean":-0.00033933198820872693,"profit_mean_pct":-0.03,"profit_sum":-0.005768643799548358,"profit_sum_pct":-0.58,"profit_total_abs":-0.11176198000000001,"profit_total":-0.00011176198000000002,"profit_total_pct":-0.01,"duration_avg":"0:24:00","wins":3,"draws":0,"losses":14,"winrate":0.17647058823529413,"cagr":-0.001358922575034116,"expectancy":-0.006574234117647059,"expectancy_ratio":-0.6637410412253115,"sortino":-9.586261656242058,"sharpe":-7.123567305458705,"calmar":-61.796822597008365,"sqn":-2.632,"profit_factor":0.19402873565497883,"max_drawdown_account":0.00011517364702054852,"max_drawdown_abs":0.11517404},{"key":"TOTAL","trades":17,"profit_mean":-0.00033933198820872693,"profit_mean_pct":-0.03,"profit_sum":-0.005768643799548358,"profit_sum_pct":-0.58,"profit_total_abs":-0.11176198000000001,"profit_total":-0.00011176198000000002,"profit_total_pct":-0.01,"duration_avg":"0:24:00","wins":3,"draws":0,"losses":14,"winrate":0.17647058823529413,"cagr":-0.001358922575034116,"expectancy":-0.006574234117647059,"expectancy_ratio":-0.6637410412253115,"sortino":-9.586261656242058,"sharpe":-7.123567305458705,"calmar":-61.796822597008365,"sqn":-2.632,"profit_factor":0.19402873565497883,"max_drawdown_account":0.00011517364702054852,"max_drawdown_abs":0.11517404}],"left_open_trades":[{"key":"TOTAL","trades":0,"profit_mean":0.0,"profit_mean_pct":0.0,"profit_sum":0.0,"profit_sum_pct":0.0,"profit_total_abs":0.0,"profit_total":0.0,"profit_total_pct":0.0,"duration_avg":"0:00","wins":0,"draws":0,"losses":0,"winrate":0.0,"cagr":0.0,"expectancy":0.0,"expectancy_ratio":100.0,"sortino":0,"sharpe":0,"calmar":0,"sqn":0.0,"profit_factor":0.0,"max_drawdown_account":0.0,"max_drawdown_abs":0.0}],"total_trades":17,"trade_count_long":17,"trade_count_short":0,"total_volume":664.2256565676,"avg_stake_amount":19.53152298235294,"profit_mean":-0.00033933198820872693,"profit_median":-0.0003999198544684954,"profit_total":-0.00011176198000000002,"profit_total_long":-0.00011176198000000002,"profit_total_short":0.0,"profit_total_abs":-0.11176198000000001,"profit_total_long_abs":-0.11176198000000001,"profit_total_short_abs":0.0,"cagr":-0.001358922575034116,"expectancy":-0.006574234117647059,"expectancy_ratio":-0.6637410412253115,"sortino":-9.586261656242058,"sharpe":-7.123567305458705,"calmar":-61.796822597008365,"sqn":-2.632,"profit_factor":0.19402873565497883,"backtest_start":"2024-12-01 00:00:00","backtest_start_ts":1733011200000,"backtest_end":"2024-12-31 00:00:00","backtest_end_ts":1735603200000,"backtest_days":30,"backtest_run_start_ts":1752179083,"backtest_run_end_ts":1752179083,"trades_per_day":0.57,"market_change":-0.0372900929692039,"pairlist":["BTC/USDT"],"stake_amount":20,"stake_currency":"USDT","stake_currency_decimals":3,"starting_balance":1000,"dry_run_wallet":1000,"final_balance":999.88823802,"rejected_signals":0,"timedout_entry_orders":0,"timedout_exit_orders":0,"canceled_trade_entries":0,"canceled_entry_orders":0,"replaced_entry_orders":0,"max_open_trades":1,"max_open_trades_setting":5,"timeframe":"1m","timeframe_detail":"","timerange":"20241201-20241231","enable_protections":false,"strategy_name":"MultiHorizonMomentum","stoploss":-0.3,"trailing_stop":false,"trailing_stop_positive":null,"trailing_stop_positive_offset":0.0,"trailing_only_offset_is_reached":false,"use_custom_stoploss":false,"minimal_roi":{},"use_exit_signal":true,"exit_profit_only":false,"exit_profit_offset":0.0,"ignore_roi_if_entry_signal":false,"trading_mode":"spot","margin_mode":"","periodic_breakdown":{"day":[{"date":"01/12/2024","date_ts":1733011200000,"profit_abs":-0.00414202,"wins":0,"draws":0,"losses":1,"trades":1,"profit_factor":0.0},{"date":"02/12/2024","date_ts":1733097600000,"profit_abs":0.0,"wins":0,"draws":0,"losses":0,"trades":0,"profit_factor":0.0},{"date":"03/12/2024","date_ts":1733184000000,"profit_abs":0.0,"wins":0,"draws":0,"losses":0,"trades":0,"profit_factor":0.0},{"date":"04/12/2024","date_ts":1733270400000,"profit_abs":0.00755408,"wins":1,"draws":0,"losses":1,"trades":2,"profit_factor":8.44097715},{"date":"05/12/2024","date_ts":1733356800000,"profit_abs":-0.02496174,"wins":0,"draws":0,"losses":2,"trades":2,"profit_factor":0.0},{"date":"06/12/2024","date_ts":1733443200000,"profit_abs":-0.05105012,"wins":0,"draws":0,"losses":2,"trades":2,"profit_factor":0.0},{"date":"07/12/2024","date_ts":1733529600000,"profit_abs":0.0,"wins":0,"draws":0,"losses":0,"trades":0,"profit_factor":0.0},{"date":"08/12/2024","date_ts":1733616000000,"profit_abs":-0.00644935,"wins":0,"draws":0,"losses":1,"trades":1,"profit_factor":0.0},{"date":"09/12/2024","date_ts":1733702400000,"profit_abs":0.0,"wins":0,"draws":0,"losses":0,"trades":0,"profit_factor":0.0},{"date":"10/12/2024","date_ts":1733788800000,"profit_abs":0.0,"wins":0,"draws":0,"losses":0,"trades":0,"profit_factor":0.0},{"date":"11/12/2024","date_ts":1733875200000,"profit_abs":0.00442259,"wins":1,"draws":0,"losses":0,"trades":1,"profit_factor":0.0},{"date":"12/12/2024","date_ts":1733961600000,"profit_abs":0.0,"wins":0,"draws":0,"losses":0,"trades":0,"profit_factor":0.0},{"date":"13/12/2024","date_ts":1734048000000,"profit_abs":0.0,"wins":0,"draws":0,"losses":0,"trades":0,"profit_factor":0.0},{"date":"14/12/2024","date_ts":1734134400000,"profit_abs":0.0,"wins":0,"draws":0,"losses":0,"trades":0,"profit_factor":0.0},{"date":"15/12/2024","date_ts":1734220800000,"profit_abs":-0.03562988,"wins":0,"draws":0,"losses":4,"trades":4,"profit_factor":0.0},{"date":"16/12/2024","date_ts":1734307200000,"profit_abs":0.0139136,"wins":1,"draws":0,"losses":0,"trades":1,"profit_factor":0.0},{"date":"17/12/2024","date_ts":1734393600000,"profit_abs":-0.00561133,"wins":0,"draws":0,"losses":1,"trades":1,"profit_factor":0.0},{"date":"18/12/2024","date_ts":1734480000000,"profit_abs":0.0,"wins":0,"draws":0,"losses":0,"trades":0,"profit_factor":0.0},{"date":"19/12/2024","date_ts":1734566400000,"profit_abs":0.0,"wins":0,"draws":0,"losses":0,"trades":0,"profit_factor":0.0},{"date":"20/12/2024","date_ts":1734652800000,"profit_abs":0.0,"wins":0,"draws":0,"losses":0,"trades":0,"profit_factor":0.0},{"date":"21/12/2024","date_ts":1734739200000,"profit_abs":0.0,"wins":0,"draws":0,"losses":0,"trades":0,"profit_factor":0.0},{"date":"22/12/2024","date_ts":1734825600000,"profit_abs":0.0,"wins":0,"draws":0,"losses":0,"trades":0,"profit_factor":0.0},{"date":"23/12/2024","date_ts":1734912000000,"profit_abs":0.0,"wins":0,"draws":0,"losses":0,"trades":0,"profit_factor":0.0},{"date":"24/12/2024","date_ts":1734998400000,"profit_abs":0.0,"wins":0,"draws":0,"losses":0,"trades":0,"profit_factor":0.0},{"date":"25/12/2024","date_ts":1735084800000,"profit_abs":-0.00980781,"wins":0,"draws":0,"losses":2,"trades":2,"profit_factor":0.0}],"week":[{"date":"02/12/2024","date_ts":1733097600000,"profit_abs":-0.00414202,"wins":0,"draws":0,"losses":1,"trades":1,"profit_factor":0.0},{"date":"09/12/2024","date_ts":1733702400000,"profit_abs":-0.07490713,"wins":1,"draws":0,"losses":6,"trades":7,"profit_factor":0.10265511},{"date":"16/12/2024","date_ts":1734307200000,"profit_abs":-0.01729369,"wins":2,"draws":0,"losses":4,"trades":6,"profit_factor":0.51462957},{"date":"23/12/2024","date_ts":1734912000000,"profit_abs":-0.00561133,"wins":0,"draws":0,"losses":1,"trades":1,"profit_factor":0.0},{"date":"30/12/2024","date_ts":1735516800000,"profit_abs":-0.00980781,"wins":0,"draws":0,"losses":2,"trades":2,"profit_factor":0.0}],"month":[{"date":"31/12/2024","date_ts":1735603200000,"profit_abs":-0.11176198,"wins":3,"draws":0,"losses":14,"trades":17,"profit_factor":0.19402874}],"year":[{"date":"31/12/2024","date_ts":1735603200000,"profit_abs":-0.11176198,"wins":3,"draws":0,"losses":14,"trades":17,"profit_factor":0.19402874}]},"backtest_best_day":0.0006968280447127071,"backtest_worst_day":-0.0026619714001618324,"backtest_best_day_abs":0.0139136,"backtest_worst_day_abs":-0.05105012,"winning_days":3,"draw_days":15,"losing_days":7,"daily_profit":[["2024-12-01",-0.00414202],["2024-12-02",0.0],["2024-12-03",0.0],["2024-12-04",0.00755408],["2024-12-05",-0.02496174],["2024-12-06",-0.05105012],["2024-12-07",0.0],["2024-12-08",-0.00644935],["2024-12-09",0.0],["2024-12-10",0.0],["2024-12-11",0.00442259],["2024-12-12",0.0],["2024-12-13",0.0],["2024-12-14",0.0],["2024-12-15",-0.03562988],["2024-12-16",0.0139136],["2024-12-17",-0.00561133],["2024-12-18",0.0],["2024-12-19",0.0],["2024-12-20",0.0],["2024-12-21",0.0],["2024-12-22",0.0],["2024-12-23",0.0],["2024-12-24",0.0],["2024-12-25",-0.00980781]],"wins":3,"losses":14,"draws":0,"winrate":0.17647058823529413,"holding_avg":"0:24:00","holding_avg_s":1440.0,"winner_holding_min":"0d 00:02","winner_holding_min_s":120.0,"winner_holding_max":"0d 01:00","winner_holding_max_s":3600.0,"winner_holding_avg":"0d 00:22","winner_holding_avg_s":1320.0,"loser_holding_min":"0d 00:00","loser_holding_min_s":0.0,"loser_holding_max":"0d 04:51","loser_holding_max_s":17460.0,"loser_holding_avg":"0d 00:25","loser_holding_avg_s":1500.0,"max_consecutive_wins":1,"max_consecutive_losses":5,"max_drawdown_account":0.00011517364702054852,"max_relative_drawdown":0.00011517364702054852,"max_drawdown_abs":0.11517404,"drawdown_start":"2024-12-04 20:16:00","drawdown_start_ts":1733343360000.0,"drawdown_end":"2024-12-25 10:22:00","drawdown_end_ts":1735122120000.0,"max_drawdown_low":-0.11176198000000001,"max_drawdown_high":0.0034120600000000006,"csum_min":999.88823802,"csum_max":1000.00341206}},"strategy_comparison":[{"key":"MultiHorizonMomentum","trades":17,"profit_mean":-0.00033933198820872693,"profit_mean_pct":-0.03,"profit_sum":-0.005768643799548358,"profit_sum_pct":-0.58,"profit_total_abs":-0.11176198000000001,"profit_total":-0.00011176198000000002,"profit_total_pct":-0.01,"duration_avg":"0:24:00","wins":3,"draws":0,"losses":14,"winrate":0.17647058823529413,"cagr":-0.001358922575034116,"expectancy":-0.006574234117647059,"expectancy_ratio":-0.6637410412253115,"sortino":-9.586261656242058,"sharpe":-7.123567305458705,"calmar":-61.796822597008365,"sqn":-2.632,"profit_factor":0.19402873565497883,"max_drawdown_account":0.00011517364702054852,"max_drawdown_abs":"0.115"}]}