{"strategy":{"MultiHorizonMomentum":{"trades":[{"pair":"BTC/USDT","stake_amount":19.400402,"max_stake_amount":19.400402,"amount":0.0002,"open_date":"2024-12-01 11:37:00+00:00","close_date":"2024-12-01 11:38:00+00:00","open_rate":97002.01,"close_rate":97035.23,"fee_open":0.02,"fee_close":0.02,"trade_duration":1,"profit_ratio":-0.03888664922773149,"profit_abs":-0.76950496,"exit_reason":"custom_exit","initial_stop_loss_abs":67901.41,"initial_stop_loss_ratio":-0.3,"stop_loss_abs":67901.41,"stop_loss_ratio":-0.3,"min_rate":96981.87,"max_rate":97048.0,"is_open":false,"enter_tag":"","leverage":1.0,"is_short":false,"open_timestamp":1733053020000,"close_timestamp":1733053080000,"orders":[{"amount":0.0002,"safe_price":97002.01,"ft_order_side":"buy","order_filled_timestamp":1733053020000,"ft_is_entry":true,"ft_order_tag":"","cost":19.78841004},{"amount":0.0002,"safe_price":97035.23,"ft_order_side":"sell","order_filled_timestamp":1733053080000,"ft_is_entry":false,"ft_order_tag":"custom_exit","cost":19.795186920000003}],"funding_fees":0.0},{"pair":"BTC/USDT","stake_amount":19.414,"max_stake_amount":19.414,"amount":0.0002,"open_date":"2024-12-01 11:41:00+00:00","close_date":"2024-12-01 11:41:00+00:00","open_rate":97070.0,"close_rate":97070.0,"fee_open":0.02,"fee_close":0.02,"trade_duration":0,"profit_ratio":-0.0392156862745098,"profit_abs":-0.77656,"exit_reason":"custom_exit","initial_stop_loss_abs":67949.0,"initial_stop_loss_ratio":-0.3,"stop_loss_abs":67949.0,"stop_loss_ratio":-0.3,"min_rate":97069.99,"max_rate":97121.0,"is_open":false,"enter_tag":"","leverage":1.0,"is_short":false,"open_timestamp":1733053260000,"close_timestamp":1733053260000,"orders":[{"amount":0.0002,"safe_price":97070.0,"ft_order_side":"buy","order_filled_timestamp":1733053260000,"ft_is_entry":true,"ft_order_tag":"","cost":19.802280000000003},{"amount":0.0002,"safe_price":97070.0,"ft_order_side":"sell","order_filled_timestamp":1733053260000,"ft_is_entry":false,"ft_order_tag":"custom_exit","cost":19.802280000000003}],"funding_fees":0.0},{"pair":"BTC/USDT","stake_amount":19.422148,"max_stake_amount":19.422148,"amount":0.0002,"open_date":"2024-12-01 12:01:00+00:00","close_date":"2024-12-01 13:18:00+00:00","open_rate":97110.74,"close_rate":97100.0,"fee_open":0.02,"fee_close":0.02,"trade_duration":77,"profit_ratio":-0.03932194458877465,"profit_abs":-0.77899096,"exit_reason":"custom_exit","initial_stop_loss_abs":67977.52,"initial_stop_loss_ratio":-0.3,"stop_loss_abs":67977.52,"stop_loss_ratio":-0.3,"min_rate":96660.88,"max_rate":97150.0,"is_open":false,"enter_tag":"","leverage":1.0,"is_short":false,"open_timestamp":1733054460000,"close_timestamp":1733059080000,"orders":[{"amount":0.0002,"safe_price":97110.74,"ft_order_side":"buy","order_filled_timestamp":1733054460000,"ft_is_entry":true,"ft_order_tag":"","cost":19.810590960000003},{"amount":0.0002,"safe_price":97100.0,"ft_order_side":"sell","order_filled_timestamp":1733059080000,"ft_is_entry":false,"ft_order_tag":"custom_exit","cost":19.808400000000002}],"funding_fees":0.0},{"pair":"BTC/USDT","stake_amount":19.43,"max_stake_amount":19.43,"amount":0.0002,"open_date":"2024-12-01 13:19:00+00:00","close_date":"2024-12-01 13:21:00+00:00","open_rate":97150.0,"close_rate":97164.88,"fee_open":0.02,"fee_close":0.02,"trade_duration":2,"profit_ratio":-0.03906852754483162,"profit_abs":-0.77428352,"exit_reason":"custom_exit","initial_stop_loss_abs":68005.0,"initial_stop_loss_ratio":-0.3,"stop_loss_abs":68005.0,"stop_loss_ratio":-0.3,"min_rate":97144.0,"max_rate":97319.88,"is_open":false,"enter_tag":"","leverage":1.0,"is_short":false,"open_timestamp":1733059140000,"close_timestamp":1733059260000,"orders":[{"amount":0.0002,"safe_price":97150.0,"ft_order_side":"buy","order_filled_timestamp":1733059140000,"ft_is_entry":true,"ft_order_tag":"","cost":19.8186},{"amount":0.0002,"safe_price":97164.88,"ft_order_side":"sell","order_filled_timestamp":1733059260000,"ft_is_entry":false,"ft_order_tag":"custom_exit","cost":19.821635520000005}],"funding_fees":0.0},{"pair":"BTC/USDT","stake_amount":19.452002,"max_stake_amount":19.452002,"amount":0.0002,"open_date":"2024-12-01 13:22:00+00:00","close_date":"2024-12-01 13:22:00+00:00","open_rate":97260.01,"close_rate":97260.01,"fee_open":0.02,"fee_close":0.02,"trade_duration":0,"profit_ratio":-0.039215686274509796,"profit_abs":-0.77808008,"exit_reason":"custom_exit","initial_stop_loss_abs":68082.01,"initial_stop_loss_ratio":-0.3,"stop_loss_abs":68082.01,"stop_loss_ratio":-0.3,"min_rate":97237.85,"max_rate":97297.04,"is_open":false,"enter_tag":"","leverage":1.0,"is_short":false,"open_timestamp":1733059320000,"close_timestamp":1733059320000,"orders":[{"amount":0.0002,"safe_price":97260.01,"ft_order_side":"buy","order_filled_timestamp":1733059320000,"ft_is_entry":true,"ft_order_tag":"","cost":19.84104204},{"amount":0.0002,"safe_price":97260.01,"ft_order_side":"sell","order_filled_timestamp":1733059320000,"ft_is_entry":false,"ft_order_tag":"custom_exit","cost":19.84104204}],"funding_fees":0.0},{"pair":"BTC/USDT","stake_amount":19.472002,"max_stake_amount":19.472002,"amount":0.0002,"open_date":"2024-12-01 13:24:00+00:00","close_date":"2024-12-01 18:09:00+00:00","open_rate":97360.01,"close_rate":97394.35,"fee_open":0.02,"fee_close":0.02,"trade_duration":285,"profit_ratio":-0.03887680655034653,"profit_abs":-0.77214944,"exit_reason":"custom_exit","initial_stop_loss_abs":68152.01,"initial_stop_loss_ratio":-0.3,"stop_loss_abs":68152.01,"stop_loss_ratio":-0.3,"min_rate":96960.51,"max_rate":97436.65,"is_open":false,"enter_tag":"","leverage":1.0,"is_short":false,"open_timestamp":1733059440000,"close_timestamp":1733076540000,"orders":[{"amount":0.0002,"safe_price":97360.01,"ft_order_side":"buy","order_filled_timestamp":1733059440000,"ft_is_entry":true,"ft_order_tag":"","cost":19.86144204},{"amount":0.0002,"safe_price":97394.35,"ft_order_side":"sell","order_filled_timestamp":1733076540000,"ft_is_entry":false,"ft_order_tag":"custom_exit","cost":19.8684474}],"funding_fees":0.0},{"pair":"BTC/USDT","stake_amount":19.48732,"max_stake_amount":19.48732,"amount":0.0002,"open_date":"2024-12-01 18:10:00+00:00","close_date":"2024-12-01 18:14:00+00:00","open_rate":97436.6,"close_rate":97453.73,"fee_open":0.02,"fee_close":0.02,"trade_duration":4,"profit_ratio":-0.03904677402496376,"profit_abs":-0.77613532,"exit_reason":"custom_exit","initial_stop_loss_abs":68205.62,"initial_stop_loss_ratio":-0.3,"stop_loss_abs":68205.62,"stop_loss_ratio":-0.3,"min_rate":97394.35,"max_rate":97516.08,"is_open":false,"enter_tag":"","leverage":1.0,"is_short":false,"open_timestamp":1733076600000,"close_timestamp":1733076840000,"orders":[{"amount":0.0002,"safe_price":97436.6,"ft_order_side":"buy","order_filled_timestamp":1733076600000,"ft_is_entry":true,"ft_order_tag":"","cost":19.8770664},{"amount":0.0002,"safe_price":97453.73,"ft_order_side":"sell","order_filled_timestamp":1733076840000,"ft_is_entry":false,"ft_order_tag":"custom_exit","cost":19.88056092}],"funding_fees":0.0},{"pair":"BTC/USDT","stake_amount":19.501586,"max_stake_amount":19.501586,"amount":0.0002,"open_date":"2024-12-01 18:15:00+00:00","close_date":"2024-12-01 21:49:00+00:00","open_rate":97507.93,"close_rate":97479.99,"fee_open":0.02,"fee_close":0.02,"trade_duration":214,"profit_ratio":-0.039490990177746085,"profit_abs":-0.78553968,"exit_reason":"custom_exit","initial_stop_loss_abs":68255.56,"initial_stop_loss_ratio":-0.3,"stop_loss_abs":68255.56,"stop_loss_ratio":-0.3,"min_rate":96800.01,"max_rate":97598.8,"is_open":false,"enter_tag":"","leverage":1.0,"is_short":false,"open_timestamp":1733076900000,"close_timestamp":1733089740000,"orders":[{"amount":0.0002,"safe_price":97507.93,"ft_order_side":"buy","order_filled_timestamp":1733076900000,"ft_is_entry":true,"ft_order_tag":"","cost":19.89161772},{"amount":0.0002,"safe_price":97479.99,"ft_order_side":"sell","order_filled_timestamp":1733089740000,"ft_is_entry":false,"ft_order_tag":"custom_exit","cost":19.885917960000004}],"funding_fees":0.0},{"pair":"BTC/USDT","stake_amount":19.519744,"max_stake_amount":19.519744,"amount":0.0002,"open_date":"2024-12-01 21:50:00+00:00","close_date":"2024-12-01 21:50:00+00:00","open_rate":97598.72,"close_rate":97598.72,"fee_open":0.02,"fee_close":0.02,"trade_duration":0,"profit_ratio":-0.0392156862745098,"profit_abs":-0.78078976,"exit_reason":"custom_exit","initial_stop_loss_abs":68319.11,"initial_stop_loss_ratio":-0.3,"stop_loss_abs":68319.11,"stop_loss_ratio":-0.3,"min_rate":97589.2,"max_rate":97750.0,"is_open":false,"enter_tag":"","leverage":1.0,"is_short":false,"open_timestamp":1733089800000,"close_timestamp":1733089800000,"orders":[{"amount":0.0002,"safe_price":97598.72,"ft_order_side":"buy","order_filled_timestamp":1733089800000,"ft_is_entry":true,"ft_order_tag":"","cost":19.91013888},{"amount":0.0002,"safe_price":97598.72,"ft_order_side":"sell","order_filled_timestamp":1733089800000,"ft_is_entry":false,"ft_order_tag":"custom_exit","cost":19.91013888}],"funding_fees":0.0},{"pair":"BTC/USDT","stake_amount":19.543204,"max_stake_amount":19.543204,"amount":0.0002,"open_date":"2024-12-01 21:51:00+00:00","close_date":"2024-12-01 21:58:00+00:00","open_rate":97716.02,"close_rate":97734.4,"fee_open":0.02,"fee_close":0.02,"trade_duration":7,"profit_ratio":-0.03903496651447175,"profit_abs":-0.77812568,"exit_reason":"custom_exit","initial_stop_loss_abs":68401.22,"initial_stop_loss_ratio":-0.3,"stop_loss_abs":68401.22,"stop_loss_ratio":-0.3,"min_rate":97623.33,"max_rate":97766.0,"is_open":false,"enter_tag":"","leverage":1.0,"is_short":false,"open_timestamp":1733089860000,"close_timestamp":1733090280000,"orders":[{"amount":0.0002,"safe_price":97716.02,"ft_order_side":"buy","order_filled_timestamp":1733089860000,"ft_is_entry":true,"ft_order_tag":"","cost":19.934068080000003},{"amount":0.0002,"safe_price":97734.4,"ft_order_side":"sell","order_filled_timestamp":1733090280000,"ft_is_entry":false,"ft_order_tag":"custom_exit","cost":19.9378176}],"funding_fees":0.0},{"pair":"BTC/USDT","stake_amount":19.554496,"max_stake_amount":19.554496,"amount":0.0002,"open_date":"2024-12-01 22:01:00+00:00","close_date":"2024-12-01 22:04:00+00:00","open_rate":97772.48,"close_rate":97799.99,"fee_open":0.02,"fee_close":0.02,"trade_duration":3,"profit_ratio":-0.03894535277708202,"profit_abs":-0.77678788,"exit_reason":"custom_exit","initial_stop_loss_abs":68440.74,"initial_stop_loss_ratio":-0.3,"stop_loss_abs":68440.74,"stop_loss_ratio":-0.3,"min_rate":97692.56,"max_rate":97814.7,"is_open":false,"enter_tag":"","leverage":1.0,"is_short":false,"open_timestamp":1733090460000,"close_timestamp":1733090640000,"orders":[{"amount":0.0002,"safe_price":97772.48,"ft_order_side":"buy","order_filled_timestamp":1733090460000,"ft_is_entry":true,"ft_order_tag":"","cost":19.94558592},{"amount":0.0002,"safe_price":97799.99,"ft_order_side":"sell","order_filled_timestamp":1733090640000,"ft_is_entry":false,"ft_order_tag":"custom_exit","cost":19.951197960000002}],"funding_fees":0.0},{"pair":"BTC/USDT","stake_amount":19.359298,"max_stake_amount":19.359298,"amount":0.0002,"open_date":"2024-12-04 08:13:00+00:00","close_date":"2024-12-04 09:14:00+00:00","open_rate":96796.49,"close_rate":96804.42,"fee_open":0.02,"fee_close":0.02,"trade_duration":61,"profit_ratio":-0.039136974540149985,"profit_abs":-0.77281764,"exit_reason":"custom_exit","initial_stop_loss_abs":67757.55,"initial_stop_loss_ratio":-0.3,"stop_loss_abs":67757.55,"stop_loss_ratio":-0.3,"min_rate":96524.4,"max_rate":96844.98,"is_open":false,"enter_tag":"","leverage":1.0,"is_short":false,"open_timestamp":1733299980000,"close_timestamp":1733303640000,"orders":[{"amount":0.0002,"safe_price":96796.49,"ft_order_side":"buy","order_filled_timestamp":1733299980000,"ft_is_entry":true,"ft_order_tag":"","cost":19.746483960000003},{"amount":0.0002,"safe_price":96804.42,"ft_order_side":"sell","order_filled_timestamp":1733303640000,"ft_is_entry":false,"ft_order_tag":"custom_exit","cost":19.74810168}],"funding_fees":0.0},{"pair":"BTC/USDT","stake_amount":19.38434,"max_stake_amount":19.38434,"amount":0.0002,"open_date":"2024-12-04 09:16:00+00:00","close_date":"2024-12-04 19:55:00+00:00","open_rate":96921.7,"close_rate":97009.5,"fee_open":0.02,"fee_close":0.02,"trade_duration":639,"profit_ratio":-0.038345325325980235,"profit_abs":-0.7581648,"exit_reason":"custom_exit","initial_stop_loss_abs":67845.19,"initial_stop_loss_ratio":-0.3,"stop_loss_abs":67845.19,"stop_loss_ratio":-0.3,"min_rate":94587.83,"max_rate":97130.0,"is_open":false,"enter_tag":"","leverage":1.0,"is_short":false,"open_timestamp":1733303760000,"close_timestamp":1733342100000,"orders":[{"amount":0.0002,"safe_price":96921.7,"ft_order_side":"buy","order_filled_timestamp":1733303760000,"ft_is_entry":true,"ft_order_tag":"","cost":19.772026800000003},{"amount":0.0002,"safe_price":97009.5,"ft_order_side":"sell","order_filled_timestamp":1733342100000,"ft_is_entry":false,"ft_order_tag":"custom_exit","cost":19.789938000000003}],"funding_fees":0.0},{"pair":"BTC/USDT","stake_amount":19.525192,"max_stake_amount":19.525192,"amount":0.0002,"open_date":"2024-12-04 20:07:00+00:00","close_date":"2024-12-04 20:09:00+00:00","open_rate":97625.96,"close_rate":97680.61,"fee_open":0.02,"fee_close":0.02,"trade_duration":2,"profit_ratio":-0.03867784917928331,"profit_abs":-0.77029628,"exit_reason":"custom_exit","initial_stop_loss_abs":68338.18,"initial_stop_loss_ratio":-0.3,"stop_loss_abs":68338.18,"stop_loss_ratio":-0.3,"min_rate":97616.01,"max_rate":97776.74,"is_open":false,"enter_tag":"","leverage":1.0,"is_short":false,"open_timestamp":1733342820000,"close_timestamp":1733342940000,"orders":[{"amount":0.0002,"safe_price":97625.96,"ft_order_side":"buy","order_filled_timestamp":1733342820000,"ft_is_entry":true,"ft_order_tag":"","cost":19.91569584},{"amount":0.0002,"safe_price":97680.61,"ft_order_side":"sell","order_filled_timestamp":1733342940000,"ft_is_entry":false,"ft_order_tag":"custom_exit","cost":19.926844440000004}],"funding_fees":0.0},{"pair":"BTC/USDT","stake_amount":19.569598,"max_stake_amount":19.569598,"amount":0.0002,"open_date":"2024-12-04 20:11:00+00:00","close_date":"2024-12-04 20:12:00+00:00","open_rate":97847.99,"close_rate":97882.06,"fee_open":0.02,"fee_close":0.02,"trade_duration":1,"profit_ratio":-0.03888114775646127,"profit_abs":-0.7761062,"exit_reason":"custom_exit","initial_stop_loss_abs":68493.6,"initial_stop_loss_ratio":-0.3,"stop_loss_abs":68493.6,"stop_loss_ratio":-0.3,"min_rate":97751.86,"max_rate":97988.0,"is_open":false,"enter_tag":"","leverage":1.0,"is_short":false,"open_timestamp":1733343060000,"close_timestamp":1733343120000,"orders":[{"amount":0.0002,"safe_price":97847.99,"ft_order_side":"buy","order_filled_timestamp":1733343060000,"ft_is_entry":true,"ft_order_tag":"","cost":19.960989960000003},{"amount":0.0002,"safe_price":97882.06,"ft_order_side":"sell","order_filled_timestamp":1733343120000,"ft_is_entry":false,"ft_order_tag":"custom_exit","cost":19.96794024}],"funding_fees":0.0},{"pair":"BTC/USDT","stake_amount":19.595796,"max_stake_amount":19.595796,"amount":0.0002,"open_date":"2024-12-04 20:13:00+00:00","close_date":"2024-12-04 20:13:00+00:00","open_rate":97978.98,"close_rate":97978.98,"fee_open":0.02,"fee_close":0.02,"trade_duration":0,"profit_ratio":-0.0392156862745098,"profit_abs":-0.78383184,"exit_reason":"custom_exit","initial_stop_loss_abs":68585.29,"initial_stop_loss_ratio":-0.3,"stop_loss_abs":68585.29,"stop_loss_ratio":-0.3,"min_rate":97960.0,"max_rate":98130.0,"is_open":false,"enter_tag":"","leverage":1.0,"is_short":false,"open_timestamp":1733343180000,"close_timestamp":1733343180000,"orders":[{"amount":0.0002,"safe_price":97978.98,"ft_order_side":"buy","order_filled_timestamp":1733343180000,"ft_is_entry":true,"ft_order_tag":"","cost":19.98771192},{"amount":0.0002,"safe_price":97978.98,"ft_order_side":"sell","order_filled_timestamp":1733343180000,"ft_is_entry":false,"ft_order_tag":"custom_exit","cost":19.98771192}],"funding_fees":0.0},{"pair":"BTC/USDT","stake_amount":19.623578,"max_stake_amount":19.623578,"amount":0.0002,"open_date":"2024-12-04 20:14:00+00:00","close_date":"2024-12-04 20:16:00+00:00","open_rate":98117.89,"close_rate":98200.0,"fee_open":0.02,"fee_close":0.02,"trade_duration":2,"profit_ratio":-0.038411653493128146,"profit_abs":-0.76884956,"exit_reason":"custom_exit","initial_stop_loss_abs":68682.53,"initial_stop_loss_ratio":-0.3,"stop_loss_abs":68682.53,"stop_loss_ratio":-0.3,"min_rate":97973.19,"max_rate":98323.63,"is_open":false,"enter_tag":"","leverage":1.0,"is_short":false,"open_timestamp":1733343240000,"close_timestamp":1733343360000,"orders":[{"amount":0.0002,"safe_price":98117.89,"ft_order_side":"buy","order_filled_timestamp":1733343240000,"ft_is_entry":true,"ft_order_tag":"","cost":20.016049560000003},{"amount":0.0002,"safe_price":98200.0,"ft_order_side":"sell","order_filled_timestamp":1733343360000,"ft_is_entry":false,"ft_order_tag":"custom_exit","cost":20.0328}],"funding_fees":0.0},{"pair":"BTC/USDT","stake_amount":19.697596,"max_stake_amount":19.697596,"amount":0.0002,"open_date":"2024-12-04 20:21:00+00:00","close_date":"2024-12-04 20:21:00+00:00","open_rate":98487.98,"close_rate":98487.98,"fee_open":0.02,"fee_close":0.02,"trade_duration":0,"profit_ratio":-0.0392156862745098,"profit_abs":-0.78790384,"exit_reason":"custom_exit","initial_stop_loss_abs":68941.59,"initial_stop_loss_ratio":-0.3,"stop_loss_abs":68941.59,"stop_loss_ratio":-0.3,"min_rate":98487.97,"max_rate":98655.0,"is_open":false,"enter_tag":"","leverage":1.0,"is_short":false,"open_timestamp":1733343660000,"close_timestamp":1733343660000,"orders":[{"amount":0.0002,"safe_price":98487.98,"ft_order_side":"buy","order_filled_timestamp":1733343660000,"ft_is_entry":true,"ft_order_tag":"","cost":20.09154792},{"amount":0.0002,"safe_price":98487.98,"ft_order_side":"sell","order_filled_timestamp":1733343660000,"ft_is_entry":false,"ft_order_tag":"custom_exit","cost":20.09154792}],"funding_fees":0.0},{"pair":"BTC/USDT","stake_amount":19.687094,"max_stake_amount":19.687094,"amount":0.0002,"open_date":"2024-12-04 22:24:00+00:00","close_date":"2024-12-04 22:35:00+00:00","open_rate":98435.47,"close_rate":98456.97,"fee_open":0.02,"fee_close":0.02,"trade_duration":11,"profit_ratio":-0.03900583445234552,"profit_abs":-0.78326976,"exit_reason":"custom_exit","initial_stop_loss_abs":68904.83,"initial_stop_loss_ratio":-0.3,"stop_loss_abs":68904.83,"stop_loss_ratio":-0.3,"min_rate":98298.77,"max_rate":98598.0,"is_open":false,"enter_tag":"","leverage":1.0,"is_short":false,"open_timestamp":1733351040000,"close_timestamp":1733351700000,"orders":[{"amount":0.0002,"safe_price":98435.47,"ft_order_side":"buy","order_filled_timestamp":1733351040000,"ft_is_entry":true,"ft_order_tag":"","cost":20.080835880000002},{"amount":0.0002,"safe_price":98456.97,"ft_order_side":"sell","order_filled_timestamp":1733351700000,"ft_is_entry":false,"ft_order_tag":"custom_exit","cost":20.085221880000002}],"funding_fees":0.0},{"pair":"BTC/USDT","stake_amount":19.4961736,"max_stake_amount":19.4961736,"amount":0.00019,"open_date":"2024-12-05 08:13:00+00:00","close_date":"2024-12-05 08:24:00+00:00","open_rate":102611.44,"close_rate":102675.9,"fee_open":0.02,"fee_close":0.02,"trade_duration":11,"profit_ratio":-0.038612126211590284,"profit_abs":-0.76784449,"exit_reason":"custom_exit","initial_stop_loss_abs":71828.01,"initial_stop_loss_ratio":-0.3,"stop_loss_abs":71828.01,"stop_loss_ratio":-0.3,"min_rate":102440.0,"max_rate":102734.42,"is_open":false,"enter_tag":"","leverage":1.0,"is_short":false,"open_timestamp":1733386380000,"close_timestamp":1733387040000,"orders":[{"amount":0.00019,"safe_price":102611.44,"ft_order_side":"buy","order_filled_timestamp":1733386380000,"ft_is_entry":true,"ft_order_tag":"","cost":19.886097072000002},{"amount":0.00019,"safe_price":102675.9,"ft_order_side":"sell","order_filled_timestamp":1733387040000,"ft_is_entry":false,"ft_order_tag":"custom_exit","cost":19.89858942}],"funding_fees":0.0},{"pair":"BTC/USDT","stake_amount":19.56848,"max_stake_amount":19.56848,"amount":0.00019,"open_date":"2024-12-05 09:11:00+00:00","close_date":"2024-12-05 09:15:00+00:00","open_rate":102992.0,"close_rate":103056.01,"fee_open":0.02,"fee_close":0.02,"trade_duration":4,"profit_ratio":-0.03861855452057114,"profit_abs":-0.77082054,"exit_reason":"custom_exit","initial_stop_loss_abs":72094.4,"initial_stop_loss_ratio":-0.3,"stop_loss_abs":72094.4,"stop_loss_ratio":-0.3,"min_rate":102988.88,"max_rate":103159.76,"is_open":false,"enter_tag":"","leverage":1.0,"is_short":false,"open_timestamp":1733389860000,"close_timestamp":1733390100000,"orders":[{"amount":0.00019,"safe_price":102992.0,"ft_order_side":"buy","order_filled_timestamp":1733389860000,"ft_is_entry":true,"ft_order_tag":"","cost":19.959849600000002},{"amount":0.00019,"safe_price":103056.01,"ft_order_side":"sell","order_filled_timestamp":1733390100000,"ft_is_entry":false,"ft_order_tag":"custom_exit","cost":19.972254738}],"funding_fees":0.0},{"pair":"BTC/USDT","stake_amount":19.5320095,"max_stake_amount":19.5320095,"amount":0.00019,"open_date":"2024-12-05 12:11:00+00:00","close_date":"2024-12-05 12:35:00+00:00","open_rate":102800.05,"close_rate":102807.28,"fee_open":0.02,"fee_close":0.02,"trade_duration":24,"profit_ratio":-0.03914811343550759,"profit_abs":-0.77993415,"exit_reason":"custom_exit","initial_stop_loss_abs":71960.04,"initial_stop_loss_ratio":-0.3,"stop_loss_abs":71960.04,"stop_loss_ratio":-0.3,"min_rate":102644.0,"max_rate":102913.59,"is_open":false,"enter_tag":"","leverage":1.0,"is_short":false,"open_timestamp":1733400660000,"close_timestamp":1733402100000,"orders":[{"amount":0.00019,"safe_price":102800.05,"ft_order_side":"buy","order_filled_timestamp":1733400660000,"ft_is_entry":true,"ft_order_tag":"","cost":19.92264969},{"amount":0.00019,"safe_price":102807.28,"ft_order_side":"sell","order_filled_timestamp":1733402100000,"ft_is_entry":false,"ft_order_tag":"custom_exit","cost":19.924050863999998}],"funding_fees":0.0},{"pair":"BTC/USDT","stake_amount":19.5716815,"max_stake_amount":19.5716815,"amount":0.00019,"open_date":"2024-12-05 12:47:00+00:00","close_date":"2024-12-05 12:55:00+00:00","open_rate":103008.85,"close_rate":102586.69,"fee_open":0.02,"fee_close":0.02,"trade_duration":8,"profit_ratio":-0.04315325761486003,"profit_abs":-0.86147345,"exit_reason":"custom_exit","initial_stop_loss_abs":72106.2,"initial_stop_loss_ratio":-0.3,"stop_loss_abs":72106.2,"stop_loss_ratio":-0.3,"min_rate":102504.01,"max_rate":103295.99,"is_open":false,"enter_tag":"","leverage":1.0,"is_short":false,"open_timestamp":1733402820000,"close_timestamp":1733403300000,"orders":[{"amount":0.00019,"safe_price":103008.85,"ft_order_side":"buy","order_filled_timestamp":1733402820000,"ft_is_entry":true,"ft_order_tag":"","cost":19.963115130000006},{"amount":0.00019,"safe_price":102586.69,"ft_order_side":"sell","order_filled_timestamp":1733403300000,"ft_is_entry":false,"ft_order_tag":"custom_exit","cost":19.881300522000004}],"funding_fees":0.0},{"pair":"BTC/USDT","stake_amount":19.6345981,"max_stake_amount":19.6345981,"amount":0.00019,"open_date":"2024-12-05 14:52:00+00:00","close_date":"2024-12-05 14:55:00+00:00","open_rate":103339.99,"close_rate":103429.64,"fee_open":0.02,"fee_close":0.02,"trade_duration":3,"profit_ratio":-0.03838218189382112,"profit_abs":-0.76869109,"exit_reason":"custom_exit","initial_stop_loss_abs":72338.0,"initial_stop_loss_ratio":-0.3,"stop_loss_abs":72338.0,"stop_loss_ratio":-0.3,"min_rate":103040.24,"max_rate":103478.45,"is_open":false,"enter_tag":"","leverage":1.0,"is_short":false,"open_timestamp":1733410320000,"close_timestamp":1733410500000,"orders":[{"amount":0.00019,"safe_price":103339.99,"ft_order_side":"buy","order_filled_timestamp":1733410320000,"ft_is_entry":true,"ft_order_tag":"","cost":20.027290062000002},{"amount":0.00019,"safe_price":103429.64,"ft_order_side":"sell","order_filled_timestamp":1733410500000,"ft_is_entry":false,"ft_order_tag":"custom_exit","cost":20.044664232000002}],"funding_fees":0.0},{"pair":"BTC/USDT","stake_amount":19.1208419,"max_stake_amount":19.1208419,"amount":0.00019,"open_date":"2024-12-06 17:45:00+00:00","close_date":"2024-12-06 17:48:00+00:00","open_rate":100636.01,"close_rate":100536.01,"fee_open":0.02,"fee_close":0.02,"trade_duration":3,"profit_ratio":-0.04017039872795847,"profit_abs":-0.78345368,"exit_reason":"custom_exit","initial_stop_loss_abs":70445.21,"initial_stop_loss_ratio":-0.3,"stop_loss_abs":70445.21,"stop_loss_ratio":-0.3,"min_rate":100145.63,"max_rate":100788.76,"is_open":false,"enter_tag":"","leverage":1.0,"is_short":false,"open_timestamp":1733507100000,"close_timestamp":1733507280000,"orders":[{"amount":0.00019,"safe_price":100636.01,"ft_order_side":"buy","order_filled_timestamp":1733507100000,"ft_is_entry":true,"ft_order_tag":"","cost":19.503258738},{"amount":0.00019,"safe_price":100536.01,"ft_order_side":"sell","order_filled_timestamp":1733507280000,"ft_is_entry":false,"ft_order_tag":"custom_exit","cost":19.483878738}],"funding_fees":0.0},{"pair":"BTC/USDT","stake_amount":19.2317981,"max_stake_amount":19.2317981,"amount":0.00019,"open_date":"2024-12-06 17:51:00+00:00","close_date":"2024-12-06 18:07:00+00:00","open_rate":101219.99,"close_rate":101132.01,"fee_open":0.02,"fee_close":0.02,"trade_duration":16,"profit_ratio":-0.04005079605787936,"profit_abs":-0.7856538,"exit_reason":"custom_exit","initial_stop_loss_abs":70854.0,"initial_stop_loss_ratio":-0.3,"stop_loss_abs":70854.0,"stop_loss_ratio":-0.3,"min_rate":100588.23,"max_rate":101428.52,"is_open":false,"enter_tag":"","leverage":1.0,"is_short":false,"open_timestamp":1733507460000,"close_timestamp":1733508420000,"orders":[{"amount":0.00019,"safe_price":101219.99,"ft_order_side":"buy","order_filled_timestamp":1733507460000,"ft_is_entry":true,"ft_order_tag":"","cost":19.616434062000003},{"amount":0.00019,"safe_price":101132.01,"ft_order_side":"sell","order_filled_timestamp":1733508420000,"ft_is_entry":false,"ft_order_tag":"custom_exit","cost":19.599383538}],"funding_fees":0.0},{"pair":"BTC/USDT","stake_amount":19.34352,"max_stake_amount":19.34352,"amount":0.00019,"open_date":"2024-12-06 20:32:00+00:00","close_date":"2024-12-06 22:57:00+00:00","open_rate":101808.0,"close_rate":100469.67,"fee_open":0.02,"fee_close":0.02,"trade_duration":145,"profit_ratio":-0.05184579875317621,"profit_abs":-1.02293785,"exit_reason":"custom_exit","initial_stop_loss_abs":71265.6,"initial_stop_loss_ratio":-0.3,"stop_loss_abs":71265.6,"stop_loss_ratio":-0.3,"min_rate":100290.9,"max_rate":101898.99,"is_open":false,"enter_tag":"","leverage":1.0,"is_short":false,"open_timestamp":1733517120000,"close_timestamp":1733525820000,"orders":[{"amount":0.00019,"safe_price":101808.0,"ft_order_side":"buy","order_filled_timestamp":1733517120000,"ft_is_entry":true,"ft_order_tag":"","cost":19.7303904},{"amount":0.00019,"safe_price":100469.67,"ft_order_side":"sell","order_filled_timestamp":1733525820000,"ft_is_entry":false,"ft_order_tag":"custom_exit","cost":19.471022046}],"funding_fees":0.0},{"pair":"BTC/USDT","stake_amount":19.973462,"max_stake_amount":19.973462,"amount":0.0002,"open_date":"2024-12-07 18:43:00+00:00","close_date":"2024-12-07 18:44:00+00:00","open_rate":99867.31,"close_rate":99792.01,"fee_open":0.02,"fee_close":0.02,"trade_duration":1,"profit_ratio":-0.0399401181113494,"profit_abs":-0.81369728,"exit_reason":"custom_exit","initial_stop_loss_abs":69907.12,"initial_stop_loss_ratio":-0.3,"stop_loss_abs":69907.12,"stop_loss_ratio":-0.3,"min_rate":99792.0,"max_rate":99990.0,"is_open":false,"enter_tag":"","leverage":1.0,"is_short":false,"open_timestamp":1733596980000,"close_timestamp":1733597040000,"orders":[{"amount":0.0002,"safe_price":99867.31,"ft_order_side":"buy","order_filled_timestamp":1733596980000,"ft_is_entry":true,"ft_order_tag":"","cost":20.372931240000003},{"amount":0.0002,"safe_price":99792.01,"ft_order_side":"sell","order_filled_timestamp":1733597040000,"ft_is_entry":false,"ft_order_tag":"custom_exit","cost":20.35757004}],"funding_fees":0.0},{"pair":"BTC/USDT","stake_amount":19.996,"max_stake_amount":19.996,"amount":0.0002,"open_date":"2024-12-07 18:45:00+00:00","close_date":"2024-12-07 18:47:00+00:00","open_rate":99980.0,"close_rate":100006.91,"fee_open":0.02,"fee_close":0.02,"trade_duration":2,"profit_ratio":-0.038957087495930555,"profit_abs":-0.79456564,"exit_reason":"custom_exit","initial_stop_loss_abs":69986.0,"initial_stop_loss_ratio":-0.3,"stop_loss_abs":69986.0,"stop_loss_ratio":-0.3,"min_rate":99925.34,"max_rate":100042.43,"is_open":false,"enter_tag":"","leverage":1.0,"is_short":false,"open_timestamp":1733597100000,"close_timestamp":1733597220000,"orders":[{"amount":0.0002,"safe_price":99980.0,"ft_order_side":"buy","order_filled_timestamp":1733597100000,"ft_is_entry":true,"ft_order_tag":"","cost":20.395920000000004},{"amount":0.0002,"safe_price":100006.91,"ft_order_side":"sell","order_filled_timestamp":1733597220000,"ft_is_entry":false,"ft_order_tag":"custom_exit","cost":20.401409640000004}],"funding_fees":0.0},{"pair":"BTC/USDT","stake_amount":19.0369778,"max_stake_amount":19.0369778,"amount":0.00019,"open_date":"2024-12-07 18:54:00+00:00","close_date":"2024-12-07 19:10:00+00:00","open_rate":100194.62,"close_rate":100196.45,"fee_open":0.02,"fee_close":0.02,"trade_duration":16,"profit_ratio":-0.03919813827987413,"profit_abs":-0.76113837,"exit_reason":"custom_exit","initial_stop_loss_abs":70136.24,"initial_stop_loss_ratio":-0.3,"stop_loss_abs":70136.24,"stop_loss_ratio":-0.3,"min_rate":100064.18,"max_rate":100262.35,"is_open":false,"enter_tag":"","leverage":1.0,"is_short":false,"open_timestamp":1733597640000,"close_timestamp":1733598600000,"orders":[{"amount":0.00019,"safe_price":100194.62,"ft_order_side":"buy","order_filled_timestamp":1733597640000,"ft_is_entry":true,"ft_order_tag":"","cost":19.417717356},{"amount":0.00019,"safe_price":100196.45,"ft_order_side":"sell","order_filled_timestamp":1733598600000,"ft_is_entry":false,"ft_order_tag":"custom_exit","cost":19.418072010000003}],"funding_fees":0.0},{"pair":"BTC/USDT","stake_amount":19.0646,"max_stake_amount":19.0646,"amount":0.00019,"open_date":"2024-12-07 20:23:00+00:00","close_date":"2024-12-07 21:01:00+00:00","open_rate":100340.0,"close_rate":100329.99,"fee_open":0.02,"fee_close":0.02,"trade_duration":38,"profit_ratio":-0.039311534796141,"profit_abs":-0.76444786,"exit_reason":"custom_exit","initial_stop_loss_abs":70238.0,"initial_stop_loss_ratio":-0.3,"stop_loss_abs":70238.0,"stop_loss_ratio":-0.3,"min_rate":100148.01,"max_rate":100401.03,"is_open":false,"enter_tag":"","leverage":1.0,"is_short":false,"open_timestamp":1733602980000,"close_timestamp":1733605260000,"orders":[{"amount":0.00019,"safe_price":100340.0,"ft_order_side":"buy","order_filled_timestamp":1733602980000,"ft_is_entry":true,"ft_order_tag":"","cost":19.445892000000004},{"amount":0.00019,"safe_price":100329.99,"ft_order_side":"sell","order_filled_timestamp":1733605260000,"ft_is_entry":false,"ft_order_tag":"custom_exit","cost":19.443952062}],"funding_fees":0.0},{"pair":"BTC/USDT","stake_amount":19.0761938,"max_stake_amount":19.0761938,"amount":0.00019,"open_date":"2024-12-07 21:02:00+00:00","close_date":"2024-12-08 07:39:00+00:00","open_rate":100401.02,"close_rate":99794.1,"fee_open":0.02,"fee_close":0.02,"trade_duration":637,"profit_ratio":-0.04502358779110903,"profit_abs":-0.87605626,"exit_reason":"custom_exit","initial_stop_loss_abs":70280.72,"initial_stop_loss_ratio":-0.3,"stop_loss_abs":70280.72,"stop_loss_ratio":-0.3,"min_rate":99336.0,"max_rate":100439.18,"is_open":false,"enter_tag":"","leverage":1.0,"is_short":false,"open_timestamp":1733605320000,"close_timestamp":1733643540000,"orders":[{"amount":0.00019,"safe_price":100401.02,"ft_order_side":"buy","order_filled_timestamp":1733605320000,"ft_is_entry":true,"ft_order_tag":"","cost":19.457717676},{"amount":0.00019,"safe_price":99794.1,"ft_order_side":"sell","order_filled_timestamp":1733643540000,"ft_is_entry":false,"ft_order_tag":"custom_exit","cost":19.34009658}],"funding_fees":0.0},{"pair":"BTC/USDT","stake_amount":19.0904438,"max_stake_amount":19.0904438,"amount":0.00019,"open_date":"2024-12-08 13:58:00+00:00","close_date":"2024-12-08 23:20:00+00:00","open_rate":100476.02,"close_rate":100449.64,"fee_open":0.02,"fee_close":0.02,"trade_duration":562,"profit_ratio":-0.03946794049910982,"profit_abs":-0.76852971,"exit_reason":"custom_exit","initial_stop_loss_abs":70333.22,"initial_stop_loss_ratio":-0.3,"stop_loss_abs":70333.22,"stop_loss_ratio":-0.3,"min_rate":99357.16,"max_rate":100680.0,"is_open":false,"enter_tag":"","leverage":1.0,"is_short":false,"open_timestamp":1733666280000,"close_timestamp":1733700000000,"orders":[{"amount":0.00019,"safe_price":100476.02,"ft_order_side":"buy","order_filled_timestamp":1733666280000,"ft_is_entry":true,"ft_order_tag":"","cost":19.472252676000004},{"amount":0.00019,"safe_price":100449.64,"ft_order_side":"sell","order_filled_timestamp":1733700000000,"ft_is_entry":false,"ft_order_tag":"custom_exit","cost":19.467140232}],"funding_fees":0.0},{"pair":"BTC/USDT","stake_amount":19.614034,"max_stake_amount":19.614034,"amount":0.0002,"open_date":"2024-12-11 08:32:00+00:00","close_date":"2024-12-11 08:38:00+00:00","open_rate":98070.17,"close_rate":98100.01,"fee_open":0.02,"fee_close":0.02,"trade_duration":6,"profit_ratio":-0.038923346576092144,"profit_abs":-0.77871272,"exit_reason":"custom_exit","initial_stop_loss_abs":68649.12,"initial_stop_loss_ratio":-0.3,"stop_loss_abs":68649.12,"stop_loss_ratio":-0.3,"min_rate":97984.0,"max_rate":98169.82,"is_open":false,"enter_tag":"","leverage":1.0,"is_short":false,"open_timestamp":1733905920000,"close_timestamp":1733906280000,"orders":[{"amount":0.0002,"safe_price":98070.17,"ft_order_side":"buy","order_filled_timestamp":1733905920000,"ft_is_entry":true,"ft_order_tag":"","cost":20.00631468},{"amount":0.0002,"safe_price":98100.01,"ft_order_side":"sell","order_filled_timestamp":1733906280000,"ft_is_entry":false,"ft_order_tag":"custom_exit","cost":20.01240204}],"funding_fees":0.0},{"pair":"BTC/USDT","stake_amount":19.66896,"max_stake_amount":19.66896,"amount":0.0002,"open_date":"2024-12-11 08:44:00+00:00","close_date":"2024-12-11 08:44:00+00:00","open_rate":98344.8,"close_rate":98344.8,"fee_open":0.02,"fee_close":0.02,"trade_duration":0,"profit_ratio":-0.0392156862745098,"profit_abs":-0.7867584,"exit_reason":"custom_exit","initial_stop_loss_abs":68841.36,"initial_stop_loss_ratio":-0.3,"stop_loss_abs":68841.36,"stop_loss_ratio":-0.3,"min_rate":98321.3,"max_rate":98472.57,"is_open":false,"enter_tag":"","leverage":1.0,"is_short":false,"open_timestamp":1733906640000,"close_timestamp":1733906640000,"orders":[{"amount":0.0002,"safe_price":98344.8,"ft_order_side":"buy","order_filled_timestamp":1733906640000,"ft_is_entry":true,"ft_order_tag":"","cost":20.062339200000004},{"amount":0.0002,"safe_price":98344.8,"ft_order_side":"sell","order_filled_timestamp":1733906640000,"ft_is_entry":false,"ft_order_tag":"custom_exit","cost":20.062339200000004}],"funding_fees":0.0},{"pair":"BTC/USDT","stake_amount":19.691682,"max_stake_amount":19.691682,"amount":0.0002,"open_date":"2024-12-11 08:45:00+00:00","close_date":"2024-12-11 13:30:00+00:00","open_rate":98458.41,"close_rate":98375.99,"fee_open":0.02,"fee_close":0.02,"trade_duration":285,"profit_ratio":-0.04001996336102029,"profit_abs":-0.8038216,"exit_reason":"custom_exit","initial_stop_loss_abs":68920.89,"initial_stop_loss_ratio":-0.3,"stop_loss_abs":68920.89,"stop_loss_ratio":-0.3,"min_rate":97757.44,"max_rate":98799.99,"is_open":false,"enter_tag":"","leverage":1.0,"is_short":false,"open_timestamp":1733906700000,"close_timestamp":1733923800000,"orders":[{"amount":0.0002,"safe_price":98458.41,"ft_order_side":"buy","order_filled_timestamp":1733906700000,"ft_is_entry":true,"ft_order_tag":"","cost":20.08551564},{"amount":0.0002,"safe_price":98375.99,"ft_order_side":"sell","order_filled_timestamp":1733923800000,"ft_is_entry":false,"ft_order_tag":"custom_exit","cost":20.068701960000002}],"funding_fees":0.0},{"pair":"BTC/USDT","stake_amount":19.743146,"max_stake_amount":19.743146,"amount":0.0002,"open_date":"2024-12-11 13:31:00+00:00","close_date":"2024-12-11 13:31:00+00:00","open_rate":98715.73,"close_rate":98715.73,"fee_open":0.02,"fee_close":0.02,"trade_duration":0,"profit_ratio":-0.0392156862745098,"profit_abs":-0.78972584,"exit_reason":"custom_exit","initial_stop_loss_abs":69101.02,"initial_stop_loss_ratio":-0.3,"stop_loss_abs":69101.02,"stop_loss_ratio":-0.3,"min_rate":98602.06,"max_rate":98800.0,"is_open":false,"enter_tag":"","leverage":1.0,"is_short":false,"open_timestamp":1733923860000,"close_timestamp":1733923860000,"orders":[{"amount":0.0002,"safe_price":98715.73,"ft_order_side":"buy","order_filled_timestamp":1733923860000,"ft_is_entry":true,"ft_order_tag":"","cost":20.13800892},{"amount":0.0002,"safe_price":98715.73,"ft_order_side":"sell","order_filled_timestamp":1733923860000,"ft_is_entry":false,"ft_order_tag":"custom_exit","cost":20.13800892}],"funding_fees":0.0},{"pair":"BTC/USDT","stake_amount":19.752638,"max_stake_amount":19.752638,"amount":0.0002,"open_date":"2024-12-11 13:32:00+00:00","close_date":"2024-12-11 13:32:00+00:00","open_rate":98763.19,"close_rate":98763.19,"fee_open":0.02,"fee_close":0.02,"trade_duration":0,"profit_ratio":-0.0392156862745098,"profit_abs":-0.79010552,"exit_reason":"custom_exit","initial_stop_loss_abs":69134.24,"initial_stop_loss_ratio":-0.3,"stop_loss_abs":69134.24,"stop_loss_ratio":-0.3,"min_rate":98700.0,"max_rate":98861.66,"is_open":false,"enter_tag":"","leverage":1.0,"is_short":false,"open_timestamp":1733923920000,"close_timestamp":1733923920000,"orders":[{"amount":0.0002,"safe_price":98763.19,"ft_order_side":"buy","order_filled_timestamp":1733923920000,"ft_is_entry":true,"ft_order_tag":"","cost":20.14769076},{"amount":0.0002,"safe_price":98763.19,"ft_order_side":"sell","order_filled_timestamp":1733923920000,"ft_is_entry":false,"ft_order_tag":"custom_exit","cost":20.14769076}],"funding_fees":0.0},{"pair":"BTC/USDT","stake_amount":19.768002,"max_stake_amount":19.768002,"amount":0.0002,"open_date":"2024-12-11 13:33:00+00:00","close_date":"2024-12-11 14:36:00+00:00","open_rate":98840.01,"close_rate":98911.76,"fee_open":0.02,"fee_close":0.02,"trade_duration":63,"profit_ratio":-0.03851823314282959,"profit_abs":-0.77665708,"exit_reason":"custom_exit","initial_stop_loss_abs":69188.01,"initial_stop_loss_ratio":-0.3,"stop_loss_abs":69188.01,"stop_loss_ratio":-0.3,"min_rate":98168.2,"max_rate":98938.41,"is_open":false,"enter_tag":"","leverage":1.0,"is_short":false,"open_timestamp":1733923980000,"close_timestamp":1733927760000,"orders":[{"amount":0.0002,"safe_price":98840.01,"ft_order_side":"buy","order_filled_timestamp":1733923980000,"ft_is_entry":true,"ft_order_tag":"","cost":20.16336204},{"amount":0.0002,"safe_price":98911.76,"ft_order_side":"sell","order_filled_timestamp":1733927760000,"ft_is_entry":false,"ft_order_tag":"custom_exit","cost":20.17799904}],"funding_fees":0.0},{"pair":"BTC/USDT","stake_amount":19.806582,"max_stake_amount":19.806582,"amount":0.0002,"open_date":"2024-12-11 14:46:00+00:00","close_date":"2024-12-11 14:46:00+00:00","open_rate":99032.91,"close_rate":99032.91,"fee_open":0.02,"fee_close":0.02,"trade_duration":0,"profit_ratio":-0.0392156862745098,"profit_abs":-0.79226328,"exit_reason":"custom_exit","initial_stop_loss_abs":69323.04,"initial_stop_loss_ratio":-0.3,"stop_loss_abs":69323.04,"stop_loss_ratio":-0.3,"min_rate":99003.86,"max_rate":99152.0,"is_open":false,"enter_tag":"","leverage":1.0,"is_short":false,"open_timestamp":1733928360000,"close_timestamp":1733928360000,"orders":[{"amount":0.0002,"safe_price":99032.91,"ft_order_side":"buy","order_filled_timestamp":1733928360000,"ft_is_entry":true,"ft_order_tag":"","cost":20.202713640000002},{"amount":0.0002,"safe_price":99032.91,"ft_order_side":"sell","order_filled_timestamp":1733928360000,"ft_is_entry":false,"ft_order_tag":"custom_exit","cost":20.202713640000002}],"funding_fees":0.0},{"pair":"BTC/USDT","stake_amount":19.851202,"max_stake_amount":19.851202,"amount":0.0002,"open_date":"2024-12-11 14:48:00+00:00","close_date":"2024-12-11 14:50:00+00:00","open_rate":99256.01,"close_rate":99200.01,"fee_open":0.02,"fee_close":0.02,"trade_duration":2,"profit_ratio":-0.03975775845299681,"profit_abs":-0.80502408,"exit_reason":"custom_exit","initial_stop_loss_abs":69479.21,"initial_stop_loss_ratio":-0.3,"stop_loss_abs":69479.21,"stop_loss_ratio":-0.3,"min_rate":99153.18,"max_rate":99388.0,"is_open":false,"enter_tag":"","leverage":1.0,"is_short":false,"open_timestamp":1733928480000,"close_timestamp":1733928600000,"orders":[{"amount":0.0002,"safe_price":99256.01,"ft_order_side":"buy","order_filled_timestamp":1733928480000,"ft_is_entry":true,"ft_order_tag":"","cost":20.248226040000002},{"amount":0.0002,"safe_price":99200.01,"ft_order_side":"sell","order_filled_timestamp":1733928600000,"ft_is_entry":false,"ft_order_tag":"custom_exit","cost":20.236802039999997}],"funding_fees":0.0},{"pair":"BTC/USDT","stake_amount":19.955626,"max_stake_amount":19.955626,"amount":0.0002,"open_date":"2024-12-11 15:08:00+00:00","close_date":"2024-12-11 15:12:00+00:00","open_rate":99778.13,"close_rate":99879.0,"fee_open":0.02,"fee_close":0.02,"trade_duration":4,"profit_ratio":-0.03824438811803513,"profit_abs":-0.77845452,"exit_reason":"custom_exit","initial_stop_loss_abs":69844.7,"initial_stop_loss_ratio":-0.3,"stop_loss_abs":69844.7,"stop_loss_ratio":-0.3,"min_rate":99638.95,"max_rate":99924.0,"is_open":false,"enter_tag":"","leverage":1.0,"is_short":false,"open_timestamp":1733929680000,"close_timestamp":1733929920000,"orders":[{"amount":0.0002,"safe_price":99778.13,"ft_order_side":"buy","order_filled_timestamp":1733929680000,"ft_is_entry":true,"ft_order_tag":"","cost":20.35473852},{"amount":0.0002,"safe_price":99879.0,"ft_order_side":"sell","order_filled_timestamp":1733929920000,"ft_is_entry":false,"ft_order_tag":"custom_exit","cost":20.375316}],"funding_fees":0.0},{"pair":"BTC/USDT","stake_amount":19.0547238,"max_stake_amount":19.0547238,"amount":0.00019,"open_date":"2024-12-11 15:22:00+00:00","close_date":"2024-12-11 15:23:00+00:00","open_rate":100288.02,"close_rate":100345.6,"fee_open":0.02,"fee_close":0.02,"trade_duration":1,"profit_ratio":-0.038664055679504754,"profit_abs":-0.75146756,"exit_reason":"custom_exit","initial_stop_loss_abs":70201.62,"initial_stop_loss_ratio":-0.3,"stop_loss_abs":70201.62,"stop_loss_ratio":-0.3,"min_rate":100176.0,"max_rate":100442.01,"is_open":false,"enter_tag":"","leverage":1.0,"is_short":false,"open_timestamp":1733930520000,"close_timestamp":1733930580000,"orders":[{"amount":0.00019,"safe_price":100288.02,"ft_order_side":"buy","order_filled_timestamp":1733930520000,"ft_is_entry":true,"ft_order_tag":"","cost":19.435818276000003},{"amount":0.00019,"safe_price":100345.6,"ft_order_side":"sell","order_filled_timestamp":1733930580000,"ft_is_entry":false,"ft_order_tag":"custom_exit","cost":19.446977280000002}],"funding_fees":0.0},{"pair":"BTC/USDT","stake_amount":19.1915827,"max_stake_amount":19.1915827,"amount":0.00019,"open_date":"2024-12-11 16:24:00+00:00","close_date":"2024-12-11 19:50:00+00:00","open_rate":101008.33,"close_rate":101013.89,"fee_open":0.02,"fee_close":0.02,"trade_duration":206,"profit_ratio":-0.03916280013982686,"profit_abs":-0.76662804,"exit_reason":"custom_exit","initial_stop_loss_abs":70705.84,"initial_stop_loss_ratio":-0.3,"stop_loss_abs":70705.84,"stop_loss_ratio":-0.3,"min_rate":99608.23,"max_rate":101133.34,"is_open":false,"enter_tag":"","leverage":1.0,"is_short":false,"open_timestamp":1733934240000,"close_timestamp":1733946600000,"orders":[{"amount":0.00019,"safe_price":101008.33,"ft_order_side":"buy","order_filled_timestamp":1733934240000,"ft_is_entry":true,"ft_order_tag":"","cost":19.575414354000003},{"amount":0.00019,"safe_price":101013.89,"ft_order_side":"sell","order_filled_timestamp":1733946600000,"ft_is_entry":false,"ft_order_tag":"custom_exit","cost":19.576491882000003}],"funding_fees":0.0},{"pair":"BTC/USDT","stake_amount":19.2394,"max_stake_amount":19.2394,"amount":0.00019,"open_date":"2024-12-11 20:01:00+00:00","close_date":"2024-12-11 20:02:00+00:00","open_rate":101260.0,"close_rate":101227.98,"fee_open":0.02,"fee_close":0.02,"trade_duration":1,"profit_ratio":-0.039519501138085306,"profit_abs":-0.77553812,"exit_reason":"custom_exit","initial_stop_loss_abs":70882.0,"initial_stop_loss_ratio":-0.3,"stop_loss_abs":70882.0,"stop_loss_ratio":-0.3,"min_rate":101142.14,"max_rate":101385.0,"is_open":false,"enter_tag":"","leverage":1.0,"is_short":false,"open_timestamp":1733947260000,"close_timestamp":1733947320000,"orders":[{"amount":0.00019,"safe_price":101260.0,"ft_order_side":"buy","order_filled_timestamp":1733947260000,"ft_is_entry":true,"ft_order_tag":"","cost":19.624188},{"amount":0.00019,"safe_price":101227.98,"ft_order_side":"sell","order_filled_timestamp":1733947320000,"ft_is_entry":false,"ft_order_tag":"custom_exit","cost":19.617982524000002}],"funding_fees":0.0},{"pair":"BTC/USDT","stake_amount":19.25232,"max_stake_amount":19.25232,"amount":0.00019,"open_date":"2024-12-11 20:03:00+00:00","close_date":"2024-12-11 20:28:00+00:00","open_rate":101328.0,"close_rate":101379.99,"fee_open":0.02,"fee_close":0.02,"trade_duration":25,"profit_ratio":-0.03872272098564092,"profit_abs":-0.76041226,"exit_reason":"custom_exit","initial_stop_loss_abs":70929.6,"initial_stop_loss_ratio":-0.3,"stop_loss_abs":70929.6,"stop_loss_ratio":-0.3,"min_rate":101024.75,"max_rate":101509.72,"is_open":false,"enter_tag":"","leverage":1.0,"is_short":false,"open_timestamp":1733947380000,"close_timestamp":1733948880000,"orders":[{"amount":0.00019,"safe_price":101328.0,"ft_order_side":"buy","order_filled_timestamp":1733947380000,"ft_is_entry":true,"ft_order_tag":"","cost":19.6373664},{"amount":0.00019,"safe_price":101379.99,"ft_order_side":"sell","order_filled_timestamp":1733948880000,"ft_is_entry":false,"ft_order_tag":"custom_exit","cost":19.647442062000003}],"funding_fees":0.0},{"pair":"BTC/USDT","stake_amount":19.3374381,"max_stake_amount":19.3374381,"amount":0.00019,"open_date":"2024-12-11 22:07:00+00:00","close_date":"2024-12-11 22:10:00+00:00","open_rate":101775.99,"close_rate":101839.99,"fee_open":0.02,"fee_close":0.02,"trade_duration":3,"profit_ratio":-0.03861151414394869,"profit_abs":-0.76158072,"exit_reason":"custom_exit","initial_stop_loss_abs":71243.2,"initial_stop_loss_ratio":-0.3,"stop_loss_abs":71243.2,"stop_loss_ratio":-0.3,"min_rate":101708.16,"max_rate":101888.0,"is_open":false,"enter_tag":"","leverage":1.0,"is_short":false,"open_timestamp":1733954820000,"close_timestamp":1733955000000,"orders":[{"amount":0.00019,"safe_price":101775.99,"ft_order_side":"buy","order_filled_timestamp":1733954820000,"ft_is_entry":true,"ft_order_tag":"","cost":19.724186862000003},{"amount":0.00019,"safe_price":101839.99,"ft_order_side":"sell","order_filled_timestamp":1733955000000,"ft_is_entry":false,"ft_order_tag":"custom_exit","cost":19.736590062}],"funding_fees":0.0},{"pair":"BTC/USDT","stake_amount":19.2093914,"max_stake_amount":19.2093914,"amount":0.00019,"open_date":"2024-12-12 09:06:00+00:00","close_date":"2024-12-12 13:18:00+00:00","open_rate":101102.06,"close_rate":101040.86,"fee_open":0.02,"fee_close":0.02,"trade_duration":252,"profit_ratio":-0.039797277002135284,"profit_abs":-0.7797711,"exit_reason":"custom_exit","initial_stop_loss_abs":70771.45,"initial_stop_loss_ratio":-0.3,"stop_loss_abs":70771.45,"stop_loss_ratio":-0.3,"min_rate":100178.32,"max_rate":101254.41,"is_open":false,"enter_tag":"","leverage":1.0,"is_short":false,"open_timestamp":1733994360000,"close_timestamp":1734009480000,"orders":[{"amount":0.00019,"safe_price":101102.06,"ft_order_side":"buy","order_filled_timestamp":1733994360000,"ft_is_entry":true,"ft_order_tag":"","cost":19.593579228000003},{"amount":0.00019,"safe_price":101040.86,"ft_order_side":"sell","order_filled_timestamp":1734009480000,"ft_is_entry":false,"ft_order_tag":"custom_exit","cost":19.581718668}],"funding_fees":0.0},{"pair":"BTC/USDT","stake_amount":19.238336,"max_stake_amount":19.238336,"amount":0.00019,"open_date":"2024-12-12 13:19:00+00:00","close_date":"2024-12-12 13:20:00+00:00","open_rate":101254.4,"close_rate":101311.24,"fee_open":0.02,"fee_close":0.02,"trade_duration":1,"profit_ratio":-0.03867634190318299,"profit_abs":-0.75894983,"exit_reason":"custom_exit","initial_stop_loss_abs":70878.08,"initial_stop_loss_ratio":-0.3,"stop_loss_abs":70878.08,"stop_loss_ratio":-0.3,"min_rate":101161.97,"max_rate":101435.04,"is_open":false,"enter_tag":"","leverage":1.0,"is_short":false,"open_timestamp":1734009540000,"close_timestamp":1734009600000,"orders":[{"amount":0.00019,"safe_price":101254.4,"ft_order_side":"buy","order_filled_timestamp":1734009540000,"ft_is_entry":true,"ft_order_tag":"","cost":19.623102720000002},{"amount":0.00019,"safe_price":101311.24,"ft_order_side":"sell","order_filled_timestamp":1734009600000,"ft_is_entry":false,"ft_order_tag":"custom_exit","cost":19.634118312000002}],"funding_fees":0.0},{"pair":"BTC/USDT","stake_amount":19.2726576,"max_stake_amount":19.2726576,"amount":0.00019,"open_date":"2024-12-12 13:21:00+00:00","close_date":"2024-12-12 13:21:00+00:00","open_rate":101435.04,"close_rate":101435.04,"fee_open":0.02,"fee_close":0.02,"trade_duration":0,"profit_ratio":-0.03921568607103146,"profit_abs":-0.7709063,"exit_reason":"custom_exit","initial_stop_loss_abs":71004.53,"initial_stop_loss_ratio":-0.3,"stop_loss_abs":71004.53,"stop_loss_ratio":-0.3,"min_rate":101337.84,"max_rate":101545.78,"is_open":false,"enter_tag":"","leverage":1.0,"is_short":false,"open_timestamp":1734009660000,"close_timestamp":1734009660000,"orders":[{"amount":0.00019,"safe_price":101435.04,"ft_order_side":"buy","order_filled_timestamp":1734009660000,"ft_is_entry":true,"ft_order_tag":"","cost":19.658110752},{"amount":0.00019,"safe_price":101435.04,"ft_order_side":"sell","order_filled_timestamp":1734009660000,"ft_is_entry":false,"ft_order_tag":"custom_exit","cost":19.658110752}],"funding_fees":0.0},{"pair":"BTC/USDT","stake_amount":19.2754449,"max_stake_amount":19.2754449,"amount":0.00019,"open_date":"2024-12-12 13:22:00+00:00","close_date":"2024-12-12 13:30:00+00:00","open_rate":101449.71,"close_rate":101254.06,"fee_open":0.02,"fee_close":0.02,"trade_duration":8,"profit_ratio":-0.04106859912778683,"profit_abs":-0.80744783,"exit_reason":"custom_exit","initial_stop_loss_abs":71014.8,"initial_stop_loss_ratio":-0.3,"stop_loss_abs":71014.8,"stop_loss_ratio":-0.3,"min_rate":101168.0,"max_rate":101541.83,"is_open":false,"enter_tag":"","leverage":1.0,"is_short":false,"open_timestamp":1734009720000,"close_timestamp":1734010200000,"orders":[{"amount":0.00019,"safe_price":101449.71,"ft_order_side":"buy","order_filled_timestamp":1734009720000,"ft_is_entry":true,"ft_order_tag":"","cost":19.660953798000005},{"amount":0.00019,"safe_price":101254.06,"ft_order_side":"sell","order_filled_timestamp":1734010200000,"ft_is_entry":false,"ft_order_tag":"custom_exit","cost":19.623036828000004}],"funding_fees":0.0},{"pair":"BTC/USDT","stake_amount":19.26296,"max_stake_amount":19.26296,"amount":0.00019,"open_date":"2024-12-12 14:22:00+00:00","close_date":"2024-12-12 14:31:00+00:00","open_rate":101384.0,"close_rate":101421.98,"fee_open":0.02,"fee_close":0.02,"trade_duration":9,"profit_ratio":-0.03885576154402838,"profit_abs":-0.76344652,"exit_reason":"custom_exit","initial_stop_loss_abs":70968.8,"initial_stop_loss_ratio":-0.3,"stop_loss_abs":70968.8,"stop_loss_ratio":-0.3,"min_rate":101260.66,"max_rate":101594.04,"is_open":false,"enter_tag":"","leverage":1.0,"is_short":false,"open_timestamp":1734013320000,"close_timestamp":1734013860000,"orders":[{"amount":0.00019,"safe_price":101384.0,"ft_order_side":"buy","order_filled_timestamp":1734013320000,"ft_is_entry":true,"ft_order_tag":"","cost":19.6482192},{"amount":0.00019,"safe_price":101421.98,"ft_order_side":"sell","order_filled_timestamp":1734013860000,"ft_is_entry":false,"ft_order_tag":"custom_exit","cost":19.655579724000003}],"funding_fees":0.0},{"pair":"BTC/USDT","stake_amount":19.3353215,"max_stake_amount":19.3353215,"amount":0.00019,"open_date":"2024-12-12 15:47:00+00:00","close_date":"2024-12-12 16:00:00+00:00","open_rate":101764.85,"close_rate":101797.14,"fee_open":0.02,"fee_close":0.02,"trade_duration":13,"profit_ratio":-0.03891082918672248,"profit_abs":-0.76740046,"exit_reason":"custom_exit","initial_stop_loss_abs":71235.4,"initial_stop_loss_ratio":-0.3,"stop_loss_abs":71235.4,"stop_loss_ratio":-0.3,"min_rate":101476.0,"max_rate":101999.0,"is_open":false,"enter_tag":"","leverage":1.0,"is_short":false,"open_timestamp":1734018420000,"close_timestamp":1734019200000,"orders":[{"amount":0.00019,"safe_price":101764.85,"ft_order_side":"buy","order_filled_timestamp":1734018420000,"ft_is_entry":true,"ft_order_tag":"","cost":19.722027930000003},{"amount":0.00019,"safe_price":101797.14,"ft_order_side":"sell","order_filled_timestamp":1734019200000,"ft_is_entry":false,"ft_order_tag":"custom_exit","cost":19.728285732}],"funding_fees":0.0},{"pair":"BTC/USDT","stake_amount":19.3749954,"max_stake_amount":19.3749954,"amount":0.00019,"open_date":"2024-12-12 16:01:00+00:00","close_date":"2024-12-12 16:01:00+00:00","open_rate":101973.66,"close_rate":101973.66,"fee_open":0.02,"fee_close":0.02,"trade_duration":0,"profit_ratio":-0.0392156864769134,"profit_abs":-0.77499982,"exit_reason":"custom_exit","initial_stop_loss_abs":71381.57,"initial_stop_loss_ratio":-0.3,"stop_loss_abs":71381.57,"stop_loss_ratio":-0.3,"min_rate":101816.01,"max_rate":102154.6,"is_open":false,"enter_tag":"","leverage":1.0,"is_short":false,"open_timestamp":1734019260000,"close_timestamp":1734019260000,"orders":[{"amount":0.00019,"safe_price":101973.66,"ft_order_side":"buy","order_filled_timestamp":1734019260000,"ft_is_entry":true,"ft_order_tag":"","cost":19.762495308000002},{"amount":0.00019,"safe_price":101973.66,"ft_order_side":"sell","order_filled_timestamp":1734019260000,"ft_is_entry":false,"ft_order_tag":"custom_exit","cost":19.762495308000002}],"funding_fees":0.0},{"pair":"BTC/USDT","stake_amount":19.3815181,"max_stake_amount":19.3815181,"amount":0.00019,"open_date":"2024-12-12 16:02:00+00:00","close_date":"2024-12-12 16:02:00+00:00","open_rate":102007.99,"close_rate":102007.99,"fee_open":0.02,"fee_close":0.02,"trade_duration":0,"profit_ratio":-0.03921568607217433,"profit_abs":-0.77526072,"exit_reason":"custom_exit","initial_stop_loss_abs":71405.6,"initial_stop_loss_ratio":-0.3,"stop_loss_abs":71405.6,"stop_loss_ratio":-0.3,"min_rate":101994.69,"max_rate":102298.65,"is_open":false,"enter_tag":"","leverage":1.0,"is_short":false,"open_timestamp":1734019320000,"close_timestamp":1734019320000,"orders":[{"amount":0.00019,"safe_price":102007.99,"ft_order_side":"buy","order_filled_timestamp":1734019320000,"ft_is_entry":true,"ft_order_tag":"","cost":19.769148462},{"amount":0.00019,"safe_price":102007.99,"ft_order_side":"sell","order_filled_timestamp":1734019320000,"ft_is_entry":false,"ft_order_tag":"custom_exit","cost":19.769148462}],"funding_fees":0.0},{"pair":"BTC/USDT","stake_amount":19.4286438,"max_stake_amount":19.4286438,"amount":0.00019,"open_date":"2024-12-12 16:03:00+00:00","close_date":"2024-12-12 16:06:00+00:00","open_rate":102256.02,"close_rate":102389.99,"fee_open":0.02,"fee_close":0.02,"trade_duration":3,"profit_ratio":-0.037956921615080595,"profit_abs":-0.75220054,"exit_reason":"custom_exit","initial_stop_loss_abs":71579.22,"initial_stop_loss_ratio":-0.3,"stop_loss_abs":71579.22,"stop_loss_ratio":-0.3,"min_rate":102040.0,"max_rate":102415.71,"is_open":false,"enter_tag":"","leverage":1.0,"is_short":false,"open_timestamp":1734019380000,"close_timestamp":1734019560000,"orders":[{"amount":0.00019,"safe_price":102256.02,"ft_order_side":"buy","order_filled_timestamp":1734019380000,"ft_is_entry":true,"ft_order_tag":"","cost":19.817216676000005},{"amount":0.00019,"safe_price":102389.99,"ft_order_side":"sell","order_filled_timestamp":1734019560000,"ft_is_entry":false,"ft_order_tag":"custom_exit","cost":19.843180062000002}],"funding_fees":0.0},{"pair":"BTC/USDT","stake_amount":19.4749981,"max_stake_amount":19.4749981,"amount":0.00019,"open_date":"2024-12-12 16:16:00+00:00","close_date":"2024-12-14 01:25:00+00:00","open_rate":102499.99,"close_rate":102512.25,"fee_open":0.02,"fee_close":0.02,"trade_duration":1989,"profit_ratio":-0.039100766985188974,"profit_abs":-0.77671711,"exit_reason":"custom_exit","initial_stop_loss_abs":71750.0,"initial_stop_loss_ratio":-0.3,"stop_loss_abs":71750.0,"stop_loss_ratio":-0.3,"min_rate":99205.0,"max_rate":102623.06,"is_open":false,"enter_tag":"","leverage":1.0,"is_short":false,"open_timestamp":1734020160000,"close_timestamp":1734139500000,"orders":[{"amount":0.00019,"safe_price":102499.99,"ft_order_side":"buy","order_filled_timestamp":1734020160000,"ft_is_entry":true,"ft_order_tag":"","cost":19.864498062},{"amount":0.00019,"safe_price":102512.25,"ft_order_side":"sell","order_filled_timestamp":1734139500000,"ft_is_entry":false,"ft_order_tag":"custom_exit","cost":19.86687405}],"funding_fees":0.0},{"pair":"BTC/USDT","stake_amount":19.307724,"max_stake_amount":19.307724,"amount":0.00019,"open_date":"2024-12-14 16:57:00+00:00","close_date":"2024-12-14 17:10:00+00:00","open_rate":101619.6,"close_rate":101647.05,"fee_open":0.02,"fee_close":0.02,"trade_duration":13,"profit_ratio":-0.03895615435929104,"profit_abs":-0.76719777,"exit_reason":"custom_exit","initial_stop_loss_abs":71133.72,"initial_stop_loss_ratio":-0.3,"stop_loss_abs":71133.72,"stop_loss_ratio":-0.3,"min_rate":101608.99,"max_rate":101711.99,"is_open":false,"enter_tag":"","leverage":1.0,"is_short":false,"open_timestamp":1734195420000,"close_timestamp":1734196200000,"orders":[{"amount":0.00019,"safe_price":101619.6,"ft_order_side":"buy","order_filled_timestamp":1734195420000,"ft_is_entry":true,"ft_order_tag":"","cost":19.693878480000006},{"amount":0.00019,"safe_price":101647.05,"ft_order_side":"sell","order_filled_timestamp":1734196200000,"ft_is_entry":false,"ft_order_tag":"custom_exit","cost":19.699198290000002}],"funding_fees":0.0},{"pair":"BTC/USDT","stake_amount":19.3252762,"max_stake_amount":19.3252762,"amount":0.00019,"open_date":"2024-12-14 17:11:00+00:00","close_date":"2024-12-15 00:00:00+00:00","open_rate":101711.98,"close_rate":101420.0,"fee_open":0.02,"fee_close":0.02,"trade_duration":409,"profit_ratio":-0.0419737663284202,"profit_abs":-0.82737772,"exit_reason":"force_exit","initial_stop_loss_abs":71198.39,"initial_stop_loss_ratio":-0.3,"stop_loss_abs":71198.39,"stop_loss_ratio":-0.3,"min_rate":100609.41,"max_rate":101737.7,"is_open":false,"enter_tag":"","leverage":1.0,"is_short":false,"open_timestamp":1734196260000,"close_timestamp":1734220800000,"orders":[{"amount":0.00019,"safe_price":101711.98,"ft_order_side":"buy","order_filled_timestamp":1734196260000,"ft_is_entry":true,"ft_order_tag":"","cost":19.711781724},{"amount":0.00019,"safe_price":101420.0,"ft_order_side":"sell","order_filled_timestamp":1734220800000,"ft_is_entry":false,"ft_order_tag":"force_exit","cost":19.655196}],"funding_fees":0.0}],"locks":[],"best_pair":{"key":"BTC/USDT","trades":59,"profit_mean":-0.039543040088520325,"profit_mean_pct":-3.95,"profit_sum":-2.333039365222699,"profit_sum_pct":-233.3,"profit_total_abs":-46.30625683,"profit_total":-0.04630625683,"profit_total_pct":-4.63,"duration_avg":"1:43:00","wins":0,"draws":0,"losses":59,"winrate":0.0,"cagr":-0.7094897380879002,"expectancy":-0.7848518106779662,"expectancy_ratio":-1.0,"sortino":-1660.9902018422504,"sharpe":-1660.9902018422504,"calmar":-136.4640941038773,"sqn":-157.1125,"profit_factor":0.0,"max_drawdown_account":0.04630625682999994,"max_drawdown_abs":46.30625682999999},"worst_pair":{"key":"BTC/USDT","trades":59,"profit_mean":-0.039543040088520325,"profit_mean_pct":-3.95,"profit_sum":-2.333039365222699,"profit_sum_pct":-233.3,"profit_total_abs":-46.30625683,"profit_total":-0.04630625683,"profit_total_pct":-4.63,"duration_avg":"1:43:00","wins":0,"draws":0,"losses":59,"winrate":0.0,"cagr":-0.7094897380879002,"expectancy":-0.7848518106779662,"expectancy_ratio":-1.0,"sortino":-1660.9902018422504,"sharpe":-1660.9902018422504,"calmar":-136.4640941038773,"sqn":-157.1125,"profit_factor":0.0,"max_drawdown_account":0.04630625682999994,"max_drawdown_abs":46.30625682999999},"results_per_pair":[{"key":"BTC/USDT","trades":59,"profit_mean":-0.039543040088520325,"profit_mean_pct":-3.95,"profit_sum":-2.333039365222699,"profit_sum_pct":-233.3,"profit_total_abs":-46.30625683,"profit_total":-0.04630625683,"profit_total_pct":-4.63,"duration_avg":"1:43:00","wins":0,"draws":0,"losses":59,"winrate":0.0,"cagr":-0.7094897380879002,"expectancy":-0.7848518106779662,"expectancy_ratio":-1.0,"sortino":-1660.9902018422504,"sharpe":-1660.9902018422504,"calmar":-136.4640941038773,"sqn":-157.1125,"profit_factor":0.0,"max_drawdown_account":0.04630625682999994,"max_drawdown_abs":46.30625682999999},{"key":"TOTAL","trades":59,"profit_mean":-0.039543040088520325,"profit_mean_pct":-3.95,"profit_sum":-2.333039365222699,"profit_sum_pct":-233.3,"profit_total_abs":-46.30625683,"profit_total":-0.04630625683,"profit_total_pct":-4.63,"duration_avg":"1:43:00","wins":0,"draws":0,"losses":59,"winrate":0.0,"cagr":-0.7094897380879002,"expectancy":-0.7848518106779662,"expectancy_ratio":-1.0,"sortino":-1660.9902018422504,"sharpe":-1660.9902018422504,"calmar":-136.4640941038773,"sqn":-157.1125,"profit_factor":0.0,"max_drawdown_account":0.04630625682999994,"max_drawdown_abs":46.30625682999999}],"results_per_enter_tag":[{"key":"","trades":59,"profit_mean":-0.039543040088520325,"profit_mean_pct":-3.95,"profit_sum":-2.333039365222699,"profit_sum_pct":-233.3,"profit_total_abs":-46.30625683,"profit_total":-0.04630625683,"profit_total_pct":-4.63,"duration_avg":"1:43:00","wins":0,"draws":0,"losses":59,"winrate":0.0,"cagr":-0.7094897380879002,"expectancy":-0.7848518106779662,"expectancy_ratio":-1.0,"sortino":-1660.9902018422504,"sharpe":-1660.9902018422504,"calmar":-136.4640941038773,"sqn":-157.1125,"profit_factor":0.0,"max_drawdown_account":0.04630625682999994,"max_drawdown_abs":46.30625682999999},{"key":"TOTAL","trades":59,"profit_mean":-0.039543040088520325,"profit_mean_pct":-3.95,"profit_sum":-2.333039365222699,"profit_sum_pct":-233.3,"profit_total_abs":-46.30625683,"profit_total":-0.04630625683,"profit_total_pct":-4.63,"duration_avg":"1:43:00","wins":0,"draws":0,"losses":59,"winrate":0.0,"cagr":-0.7094897380879002,"expectancy":-0.7848518106779662,"expectancy_ratio":-1.0,"sortino":-1660.9902018422504,"sharpe":-1660.9902018422504,"calmar":-136.4640941038773,"sqn":-157.1125,"profit_factor":0.0,"max_drawdown_account":0.04630625682999994,"max_drawdown_abs":46.30625682999999}],"exit_reason_summary":[{"key":"force_exit","trades":1,"profit_mean":-0.0419737663284202,"profit_mean_pct":-4.2,"profit_sum":-0.0419737663284202,"profit_sum_pct":-4.2,"profit_total_abs":-0.82737772,"profit_total":-0.00082737772,"profit_total_pct":-0.08,"duration_avg":"6:49:00","wins":0,"draws":0,"losses":1,"winrate":0.0,"cagr":-0.021348668711277163,"expectancy":-0.82737772,"expectancy_ratio":-1.0,"sortino":-100,"sharpe":-100,"calmar":-136.46409410388395,"sqn":-100.0,"profit_factor":0.0,"max_drawdown_account":0.0008273777199999585,"max_drawdown_abs":0.82737772},{"key":"custom_exit","trades":58,"profit_mean":-0.0395011310154186,"profit_mean_pct":-3.95,"profit_sum":-2.2910655988942787,"profit_sum_pct":-229.11,"profit_total_abs":-45.47887911,"profit_total":-0.04547887911,"profit_total_pct":-4.55,"duration_avg":"1:38:00","wins":0,"draws":0,"losses":58,"winrate":0.0,"cagr":-0.7028469332117899,"expectancy":-0.7841186053448276,"expectancy_ratio":-1.0,"sortino":-1635.1370785123581,"sharpe":-1635.1370785123581,"calmar":-136.4640941038772,"sqn":-155.9715,"profit_factor":0.0,"max_drawdown_account":0.04547887910999998,"max_drawdown_abs":45.47887910999999},{"key":"TOTAL","trades":59,"profit_mean":-0.039543040088520325,"profit_mean_pct":-3.95,"profit_sum":-2.333039365222699,"profit_sum_pct":-233.3,"profit_total_abs":-46.30625683,"profit_total":-0.04630625683,"profit_total_pct":-4.63,"duration_avg":"1:43:00","wins":0,"draws":0,"losses":59,"winrate":0.0,"cagr":-0.7094897380879002,"expectancy":-0.7848518106779662,"expectancy_ratio":-1.0,"sortino":-1660.9902018422504,"sharpe":-1660.9902018422504,"calmar":-136.4640941038773,"sqn":-157.1125,"profit_factor":0.0,"max_drawdown_account":0.04630625682999994,"max_drawdown_abs":46.30625682999999}],"mix_tag_stats":[{"key":["","force_exit"],"trades":1,"profit_mean":-0.0419737663284202,"profit_mean_pct":-4.2,"profit_sum":-0.0419737663284202,"profit_sum_pct":-4.2,"profit_total_abs":-0.82737772,"profit_total":-0.00082737772,"profit_total_pct":-0.08,"duration_avg":"6:49:00","wins":0,"draws":0,"losses":1,"winrate":0.0,"cagr":-0.021348668711277163,"expectancy":-0.82737772,"expectancy_ratio":-1.0,"sortino":-100,"sharpe":-100,"calmar":-136.46409410388395,"sqn":-100.0,"profit_factor":0.0,"max_drawdown_account":0.0008273777199999585,"max_drawdown_abs":0.82737772},{"key":["","custom_exit"],"trades":58,"profit_mean":-0.0395011310154186,"profit_mean_pct":-3.95,"profit_sum":-2.2910655988942787,"profit_sum_pct":-229.11,"profit_total_abs":-45.47887911,"profit_total":-0.04547887911,"profit_total_pct":-4.55,"duration_avg":"1:38:00","wins":0,"draws":0,"losses":58,"winrate":0.0,"cagr":-0.7028469332117899,"expectancy":-0.7841186053448276,"expectancy_ratio":-1.0,"sortino":-1635.1370785123581,"sharpe":-1635.1370785123581,"calmar":-136.4640941038772,"sqn":-155.9715,"profit_factor":0.0,"max_drawdown_account":0.04547887910999998,"max_drawdown_abs":45.47887910999999},{"key":"TOTAL","trades":59,"profit_mean":-0.039543040088520325,"profit_mean_pct":-3.95,"profit_sum":-2.333039365222699,"profit_sum_pct":-233.3,"profit_total_abs":-46.30625683,"profit_total":-0.04630625683,"profit_total_pct":-4.63,"duration_avg":"1:43:00","wins":0,"draws":0,"losses":59,"winrate":0.0,"cagr":-0.7094897380879002,"expectancy":-0.7848518106779662,"expectancy_ratio":-1.0,"sortino":-1660.9902018422504,"sharpe":-1660.9902018422504,"calmar":-136.4640941038773,"sqn":-157.1125,"profit_factor":0.0,"max_drawdown_account":0.04630625682999994,"max_drawdown_abs":46.30625682999999}],"left_open_trades":[{"key":"BTC/USDT","trades":1,"profit_mean":-0.0419737663284202,"profit_mean_pct":-4.2,"profit_sum":-0.0419737663284202,"profit_sum_pct":-4.2,"profit_total_abs":-0.82737772,"profit_total":-0.00082737772,"profit_total_pct":-0.08,"duration_avg":"6:49:00","wins":0,"draws":0,"losses":1,"winrate":0.0,"cagr":-0.021348668711277163,"expectancy":-0.82737772,"expectancy_ratio":-1.0,"sortino":-100,"sharpe":-100,"calmar":-136.46409410388395,"sqn":-100.0,"profit_factor":0.0,"max_drawdown_account":0.0008273777199999585,"max_drawdown_abs":0.82737772},{"key":"TOTAL","trades":1,"profit_mean":-0.0419737663284202,"profit_mean_pct":-4.2,"profit_sum":-0.0419737663284202,"profit_sum_pct":-4.2,"profit_total_abs":-0.82737772,"profit_total":-0.00082737772,"profit_total_pct":-0.08,"duration_avg":"6:49:00","wins":0,"draws":0,"losses":1,"winrate":0.0,"cagr":-0.021348668711277163,"expectancy":-0.82737772,"expectancy_ratio":-1.0,"sortino":-100,"sharpe":-100,"calmar":-136.46409410388395,"sqn":-100.0,"profit_factor":0.0,"max_drawdown_account":0.0008273777199999585,"max_drawdown_abs":0.82737772}],"total_trades":59,"trade_count_long":59,"trade_count_short":0,"total_volume":2341.915110834,"avg_stake_amount":19.460860672881353,"profit_mean":-0.039543040088520325,"profit_median":-0.03916280013982686,"profit_total":-0.04630625683,"profit_total_long":-0.04630625683,"profit_total_short":0.0,"profit_total_abs":-46.30625683,"profit_total_long_abs":-46.30625683,"profit_total_short_abs":0.0,"cagr":-0.7094897380878993,"expectancy":-0.7848518106779662,"expectancy_ratio":-1.0,"sortino":-1660.9902018422504,"sharpe":-1660.9902018422504,"calmar":-136.4640941038773,"sqn":-157.1125,"profit_factor":0.0,"backtest_start":"2024-12-01 00:00:00","backtest_start_ts":1733011200000,"backtest_end":"2024-12-15 00:00:00","backtest_end_ts":1734220800000,"backtest_days":14,"backtest_run_start_ts":1752175508,"backtest_run_end_ts":1752175509,"trades_per_day":4.21,"market_change":0.051825039428903485,"pairlist":["BTC/USDT"],"stake_amount":20,"stake_currency":"USDT","stake_currency_decimals":3,"starting_balance":1000,"dry_run_wallet":1000,"final_balance":953.6937431700001,"rejected_signals":0,"timedout_entry_orders":0,"timedout_exit_orders":0,"canceled_trade_entries":0,"canceled_entry_orders":0,"replaced_entry_orders":0,"max_open_trades":1,"max_open_trades_setting":5,"timeframe":"1m","timeframe_detail":"","timerange":"20241201-20241215","enable_protections":false,"strategy_name":"MultiHorizonMomentum","stoploss":-0.3,"trailing_stop":false,"trailing_stop_positive":null,"trailing_stop_positive_offset":0.0,"trailing_only_offset_is_reached":false,"use_custom_stoploss":false,"minimal_roi":{},"use_exit_signal":true,"exit_profit_only":false,"exit_profit_offset":0.0,"ignore_roi_if_entry_signal":false,"trading_mode":"spot","margin_mode":"","periodic_breakdown":{"day":[{"date":"01/12/2024","date_ts":1733011200000,"profit_abs":-8.54694728,"wins":0,"draws":0,"losses":11,"trades":11,"profit_factor":0.0},{"date":"02/12/2024","date_ts":1733097600000,"profit_abs":0.0,"wins":0,"draws":0,"losses":0,"trades":0,"profit_factor":0.0},{"date":"03/12/2024","date_ts":1733184000000,"profit_abs":0.0,"wins":0,"draws":0,"losses":0,"trades":0,"profit_factor":0.0},{"date":"04/12/2024","date_ts":1733270400000,"profit_abs":-6.20123992,"wins":0,"draws":0,"losses":8,"trades":8,"profit_factor":0.0},{"date":"05/12/2024","date_ts":1733356800000,"profit_abs":-3.94876372,"wins":0,"draws":0,"losses":5,"trades":5,"profit_factor":0.0},{"date":"06/12/2024","date_ts":1733443200000,"profit_abs":-2.59204533,"wins":0,"draws":0,"losses":3,"trades":3,"profit_factor":0.0},{"date":"07/12/2024","date_ts":1733529600000,"profit_abs":-3.13384915,"wins":0,"draws":0,"losses":4,"trades":4,"profit_factor":0.0},{"date":"08/12/2024","date_ts":1733616000000,"profit_abs":-1.64458597,"wins":0,"draws":0,"losses":2,"trades":2,"profit_factor":0.0},{"date":"09/12/2024","date_ts":1733702400000,"profit_abs":0.0,"wins":0,"draws":0,"losses":0,"trades":0,"profit_factor":0.0},{"date":"10/12/2024","date_ts":1733788800000,"profit_abs":0.0,"wins":0,"draws":0,"losses":0,"trades":0,"profit_factor":0.0},{"date":"11/12/2024","date_ts":1733875200000,"profit_abs":-10.91714974,"wins":0,"draws":0,"losses":14,"trades":14,"profit_factor":0.0},{"date":"12/12/2024","date_ts":1733961600000,"profit_abs":-6.95038312,"wins":0,"draws":0,"losses":9,"trades":9,"profit_factor":0.0},{"date":"13/12/2024","date_ts":1734048000000,"profit_abs":0.0,"wins":0,"draws":0,"losses":0,"trades":0,"profit_factor":0.0},{"date":"14/12/2024","date_ts":1734134400000,"profit_abs":-1.54391488,"wins":0,"draws":0,"losses":2,"trades":2,"profit_factor":0.0},{"date":"15/12/2024","date_ts":1734220800000,"profit_abs":-0.82737772,"wins":0,"draws":0,"losses":1,"trades":1,"profit_factor":0.0}],"week":[{"date":"02/12/2024","date_ts":1733097600000,"profit_abs":-8.54694728,"wins":0,"draws":0,"losses":11,"trades":11,"profit_factor":0.0},{"date":"09/12/2024","date_ts":1733702400000,"profit_abs":-17.52048409,"wins":0,"draws":0,"losses":22,"trades":22,"profit_factor":0.0},{"date":"16/12/2024","date_ts":1734307200000,"profit_abs":-20.23882546,"wins":0,"draws":0,"losses":26,"trades":26,"profit_factor":0.0}],"month":[{"date":"31/12/2024","date_ts":1735603200000,"profit_abs":-46.30625683,"wins":0,"draws":0,"losses":59,"trades":59,"profit_factor":0.0}],"year":[{"date":"31/12/2024","date_ts":1735603200000,"profit_abs":-46.30625683,"wins":0,"draws":0,"losses":59,"trades":59,"profit_factor":0.0}]},"backtest_best_day":0.0,"backtest_worst_day":-0.5470070268360196,"backtest_best_day_abs":0.0,"backtest_worst_day_abs":-10.91714974,"winning_days":0,"draw_days":5,"losing_days":10,"daily_profit":[["2024-12-01",-8.54694728],["2024-12-02",0.0],["2024-12-03",0.0],["2024-12-04",-6.20123992],["2024-12-05",-3.94876372],["2024-12-06",-2.59204533],["2024-12-07",-3.13384915],["2024-12-08",-1.64458597],["2024-12-09",0.0],["2024-12-10",0.0],["2024-12-11",-10.91714974],["2024-12-12",-6.95038312],["2024-12-13",0.0],["2024-12-14",-1.54391488],["2024-12-15",-0.82737772]],"wins":0,"losses":59,"draws":0,"winrate":0.0,"holding_avg":"1:43:00","holding_avg_s":6180.0,"winner_holding_min":"0d 00:00","winner_holding_min_s":0.0,"winner_holding_max":"0d 00:00","winner_holding_max_s":0.0,"winner_holding_avg":"0d 00:00","winner_holding_avg_s":0.0,"loser_holding_min":"0d 00:00","loser_holding_min_s":0.0,"loser_holding_max":"1d 09:09","loser_holding_max_s":119340.0,"loser_holding_avg":"0d 01:43","loser_holding_avg_s":6180.0,"max_consecutive_wins":0,"max_consecutive_losses":59,"max_drawdown_account":0.04630625682999994,"max_relative_drawdown":0.04630625682999994,"max_drawdown_abs":46.30625682999999,"drawdown_start":"2024-12-01 11:38:00","drawdown_start_ts":1733053080000.0,"drawdown_end":"2024-12-15 00:00:00","drawdown_end_ts":1734220800000.0,"max_drawdown_low":-46.30625682999999,"max_drawdown_high":-0.76950496,"csum_min":953.6937431700001,"csum_max":999.23049504}},"strategy_comparison":[{"key":"MultiHorizonMomentum","trades":59,"profit_mean":-0.039543040088520325,"profit_mean_pct":-3.95,"profit_sum":-2.333039365222699,"profit_sum_pct":-233.3,"profit_total_abs":-46.30625683,"profit_total":-0.04630625683,"profit_total_pct":-4.63,"duration_avg":"1:43:00","wins":0,"draws":0,"losses":59,"winrate":0.0,"cagr":-0.7094897380879002,"expectancy":-0.7848518106779662,"expectancy_ratio":-1.0,"sortino":-1660.9902018422504,"sharpe":-1660.9902018422504,"calmar":-136.4640941038773,"sqn":-157.1125,"profit_factor":0.0,"max_drawdown_account":0.04630625682999994,"max_drawdown_abs":"46.306"}]}