{"strategy":{"MultiHorizonMomentum":{"trades":[{"pair":"BTC/USDT","stake_amount":19.376584,"max_stake_amount":19.376584,"amount":0.0002,"open_date":"2025-01-08 00:01:00+00:00","close_date":"2025-01-08 00:06:00+00:00","open_rate":96882.92,"close_rate":96800.0,"fee_open":0.001,"fee_close":0.001,"trade_duration":5,"profit_ratio":-0.002852170159885493,"profit_abs":-0.05532058,"exit_reason":"exit_signal","initial_stop_loss_abs":67818.05,"initial_stop_loss_ratio":-0.3,"stop_loss_abs":67818.05,"stop_loss_ratio":-0.3,"min_rate":96707.77,"max_rate":96922.99,"is_open":false,"enter_tag":"","leverage":1.0,"is_short":false,"open_timestamp":1736294460000,"close_timestamp":1736294760000,"orders":[{"amount":0.0002,"safe_price":96882.92,"ft_order_side":"buy","order_filled_timestamp":1736294460000,"ft_is_entry":true,"ft_order_tag":"","cost":19.395960583999997},{"amount":0.0002,"safe_price":96800.0,"ft_order_side":"sell","order_filled_timestamp":1736294760000,"ft_is_entry":false,"ft_order_tag":"exit_signal","cost":19.37936}],"funding_fees":0.0},{"pair":"BTC/USDT","stake_amount":19.400148,"max_stake_amount":19.400148,"amount":0.0002,"open_date":"2025-01-08 00:17:00+00:00","close_date":"2025-01-08 00:18:00+00:00","open_rate":97000.74,"close_rate":97011.12,"fee_open":0.001,"fee_close":0.001,"trade_duration":1,"profit_ratio":-0.0018912062072763735,"profit_abs":-0.03672637,"exit_reason":"custom_exit","initial_stop_loss_abs":67900.52,"initial_stop_loss_ratio":-0.3,"stop_loss_abs":67900.52,"stop_loss_ratio":-0.3,"min_rate":97000.73,"max_rate":97087.56,"is_open":false,"enter_tag":"","leverage":1.0,"is_short":false,"open_timestamp":1736295420000,"close_timestamp":1736295480000,"orders":[{"amount":0.0002,"safe_price":97000.74,"ft_order_side":"buy","order_filled_timestamp":1736295420000,"ft_is_entry":true,"ft_order_tag":"","cost":19.419548148},{"amount":0.0002,"safe_price":97011.12,"ft_order_side":"sell","order_filled_timestamp":1736295480000,"ft_is_entry":false,"ft_order_tag":"custom_exit","cost":19.421626223999997}],"funding_fees":0.0},{"pair":"BTC/USDT","stake_amount":19.40581,"max_stake_amount":19.40581,"amount":0.0002,"open_date":"2025-01-08 00:22:00+00:00","close_date":"2025-01-08 00:25:00+00:00","open_rate":97029.05,"close_rate":97021.71,"fee_open":0.001,"fee_close":0.001,"trade_duration":3,"profit_ratio":-0.0020734981991430445,"profit_abs":-0.04027815,"exit_reason":"custom_exit","initial_stop_loss_abs":67920.34,"initial_stop_loss_ratio":-0.3,"stop_loss_abs":67920.34,"stop_loss_ratio":-0.3,"min_rate":96909.09,"max_rate":97117.28,"is_open":false,"enter_tag":"","leverage":1.0,"is_short":false,"open_timestamp":1736295720000,"close_timestamp":1736295900000,"orders":[{"amount":0.0002,"safe_price":97029.05,"ft_order_side":"buy","order_filled_timestamp":1736295720000,"ft_is_entry":true,"ft_order_tag":"","cost":19.42521581},{"amount":0.0002,"safe_price":97021.71,"ft_order_side":"sell","order_filled_timestamp":1736295900000,"ft_is_entry":false,"ft_order_tag":"custom_exit","cost":19.423746342}],"funding_fees":0.0},{"pair":"BTC/USDT","stake_amount":19.370858,"max_stake_amount":19.370858,"amount":0.0002,"open_date":"2025-01-08 00:31:00+00:00","close_date":"2025-01-08 00:32:00+00:00","open_rate":96854.29,"close_rate":96878.11,"fee_open":0.001,"fee_close":0.001,"trade_duration":1,"profit_ratio":-0.001752556932095185,"profit_abs":-0.03398248,"exit_reason":"custom_exit","initial_stop_loss_abs":67798.01,"initial_stop_loss_ratio":-0.3,"stop_loss_abs":67798.01,"stop_loss_ratio":-0.3,"min_rate":96770.95,"max_rate":97006.83,"is_open":false,"enter_tag":"","leverage":1.0,"is_short":false,"open_timestamp":1736296260000,"close_timestamp":1736296320000,"orders":[{"amount":0.0002,"safe_price":96854.29,"ft_order_side":"buy","order_filled_timestamp":1736296260000,"ft_is_entry":true,"ft_order_tag":"","cost":19.390228857999997},{"amount":0.0002,"safe_price":96878.11,"ft_order_side":"sell","order_filled_timestamp":1736296320000,"ft_is_entry":false,"ft_order_tag":"custom_exit","cost":19.394997621999998}],"funding_fees":0.0},{"pair":"BTC/USDT","stake_amount":19.405168,"max_stake_amount":19.405168,"amount":0.0002,"open_date":"2025-01-08 00:35:00+00:00","close_date":"2025-01-08 00:39:00+00:00","open_rate":97025.84,"close_rate":97078.83,"fee_open":0.001,"fee_close":0.001,"trade_duration":4,"profit_ratio":-0.0014529498154685014,"profit_abs":-0.02822293,"exit_reason":"custom_exit","initial_stop_loss_abs":67918.09,"initial_stop_loss_ratio":-0.3,"stop_loss_abs":67918.09,"stop_loss_ratio":-0.3,"min_rate":97025.84,"max_rate":97120.0,"is_open":false,"enter_tag":"","leverage":1.0,"is_short":false,"open_timestamp":1736296500000,"close_timestamp":1736296740000,"orders":[{"amount":0.0002,"safe_price":97025.84,"ft_order_side":"buy","order_filled_timestamp":1736296500000,"ft_is_entry":true,"ft_order_tag":"","cost":19.424573168},{"amount":0.0002,"safe_price":97078.83,"ft_order_side":"sell","order_filled_timestamp":1736296740000,"ft_is_entry":false,"ft_order_tag":"custom_exit","cost":19.435181766}],"funding_fees":0.0},{"pair":"BTC/USDT","stake_amount":19.441908,"max_stake_amount":19.441908,"amount":0.0002,"open_date":"2025-01-08 00:45:00+00:00","close_date":"2025-01-08 01:39:00+00:00","open_rate":97209.54,"close_rate":96901.44,"fee_open":0.001,"fee_close":0.001,"trade_duration":54,"profit_ratio":-0.0051611116636216025,"profit_abs":-0.1004422,"exit_reason":"exit_signal","initial_stop_loss_abs":68046.68,"initial_stop_loss_ratio":-0.3,"stop_loss_abs":68046.68,"stop_loss_ratio":-0.3,"min_rate":96888.01,"max_rate":97268.65,"is_open":false,"enter_tag":"","leverage":1.0,"is_short":false,"open_timestamp":1736297100000,"close_timestamp":1736300340000,"orders":[{"amount":0.0002,"safe_price":97209.54,"ft_order_side":"buy","order_filled_timestamp":1736297100000,"ft_is_entry":true,"ft_order_tag":"","cost":19.461349907999995},{"amount":0.0002,"safe_price":96901.44,"ft_order_side":"sell","order_filled_timestamp":1736300340000,"ft_is_entry":false,"ft_order_tag":"exit_signal","cost":19.399668287999997}],"funding_fees":0.0},{"pair":"BTC/USDT","stake_amount":19.423626,"max_stake_amount":19.423626,"amount":0.0002,"open_date":"2025-01-08 02:22:00+00:00","close_date":"2025-01-08 02:25:00+00:00","open_rate":97118.13,"close_rate":97116.29,"fee_open":0.001,"fee_close":0.001,"trade_duration":3,"profit_ratio":-0.002016909937192175,"profit_abs":-0.03921488,"exit_reason":"custom_exit","initial_stop_loss_abs":67982.7,"initial_stop_loss_ratio":-0.3,"stop_loss_abs":67982.7,"stop_loss_ratio":-0.3,"min_rate":97092.62,"max_rate":97178.06,"is_open":false,"enter_tag":"","leverage":1.0,"is_short":false,"open_timestamp":1736302920000,"close_timestamp":1736303100000,"orders":[{"amount":0.0002,"safe_price":97118.13,"ft_order_side":"buy","order_filled_timestamp":1736302920000,"ft_is_entry":true,"ft_order_tag":"","cost":19.443049626},{"amount":0.0002,"safe_price":97116.29,"ft_order_side":"sell","order_filled_timestamp":1736303100000,"ft_is_entry":false,"ft_order_tag":"custom_exit","cost":19.442681257999997}],"funding_fees":0.0},{"pair":"BTC/USDT","stake_amount":19.425486,"max_stake_amount":19.425486,"amount":0.0002,"open_date":"2025-01-08 02:27:00+00:00","close_date":"2025-01-08 02:59:00+00:00","open_rate":97127.43,"close_rate":96889.67,"fee_open":0.001,"fee_close":0.001,"trade_duration":32,"profit_ratio":-0.004441029215390074,"profit_abs":-0.08635542,"exit_reason":"exit_signal","initial_stop_loss_abs":67989.21,"initial_stop_loss_ratio":-0.3,"stop_loss_abs":67989.21,"stop_loss_ratio":-0.3,"min_rate":96878.14,"max_rate":97176.11,"is_open":false,"enter_tag":"","leverage":1.0,"is_short":false,"open_timestamp":1736303220000,"close_timestamp":1736305140000,"orders":[{"amount":0.0002,"safe_price":97127.43,"ft_order_side":"buy","order_filled_timestamp":1736303220000,"ft_is_entry":true,"ft_order_tag":"","cost":19.444911486},{"amount":0.0002,"safe_price":96889.67,"ft_order_side":"sell","order_filled_timestamp":1736305140000,"ft_is_entry":false,"ft_order_tag":"exit_signal","cost":19.397311933999998}],"funding_fees":0.0},{"pair":"BTC/USDT","stake_amount":19.9385886,"max_stake_amount":19.9385886,"amount":0.00021,"open_date":"2025-01-08 22:37:00+00:00","close_date":"2025-01-08 22:38:00+00:00","open_rate":94945.66,"close_rate":94996.87,"fee_open":0.001,"fee_close":0.001,"trade_duration":1,"profit_ratio":-0.0014597184313600447,"profit_abs":-0.02913383,"exit_reason":"custom_exit","initial_stop_loss_abs":66461.97,"initial_stop_loss_ratio":-0.3,"stop_loss_abs":66461.97,"stop_loss_ratio":-0.3,"min_rate":94945.66,"max_rate":95040.01,"is_open":false,"enter_tag":"","leverage":1.0,"is_short":false,"open_timestamp":1736375820000,"close_timestamp":1736375880000,"orders":[{"amount":0.00021,"safe_price":94945.66,"ft_order_side":"buy","order_filled_timestamp":1736375820000,"ft_is_entry":true,"ft_order_tag":"","cost":19.9585271886},{"amount":0.00021,"safe_price":94996.87,"ft_order_side":"sell","order_filled_timestamp":1736375880000,"ft_is_entry":false,"ft_order_tag":"custom_exit","cost":19.969292042699998}],"funding_fees":0.0},{"pair":"BTC/USDT","stake_amount":19.9584021,"max_stake_amount":19.9584021,"amount":0.00021,"open_date":"2025-01-08 22:39:00+00:00","close_date":"2025-01-08 22:41:00+00:00","open_rate":95040.01,"close_rate":95099.99,"fee_open":0.001,"fee_close":0.001,"trade_duration":2,"profit_ratio":-0.0013681603151132879,"profit_abs":-0.0273336,"exit_reason":"custom_exit","initial_stop_loss_abs":66528.01,"initial_stop_loss_ratio":-0.3,"stop_loss_abs":66528.01,"stop_loss_ratio":-0.3,"min_rate":95013.96,"max_rate":95147.01,"is_open":false,"enter_tag":"","leverage":1.0,"is_short":false,"open_timestamp":1736375940000,"close_timestamp":1736376060000,"orders":[{"amount":0.00021,"safe_price":95040.01,"ft_order_side":"buy","order_filled_timestamp":1736375940000,"ft_is_entry":true,"ft_order_tag":"","cost":19.9783605021},{"amount":0.00021,"safe_price":95099.99,"ft_order_side":"sell","order_filled_timestamp":1736376060000,"ft_is_entry":false,"ft_order_tag":"custom_exit","cost":19.990968897899997}],"funding_fees":0.0},{"pair":"BTC/USDT","stake_amount":19.9791942,"max_stake_amount":19.9791942,"amount":0.00021,"open_date":"2025-01-08 22:42:00+00:00","close_date":"2025-01-08 22:43:00+00:00","open_rate":95139.02,"close_rate":95204.78,"fee_open":0.001,"fee_close":0.001,"trade_duration":1,"profit_ratio":-0.0013081840676268885,"profit_abs":-0.0261626,"exit_reason":"custom_exit","initial_stop_loss_abs":66597.32,"initial_stop_loss_ratio":-0.3,"stop_loss_abs":66597.32,"stop_loss_ratio":-0.3,"min_rate":95139.02,"max_rate":95245.08,"is_open":false,"enter_tag":"","leverage":1.0,"is_short":false,"open_timestamp":1736376120000,"close_timestamp":1736376180000,"orders":[{"amount":0.00021,"safe_price":95139.02,"ft_order_side":"buy","order_filled_timestamp":1736376120000,"ft_is_entry":true,"ft_order_tag":"","cost":19.9991733942},{"amount":0.00021,"safe_price":95204.78,"ft_order_side":"sell","order_filled_timestamp":1736376180000,"ft_is_entry":false,"ft_order_tag":"custom_exit","cost":20.012996803799997}],"funding_fees":0.0},{"pair":"BTC/USDT","stake_amount":19.049014,"max_stake_amount":19.049014,"amount":0.0002,"open_date":"2025-01-08 22:44:00+00:00","close_date":"2025-01-09 00:00:00+00:00","open_rate":95245.07,"close_rate":95060.61,"fee_open":0.001,"fee_close":0.001,"trade_duration":76,"profit_ratio":-0.003930820867592503,"profit_abs":-0.07495314,"exit_reason":"force_exit","initial_stop_loss_abs":66671.55,"initial_stop_loss_ratio":-0.3,"stop_loss_abs":66671.55,"stop_loss_ratio":-0.3,"min_rate":94900.0,"max_rate":95310.94,"is_open":false,"enter_tag":"","leverage":1.0,"is_short":false,"open_timestamp":1736376240000,"close_timestamp":1736380800000,"orders":[{"amount":0.0002,"safe_price":95245.07,"ft_order_side":"buy","order_filled_timestamp":1736376240000,"ft_is_entry":true,"ft_order_tag":"","cost":19.068063014},{"amount":0.0002,"safe_price":95060.61,"ft_order_side":"sell","order_filled_timestamp":1736380800000,"ft_is_entry":false,"ft_order_tag":"force_exit","cost":19.031134122}],"funding_fees":0.0}],"locks":[],"best_pair":{"key":"BTC/USDT","trades":12,"profit_mean":-0.002475692984313764,"profit_mean_pct":-0.25,"profit_sum":-0.029708315811765168,"profit_sum_pct":-2.97,"profit_total_abs":-0.5781261799999999,"profit_total":-0.0005781261799999999,"profit_total_pct":-0.06,"duration_avg":"0:15:00","wins":0,"draws":0,"losses":12,"winrate":0.0,"cagr":-0.1902883449991868,"expectancy":-0.04817718166666666,"expectancy_ratio":-1.0,"sortino":-453.68089761703226,"sharpe":-453.68089761703226,"calmar":-1910.4973174541917,"sqn":-6.5633,"profit_factor":0.0,"max_drawdown_account":0.0005781261800000266,"max_drawdown_abs":0.57812618},"worst_pair":{"key":"BTC/USDT","trades":12,"profit_mean":-0.002475692984313764,"profit_mean_pct":-0.25,"profit_sum":-0.029708315811765168,"profit_sum_pct":-2.97,"profit_total_abs":-0.5781261799999999,"profit_total":-0.0005781261799999999,"profit_total_pct":-0.06,"duration_avg":"0:15:00","wins":0,"draws":0,"losses":12,"winrate":0.0,"cagr":-0.1902883449991868,"expectancy":-0.04817718166666666,"expectancy_ratio":-1.0,"sortino":-453.68089761703226,"sharpe":-453.68089761703226,"calmar":-1910.4973174541917,"sqn":-6.5633,"profit_factor":0.0,"max_drawdown_account":0.0005781261800000266,"max_drawdown_abs":0.57812618},"results_per_pair":[{"key":"BTC/USDT","trades":12,"profit_mean":-0.002475692984313764,"profit_mean_pct":-0.25,"profit_sum":-0.029708315811765168,"profit_sum_pct":-2.97,"profit_total_abs":-0.5781261799999999,"profit_total":-0.0005781261799999999,"profit_total_pct":-0.06,"duration_avg":"0:15:00","wins":0,"draws":0,"losses":12,"winrate":0.0,"cagr":-0.1902883449991868,"expectancy":-0.04817718166666666,"expectancy_ratio":-1.0,"sortino":-453.68089761703226,"sharpe":-453.68089761703226,"calmar":-1910.4973174541917,"sqn":-6.5633,"profit_factor":0.0,"max_drawdown_account":0.0005781261800000266,"max_drawdown_abs":0.57812618},{"key":"TOTAL","trades":12,"profit_mean":-0.002475692984313764,"profit_mean_pct":-0.25,"profit_sum":-0.029708315811765168,"profit_sum_pct":-2.97,"profit_total_abs":-0.5781261799999999,"profit_total":-0.0005781261799999999,"profit_total_pct":-0.06,"duration_avg":"0:15:00","wins":0,"draws":0,"losses":12,"winrate":0.0,"cagr":-0.1902883449991868,"expectancy":-0.04817718166666666,"expectancy_ratio":-1.0,"sortino":-453.68089761703226,"sharpe":-453.68089761703226,"calmar":-1910.4973174541917,"sqn":-6.5633,"profit_factor":0.0,"max_drawdown_account":0.0005781261800000266,"max_drawdown_abs":0.57812618}],"results_per_enter_tag":[{"key":"","trades":12,"profit_mean":-0.002475692984313764,"profit_mean_pct":-0.25,"profit_sum":-0.029708315811765168,"profit_sum_pct":-2.97,"profit_total_abs":-0.5781261799999999,"profit_total":-0.0005781261799999999,"profit_total_pct":-0.06,"duration_avg":"0:15:00","wins":0,"draws":0,"losses":12,"winrate":0.0,"cagr":-0.1902883449991868,"expectancy":-0.04817718166666666,"expectancy_ratio":-1.0,"sortino":-453.68089761703226,"sharpe":-453.68089761703226,"calmar":-1910.4973174541917,"sqn":-6.5633,"profit_factor":0.0,"max_drawdown_account":0.0005781261800000266,"max_drawdown_abs":0.57812618},{"key":"TOTAL","trades":12,"profit_mean":-0.002475692984313764,"profit_mean_pct":-0.25,"profit_sum":-0.029708315811765168,"profit_sum_pct":-2.97,"profit_total_abs":-0.5781261799999999,"profit_total":-0.0005781261799999999,"profit_total_pct":-0.06,"duration_avg":"0:15:00","wins":0,"draws":0,"losses":12,"winrate":0.0,"cagr":-0.1902883449991868,"expectancy":-0.04817718166666666,"expectancy_ratio":-1.0,"sortino":-453.68089761703226,"sharpe":-453.68089761703226,"calmar":-1910.4973174541917,"sqn":-6.5633,"profit_factor":0.0,"max_drawdown_account":0.0005781261800000266,"max_drawdown_abs":0.57812618}],"exit_reason_summary":[{"key":"force_exit","trades":1,"profit_mean":-0.003930820867592503,"profit_mean_pct":-0.39,"profit_sum":-0.003930820867592503,"profit_sum_pct":-0.39,"profit_total_abs":-0.07495314,"profit_total":-7.495314e-05,"profit_total_pct":-0.01,"duration_avg":"1:16:00","wins":0,"draws":0,"losses":1,"winrate":0.0,"cagr":-0.026988055996771898,"expectancy":-0.07495314,"expectancy_ratio":-1.0,"sortino":-100,"sharpe":-100,"calmar":-1910.497317453061,"sqn":-100.0,"profit_factor":0.0,"max_drawdown_account":7.495314000004782e-05,"max_drawdown_abs":0.07495314},{"key":"exit_signal","trades":3,"profit_mean":-0.004151437012965723,"profit_mean_pct":-0.42,"profit_sum":-0.01245431103889717,"profit_sum_pct":-1.25,"profit_total_abs":-0.2421182,"profit_total":-0.0002421182,"profit_total_pct":-0.02,"duration_avg":"0:30:00","wins":0,"draws":0,"losses":3,"winrate":0.0,"cagr":-0.0845905643173488,"expectancy":-0.08070606666666667,"expectancy_ratio":-1.0,"sortino":-245.40636507528825,"sharpe":-245.40636507528825,"calmar":-1910.4973174538861,"sqn":-6.0553,"profit_factor":0.0,"max_drawdown_account":0.0002421182000000499,"max_drawdown_abs":0.2421182},{"key":"custom_exit","trades":8,"profit_mean":-0.0016653979881594376,"profit_mean_pct":-0.17,"profit_sum":-0.013323183905275501,"profit_sum_pct":-1.33,"profit_total_abs":-0.26105484,"profit_total":-0.00026105484,"profit_total_pct":-0.03,"duration_avg":"0:02:00","wins":0,"draws":0,"losses":8,"winrate":0.0,"cagr":-0.09089752380645344,"expectancy":-0.032631855,"expectancy_ratio":-1.0,"sortino":-946.7985701131662,"sharpe":-946.7985701131662,"calmar":-1910.4973174539684,"sqn":-16.3897,"profit_factor":0.0,"max_drawdown_account":0.00026105484000004254,"max_drawdown_abs":0.26105484},{"key":"TOTAL","trades":12,"profit_mean":-0.002475692984313764,"profit_mean_pct":-0.25,"profit_sum":-0.029708315811765168,"profit_sum_pct":-2.97,"profit_total_abs":-0.5781261799999999,"profit_total":-0.0005781261799999999,"profit_total_pct":-0.06,"duration_avg":"0:15:00","wins":0,"draws":0,"losses":12,"winrate":0.0,"cagr":-0.1902883449991868,"expectancy":-0.04817718166666666,"expectancy_ratio":-1.0,"sortino":-453.68089761703226,"sharpe":-453.68089761703226,"calmar":-1910.4973174541917,"sqn":-6.5633,"profit_factor":0.0,"max_drawdown_account":0.0005781261800000266,"max_drawdown_abs":0.57812618}],"mix_tag_stats":[{"key":["","force_exit"],"trades":1,"profit_mean":-0.003930820867592503,"profit_mean_pct":-0.39,"profit_sum":-0.003930820867592503,"profit_sum_pct":-0.39,"profit_total_abs":-0.07495314,"profit_total":-7.495314e-05,"profit_total_pct":-0.01,"duration_avg":"1:16:00","wins":0,"draws":0,"losses":1,"winrate":0.0,"cagr":-0.026988055996771898,"expectancy":-0.07495314,"expectancy_ratio":-1.0,"sortino":-100,"sharpe":-100,"calmar":-1910.497317453061,"sqn":-100.0,"profit_factor":0.0,"max_drawdown_account":7.495314000004782e-05,"max_drawdown_abs":0.07495314},{"key":["","exit_signal"],"trades":3,"profit_mean":-0.004151437012965723,"profit_mean_pct":-0.42,"profit_sum":-0.01245431103889717,"profit_sum_pct":-1.25,"profit_total_abs":-0.2421182,"profit_total":-0.0002421182,"profit_total_pct":-0.02,"duration_avg":"0:30:00","wins":0,"draws":0,"losses":3,"winrate":0.0,"cagr":-0.0845905643173488,"expectancy":-0.08070606666666667,"expectancy_ratio":-1.0,"sortino":-245.40636507528825,"sharpe":-245.40636507528825,"calmar":-1910.4973174538861,"sqn":-6.0553,"profit_factor":0.0,"max_drawdown_account":0.0002421182000000499,"max_drawdown_abs":0.2421182},{"key":["","custom_exit"],"trades":8,"profit_mean":-0.0016653979881594376,"profit_mean_pct":-0.17,"profit_sum":-0.013323183905275501,"profit_sum_pct":-1.33,"profit_total_abs":-0.26105484,"profit_total":-0.00026105484,"profit_total_pct":-0.03,"duration_avg":"0:02:00","wins":0,"draws":0,"losses":8,"winrate":0.0,"cagr":-0.09089752380645344,"expectancy":-0.032631855,"expectancy_ratio":-1.0,"sortino":-946.7985701131662,"sharpe":-946.7985701131662,"calmar":-1910.4973174539684,"sqn":-16.3897,"profit_factor":0.0,"max_drawdown_account":0.00026105484000004254,"max_drawdown_abs":0.26105484},{"key":"TOTAL","trades":12,"profit_mean":-0.002475692984313764,"profit_mean_pct":-0.25,"profit_sum":-0.029708315811765168,"profit_sum_pct":-2.97,"profit_total_abs":-0.5781261799999999,"profit_total":-0.0005781261799999999,"profit_total_pct":-0.06,"duration_avg":"0:15:00","wins":0,"draws":0,"losses":12,"winrate":0.0,"cagr":-0.1902883449991868,"expectancy":-0.04817718166666666,"expectancy_ratio":-1.0,"sortino":-453.68089761703226,"sharpe":-453.68089761703226,"calmar":-1910.4973174541917,"sqn":-6.5633,"profit_factor":0.0,"max_drawdown_account":0.0005781261800000266,"max_drawdown_abs":0.57812618}],"left_open_trades":[{"key":"BTC/USDT","trades":1,"profit_mean":-0.003930820867592503,"profit_mean_pct":-0.39,"profit_sum":-0.003930820867592503,"profit_sum_pct":-0.39,"profit_total_abs":-0.07495314,"profit_total":-7.495314e-05,"profit_total_pct":-0.01,"duration_avg":"1:16:00","wins":0,"draws":0,"losses":1,"winrate":0.0,"cagr":-0.026988055996771898,"expectancy":-0.07495314,"expectancy_ratio":-1.0,"sortino":-100,"sharpe":-100,"calmar":-1910.497317453061,"sqn":-100.0,"profit_factor":0.0,"max_drawdown_account":7.495314000004782e-05,"max_drawdown_abs":0.07495314},{"key":"TOTAL","trades":1,"profit_mean":-0.003930820867592503,"profit_mean_pct":-0.39,"profit_sum":-0.003930820867592503,"profit_sum_pct":-0.39,"profit_total_abs":-0.07495314,"profit_total":-7.495314e-05,"profit_total_pct":-0.01,"duration_avg":"1:16:00","wins":0,"draws":0,"losses":1,"winrate":0.0,"cagr":-0.026988055996771898,"expectancy":-0.07495314,"expectancy_ratio":-1.0,"sortino":-100,"sharpe":-100,"calmar":-1910.497317453061,"sqn":-100.0,"profit_factor":0.0,"max_drawdown_account":7.495314000004782e-05,"max_drawdown_abs":0.07495314}],"total_trades":12,"trade_count_long":12,"trade_count_short":0,"total_volume":468.70792698729997,"avg_stake_amount":19.514565575000002,"profit_mean":-0.002475692984313764,"profit_median":-0.001954058072234274,"profit_total":-0.0005781261799999999,"profit_total_long":-0.0005781261799999999,"profit_total_short":0.0,"profit_total_abs":-0.5781261799999999,"profit_total_long_abs":-0.5781261799999999,"profit_total_short_abs":0.0,"cagr":-0.1902883449991868,"expectancy":-0.04817718166666666,"expectancy_ratio":-1.0,"sortino":-453.68089761703226,"sharpe":-453.68089761703226,"calmar":-1910.4973174541917,"sqn":-6.5633,"profit_factor":0.0,"backtest_start":"2025-01-08 00:00:00","backtest_start_ts":1736294400000,"backtest_end":"2025-01-09 00:00:00","backtest_end_ts":1736380800000,"backtest_days":1,"backtest_run_start_ts":1752169647,"backtest_run_end_ts":1752169647,"trades_per_day":12.0,"market_change":-0.01910832364552225,"pairlist":["BTC/USDT"],"stake_amount":20,"stake_currency":"USDT","stake_currency_decimals":3,"starting_balance":1000,"dry_run_wallet":1000,"final_balance":999.42187382,"rejected_signals":0,"timedout_entry_orders":0,"timedout_exit_orders":0,"canceled_trade_entries":0,"canceled_entry_orders":0,"replaced_entry_orders":0,"max_open_trades":1,"max_open_trades_setting":5,"timeframe":"1m","timeframe_detail":"","timerange":"20250108-20250109","enable_protections":false,"strategy_name":"MultiHorizonMomentum","stoploss":-0.3,"trailing_stop":false,"trailing_stop_positive":null,"trailing_stop_positive_offset":0.0,"trailing_only_offset_is_reached":false,"use_custom_stoploss":false,"minimal_roi":{},"use_exit_signal":true,"exit_profit_only":false,"exit_profit_offset":0.0,"ignore_roi_if_entry_signal":false,"trading_mode":"spot","margin_mode":"","periodic_breakdown":{"day":[{"date":"08/01/2025","date_ts":1736294400000,"profit_abs":-0.50317304,"wins":0,"draws":0,"losses":11,"trades":11,"profit_factor":0.0},{"date":"09/01/2025","date_ts":1736380800000,"profit_abs":-0.07495314,"wins":0,"draws":0,"losses":1,"trades":1,"profit_factor":0.0}],"week":[{"date":"13/01/2025","date_ts":1736726400000,"profit_abs":-0.57812618,"wins":0,"draws":0,"losses":12,"trades":12,"profit_factor":0.0}],"month":[{"date":"31/01/2025","date_ts":1738281600000,"profit_abs":-0.57812618,"wins":0,"draws":0,"losses":12,"trades":12,"profit_factor":0.0}],"year":[{"date":"31/12/2025","date_ts":1767139200000,"profit_abs":-0.57812618,"wins":0,"draws":0,"losses":12,"trades":12,"profit_factor":0.0}]},"backtest_best_day":-0.003930820867592503,"backtest_worst_day":-0.02577749494417267,"backtest_best_day_abs":-0.07495314,"backtest_worst_day_abs":-0.50317304,"winning_days":0,"draw_days":0,"losing_days":2,"daily_profit":[["2025-01-08",-0.50317304],["2025-01-09",-0.07495314]],"wins":0,"losses":12,"draws":0,"winrate":0.0,"holding_avg":"0:15:00","holding_avg_s":900.0,"winner_holding_min":"0d 00:00","winner_holding_min_s":0.0,"winner_holding_max":"0d 00:00","winner_holding_max_s":0.0,"winner_holding_avg":"0d 00:00","winner_holding_avg_s":0.0,"loser_holding_min":"0d 00:01","loser_holding_min_s":60.0,"loser_holding_max":"0d 01:16","loser_holding_max_s":4560.0,"loser_holding_avg":"0d 00:15","loser_holding_avg_s":900.0,"max_consecutive_wins":0,"max_consecutive_losses":12,"max_drawdown_account":0.0005781261800000266,"max_relative_drawdown":0.0005781261800000266,"max_drawdown_abs":0.57812618,"drawdown_start":"2025-01-08 00:06:00","drawdown_start_ts":1736294760000.0,"drawdown_end":"2025-01-09 00:00:00","drawdown_end_ts":1736380800000.0,"max_drawdown_low":-0.57812618,"max_drawdown_high":-0.05532058,"csum_min":999.42187382,"csum_max":999.94467942}},"strategy_comparison":[{"key":"MultiHorizonMomentum","trades":12,"profit_mean":-0.002475692984313764,"profit_mean_pct":-0.25,"profit_sum":-0.029708315811765168,"profit_sum_pct":-2.97,"profit_total_abs":-0.5781261799999999,"profit_total":-0.0005781261799999999,"profit_total_pct":-0.06,"duration_avg":"0:15:00","wins":0,"draws":0,"losses":12,"winrate":0.0,"cagr":-0.1902883449991868,"expectancy":-0.04817718166666666,"expectancy_ratio":-1.0,"sortino":-453.68089761703226,"sharpe":-453.68089761703226,"calmar":-1910.4973174541917,"sqn":-6.5633,"profit_factor":0.0,"max_drawdown_account":0.0005781261800000266,"max_drawdown_abs":"0.578"}]}