{"strategy":{"MultiHorizonMomentum":{"trades":[{"pair":"BTC/USDT","stake_amount":19.552197,"max_stake_amount":19.552197,"amount":0.0003,"open_date":"2024-09-27 00:00:00+00:00","close_date":"2024-10-04 00:00:00+00:00","open_rate":65173.99,"close_rate":60752.72,"fee_open":0.001,"fee_close":0.001,"trade_duration":10080,"profit_ratio":-0.06970041340040783,"profit_abs":-1.36415901,"exit_reason":"exit_signal","initial_stop_loss_abs":45621.8,"initial_stop_loss_ratio":-0.3,"stop_loss_abs":45621.8,"stop_loss_ratio":-0.3,"min_rate":59828.11,"max_rate":66498.0,"is_open":false,"enter_tag":"","leverage":1.0,"is_short":false,"open_timestamp":1727395200000,"close_timestamp":1728000000000,"orders":[{"amount":0.0003,"safe_price":65173.99,"ft_order_side":"buy","order_filled_timestamp":1727395200000,"ft_is_entry":true,"ft_order_tag":"","cost":19.571749196999995},{"amount":0.0003,"safe_price":60752.72,"ft_order_side":"sell","order_filled_timestamp":1728000000000,"ft_is_entry":false,"ft_order_tag":"exit_signal","cost":18.244041815999996}],"funding_fees":0.0},{"pair":"BTC/USDT","stake_amount":19.4741721,"max_stake_amount":19.4741721,"amount":0.00031,"open_date":"2024-10-07 00:00:00+00:00","close_date":"2024-10-10 00:00:00+00:00","open_rate":62819.91,"close_rate":60636.01,"fee_open":0.001,"fee_close":0.001,"trade_duration":4320,"profit_ratio":-0.03669299883745888,"profit_abs":-0.71528034,"exit_reason":"exit_signal","initial_stop_loss_abs":43973.94,"initial_stop_loss_ratio":-0.3,"stop_loss_abs":43973.94,"stop_loss_ratio":-0.3,"min_rate":58946.0,"max_rate":64478.19,"is_open":false,"enter_tag":"","leverage":1.0,"is_short":false,"open_timestamp":1728259200000,"close_timestamp":1728518400000,"orders":[{"amount":0.00031,"safe_price":62819.91,"ft_order_side":"buy","order_filled_timestamp":1728259200000,"ft_is_entry":true,"ft_order_tag":"","cost":19.493646272099998},{"amount":0.00031,"safe_price":60636.01,"ft_order_side":"sell","order_filled_timestamp":1728518400000,"ft_is_entry":false,"ft_order_tag":"exit_signal","cost":18.8159602631}],"funding_fees":0.0},{"pair":"BTC/USDT","stake_amount":19.5939313,"max_stake_amount":19.5939313,"amount":0.00031,"open_date":"2024-10-13 00:00:00+00:00","close_date":"2024-10-14 00:00:00+00:00","open_rate":63206.23,"close_rate":62870.02,"fee_open":0.001,"fee_close":0.001,"trade_duration":1440,"profit_ratio":-0.007306628375571288,"profit_abs":-0.14330874,"exit_reason":"custom_exit","initial_stop_loss_abs":44244.37,"initial_stop_loss_ratio":-0.3,"stop_loss_abs":44244.37,"stop_loss_ratio":-0.3,"min_rate":62050.0,"max_rate":66500.0,"is_open":false,"enter_tag":"","leverage":1.0,"is_short":false,"open_timestamp":1728777600000,"close_timestamp":1728864000000,"orders":[{"amount":0.00031,"safe_price":63206.23,"ft_order_side":"buy","order_filled_timestamp":1728777600000,"ft_is_entry":true,"ft_order_tag":"","cost":19.6135252313},{"amount":0.00031,"safe_price":62870.02,"ft_order_side":"sell","order_filled_timestamp":1728864000000,"ft_is_entry":false,"ft_order_tag":"custom_exit","cost":19.5091959062}],"funding_fees":0.0},{"pair":"BTC/USDT","stake_amount":19.8252,"max_stake_amount":19.8252,"amount":0.0003,"open_date":"2024-10-15 00:00:00+00:00","close_date":"2024-10-16 00:00:00+00:00","open_rate":66084.0,"close_rate":67074.14,"fee_open":0.001,"fee_close":0.001,"trade_duration":1440,"profit_ratio":0.012955113808573044,"profit_abs":0.25709456,"exit_reason":"custom_exit","initial_stop_loss_abs":46258.8,"initial_stop_loss_ratio":-0.3,"stop_loss_abs":46258.8,"stop_loss_ratio":-0.3,"min_rate":64800.01,"max_rate":68424.0,"is_open":false,"enter_tag":"","leverage":1.0,"is_short":false,"open_timestamp":1728950400000,"close_timestamp":1729036800000,"orders":[{"amount":0.0003,"safe_price":66084.0,"ft_order_side":"buy","order_filled_timestamp":1728950400000,"ft_is_entry":true,"ft_order_tag":"","cost":19.845025199999995},{"amount":0.0003,"safe_price":67074.14,"ft_order_side":"sell","order_filled_timestamp":1729036800000,"ft_is_entry":false,"ft_order_tag":"custom_exit","cost":20.142364241999996}],"funding_fees":0.0},{"pair":"BTC/USDT","stake_amount":19.6098,"max_stake_amount":19.6098,"amount":0.00029,"open_date":"2024-10-17 00:00:00+00:00","close_date":"2024-10-28 00:00:00+00:00","open_rate":67620.0,"close_rate":68021.69,"fee_open":0.001,"fee_close":0.001,"trade_duration":15840,"profit_ratio":0.003930531319387911,"profit_abs":0.07715401,"exit_reason":"custom_exit","initial_stop_loss_abs":47334.0,"initial_stop_loss_ratio":-0.3,"stop_loss_abs":47334.0,"stop_loss_ratio":-0.3,"min_rate":65260.0,"max_rate":70270.0,"is_open":false,"enter_tag":"","leverage":1.0,"is_short":false,"open_timestamp":1729123200000,"close_timestamp":1730073600000,"orders":[{"amount":0.00029,"safe_price":67620.0,"ft_order_side":"buy","order_filled_timestamp":1729123200000,"ft_is_entry":true,"ft_order_tag":"","cost":19.629409799999998},{"amount":0.00029,"safe_price":68021.69,"ft_order_side":"sell","order_filled_timestamp":1730073600000,"ft_is_entry":false,"ft_order_tag":"custom_exit","cost":19.7460163901}],"funding_fees":0.0},{"pair":"BTC/USDT","stake_amount":19.5894188,"max_stake_amount":19.5894188,"amount":0.00028,"open_date":"2024-10-29 00:00:00+00:00","close_date":"2024-10-29 00:00:00+00:00","open_rate":69962.21,"close_rate":69962.21,"fee_open":0.001,"fee_close":0.001,"trade_duration":0,"profit_ratio":-0.0019980021203947255,"profit_abs":-0.03917884,"exit_reason":"custom_exit","initial_stop_loss_abs":48973.55,"initial_stop_loss_ratio":-0.3,"stop_loss_abs":48973.55,"stop_loss_ratio":-0.3,"min_rate":69760.0,"max_rate":73620.12,"is_open":false,"enter_tag":"","leverage":1.0,"is_short":false,"open_timestamp":1730160000000,"close_timestamp":1730160000000,"orders":[{"amount":0.00028,"safe_price":69962.21,"ft_order_side":"buy","order_filled_timestamp":1730160000000,"ft_is_entry":true,"ft_order_tag":"","cost":19.6090082188},{"amount":0.00028,"safe_price":69962.21,"ft_order_side":"sell","order_filled_timestamp":1730160000000,"ft_is_entry":false,"ft_order_tag":"custom_exit","cost":19.6090082188}],"funding_fees":0.0},{"pair":"BTC/USDT","stake_amount":19.6388307,"max_stake_amount":19.6388307,"amount":0.00027,"open_date":"2024-10-30 00:00:00+00:00","close_date":"2024-11-06 00:00:00+00:00","open_rate":72736.41,"close_rate":69372.01,"fee_open":0.001,"fee_close":0.001,"trade_duration":10080,"profit_ratio":-0.04816027354120724,"profit_abs":-0.94675727,"exit_reason":"custom_exit","initial_stop_loss_abs":50915.49,"initial_stop_loss_ratio":-0.3,"stop_loss_abs":50915.49,"stop_loss_ratio":-0.3,"min_rate":66835.0,"max_rate":76400.0,"is_open":false,"enter_tag":"","leverage":1.0,"is_short":false,"open_timestamp":1730246400000,"close_timestamp":1730851200000,"orders":[{"amount":0.00027,"safe_price":72736.41,"ft_order_side":"buy","order_filled_timestamp":1730246400000,"ft_is_entry":true,"ft_order_tag":"","cost":19.658469530699996},{"amount":0.00027,"safe_price":69372.01,"ft_order_side":"sell","order_filled_timestamp":1730851200000,"ft_is_entry":false,"ft_order_tag":"custom_exit","cost":18.749173142699995}],"funding_fees":0.0},{"pair":"BTC/USDT","stake_amount":19.6487174,"max_stake_amount":19.6487174,"amount":0.00026,"open_date":"2024-11-07 00:00:00+00:00","close_date":"2024-11-10 00:00:00+00:00","open_rate":75571.99,"close_rate":76677.46,"fee_open":0.001,"fee_close":0.001,"trade_duration":4320,"profit_ratio":0.012600809773453722,"profit_abs":0.24783734,"exit_reason":"custom_exit","initial_stop_loss_abs":52900.4,"initial_stop_loss_ratio":-0.3,"stop_loss_abs":52900.4,"stop_loss_ratio":-0.3,"min_rate":74416.0,"max_rate":81500.0,"is_open":false,"enter_tag":"","leverage":1.0,"is_short":false,"open_timestamp":1730937600000,"close_timestamp":1731196800000,"orders":[{"amount":0.00026,"safe_price":75571.99,"ft_order_side":"buy","order_filled_timestamp":1730937600000,"ft_is_entry":true,"ft_order_tag":"","cost":19.668366117399998},{"amount":0.00026,"safe_price":76677.46,"ft_order_side":"sell","order_filled_timestamp":1731196800000,"ft_is_entry":false,"ft_order_tag":"custom_exit","cost":19.9560757396}],"funding_fees":0.0},{"pair":"BTC/USDT","stake_amount":19.2888024,"max_stake_amount":19.2888024,"amount":0.00024,"open_date":"2024-11-11 00:00:00+00:00","close_date":"2024-11-11 00:00:00+00:00","open_rate":80370.01,"close_rate":80370.01,"fee_open":0.001,"fee_close":0.001,"trade_duration":0,"profit_ratio":-0.001998001749401556,"profit_abs":-0.0385776,"exit_reason":"custom_exit","initial_stop_loss_abs":56259.01,"initial_stop_loss_ratio":-0.3,"stop_loss_abs":56259.01,"stop_loss_ratio":-0.3,"min_rate":80216.01,"max_rate":89530.54,"is_open":false,"enter_tag":"","leverage":1.0,"is_short":false,"open_timestamp":1731283200000,"close_timestamp":1731283200000,"orders":[{"amount":0.00024,"safe_price":80370.01,"ft_order_side":"buy","order_filled_timestamp":1731283200000,"ft_is_entry":true,"ft_order_tag":"","cost":19.308091202399996},{"amount":0.00024,"safe_price":80370.01,"ft_order_side":"sell","order_filled_timestamp":1731283200000,"ft_is_entry":false,"ft_order_tag":"custom_exit","cost":19.308091202399996}],"funding_fees":0.0},{"pair":"BTC/USDT","stake_amount":19.50256,"max_stake_amount":19.50256,"amount":0.00022,"open_date":"2024-11-12 00:00:00+00:00","close_date":"2024-11-13 00:00:00+00:00","open_rate":88648.0,"close_rate":87952.0,"fee_open":0.001,"fee_close":0.001,"trade_duration":1440,"profit_ratio":-0.009833592091511053,"profit_abs":-0.191972,"exit_reason":"custom_exit","initial_stop_loss_abs":62053.6,"initial_stop_loss_ratio":-0.3,"stop_loss_abs":62053.6,"stop_loss_ratio":-0.3,"min_rate":85072.0,"max_rate":93265.64,"is_open":false,"enter_tag":"","leverage":1.0,"is_short":false,"open_timestamp":1731369600000,"close_timestamp":1731456000000,"orders":[{"amount":0.00022,"safe_price":88648.0,"ft_order_side":"buy","order_filled_timestamp":1731369600000,"ft_is_entry":true,"ft_order_tag":"","cost":19.52206256},{"amount":0.00022,"safe_price":87952.0,"ft_order_side":"sell","order_filled_timestamp":1731456000000,"ft_is_entry":false,"ft_order_tag":"custom_exit","cost":19.36878944}],"funding_fees":0.0},{"pair":"BTC/USDT","stake_amount":19.8825462,"max_stake_amount":19.8825462,"amount":0.00022,"open_date":"2024-11-14 00:00:00+00:00","close_date":"2024-11-19 00:00:00+00:00","open_rate":90375.21,"close_rate":90464.07,"fee_open":0.001,"fee_close":0.001,"trade_duration":7200,"profit_ratio":-0.001016732191736327,"profit_abs":-0.02023544,"exit_reason":"custom_exit","initial_stop_loss_abs":63262.65,"initial_stop_loss_ratio":-0.3,"stop_loss_abs":63262.65,"stop_loss_ratio":-0.3,"min_rate":86668.21,"max_rate":93905.51,"is_open":false,"enter_tag":"","leverage":1.0,"is_short":false,"open_timestamp":1731542400000,"close_timestamp":1731974400000,"orders":[{"amount":0.00022,"safe_price":90375.21,"ft_order_side":"buy","order_filled_timestamp":1731542400000,"ft_is_entry":true,"ft_order_tag":"","cost":19.902428746200002},{"amount":0.00022,"safe_price":90464.07,"ft_order_side":"sell","order_filled_timestamp":1731974400000,"ft_is_entry":false,"ft_order_tag":"custom_exit","cost":19.921997495400003}],"funding_fees":0.0},{"pair":"BTC/USDT","stake_amount":19.385268,"max_stake_amount":19.385268,"amount":0.00021,"open_date":"2024-11-20 00:00:00+00:00","close_date":"2024-11-21 00:00:00+00:00","open_rate":92310.8,"close_rate":94286.56,"fee_open":0.001,"fee_close":0.001,"trade_duration":1440,"profit_ratio":0.019362579934350206,"profit_abs":0.37572415,"exit_reason":"custom_exit","initial_stop_loss_abs":64617.56,"initial_stop_loss_ratio":-0.3,"stop_loss_abs":64617.56,"stop_loss_ratio":-0.3,"min_rate":91500.0,"max_rate":98988.0,"is_open":false,"enter_tag":"","leverage":1.0,"is_short":false,"open_timestamp":1732060800000,"close_timestamp":1732147200000,"orders":[{"amount":0.00021,"safe_price":92310.8,"ft_order_side":"buy","order_filled_timestamp":1732060800000,"ft_is_entry":true,"ft_order_tag":"","cost":19.404653267999997},{"amount":0.00021,"safe_price":94286.56,"ft_order_side":"sell","order_filled_timestamp":1732147200000,"ft_is_entry":false,"ft_order_tag":"custom_exit","cost":19.8199777776}],"funding_fees":0.0},{"pair":"BTC/USDT","stake_amount":19.663424,"max_stake_amount":19.663424,"amount":0.0002,"open_date":"2024-11-22 00:00:00+00:00","close_date":"2024-12-05 00:00:00+00:00","open_rate":98317.12,"close_rate":98587.32,"fee_open":0.001,"fee_close":0.001,"trade_duration":18720,"profit_ratio":0.0007447566372197199,"profit_abs":0.01465911,"exit_reason":"custom_exit","initial_stop_loss_abs":68821.99,"initial_stop_loss_ratio":-0.3,"stop_loss_abs":68821.99,"stop_loss_ratio":-0.3,"min_rate":90500.0,"max_rate":104088.0,"is_open":false,"enter_tag":"","leverage":1.0,"is_short":false,"open_timestamp":1732233600000,"close_timestamp":1733356800000,"orders":[{"amount":0.0002,"safe_price":98317.12,"ft_order_side":"buy","order_filled_timestamp":1732233600000,"ft_is_entry":true,"ft_order_tag":"","cost":19.683087423999996},{"amount":0.0002,"safe_price":98587.32,"ft_order_side":"sell","order_filled_timestamp":1733356800000,"ft_is_entry":false,"ft_order_tag":"custom_exit","cost":19.737181464000003}],"funding_fees":0.0},{"pair":"BTC/USDT","stake_amount":19.389126,"max_stake_amount":19.389126,"amount":0.0002,"open_date":"2024-12-06 00:00:00+00:00","close_date":"2024-12-06 00:00:00+00:00","open_rate":96945.63,"close_rate":96945.63,"fee_open":0.001,"fee_close":0.001,"trade_duration":0,"profit_ratio":-0.0019980018949544444,"profit_abs":-0.03877825,"exit_reason":"custom_exit","initial_stop_loss_abs":67861.95,"initial_stop_loss_ratio":-0.3,"stop_loss_abs":67861.95,"stop_loss_ratio":-0.3,"min_rate":95981.72,"max_rate":101898.99,"is_open":false,"enter_tag":"","leverage":1.0,"is_short":false,"open_timestamp":1733443200000,"close_timestamp":1733443200000,"orders":[{"amount":0.0002,"safe_price":96945.63,"ft_order_side":"buy","order_filled_timestamp":1733443200000,"ft_is_entry":true,"ft_order_tag":"","cost":19.408515125999998},{"amount":0.0002,"safe_price":96945.63,"ft_order_side":"sell","order_filled_timestamp":1733443200000,"ft_is_entry":false,"ft_order_tag":"custom_exit","cost":19.408515125999998}],"funding_fees":0.0},{"pair":"BTC/USDT","stake_amount":19.948168,"max_stake_amount":19.948168,"amount":0.0002,"open_date":"2024-12-07 00:00:00+00:00","close_date":"2024-12-15 00:00:00+00:00","open_rate":99740.84,"close_rate":101420.0,"fee_open":0.001,"fee_close":0.001,"trade_duration":11520,"profit_ratio":0.01480359126083786,"profit_abs":0.29559983,"exit_reason":"custom_exit","initial_stop_loss_abs":69818.59,"initial_stop_loss_ratio":-0.3,"stop_loss_abs":69818.59,"stop_loss_ratio":-0.3,"min_rate":94150.05,"max_rate":105250.0,"is_open":false,"enter_tag":"","leverage":1.0,"is_short":false,"open_timestamp":1733529600000,"close_timestamp":1734220800000,"orders":[{"amount":0.0002,"safe_price":99740.84,"ft_order_side":"buy","order_filled_timestamp":1733529600000,"ft_is_entry":true,"ft_order_tag":"","cost":19.968116167999998},{"amount":0.0002,"safe_price":101420.0,"ft_order_side":"sell","order_filled_timestamp":1734220800000,"ft_is_entry":false,"ft_order_tag":"custom_exit","cost":20.304284}],"funding_fees":0.0},{"pair":"BTC/USDT","stake_amount":19.8481581,"max_stake_amount":19.8481581,"amount":0.00019,"open_date":"2024-12-16 00:00:00+00:00","close_date":"2024-12-23 00:00:00+00:00","open_rate":104463.99,"close_rate":95186.28,"fee_open":0.001,"fee_close":0.001,"trade_duration":10080,"profit_ratio":-0.09063307241842006,"profit_abs":-1.80069845,"exit_reason":"exit_signal","initial_stop_loss_abs":73124.8,"initial_stop_loss_ratio":-0.3,"stop_loss_abs":73124.8,"stop_loss_ratio":-0.3,"min_rate":92232.54,"max_rate":108353.0,"is_open":false,"enter_tag":"","leverage":1.0,"is_short":false,"open_timestamp":1734307200000,"close_timestamp":1734912000000,"orders":[{"amount":0.00019,"safe_price":104463.99,"ft_order_side":"buy","order_filled_timestamp":1734307200000,"ft_is_entry":true,"ft_order_tag":"","cost":19.8680062581},{"amount":0.00019,"safe_price":95186.28,"ft_order_side":"sell","order_filled_timestamp":1734912000000,"ft_is_entry":false,"ft_order_tag":"exit_signal","cost":18.1034785932}],"funding_fees":0.0},{"pair":"BTC/USDT","stake_amount":19.644102,"max_stake_amount":19.644102,"amount":0.0002,"open_date":"2025-01-05 00:00:00+00:00","close_date":"2025-01-06 00:00:00+00:00","open_rate":98220.51,"close_rate":98363.61,"fee_open":0.001,"fee_close":0.001,"trade_duration":1440,"profit_ratio":-0.0005439868855361199,"profit_abs":-0.01069682,"exit_reason":"custom_exit","initial_stop_loss_abs":68754.36,"initial_stop_loss_ratio":-0.3,"stop_loss_abs":68754.36,"stop_loss_ratio":-0.3,"min_rate":97276.79,"max_rate":102480.0,"is_open":false,"enter_tag":"","leverage":1.0,"is_short":false,"open_timestamp":1736035200000,"close_timestamp":1736121600000,"orders":[{"amount":0.0002,"safe_price":98220.51,"ft_order_side":"buy","order_filled_timestamp":1736035200000,"ft_is_entry":true,"ft_order_tag":"","cost":19.663746101999998},{"amount":0.0002,"safe_price":98363.61,"ft_order_side":"sell","order_filled_timestamp":1736121600000,"ft_is_entry":false,"ft_order_tag":"custom_exit","cost":19.692394722}],"funding_fees":0.0},{"pair":"BTC/USDT","stake_amount":19.424764,"max_stake_amount":19.424764,"amount":0.00019,"open_date":"2025-01-07 00:00:00+00:00","close_date":"2025-01-10 00:00:00+00:00","open_rate":102235.6,"close_rate":92552.49,"fee_open":0.001,"fee_close":0.001,"trade_duration":4320,"profit_ratio":-0.09652244497208379,"profit_abs":-1.87680064,"exit_reason":"exit_signal","initial_stop_loss_abs":71564.92,"initial_stop_loss_ratio":-0.3,"stop_loss_abs":71564.92,"stop_loss_ratio":-0.3,"min_rate":91203.67,"max_rate":102724.38,"is_open":false,"enter_tag":"","leverage":1.0,"is_short":false,"open_timestamp":1736208000000,"close_timestamp":1736467200000,"orders":[{"amount":0.00019,"safe_price":102235.6,"ft_order_side":"buy","order_filled_timestamp":1736208000000,"ft_is_entry":true,"ft_order_tag":"","cost":19.444188764},{"amount":0.00019,"safe_price":92552.49,"ft_order_side":"sell","order_filled_timestamp":1736467200000,"ft_is_entry":false,"ft_order_tag":"exit_signal","cost":17.6025580731}],"funding_fees":0.0},{"pair":"BTC/USDT","stake_amount":19.0944965,"max_stake_amount":19.0944965,"amount":0.00019,"open_date":"2025-01-16 00:00:00+00:00","close_date":"2025-01-17 00:00:00+00:00","open_rate":100497.35,"close_rate":99987.3,"fee_open":0.001,"fee_close":0.001,"trade_duration":1440,"profit_ratio":-0.007063119642181363,"profit_abs":-0.13500158,"exit_reason":"custom_exit","initial_stop_loss_abs":70348.15,"initial_stop_loss_ratio":-0.3,"stop_loss_abs":70348.15,"stop_loss_ratio":-0.3,"min_rate":97335.13,"max_rate":105865.22,"is_open":false,"enter_tag":"","leverage":1.0,"is_short":false,"open_timestamp":1736985600000,"close_timestamp":1737072000000,"orders":[{"amount":0.00019,"safe_price":100497.35,"ft_order_side":"buy","order_filled_timestamp":1736985600000,"ft_is_entry":true,"ft_order_tag":"","cost":19.1135909965},{"amount":0.00019,"safe_price":99987.3,"ft_order_side":"sell","order_filled_timestamp":1737072000000,"ft_is_entry":false,"ft_order_tag":"custom_exit","cost":19.016584587}],"funding_fees":0.0},{"pair":"BTC/USDT","stake_amount":19.7747193,"max_stake_amount":19.7747193,"amount":0.00019,"open_date":"2025-01-18 00:00:00+00:00","close_date":"2025-01-20 00:00:00+00:00","open_rate":104077.47,"close_rate":101331.57,"fee_open":0.001,"fee_close":0.001,"trade_duration":2880,"profit_ratio":-0.028328520014366598,"profit_abs":-0.56074872,"exit_reason":"custom_exit","initial_stop_loss_abs":72854.23,"initial_stop_loss_ratio":-0.3,"stop_loss_abs":72854.23,"stop_loss_ratio":-0.3,"min_rate":99550.0,"max_rate":109588.0,"is_open":false,"enter_tag":"","leverage":1.0,"is_short":false,"open_timestamp":1737158400000,"close_timestamp":1737331200000,"orders":[{"amount":0.00019,"safe_price":104077.47,"ft_order_side":"buy","order_filled_timestamp":1737158400000,"ft_is_entry":true,"ft_order_tag":"","cost":19.7944940193},{"amount":0.00019,"safe_price":101331.57,"ft_order_side":"sell","order_filled_timestamp":1737331200000,"ft_is_entry":false,"ft_order_tag":"custom_exit","cost":19.2722512983}],"funding_fees":0.0},{"pair":"BTC/USDT","stake_amount":19.4294,"max_stake_amount":19.4294,"amount":0.00019,"open_date":"2025-01-21 00:00:00+00:00","close_date":"2025-01-21 00:00:00+00:00","open_rate":102260.0,"close_rate":102260.0,"fee_open":0.001,"fee_close":0.001,"trade_duration":0,"profit_ratio":-0.001998001998001998,"profit_abs":-0.0388588,"exit_reason":"custom_exit","initial_stop_loss_abs":71582.0,"initial_stop_loss_ratio":-0.3,"stop_loss_abs":71582.0,"stop_loss_ratio":-0.3,"min_rate":100119.04,"max_rate":107240.81,"is_open":false,"enter_tag":"","leverage":1.0,"is_short":false,"open_timestamp":1737417600000,"close_timestamp":1737417600000,"orders":[{"amount":0.00019,"safe_price":102260.0,"ft_order_side":"buy","order_filled_timestamp":1737417600000,"ft_is_entry":true,"ft_order_tag":"","cost":19.448829399999997},{"amount":0.00019,"safe_price":102260.0,"ft_order_side":"sell","order_filled_timestamp":1737417600000,"ft_is_entry":false,"ft_order_tag":"custom_exit","cost":19.448829399999997}],"funding_fees":0.0},{"pair":"BTC/USDT","stake_amount":19.1058876,"max_stake_amount":19.1058876,"amount":0.00018,"open_date":"2025-01-22 00:00:00+00:00","close_date":"2025-02-03 00:00:00+00:00","open_rate":106143.82,"close_rate":97700.59,"fee_open":0.001,"fee_close":0.001,"trade_duration":17280,"profit_ratio":-0.08138425725525944,"profit_abs":-1.55647339,"exit_reason":"exit_signal","initial_stop_loss_abs":74300.68,"initial_stop_loss_ratio":-0.3,"stop_loss_abs":74300.68,"stop_loss_ratio":-0.3,"min_rate":91231.0,"max_rate":107120.0,"is_open":false,"enter_tag":"","leverage":1.0,"is_short":false,"open_timestamp":1737504000000,"close_timestamp":1738540800000,"orders":[{"amount":0.00018,"safe_price":106143.82,"ft_order_side":"buy","order_filled_timestamp":1737504000000,"ft_is_entry":true,"ft_order_tag":"","cost":19.1249934876},{"amount":0.00018,"safe_price":97700.59,"ft_order_side":"sell","order_filled_timestamp":1738540800000,"ft_is_entry":false,"ft_order_tag":"exit_signal","cost":17.6036923062}],"funding_fees":0.0},{"pair":"BTC/USDT","stake_amount":19.8741228,"max_stake_amount":19.8741228,"amount":0.00021,"open_date":"2025-04-26 00:00:00+00:00","close_date":"2025-05-02 00:00:00+00:00","open_rate":94638.68,"close_rate":96489.9,"fee_open":0.001,"fee_close":0.001,"trade_duration":8640,"profit_ratio":0.01752383904314655,"profit_abs":0.3486192,"exit_reason":"custom_exit","initial_stop_loss_abs":66247.08,"initial_stop_loss_ratio":-0.3,"stop_loss_abs":66247.08,"stop_loss_ratio":-0.3,"min_rate":92800.01,"max_rate":97895.68,"is_open":false,"enter_tag":"","leverage":1.0,"is_short":false,"open_timestamp":1745625600000,"close_timestamp":1746144000000,"orders":[{"amount":0.00021,"safe_price":94638.68,"ft_order_side":"buy","order_filled_timestamp":1745625600000,"ft_is_entry":true,"ft_order_tag":"","cost":19.893996922799996},{"amount":0.00021,"safe_price":96489.9,"ft_order_side":"sell","order_filled_timestamp":1746144000000,"ft_is_entry":false,"ft_order_tag":"custom_exit","cost":20.283141878999995}],"funding_fees":0.0},{"pair":"BTC/USDT","stake_amount":19.377426,"max_stake_amount":19.377426,"amount":0.0002,"open_date":"2025-05-03 00:00:00+00:00","close_date":"2025-05-08 00:00:00+00:00","open_rate":96887.13,"close_rate":97030.5,"fee_open":0.001,"fee_close":0.001,"trade_duration":7200,"profit_ratio":-0.0005211956721925073,"profit_abs":-0.01010953,"exit_reason":"custom_exit","initial_stop_loss_abs":67821.0,"initial_stop_loss_ratio":-0.3,"stop_loss_abs":67821.0,"stop_loss_ratio":-0.3,"min_rate":93377.0,"max_rate":104145.76,"is_open":false,"enter_tag":"","leverage":1.0,"is_short":false,"open_timestamp":1746230400000,"close_timestamp":1746662400000,"orders":[{"amount":0.0002,"safe_price":96887.13,"ft_order_side":"buy","order_filled_timestamp":1746230400000,"ft_is_entry":true,"ft_order_tag":"","cost":19.396803426},{"amount":0.0002,"safe_price":97030.5,"ft_order_side":"sell","order_filled_timestamp":1746662400000,"ft_is_entry":false,"ft_order_tag":"custom_exit","cost":19.4255061}],"funding_fees":0.0},{"pair":"BTC/USDT","stake_amount":19.6197059,"max_stake_amount":19.6197059,"amount":0.00019,"open_date":"2025-05-09 00:00:00+00:00","close_date":"2025-05-18 00:00:00+00:00","open_rate":103261.61,"close_rate":103126.65,"fee_open":0.001,"fee_close":0.001,"trade_duration":12960,"profit_ratio":-0.0033023623774798084,"profit_abs":-0.06485617,"exit_reason":"custom_exit","initial_stop_loss_abs":72283.13,"initial_stop_loss_ratio":-0.3,"stop_loss_abs":72283.13,"stop_loss_ratio":-0.3,"min_rate":100718.37,"max_rate":106660.0,"is_open":false,"enter_tag":"","leverage":1.0,"is_short":false,"open_timestamp":1746748800000,"close_timestamp":1747526400000,"orders":[{"amount":0.00019,"safe_price":103261.61,"ft_order_side":"buy","order_filled_timestamp":1746748800000,"ft_is_entry":true,"ft_order_tag":"","cost":19.639325605899998},{"amount":0.00019,"safe_price":103126.65,"ft_order_side":"sell","order_filled_timestamp":1747526400000,"ft_is_entry":false,"ft_order_tag":"custom_exit","cost":19.6136575635}],"funding_fees":0.0},{"pair":"BTC/USDT","stake_amount":19.1617686,"max_stake_amount":19.1617686,"amount":0.00018,"open_date":"2025-05-19 00:00:00+00:00","close_date":"2025-05-21 00:00:00+00:00","open_rate":106454.27,"close_rate":106850.0,"fee_open":0.001,"fee_close":0.001,"trade_duration":2880,"profit_ratio":0.0017119414631604607,"profit_abs":0.03283663,"exit_reason":"custom_exit","initial_stop_loss_abs":74517.99,"initial_stop_loss_ratio":-0.3,"stop_loss_abs":74517.99,"stop_loss_ratio":-0.3,"min_rate":102000.0,"max_rate":110797.38,"is_open":false,"enter_tag":"","leverage":1.0,"is_short":false,"open_timestamp":1747612800000,"close_timestamp":1747785600000,"orders":[{"amount":0.00018,"safe_price":106454.27,"ft_order_side":"buy","order_filled_timestamp":1747612800000,"ft_is_entry":true,"ft_order_tag":"","cost":19.1809303686},{"amount":0.00018,"safe_price":106850.0,"ft_order_side":"sell","order_filled_timestamp":1747785600000,"ft_is_entry":false,"ft_order_tag":"custom_exit","cost":19.252232999999997}],"funding_fees":0.0},{"pair":"BTC/USDT","stake_amount":19.7359182,"max_stake_amount":19.7359182,"amount":0.00018,"open_date":"2025-05-22 00:00:00+00:00","close_date":"2025-06-06 00:00:00+00:00","open_rate":109643.99,"close_rate":101508.69,"fee_open":0.001,"fee_close":0.001,"trade_duration":21600,"profit_ratio":-0.07604716457431504,"profit_abs":-1.50236148,"exit_reason":"exit_signal","initial_stop_loss_abs":76750.8,"initial_stop_loss_ratio":-0.3,"stop_loss_abs":76750.8,"stop_loss_ratio":-0.3,"min_rate":100372.26,"max_rate":111980.0,"is_open":false,"enter_tag":"","leverage":1.0,"is_short":false,"open_timestamp":1747872000000,"close_timestamp":1749168000000,"orders":[{"amount":0.00018,"safe_price":109643.99,"ft_order_side":"buy","order_filled_timestamp":1747872000000,"ft_is_entry":true,"ft_order_tag":"","cost":19.7556541182},{"amount":0.00018,"safe_price":101508.69,"ft_order_side":"sell","order_filled_timestamp":1749168000000,"ft_is_entry":false,"ft_order_tag":"exit_signal","cost":18.2898357642}],"funding_fees":0.0},{"pair":"BTC/USDT","stake_amount":19.0321218,"max_stake_amount":19.0321218,"amount":0.00018,"open_date":"2025-06-09 00:00:00+00:00","close_date":"2025-06-09 00:00:00+00:00","open_rate":105734.01,"close_rate":105734.01,"fee_open":0.001,"fee_close":0.001,"trade_duration":0,"profit_ratio":-0.001998001809037066,"profit_abs":-0.03806424,"exit_reason":"custom_exit","initial_stop_loss_abs":74013.81,"initial_stop_loss_ratio":-0.3,"stop_loss_abs":74013.81,"stop_loss_ratio":-0.3,"min_rate":105318.37,"max_rate":110530.17,"is_open":false,"enter_tag":"","leverage":1.0,"is_short":false,"open_timestamp":1749427200000,"close_timestamp":1749427200000,"orders":[{"amount":0.00018,"safe_price":105734.01,"ft_order_side":"buy","order_filled_timestamp":1749427200000,"ft_is_entry":true,"ft_order_tag":"","cost":19.051153921799997},{"amount":0.00018,"safe_price":105734.01,"ft_order_side":"sell","order_filled_timestamp":1749427200000,"ft_is_entry":false,"ft_order_tag":"custom_exit","cost":19.051153921799997}],"funding_fees":0.0},{"pair":"BTC/USDT","stake_amount":19.8473436,"max_stake_amount":19.8473436,"amount":0.00018,"open_date":"2025-06-10 00:00:00+00:00","close_date":"2025-06-18 00:00:00+00:00","open_rate":110263.02,"close_rate":104551.17,"fee_open":0.001,"fee_close":0.001,"trade_duration":11520,"profit_ratio":-0.05369654688619469,"profit_abs":-1.06679955,"exit_reason":"exit_signal","initial_stop_loss_abs":77184.12,"initial_stop_loss_ratio":-0.3,"stop_loss_abs":77184.12,"stop_loss_ratio":-0.3,"min_rate":102664.31,"max_rate":110400.0,"is_open":false,"enter_tag":"","leverage":1.0,"is_short":false,"open_timestamp":1749513600000,"close_timestamp":1750204800000,"orders":[{"amount":0.00018,"safe_price":110263.02,"ft_order_side":"buy","order_filled_timestamp":1749513600000,"ft_is_entry":true,"ft_order_tag":"","cost":19.8671909436},{"amount":0.00018,"safe_price":104551.17,"ft_order_side":"sell","order_filled_timestamp":1750204800000,"ft_is_entry":false,"ft_order_tag":"exit_signal","cost":18.8380298106}],"funding_fees":0.0},{"pair":"BTC/USDT","stake_amount":19.3213062,"max_stake_amount":19.3213062,"amount":0.00018,"open_date":"2025-06-26 00:00:00+00:00","close_date":"2025-07-03 00:00:00+00:00","open_rate":107340.59,"close_rate":108849.59,"fee_open":0.001,"fee_close":0.001,"trade_duration":10080,"profit_ratio":0.012031965866950378,"profit_abs":0.23270577,"exit_reason":"custom_exit","initial_stop_loss_abs":75138.42,"initial_stop_loss_ratio":-0.3,"stop_loss_abs":75138.42,"stop_loss_ratio":-0.3,"min_rate":105100.19,"max_rate":110529.18,"is_open":false,"enter_tag":"","leverage":1.0,"is_short":false,"open_timestamp":1750896000000,"close_timestamp":1751500800000,"orders":[{"amount":0.00018,"safe_price":107340.59,"ft_order_side":"buy","order_filled_timestamp":1750896000000,"ft_is_entry":true,"ft_order_tag":"","cost":19.3406275062},{"amount":0.00018,"safe_price":108849.59,"ft_order_side":"sell","order_filled_timestamp":1751500800000,"ft_is_entry":false,"ft_order_tag":"custom_exit","cost":19.6125191262}],"funding_fees":0.0},{"pair":"BTC/USDT","stake_amount":19.7252586,"max_stake_amount":19.7252586,"amount":0.00018,"open_date":"2025-07-04 00:00:00+00:00","close_date":"2025-07-09 00:00:00+00:00","open_rate":109584.77,"close_rate":108922.99,"fee_open":0.001,"fee_close":0.001,"trade_duration":7200,"profit_ratio":-0.008024914131848516,"profit_abs":-0.1584518,"exit_reason":"force_exit","initial_stop_loss_abs":76709.34,"initial_stop_loss_ratio":-0.3,"stop_loss_abs":76709.34,"stop_loss_ratio":-0.3,"min_rate":107245.0,"max_rate":111999.79,"is_open":false,"enter_tag":"","leverage":1.0,"is_short":false,"open_timestamp":1751587200000,"close_timestamp":1752019200000,"orders":[{"amount":0.00018,"safe_price":109584.77,"ft_order_side":"buy","order_filled_timestamp":1751587200000,"ft_is_entry":true,"ft_order_tag":"","cost":19.7449838586},{"amount":0.00018,"safe_price":108922.99,"ft_order_side":"sell","order_filled_timestamp":1752019200000,"ft_is_entry":false,"ft_order_tag":"force_exit","cost":19.6257443382}],"funding_fees":0.0}],"locks":[],"best_pair":{"key":"BTC/USDT","trades":31,"profit_mean":-0.017196874313950984,"profit_mean_pct":-1.72,"profit_sum":-0.5331031037324805,"profit_sum_pct":-53.31,"profit_total_abs":-10.43593806,"profit_total":-0.01043593806,"profit_total_pct":-1.04,"duration_avg":"4 days, 15:29:00","wins":9,"draws":0,"losses":22,"winrate":0.2903225806451613,"cagr":-0.011399002323218332,"expectancy":-0.3366431632258065,"expectancy_ratio":-0.6012378784045438,"sortino":-0.914108119426683,"sharpe":-0.9111863498139582,"calmar":-5.679639974443153,"sqn":-2.8145,"profit_factor":0.15280117133905194,"max_drawdown_account":0.010510192029999985,"max_drawdown_abs":10.51019203},"worst_pair":{"key":"BTC/USDT","trades":31,"profit_mean":-0.017196874313950984,"profit_mean_pct":-1.72,"profit_sum":-0.5331031037324805,"profit_sum_pct":-53.31,"profit_total_abs":-10.43593806,"profit_total":-0.01043593806,"profit_total_pct":-1.04,"duration_avg":"4 days, 15:29:00","wins":9,"draws":0,"losses":22,"winrate":0.2903225806451613,"cagr":-0.011399002323218332,"expectancy":-0.3366431632258065,"expectancy_ratio":-0.6012378784045438,"sortino":-0.914108119426683,"sharpe":-0.9111863498139582,"calmar":-5.679639974443153,"sqn":-2.8145,"profit_factor":0.15280117133905194,"max_drawdown_account":0.010510192029999985,"max_drawdown_abs":10.51019203},"results_per_pair":[{"key":"BTC/USDT","trades":31,"profit_mean":-0.017196874313950984,"profit_mean_pct":-1.72,"profit_sum":-0.5331031037324805,"profit_sum_pct":-53.31,"profit_total_abs":-10.43593806,"profit_total":-0.01043593806,"profit_total_pct":-1.04,"duration_avg":"4 days, 15:29:00","wins":9,"draws":0,"losses":22,"winrate":0.2903225806451613,"cagr":-0.011399002323218332,"expectancy":-0.3366431632258065,"expectancy_ratio":-0.6012378784045438,"sortino":-0.914108119426683,"sharpe":-0.9111863498139582,"calmar":-5.679639974443153,"sqn":-2.8145,"profit_factor":0.15280117133905194,"max_drawdown_account":0.010510192029999985,"max_drawdown_abs":10.51019203},{"key":"TOTAL","trades":31,"profit_mean":-0.017196874313950984,"profit_mean_pct":-1.72,"profit_sum":-0.5331031037324805,"profit_sum_pct":-53.31,"profit_total_abs":-10.43593806,"profit_total":-0.01043593806,"profit_total_pct":-1.04,"duration_avg":"4 days, 15:29:00","wins":9,"draws":0,"losses":22,"winrate":0.2903225806451613,"cagr":-0.011399002323218332,"expectancy":-0.3366431632258065,"expectancy_ratio":-0.6012378784045438,"sortino":-0.914108119426683,"sharpe":-0.9111863498139582,"calmar":-5.679639974443153,"sqn":-2.8145,"profit_factor":0.15280117133905194,"max_drawdown_account":0.010510192029999985,"max_drawdown_abs":10.51019203}],"results_per_enter_tag":[{"key":"","trades":31,"profit_mean":-0.017196874313950984,"profit_mean_pct":-1.72,"profit_sum":-0.5331031037324805,"profit_sum_pct":-53.31,"profit_total_abs":-10.43593806,"profit_total":-0.01043593806,"profit_total_pct":-1.04,"duration_avg":"4 days, 15:29:00","wins":9,"draws":0,"losses":22,"winrate":0.2903225806451613,"cagr":-0.011399002323218332,"expectancy":-0.3366431632258065,"expectancy_ratio":-0.6012378784045438,"sortino":-0.914108119426683,"sharpe":-0.9111863498139582,"calmar":-5.679639974443153,"sqn":-2.8145,"profit_factor":0.15280117133905194,"max_drawdown_account":0.010510192029999985,"max_drawdown_abs":10.51019203},{"key":"TOTAL","trades":31,"profit_mean":-0.017196874313950984,"profit_mean_pct":-1.72,"profit_sum":-0.5331031037324805,"profit_sum_pct":-53.31,"profit_total_abs":-10.43593806,"profit_total":-0.01043593806,"profit_total_pct":-1.04,"duration_avg":"4 days, 15:29:00","wins":9,"draws":0,"losses":22,"winrate":0.2903225806451613,"cagr":-0.011399002323218332,"expectancy":-0.3366431632258065,"expectancy_ratio":-0.6012378784045438,"sortino":-0.914108119426683,"sharpe":-0.9111863498139582,"calmar":-5.679639974443153,"sqn":-2.8145,"profit_factor":0.15280117133905194,"max_drawdown_account":0.010510192029999985,"max_drawdown_abs":10.51019203}],"exit_reason_summary":[{"key":"force_exit","trades":1,"profit_mean":-0.008024914131848516,"profit_mean_pct":-0.8,"profit_sum":-0.008024914131848516,"profit_sum_pct":-0.8,"profit_total_abs":-0.1584518,"profit_total":-0.0001584518,"profit_total_pct":-0.02,"duration_avg":"5 days, 0:00:00","wins":0,"draws":0,"losses":1,"winrate":0.0,"cagr":-0.00017315713084453677,"expectancy":-0.1584518,"expectancy_ratio":-1.0,"sortino":-100,"sharpe":-100,"calmar":-5.7200518486667296,"sqn":-100.0,"profit_factor":0.0,"max_drawdown_account":0.00015845179999996617,"max_drawdown_abs":0.1584518},{"key":"custom_exit","trades":23,"profit_mean":-0.0008870126633257499,"profit_mean_pct":-0.09,"profit_sum":-0.020401291256492246,"profit_sum_pct":-2.04,"profit_total_abs":-0.39491339999999986,"profit_total":-0.00039491339999999986,"profit_total_pct":-0.04,"duration_avg":"3 days, 15:39:00","wins":9,"draws":0,"losses":14,"winrate":0.391304347826087,"cagr":-0.00043155912872616664,"expectancy":-0.017170147826086973,"expectancy_ratio":-0.10556296376742869,"sortino":-0.08772285313500508,"sharpe":-0.08006232665944471,"calmar":-2.078553679354069,"sqn":-0.2854,"profit_factor":0.8265751309535101,"max_drawdown_account":0.0010867773809116943,"max_drawdown_abs":1.08698489},{"key":"exit_signal","trades":7,"profit_mean":-0.07209669976344854,"profit_mean_pct":-7.21,"profit_sum":-0.5046768983441398,"profit_sum_pct":-50.47,"profit_total_abs":-9.88257286,"profit_total":-0.00988257286,"profit_total_pct":-0.99,"duration_avg":"7 days, 20:34:00","wins":0,"draws":0,"losses":7,"winrate":0.0,"cagr":-0.01079484973617173,"expectancy":-1.4117961228571427,"expectancy_ratio":-1.0,"sortino":-1.493348557829215,"sharpe":-1.493348557829215,"calmar":-5.720051848665519,"sqn":-9.1356,"profit_factor":0.0,"max_drawdown_account":0.009882572859999982,"max_drawdown_abs":9.88257286},{"key":"TOTAL","trades":31,"profit_mean":-0.017196874313950984,"profit_mean_pct":-1.72,"profit_sum":-0.5331031037324805,"profit_sum_pct":-53.31,"profit_total_abs":-10.43593806,"profit_total":-0.01043593806,"profit_total_pct":-1.04,"duration_avg":"4 days, 15:29:00","wins":9,"draws":0,"losses":22,"winrate":0.2903225806451613,"cagr":-0.011399002323218332,"expectancy":-0.3366431632258065,"expectancy_ratio":-0.6012378784045438,"sortino":-0.914108119426683,"sharpe":-0.9111863498139582,"calmar":-5.679639974443153,"sqn":-2.8145,"profit_factor":0.15280117133905194,"max_drawdown_account":0.010510192029999985,"max_drawdown_abs":10.51019203}],"mix_tag_stats":[{"key":["","force_exit"],"trades":1,"profit_mean":-0.008024914131848516,"profit_mean_pct":-0.8,"profit_sum":-0.008024914131848516,"profit_sum_pct":-0.8,"profit_total_abs":-0.1584518,"profit_total":-0.0001584518,"profit_total_pct":-0.02,"duration_avg":"5 days, 0:00:00","wins":0,"draws":0,"losses":1,"winrate":0.0,"cagr":-0.00017315713084453677,"expectancy":-0.1584518,"expectancy_ratio":-1.0,"sortino":-100,"sharpe":-100,"calmar":-5.7200518486667296,"sqn":-100.0,"profit_factor":0.0,"max_drawdown_account":0.00015845179999996617,"max_drawdown_abs":0.1584518},{"key":["","custom_exit"],"trades":23,"profit_mean":-0.0008870126633257499,"profit_mean_pct":-0.09,"profit_sum":-0.020401291256492246,"profit_sum_pct":-2.04,"profit_total_abs":-0.39491339999999986,"profit_total":-0.00039491339999999986,"profit_total_pct":-0.04,"duration_avg":"3 days, 15:39:00","wins":9,"draws":0,"losses":14,"winrate":0.391304347826087,"cagr":-0.00043155912872616664,"expectancy":-0.017170147826086973,"expectancy_ratio":-0.10556296376742869,"sortino":-0.08772285313500508,"sharpe":-0.08006232665944471,"calmar":-2.078553679354069,"sqn":-0.2854,"profit_factor":0.8265751309535101,"max_drawdown_account":0.0010867773809116943,"max_drawdown_abs":1.08698489},{"key":["","exit_signal"],"trades":7,"profit_mean":-0.07209669976344854,"profit_mean_pct":-7.21,"profit_sum":-0.5046768983441398,"profit_sum_pct":-50.47,"profit_total_abs":-9.88257286,"profit_total":-0.00988257286,"profit_total_pct":-0.99,"duration_avg":"7 days, 20:34:00","wins":0,"draws":0,"losses":7,"winrate":0.0,"cagr":-0.01079484973617173,"expectancy":-1.4117961228571427,"expectancy_ratio":-1.0,"sortino":-1.493348557829215,"sharpe":-1.493348557829215,"calmar":-5.720051848665519,"sqn":-9.1356,"profit_factor":0.0,"max_drawdown_account":0.009882572859999982,"max_drawdown_abs":9.88257286},{"key":"TOTAL","trades":31,"profit_mean":-0.017196874313950984,"profit_mean_pct":-1.72,"profit_sum":-0.5331031037324805,"profit_sum_pct":-53.31,"profit_total_abs":-10.43593806,"profit_total":-0.01043593806,"profit_total_pct":-1.04,"duration_avg":"4 days, 15:29:00","wins":9,"draws":0,"losses":22,"winrate":0.2903225806451613,"cagr":-0.011399002323218332,"expectancy":-0.3366431632258065,"expectancy_ratio":-0.6012378784045438,"sortino":-0.914108119426683,"sharpe":-0.9111863498139582,"calmar":-5.679639974443153,"sqn":-2.8145,"profit_factor":0.15280117133905194,"max_drawdown_account":0.010510192029999985,"max_drawdown_abs":10.51019203}],"left_open_trades":[{"key":"BTC/USDT","trades":1,"profit_mean":-0.008024914131848516,"profit_mean_pct":-0.8,"profit_sum":-0.008024914131848516,"profit_sum_pct":-0.8,"profit_total_abs":-0.1584518,"profit_total":-0.0001584518,"profit_total_pct":-0.02,"duration_avg":"5 days, 0:00:00","wins":0,"draws":0,"losses":1,"winrate":0.0,"cagr":-0.00017315713084453677,"expectancy":-0.1584518,"expectancy_ratio":-1.0,"sortino":-100,"sharpe":-100,"calmar":-5.7200518486667296,"sqn":-100.0,"profit_factor":0.0,"max_drawdown_account":0.00015845179999996617,"max_drawdown_abs":0.1584518},{"key":"TOTAL","trades":1,"profit_mean":-0.008024914131848516,"profit_mean_pct":-0.8,"profit_sum":-0.008024914131848516,"profit_sum_pct":-0.8,"profit_total_abs":-0.1584518,"profit_total":-0.0001584518,"profit_total_pct":-0.02,"duration_avg":"5 days, 0:00:00","wins":0,"draws":0,"losses":1,"winrate":0.0,"cagr":-0.00017315713084453677,"expectancy":-0.1584518,"expectancy_ratio":-1.0,"sortino":-100,"sharpe":-100,"calmar":-5.7200518486667296,"sqn":-100.0,"profit_factor":0.0,"max_drawdown_account":0.00015845179999996617,"max_drawdown_abs":0.1584518}],"total_trades":31,"trade_count_long":31,"trade_count_short":0,"total_volume":1203.9869524683,"avg_stake_amount":19.548666487096774,"profit_mean":-0.017196874313950984,"profit_median":-0.001998001998001998,"profit_total":-0.01043593806,"profit_total_long":-0.01043593806,"profit_total_short":0.0,"profit_total_abs":-10.43593806,"profit_total_long_abs":-10.43593806,"profit_total_short_abs":0.0,"cagr":-0.011399002323218332,"expectancy":-0.3366431632258065,"expectancy_ratio":-0.6012378784045438,"sortino":-0.914108119426683,"sharpe":-0.9111863498139582,"calmar":-5.679639974443153,"sqn":-2.8145,"profit_factor":0.15280117133905194,"backtest_start":"2024-08-09 00:00:00","backtest_start_ts":1723161600000,"backtest_end":"2025-07-09 00:00:00","backtest_end_ts":1752019200000,"backtest_days":334,"backtest_run_start_ts":1752168888,"backtest_run_end_ts":1752168889,"trades_per_day":0.09,"market_change":0.8283639876991336,"pairlist":["BTC/USDT"],"stake_amount":20,"stake_currency":"USDT","stake_currency_decimals":3,"starting_balance":1000,"dry_run_wallet":1000,"final_balance":989.56406194,"rejected_signals":0,"timedout_entry_orders":0,"timedout_exit_orders":0,"canceled_trade_entries":0,"canceled_entry_orders":0,"replaced_entry_orders":0,"max_open_trades":1,"max_open_trades_setting":5,"timeframe":"1d","timeframe_detail":"","timerange":"","enable_protections":false,"strategy_name":"MultiHorizonMomentum","stoploss":-0.3,"trailing_stop":false,"trailing_stop_positive":null,"trailing_stop_positive_offset":0.0,"trailing_only_offset_is_reached":false,"use_custom_stoploss":false,"minimal_roi":{},"use_exit_signal":true,"exit_profit_only":false,"exit_profit_offset":0.0,"ignore_roi_if_entry_signal":false,"trading_mode":"spot","margin_mode":"","periodic_breakdown":{"day":[{"date":"04/10/2024","date_ts":1728000000000,"profit_abs":-1.36415901,"wins":0,"draws":0,"losses":1,"trades":1,"profit_factor":0.0},{"date":"05/10/2024","date_ts":1728086400000,"profit_abs":0.0,"wins":0,"draws":0,"losses":0,"trades":0,"profit_factor":0.0},{"date":"06/10/2024","date_ts":1728172800000,"profit_abs":0.0,"wins":0,"draws":0,"losses":0,"trades":0,"profit_factor":0.0},{"date":"07/10/2024","date_ts":1728259200000,"profit_abs":0.0,"wins":0,"draws":0,"losses":0,"trades":0,"profit_factor":0.0},{"date":"08/10/2024","date_ts":1728345600000,"profit_abs":0.0,"wins":0,"draws":0,"losses":0,"trades":0,"profit_factor":0.0},{"date":"09/10/2024","date_ts":1728432000000,"profit_abs":0.0,"wins":0,"draws":0,"losses":0,"trades":0,"profit_factor":0.0},{"date":"10/10/2024","date_ts":1728518400000,"profit_abs":-0.71528034,"wins":0,"draws":0,"losses":1,"trades":1,"profit_factor":0.0},{"date":"11/10/2024","date_ts":1728604800000,"profit_abs":0.0,"wins":0,"draws":0,"losses":0,"trades":0,"profit_factor":0.0},{"date":"12/10/2024","date_ts":1728691200000,"profit_abs":0.0,"wins":0,"draws":0,"losses":0,"trades":0,"profit_factor":0.0},{"date":"13/10/2024","date_ts":1728777600000,"profit_abs":0.0,"wins":0,"draws":0,"losses":0,"trades":0,"profit_factor":0.0},{"date":"14/10/2024","date_ts":1728864000000,"profit_abs":-0.14330874,"wins":0,"draws":0,"losses":1,"trades":1,"profit_factor":0.0},{"date":"15/10/2024","date_ts":1728950400000,"profit_abs":0.0,"wins":0,"draws":0,"losses":0,"trades":0,"profit_factor":0.0},{"date":"16/10/2024","date_ts":1729036800000,"profit_abs":0.25709456,"wins":1,"draws":0,"losses":0,"trades":1,"profit_factor":0.0},{"date":"17/10/2024","date_ts":1729123200000,"profit_abs":0.0,"wins":0,"draws":0,"losses":0,"trades":0,"profit_factor":0.0},{"date":"18/10/2024","date_ts":1729209600000,"profit_abs":0.0,"wins":0,"draws":0,"losses":0,"trades":0,"profit_factor":0.0},{"date":"19/10/2024","date_ts":1729296000000,"profit_abs":0.0,"wins":0,"draws":0,"losses":0,"trades":0,"profit_factor":0.0},{"date":"20/10/2024","date_ts":1729382400000,"profit_abs":0.0,"wins":0,"draws":0,"losses":0,"trades":0,"profit_factor":0.0},{"date":"21/10/2024","date_ts":1729468800000,"profit_abs":0.0,"wins":0,"draws":0,"losses":0,"trades":0,"profit_factor":0.0},{"date":"22/10/2024","date_ts":1729555200000,"profit_abs":0.0,"wins":0,"draws":0,"losses":0,"trades":0,"profit_factor":0.0},{"date":"23/10/2024","date_ts":1729641600000,"profit_abs":0.0,"wins":0,"draws":0,"losses":0,"trades":0,"profit_factor":0.0},{"date":"24/10/2024","date_ts":1729728000000,"profit_abs":0.0,"wins":0,"draws":0,"losses":0,"trades":0,"profit_factor":0.0},{"date":"25/10/2024","date_ts":1729814400000,"profit_abs":0.0,"wins":0,"draws":0,"losses":0,"trades":0,"profit_factor":0.0},{"date":"26/10/2024","date_ts":1729900800000,"profit_abs":0.0,"wins":0,"draws":0,"losses":0,"trades":0,"profit_factor":0.0},{"date":"27/10/2024","date_ts":1729987200000,"profit_abs":0.0,"wins":0,"draws":0,"losses":0,"trades":0,"profit_factor":0.0},{"date":"28/10/2024","date_ts":1730073600000,"profit_abs":0.07715401,"wins":1,"draws":0,"losses":0,"trades":1,"profit_factor":0.0},{"date":"29/10/2024","date_ts":1730160000000,"profit_abs":-0.03917884,"wins":0,"draws":0,"losses":1,"trades":1,"profit_factor":0.0},{"date":"30/10/2024","date_ts":1730246400000,"profit_abs":0.0,"wins":0,"draws":0,"losses":0,"trades":0,"profit_factor":0.0},{"date":"31/10/2024","date_ts":1730332800000,"profit_abs":0.0,"wins":0,"draws":0,"losses":0,"trades":0,"profit_factor":0.0},{"date":"01/11/2024","date_ts":1730419200000,"profit_abs":0.0,"wins":0,"draws":0,"losses":0,"trades":0,"profit_factor":0.0},{"date":"02/11/2024","date_ts":1730505600000,"profit_abs":0.0,"wins":0,"draws":0,"losses":0,"trades":0,"profit_factor":0.0},{"date":"03/11/2024","date_ts":1730592000000,"profit_abs":0.0,"wins":0,"draws":0,"losses":0,"trades":0,"profit_factor":0.0},{"date":"04/11/2024","date_ts":1730678400000,"profit_abs":0.0,"wins":0,"draws":0,"losses":0,"trades":0,"profit_factor":0.0},{"date":"05/11/2024","date_ts":1730764800000,"profit_abs":0.0,"wins":0,"draws":0,"losses":0,"trades":0,"profit_factor":0.0},{"date":"06/11/2024","date_ts":1730851200000,"profit_abs":-0.94675727,"wins":0,"draws":0,"losses":1,"trades":1,"profit_factor":0.0},{"date":"07/11/2024","date_ts":1730937600000,"profit_abs":0.0,"wins":0,"draws":0,"losses":0,"trades":0,"profit_factor":0.0},{"date":"08/11/2024","date_ts":1731024000000,"profit_abs":0.0,"wins":0,"draws":0,"losses":0,"trades":0,"profit_factor":0.0},{"date":"09/11/2024","date_ts":1731110400000,"profit_abs":0.0,"wins":0,"draws":0,"losses":0,"trades":0,"profit_factor":0.0},{"date":"10/11/2024","date_ts":1731196800000,"profit_abs":0.24783734,"wins":1,"draws":0,"losses":0,"trades":1,"profit_factor":0.0},{"date":"11/11/2024","date_ts":1731283200000,"profit_abs":-0.0385776,"wins":0,"draws":0,"losses":1,"trades":1,"profit_factor":0.0},{"date":"12/11/2024","date_ts":1731369600000,"profit_abs":0.0,"wins":0,"draws":0,"losses":0,"trades":0,"profit_factor":0.0},{"date":"13/11/2024","date_ts":1731456000000,"profit_abs":-0.191972,"wins":0,"draws":0,"losses":1,"trades":1,"profit_factor":0.0},{"date":"14/11/2024","date_ts":1731542400000,"profit_abs":0.0,"wins":0,"draws":0,"losses":0,"trades":0,"profit_factor":0.0},{"date":"15/11/2024","date_ts":1731628800000,"profit_abs":0.0,"wins":0,"draws":0,"losses":0,"trades":0,"profit_factor":0.0},{"date":"16/11/2024","date_ts":1731715200000,"profit_abs":0.0,"wins":0,"draws":0,"losses":0,"trades":0,"profit_factor":0.0},{"date":"17/11/2024","date_ts":1731801600000,"profit_abs":0.0,"wins":0,"draws":0,"losses":0,"trades":0,"profit_factor":0.0},{"date":"18/11/2024","date_ts":1731888000000,"profit_abs":0.0,"wins":0,"draws":0,"losses":0,"trades":0,"profit_factor":0.0},{"date":"19/11/2024","date_ts":1731974400000,"profit_abs":-0.02023544,"wins":0,"draws":0,"losses":1,"trades":1,"profit_factor":0.0},{"date":"20/11/2024","date_ts":1732060800000,"profit_abs":0.0,"wins":0,"draws":0,"losses":0,"trades":0,"profit_factor":0.0},{"date":"21/11/2024","date_ts":1732147200000,"profit_abs":0.37572415,"wins":1,"draws":0,"losses":0,"trades":1,"profit_factor":0.0},{"date":"22/11/2024","date_ts":1732233600000,"profit_abs":0.0,"wins":0,"draws":0,"losses":0,"trades":0,"profit_factor":0.0},{"date":"23/11/2024","date_ts":1732320000000,"profit_abs":0.0,"wins":0,"draws":0,"losses":0,"trades":0,"profit_factor":0.0},{"date":"24/11/2024","date_ts":1732406400000,"profit_abs":0.0,"wins":0,"draws":0,"losses":0,"trades":0,"profit_factor":0.0},{"date":"25/11/2024","date_ts":1732492800000,"profit_abs":0.0,"wins":0,"draws":0,"losses":0,"trades":0,"profit_factor":0.0},{"date":"26/11/2024","date_ts":1732579200000,"profit_abs":0.0,"wins":0,"draws":0,"losses":0,"trades":0,"profit_factor":0.0},{"date":"27/11/2024","date_ts":1732665600000,"profit_abs":0.0,"wins":0,"draws":0,"losses":0,"trades":0,"profit_factor":0.0},{"date":"28/11/2024","date_ts":1732752000000,"profit_abs":0.0,"wins":0,"draws":0,"losses":0,"trades":0,"profit_factor":0.0},{"date":"29/11/2024","date_ts":1732838400000,"profit_abs":0.0,"wins":0,"draws":0,"losses":0,"trades":0,"profit_factor":0.0},{"date":"30/11/2024","date_ts":1732924800000,"profit_abs":0.0,"wins":0,"draws":0,"losses":0,"trades":0,"profit_factor":0.0},{"date":"01/12/2024","date_ts":1733011200000,"profit_abs":0.0,"wins":0,"draws":0,"losses":0,"trades":0,"profit_factor":0.0},{"date":"02/12/2024","date_ts":1733097600000,"profit_abs":0.0,"wins":0,"draws":0,"losses":0,"trades":0,"profit_factor":0.0},{"date":"03/12/2024","date_ts":1733184000000,"profit_abs":0.0,"wins":0,"draws":0,"losses":0,"trades":0,"profit_factor":0.0},{"date":"04/12/2024","date_ts":1733270400000,"profit_abs":0.0,"wins":0,"draws":0,"losses":0,"trades":0,"profit_factor":0.0},{"date":"05/12/2024","date_ts":1733356800000,"profit_abs":0.01465911,"wins":1,"draws":0,"losses":0,"trades":1,"profit_factor":0.0},{"date":"06/12/2024","date_ts":1733443200000,"profit_abs":-0.03877825,"wins":0,"draws":0,"losses":1,"trades":1,"profit_factor":0.0},{"date":"07/12/2024","date_ts":1733529600000,"profit_abs":0.0,"wins":0,"draws":0,"losses":0,"trades":0,"profit_factor":0.0},{"date":"08/12/2024","date_ts":1733616000000,"profit_abs":0.0,"wins":0,"draws":0,"losses":0,"trades":0,"profit_factor":0.0},{"date":"09/12/2024","date_ts":1733702400000,"profit_abs":0.0,"wins":0,"draws":0,"losses":0,"trades":0,"profit_factor":0.0},{"date":"10/12/2024","date_ts":1733788800000,"profit_abs":0.0,"wins":0,"draws":0,"losses":0,"trades":0,"profit_factor":0.0},{"date":"11/12/2024","date_ts":1733875200000,"profit_abs":0.0,"wins":0,"draws":0,"losses":0,"trades":0,"profit_factor":0.0},{"date":"12/12/2024","date_ts":1733961600000,"profit_abs":0.0,"wins":0,"draws":0,"losses":0,"trades":0,"profit_factor":0.0},{"date":"13/12/2024","date_ts":1734048000000,"profit_abs":0.0,"wins":0,"draws":0,"losses":0,"trades":0,"profit_factor":0.0},{"date":"14/12/2024","date_ts":1734134400000,"profit_abs":0.0,"wins":0,"draws":0,"losses":0,"trades":0,"profit_factor":0.0},{"date":"15/12/2024","date_ts":1734220800000,"profit_abs":0.29559983,"wins":1,"draws":0,"losses":0,"trades":1,"profit_factor":0.0},{"date":"16/12/2024","date_ts":1734307200000,"profit_abs":0.0,"wins":0,"draws":0,"losses":0,"trades":0,"profit_factor":0.0},{"date":"17/12/2024","date_ts":1734393600000,"profit_abs":0.0,"wins":0,"draws":0,"losses":0,"trades":0,"profit_factor":0.0},{"date":"18/12/2024","date_ts":1734480000000,"profit_abs":0.0,"wins":0,"draws":0,"losses":0,"trades":0,"profit_factor":0.0},{"date":"19/12/2024","date_ts":1734566400000,"profit_abs":0.0,"wins":0,"draws":0,"losses":0,"trades":0,"profit_factor":0.0},{"date":"20/12/2024","date_ts":1734652800000,"profit_abs":0.0,"wins":0,"draws":0,"losses":0,"trades":0,"profit_factor":0.0},{"date":"21/12/2024","date_ts":1734739200000,"profit_abs":0.0,"wins":0,"draws":0,"losses":0,"trades":0,"profit_factor":0.0},{"date":"22/12/2024","date_ts":1734825600000,"profit_abs":0.0,"wins":0,"draws":0,"losses":0,"trades":0,"profit_factor":0.0},{"date":"23/12/2024","date_ts":1734912000000,"profit_abs":-1.80069845,"wins":0,"draws":0,"losses":1,"trades":1,"profit_factor":0.0},{"date":"24/12/2024","date_ts":1734998400000,"profit_abs":0.0,"wins":0,"draws":0,"losses":0,"trades":0,"profit_factor":0.0},{"date":"25/12/2024","date_ts":1735084800000,"profit_abs":0.0,"wins":0,"draws":0,"losses":0,"trades":0,"profit_factor":0.0},{"date":"26/12/2024","date_ts":1735171200000,"profit_abs":0.0,"wins":0,"draws":0,"losses":0,"trades":0,"profit_factor":0.0},{"date":"27/12/2024","date_ts":1735257600000,"profit_abs":0.0,"wins":0,"draws":0,"losses":0,"trades":0,"profit_factor":0.0},{"date":"28/12/2024","date_ts":1735344000000,"profit_abs":0.0,"wins":0,"draws":0,"losses":0,"trades":0,"profit_factor":0.0},{"date":"29/12/2024","date_ts":1735430400000,"profit_abs":0.0,"wins":0,"draws":0,"losses":0,"trades":0,"profit_factor":0.0},{"date":"30/12/2024","date_ts":1735516800000,"profit_abs":0.0,"wins":0,"draws":0,"losses":0,"trades":0,"profit_factor":0.0},{"date":"31/12/2024","date_ts":1735603200000,"profit_abs":0.0,"wins":0,"draws":0,"losses":0,"trades":0,"profit_factor":0.0},{"date":"01/01/2025","date_ts":1735689600000,"profit_abs":0.0,"wins":0,"draws":0,"losses":0,"trades":0,"profit_factor":0.0},{"date":"02/01/2025","date_ts":1735776000000,"profit_abs":0.0,"wins":0,"draws":0,"losses":0,"trades":0,"profit_factor":0.0},{"date":"03/01/2025","date_ts":1735862400000,"profit_abs":0.0,"wins":0,"draws":0,"losses":0,"trades":0,"profit_factor":0.0},{"date":"04/01/2025","date_ts":1735948800000,"profit_abs":0.0,"wins":0,"draws":0,"losses":0,"trades":0,"profit_factor":0.0},{"date":"05/01/2025","date_ts":1736035200000,"profit_abs":0.0,"wins":0,"draws":0,"losses":0,"trades":0,"profit_factor":0.0},{"date":"06/01/2025","date_ts":1736121600000,"profit_abs":-0.01069682,"wins":0,"draws":0,"losses":1,"trades":1,"profit_factor":0.0},{"date":"07/01/2025","date_ts":1736208000000,"profit_abs":0.0,"wins":0,"draws":0,"losses":0,"trades":0,"profit_factor":0.0},{"date":"08/01/2025","date_ts":1736294400000,"profit_abs":0.0,"wins":0,"draws":0,"losses":0,"trades":0,"profit_factor":0.0},{"date":"09/01/2025","date_ts":1736380800000,"profit_abs":0.0,"wins":0,"draws":0,"losses":0,"trades":0,"profit_factor":0.0},{"date":"10/01/2025","date_ts":1736467200000,"profit_abs":-1.87680064,"wins":0,"draws":0,"losses":1,"trades":1,"profit_factor":0.0},{"date":"11/01/2025","date_ts":1736553600000,"profit_abs":0.0,"wins":0,"draws":0,"losses":0,"trades":0,"profit_factor":0.0},{"date":"12/01/2025","date_ts":1736640000000,"profit_abs":0.0,"wins":0,"draws":0,"losses":0,"trades":0,"profit_factor":0.0},{"date":"13/01/2025","date_ts":1736726400000,"profit_abs":0.0,"wins":0,"draws":0,"losses":0,"trades":0,"profit_factor":0.0},{"date":"14/01/2025","date_ts":1736812800000,"profit_abs":0.0,"wins":0,"draws":0,"losses":0,"trades":0,"profit_factor":0.0},{"date":"15/01/2025","date_ts":1736899200000,"profit_abs":0.0,"wins":0,"draws":0,"losses":0,"trades":0,"profit_factor":0.0},{"date":"16/01/2025","date_ts":1736985600000,"profit_abs":0.0,"wins":0,"draws":0,"losses":0,"trades":0,"profit_factor":0.0},{"date":"17/01/2025","date_ts":1737072000000,"profit_abs":-0.13500158,"wins":0,"draws":0,"losses":1,"trades":1,"profit_factor":0.0},{"date":"18/01/2025","date_ts":1737158400000,"profit_abs":0.0,"wins":0,"draws":0,"losses":0,"trades":0,"profit_factor":0.0},{"date":"19/01/2025","date_ts":1737244800000,"profit_abs":0.0,"wins":0,"draws":0,"losses":0,"trades":0,"profit_factor":0.0},{"date":"20/01/2025","date_ts":1737331200000,"profit_abs":-0.56074872,"wins":0,"draws":0,"losses":1,"trades":1,"profit_factor":0.0},{"date":"21/01/2025","date_ts":1737417600000,"profit_abs":-0.0388588,"wins":0,"draws":0,"losses":1,"trades":1,"profit_factor":0.0},{"date":"22/01/2025","date_ts":1737504000000,"profit_abs":0.0,"wins":0,"draws":0,"losses":0,"trades":0,"profit_factor":0.0},{"date":"23/01/2025","date_ts":1737590400000,"profit_abs":0.0,"wins":0,"draws":0,"losses":0,"trades":0,"profit_factor":0.0},{"date":"24/01/2025","date_ts":1737676800000,"profit_abs":0.0,"wins":0,"draws":0,"losses":0,"trades":0,"profit_factor":0.0},{"date":"25/01/2025","date_ts":1737763200000,"profit_abs":0.0,"wins":0,"draws":0,"losses":0,"trades":0,"profit_factor":0.0},{"date":"26/01/2025","date_ts":1737849600000,"profit_abs":0.0,"wins":0,"draws":0,"losses":0,"trades":0,"profit_factor":0.0},{"date":"27/01/2025","date_ts":1737936000000,"profit_abs":0.0,"wins":0,"draws":0,"losses":0,"trades":0,"profit_factor":0.0},{"date":"28/01/2025","date_ts":1738022400000,"profit_abs":0.0,"wins":0,"draws":0,"losses":0,"trades":0,"profit_factor":0.0},{"date":"29/01/2025","date_ts":1738108800000,"profit_abs":0.0,"wins":0,"draws":0,"losses":0,"trades":0,"profit_factor":0.0},{"date":"30/01/2025","date_ts":1738195200000,"profit_abs":0.0,"wins":0,"draws":0,"losses":0,"trades":0,"profit_factor":0.0},{"date":"31/01/2025","date_ts":1738281600000,"profit_abs":0.0,"wins":0,"draws":0,"losses":0,"trades":0,"profit_factor":0.0},{"date":"01/02/2025","date_ts":1738368000000,"profit_abs":0.0,"wins":0,"draws":0,"losses":0,"trades":0,"profit_factor":0.0},{"date":"02/02/2025","date_ts":1738454400000,"profit_abs":0.0,"wins":0,"draws":0,"losses":0,"trades":0,"profit_factor":0.0},{"date":"03/02/2025","date_ts":1738540800000,"profit_abs":-1.55647339,"wins":0,"draws":0,"losses":1,"trades":1,"profit_factor":0.0},{"date":"04/02/2025","date_ts":1738627200000,"profit_abs":0.0,"wins":0,"draws":0,"losses":0,"trades":0,"profit_factor":0.0},{"date":"05/02/2025","date_ts":1738713600000,"profit_abs":0.0,"wins":0,"draws":0,"losses":0,"trades":0,"profit_factor":0.0},{"date":"06/02/2025","date_ts":1738800000000,"profit_abs":0.0,"wins":0,"draws":0,"losses":0,"trades":0,"profit_factor":0.0},{"date":"07/02/2025","date_ts":1738886400000,"profit_abs":0.0,"wins":0,"draws":0,"losses":0,"trades":0,"profit_factor":0.0},{"date":"08/02/2025","date_ts":1738972800000,"profit_abs":0.0,"wins":0,"draws":0,"losses":0,"trades":0,"profit_factor":0.0},{"date":"09/02/2025","date_ts":1739059200000,"profit_abs":0.0,"wins":0,"draws":0,"losses":0,"trades":0,"profit_factor":0.0},{"date":"10/02/2025","date_ts":1739145600000,"profit_abs":0.0,"wins":0,"draws":0,"losses":0,"trades":0,"profit_factor":0.0},{"date":"11/02/2025","date_ts":1739232000000,"profit_abs":0.0,"wins":0,"draws":0,"losses":0,"trades":0,"profit_factor":0.0},{"date":"12/02/2025","date_ts":1739318400000,"profit_abs":0.0,"wins":0,"draws":0,"losses":0,"trades":0,"profit_factor":0.0},{"date":"13/02/2025","date_ts":1739404800000,"profit_abs":0.0,"wins":0,"draws":0,"losses":0,"trades":0,"profit_factor":0.0},{"date":"14/02/2025","date_ts":1739491200000,"profit_abs":0.0,"wins":0,"draws":0,"losses":0,"trades":0,"profit_factor":0.0},{"date":"15/02/2025","date_ts":1739577600000,"profit_abs":0.0,"wins":0,"draws":0,"losses":0,"trades":0,"profit_factor":0.0},{"date":"16/02/2025","date_ts":1739664000000,"profit_abs":0.0,"wins":0,"draws":0,"losses":0,"trades":0,"profit_factor":0.0},{"date":"17/02/2025","date_ts":1739750400000,"profit_abs":0.0,"wins":0,"draws":0,"losses":0,"trades":0,"profit_factor":0.0},{"date":"18/02/2025","date_ts":1739836800000,"profit_abs":0.0,"wins":0,"draws":0,"losses":0,"trades":0,"profit_factor":0.0},{"date":"19/02/2025","date_ts":1739923200000,"profit_abs":0.0,"wins":0,"draws":0,"losses":0,"trades":0,"profit_factor":0.0},{"date":"20/02/2025","date_ts":1740009600000,"profit_abs":0.0,"wins":0,"draws":0,"losses":0,"trades":0,"profit_factor":0.0},{"date":"21/02/2025","date_ts":1740096000000,"profit_abs":0.0,"wins":0,"draws":0,"losses":0,"trades":0,"profit_factor":0.0},{"date":"22/02/2025","date_ts":1740182400000,"profit_abs":0.0,"wins":0,"draws":0,"losses":0,"trades":0,"profit_factor":0.0},{"date":"23/02/2025","date_ts":1740268800000,"profit_abs":0.0,"wins":0,"draws":0,"losses":0,"trades":0,"profit_factor":0.0},{"date":"24/02/2025","date_ts":1740355200000,"profit_abs":0.0,"wins":0,"draws":0,"losses":0,"trades":0,"profit_factor":0.0},{"date":"25/02/2025","date_ts":1740441600000,"profit_abs":0.0,"wins":0,"draws":0,"losses":0,"trades":0,"profit_factor":0.0},{"date":"26/02/2025","date_ts":1740528000000,"profit_abs":0.0,"wins":0,"draws":0,"losses":0,"trades":0,"profit_factor":0.0},{"date":"27/02/2025","date_ts":1740614400000,"profit_abs":0.0,"wins":0,"draws":0,"losses":0,"trades":0,"profit_factor":0.0},{"date":"28/02/2025","date_ts":1740700800000,"profit_abs":0.0,"wins":0,"draws":0,"losses":0,"trades":0,"profit_factor":0.0},{"date":"01/03/2025","date_ts":1740787200000,"profit_abs":0.0,"wins":0,"draws":0,"losses":0,"trades":0,"profit_factor":0.0},{"date":"02/03/2025","date_ts":1740873600000,"profit_abs":0.0,"wins":0,"draws":0,"losses":0,"trades":0,"profit_factor":0.0},{"date":"03/03/2025","date_ts":1740960000000,"profit_abs":0.0,"wins":0,"draws":0,"losses":0,"trades":0,"profit_factor":0.0},{"date":"04/03/2025","date_ts":1741046400000,"profit_abs":0.0,"wins":0,"draws":0,"losses":0,"trades":0,"profit_factor":0.0},{"date":"05/03/2025","date_ts":1741132800000,"profit_abs":0.0,"wins":0,"draws":0,"losses":0,"trades":0,"profit_factor":0.0},{"date":"06/03/2025","date_ts":1741219200000,"profit_abs":0.0,"wins":0,"draws":0,"losses":0,"trades":0,"profit_factor":0.0},{"date":"07/03/2025","date_ts":1741305600000,"profit_abs":0.0,"wins":0,"draws":0,"losses":0,"trades":0,"profit_factor":0.0},{"date":"08/03/2025","date_ts":1741392000000,"profit_abs":0.0,"wins":0,"draws":0,"losses":0,"trades":0,"profit_factor":0.0},{"date":"09/03/2025","date_ts":1741478400000,"profit_abs":0.0,"wins":0,"draws":0,"losses":0,"trades":0,"profit_factor":0.0},{"date":"10/03/2025","date_ts":1741564800000,"profit_abs":0.0,"wins":0,"draws":0,"losses":0,"trades":0,"profit_factor":0.0},{"date":"11/03/2025","date_ts":1741651200000,"profit_abs":0.0,"wins":0,"draws":0,"losses":0,"trades":0,"profit_factor":0.0},{"date":"12/03/2025","date_ts":1741737600000,"profit_abs":0.0,"wins":0,"draws":0,"losses":0,"trades":0,"profit_factor":0.0},{"date":"13/03/2025","date_ts":1741824000000,"profit_abs":0.0,"wins":0,"draws":0,"losses":0,"trades":0,"profit_factor":0.0},{"date":"14/03/2025","date_ts":1741910400000,"profit_abs":0.0,"wins":0,"draws":0,"losses":0,"trades":0,"profit_factor":0.0},{"date":"15/03/2025","date_ts":1741996800000,"profit_abs":0.0,"wins":0,"draws":0,"losses":0,"trades":0,"profit_factor":0.0},{"date":"16/03/2025","date_ts":1742083200000,"profit_abs":0.0,"wins":0,"draws":0,"losses":0,"trades":0,"profit_factor":0.0},{"date":"17/03/2025","date_ts":1742169600000,"profit_abs":0.0,"wins":0,"draws":0,"losses":0,"trades":0,"profit_factor":0.0},{"date":"18/03/2025","date_ts":1742256000000,"profit_abs":0.0,"wins":0,"draws":0,"losses":0,"trades":0,"profit_factor":0.0},{"date":"19/03/2025","date_ts":1742342400000,"profit_abs":0.0,"wins":0,"draws":0,"losses":0,"trades":0,"profit_factor":0.0},{"date":"20/03/2025","date_ts":1742428800000,"profit_abs":0.0,"wins":0,"draws":0,"losses":0,"trades":0,"profit_factor":0.0},{"date":"21/03/2025","date_ts":1742515200000,"profit_abs":0.0,"wins":0,"draws":0,"losses":0,"trades":0,"profit_factor":0.0},{"date":"22/03/2025","date_ts":1742601600000,"profit_abs":0.0,"wins":0,"draws":0,"losses":0,"trades":0,"profit_factor":0.0},{"date":"23/03/2025","date_ts":1742688000000,"profit_abs":0.0,"wins":0,"draws":0,"losses":0,"trades":0,"profit_factor":0.0},{"date":"24/03/2025","date_ts":1742774400000,"profit_abs":0.0,"wins":0,"draws":0,"losses":0,"trades":0,"profit_factor":0.0},{"date":"25/03/2025","date_ts":1742860800000,"profit_abs":0.0,"wins":0,"draws":0,"losses":0,"trades":0,"profit_factor":0.0},{"date":"26/03/2025","date_ts":1742947200000,"profit_abs":0.0,"wins":0,"draws":0,"losses":0,"trades":0,"profit_factor":0.0},{"date":"27/03/2025","date_ts":1743033600000,"profit_abs":0.0,"wins":0,"draws":0,"losses":0,"trades":0,"profit_factor":0.0},{"date":"28/03/2025","date_ts":1743120000000,"profit_abs":0.0,"wins":0,"draws":0,"losses":0,"trades":0,"profit_factor":0.0},{"date":"29/03/2025","date_ts":1743206400000,"profit_abs":0.0,"wins":0,"draws":0,"losses":0,"trades":0,"profit_factor":0.0},{"date":"30/03/2025","date_ts":1743292800000,"profit_abs":0.0,"wins":0,"draws":0,"losses":0,"trades":0,"profit_factor":0.0},{"date":"31/03/2025","date_ts":1743379200000,"profit_abs":0.0,"wins":0,"draws":0,"losses":0,"trades":0,"profit_factor":0.0},{"date":"01/04/2025","date_ts":1743465600000,"profit_abs":0.0,"wins":0,"draws":0,"losses":0,"trades":0,"profit_factor":0.0},{"date":"02/04/2025","date_ts":1743552000000,"profit_abs":0.0,"wins":0,"draws":0,"losses":0,"trades":0,"profit_factor":0.0},{"date":"03/04/2025","date_ts":1743638400000,"profit_abs":0.0,"wins":0,"draws":0,"losses":0,"trades":0,"profit_factor":0.0},{"date":"04/04/2025","date_ts":1743724800000,"profit_abs":0.0,"wins":0,"draws":0,"losses":0,"trades":0,"profit_factor":0.0},{"date":"05/04/2025","date_ts":1743811200000,"profit_abs":0.0,"wins":0,"draws":0,"losses":0,"trades":0,"profit_factor":0.0},{"date":"06/04/2025","date_ts":1743897600000,"profit_abs":0.0,"wins":0,"draws":0,"losses":0,"trades":0,"profit_factor":0.0},{"date":"07/04/2025","date_ts":1743984000000,"profit_abs":0.0,"wins":0,"draws":0,"losses":0,"trades":0,"profit_factor":0.0},{"date":"08/04/2025","date_ts":1744070400000,"profit_abs":0.0,"wins":0,"draws":0,"losses":0,"trades":0,"profit_factor":0.0},{"date":"09/04/2025","date_ts":1744156800000,"profit_abs":0.0,"wins":0,"draws":0,"losses":0,"trades":0,"profit_factor":0.0},{"date":"10/04/2025","date_ts":1744243200000,"profit_abs":0.0,"wins":0,"draws":0,"losses":0,"trades":0,"profit_factor":0.0},{"date":"11/04/2025","date_ts":1744329600000,"profit_abs":0.0,"wins":0,"draws":0,"losses":0,"trades":0,"profit_factor":0.0},{"date":"12/04/2025","date_ts":1744416000000,"profit_abs":0.0,"wins":0,"draws":0,"losses":0,"trades":0,"profit_factor":0.0},{"date":"13/04/2025","date_ts":1744502400000,"profit_abs":0.0,"wins":0,"draws":0,"losses":0,"trades":0,"profit_factor":0.0},{"date":"14/04/2025","date_ts":1744588800000,"profit_abs":0.0,"wins":0,"draws":0,"losses":0,"trades":0,"profit_factor":0.0},{"date":"15/04/2025","date_ts":1744675200000,"profit_abs":0.0,"wins":0,"draws":0,"losses":0,"trades":0,"profit_factor":0.0},{"date":"16/04/2025","date_ts":1744761600000,"profit_abs":0.0,"wins":0,"draws":0,"losses":0,"trades":0,"profit_factor":0.0},{"date":"17/04/2025","date_ts":1744848000000,"profit_abs":0.0,"wins":0,"draws":0,"losses":0,"trades":0,"profit_factor":0.0},{"date":"18/04/2025","date_ts":1744934400000,"profit_abs":0.0,"wins":0,"draws":0,"losses":0,"trades":0,"profit_factor":0.0},{"date":"19/04/2025","date_ts":1745020800000,"profit_abs":0.0,"wins":0,"draws":0,"losses":0,"trades":0,"profit_factor":0.0},{"date":"20/04/2025","date_ts":1745107200000,"profit_abs":0.0,"wins":0,"draws":0,"losses":0,"trades":0,"profit_factor":0.0},{"date":"21/04/2025","date_ts":1745193600000,"profit_abs":0.0,"wins":0,"draws":0,"losses":0,"trades":0,"profit_factor":0.0},{"date":"22/04/2025","date_ts":1745280000000,"profit_abs":0.0,"wins":0,"draws":0,"losses":0,"trades":0,"profit_factor":0.0},{"date":"23/04/2025","date_ts":1745366400000,"profit_abs":0.0,"wins":0,"draws":0,"losses":0,"trades":0,"profit_factor":0.0},{"date":"24/04/2025","date_ts":1745452800000,"profit_abs":0.0,"wins":0,"draws":0,"losses":0,"trades":0,"profit_factor":0.0},{"date":"25/04/2025","date_ts":1745539200000,"profit_abs":0.0,"wins":0,"draws":0,"losses":0,"trades":0,"profit_factor":0.0},{"date":"26/04/2025","date_ts":1745625600000,"profit_abs":0.0,"wins":0,"draws":0,"losses":0,"trades":0,"profit_factor":0.0},{"date":"27/04/2025","date_ts":1745712000000,"profit_abs":0.0,"wins":0,"draws":0,"losses":0,"trades":0,"profit_factor":0.0},{"date":"28/04/2025","date_ts":1745798400000,"profit_abs":0.0,"wins":0,"draws":0,"losses":0,"trades":0,"profit_factor":0.0},{"date":"29/04/2025","date_ts":1745884800000,"profit_abs":0.0,"wins":0,"draws":0,"losses":0,"trades":0,"profit_factor":0.0},{"date":"30/04/2025","date_ts":1745971200000,"profit_abs":0.0,"wins":0,"draws":0,"losses":0,"trades":0,"profit_factor":0.0},{"date":"01/05/2025","date_ts":1746057600000,"profit_abs":0.0,"wins":0,"draws":0,"losses":0,"trades":0,"profit_factor":0.0},{"date":"02/05/2025","date_ts":1746144000000,"profit_abs":0.3486192,"wins":1,"draws":0,"losses":0,"trades":1,"profit_factor":0.0},{"date":"03/05/2025","date_ts":1746230400000,"profit_abs":0.0,"wins":0,"draws":0,"losses":0,"trades":0,"profit_factor":0.0},{"date":"04/05/2025","date_ts":1746316800000,"profit_abs":0.0,"wins":0,"draws":0,"losses":0,"trades":0,"profit_factor":0.0},{"date":"05/05/2025","date_ts":1746403200000,"profit_abs":0.0,"wins":0,"draws":0,"losses":0,"trades":0,"profit_factor":0.0},{"date":"06/05/2025","date_ts":1746489600000,"profit_abs":0.0,"wins":0,"draws":0,"losses":0,"trades":0,"profit_factor":0.0},{"date":"07/05/2025","date_ts":1746576000000,"profit_abs":0.0,"wins":0,"draws":0,"losses":0,"trades":0,"profit_factor":0.0},{"date":"08/05/2025","date_ts":1746662400000,"profit_abs":-0.01010953,"wins":0,"draws":0,"losses":1,"trades":1,"profit_factor":0.0},{"date":"09/05/2025","date_ts":1746748800000,"profit_abs":0.0,"wins":0,"draws":0,"losses":0,"trades":0,"profit_factor":0.0},{"date":"10/05/2025","date_ts":1746835200000,"profit_abs":0.0,"wins":0,"draws":0,"losses":0,"trades":0,"profit_factor":0.0},{"date":"11/05/2025","date_ts":1746921600000,"profit_abs":0.0,"wins":0,"draws":0,"losses":0,"trades":0,"profit_factor":0.0},{"date":"12/05/2025","date_ts":1747008000000,"profit_abs":0.0,"wins":0,"draws":0,"losses":0,"trades":0,"profit_factor":0.0},{"date":"13/05/2025","date_ts":1747094400000,"profit_abs":0.0,"wins":0,"draws":0,"losses":0,"trades":0,"profit_factor":0.0},{"date":"14/05/2025","date_ts":1747180800000,"profit_abs":0.0,"wins":0,"draws":0,"losses":0,"trades":0,"profit_factor":0.0},{"date":"15/05/2025","date_ts":1747267200000,"profit_abs":0.0,"wins":0,"draws":0,"losses":0,"trades":0,"profit_factor":0.0},{"date":"16/05/2025","date_ts":1747353600000,"profit_abs":0.0,"wins":0,"draws":0,"losses":0,"trades":0,"profit_factor":0.0},{"date":"17/05/2025","date_ts":1747440000000,"profit_abs":0.0,"wins":0,"draws":0,"losses":0,"trades":0,"profit_factor":0.0},{"date":"18/05/2025","date_ts":1747526400000,"profit_abs":-0.06485617,"wins":0,"draws":0,"losses":1,"trades":1,"profit_factor":0.0},{"date":"19/05/2025","date_ts":1747612800000,"profit_abs":0.0,"wins":0,"draws":0,"losses":0,"trades":0,"profit_factor":0.0},{"date":"20/05/2025","date_ts":1747699200000,"profit_abs":0.0,"wins":0,"draws":0,"losses":0,"trades":0,"profit_factor":0.0},{"date":"21/05/2025","date_ts":1747785600000,"profit_abs":0.03283663,"wins":1,"draws":0,"losses":0,"trades":1,"profit_factor":0.0},{"date":"22/05/2025","date_ts":1747872000000,"profit_abs":0.0,"wins":0,"draws":0,"losses":0,"trades":0,"profit_factor":0.0},{"date":"23/05/2025","date_ts":1747958400000,"profit_abs":0.0,"wins":0,"draws":0,"losses":0,"trades":0,"profit_factor":0.0},{"date":"24/05/2025","date_ts":1748044800000,"profit_abs":0.0,"wins":0,"draws":0,"losses":0,"trades":0,"profit_factor":0.0},{"date":"25/05/2025","date_ts":1748131200000,"profit_abs":0.0,"wins":0,"draws":0,"losses":0,"trades":0,"profit_factor":0.0},{"date":"26/05/2025","date_ts":1748217600000,"profit_abs":0.0,"wins":0,"draws":0,"losses":0,"trades":0,"profit_factor":0.0},{"date":"27/05/2025","date_ts":1748304000000,"profit_abs":0.0,"wins":0,"draws":0,"losses":0,"trades":0,"profit_factor":0.0},{"date":"28/05/2025","date_ts":1748390400000,"profit_abs":0.0,"wins":0,"draws":0,"losses":0,"trades":0,"profit_factor":0.0},{"date":"29/05/2025","date_ts":1748476800000,"profit_abs":0.0,"wins":0,"draws":0,"losses":0,"trades":0,"profit_factor":0.0},{"date":"30/05/2025","date_ts":1748563200000,"profit_abs":0.0,"wins":0,"draws":0,"losses":0,"trades":0,"profit_factor":0.0},{"date":"31/05/2025","date_ts":1748649600000,"profit_abs":0.0,"wins":0,"draws":0,"losses":0,"trades":0,"profit_factor":0.0},{"date":"01/06/2025","date_ts":1748736000000,"profit_abs":0.0,"wins":0,"draws":0,"losses":0,"trades":0,"profit_factor":0.0},{"date":"02/06/2025","date_ts":1748822400000,"profit_abs":0.0,"wins":0,"draws":0,"losses":0,"trades":0,"profit_factor":0.0},{"date":"03/06/2025","date_ts":1748908800000,"profit_abs":0.0,"wins":0,"draws":0,"losses":0,"trades":0,"profit_factor":0.0},{"date":"04/06/2025","date_ts":1748995200000,"profit_abs":0.0,"wins":0,"draws":0,"losses":0,"trades":0,"profit_factor":0.0},{"date":"05/06/2025","date_ts":1749081600000,"profit_abs":0.0,"wins":0,"draws":0,"losses":0,"trades":0,"profit_factor":0.0},{"date":"06/06/2025","date_ts":1749168000000,"profit_abs":-1.50236148,"wins":0,"draws":0,"losses":1,"trades":1,"profit_factor":0.0},{"date":"07/06/2025","date_ts":1749254400000,"profit_abs":0.0,"wins":0,"draws":0,"losses":0,"trades":0,"profit_factor":0.0},{"date":"08/06/2025","date_ts":1749340800000,"profit_abs":0.0,"wins":0,"draws":0,"losses":0,"trades":0,"profit_factor":0.0},{"date":"09/06/2025","date_ts":1749427200000,"profit_abs":-0.03806424,"wins":0,"draws":0,"losses":1,"trades":1,"profit_factor":0.0},{"date":"10/06/2025","date_ts":1749513600000,"profit_abs":0.0,"wins":0,"draws":0,"losses":0,"trades":0,"profit_factor":0.0},{"date":"11/06/2025","date_ts":1749600000000,"profit_abs":0.0,"wins":0,"draws":0,"losses":0,"trades":0,"profit_factor":0.0},{"date":"12/06/2025","date_ts":1749686400000,"profit_abs":0.0,"wins":0,"draws":0,"losses":0,"trades":0,"profit_factor":0.0},{"date":"13/06/2025","date_ts":1749772800000,"profit_abs":0.0,"wins":0,"draws":0,"losses":0,"trades":0,"profit_factor":0.0},{"date":"14/06/2025","date_ts":1749859200000,"profit_abs":0.0,"wins":0,"draws":0,"losses":0,"trades":0,"profit_factor":0.0},{"date":"15/06/2025","date_ts":1749945600000,"profit_abs":0.0,"wins":0,"draws":0,"losses":0,"trades":0,"profit_factor":0.0},{"date":"16/06/2025","date_ts":1750032000000,"profit_abs":0.0,"wins":0,"draws":0,"losses":0,"trades":0,"profit_factor":0.0},{"date":"17/06/2025","date_ts":1750118400000,"profit_abs":0.0,"wins":0,"draws":0,"losses":0,"trades":0,"profit_factor":0.0},{"date":"18/06/2025","date_ts":1750204800000,"profit_abs":-1.06679955,"wins":0,"draws":0,"losses":1,"trades":1,"profit_factor":0.0},{"date":"19/06/2025","date_ts":1750291200000,"profit_abs":0.0,"wins":0,"draws":0,"losses":0,"trades":0,"profit_factor":0.0},{"date":"20/06/2025","date_ts":1750377600000,"profit_abs":0.0,"wins":0,"draws":0,"losses":0,"trades":0,"profit_factor":0.0},{"date":"21/06/2025","date_ts":1750464000000,"profit_abs":0.0,"wins":0,"draws":0,"losses":0,"trades":0,"profit_factor":0.0},{"date":"22/06/2025","date_ts":1750550400000,"profit_abs":0.0,"wins":0,"draws":0,"losses":0,"trades":0,"profit_factor":0.0},{"date":"23/06/2025","date_ts":1750636800000,"profit_abs":0.0,"wins":0,"draws":0,"losses":0,"trades":0,"profit_factor":0.0},{"date":"24/06/2025","date_ts":1750723200000,"profit_abs":0.0,"wins":0,"draws":0,"losses":0,"trades":0,"profit_factor":0.0},{"date":"25/06/2025","date_ts":1750809600000,"profit_abs":0.0,"wins":0,"draws":0,"losses":0,"trades":0,"profit_factor":0.0},{"date":"26/06/2025","date_ts":1750896000000,"profit_abs":0.0,"wins":0,"draws":0,"losses":0,"trades":0,"profit_factor":0.0},{"date":"27/06/2025","date_ts":1750982400000,"profit_abs":0.0,"wins":0,"draws":0,"losses":0,"trades":0,"profit_factor":0.0},{"date":"28/06/2025","date_ts":1751068800000,"profit_abs":0.0,"wins":0,"draws":0,"losses":0,"trades":0,"profit_factor":0.0},{"date":"29/06/2025","date_ts":1751155200000,"profit_abs":0.0,"wins":0,"draws":0,"losses":0,"trades":0,"profit_factor":0.0},{"date":"30/06/2025","date_ts":1751241600000,"profit_abs":0.0,"wins":0,"draws":0,"losses":0,"trades":0,"profit_factor":0.0},{"date":"01/07/2025","date_ts":1751328000000,"profit_abs":0.0,"wins":0,"draws":0,"losses":0,"trades":0,"profit_factor":0.0},{"date":"02/07/2025","date_ts":1751414400000,"profit_abs":0.0,"wins":0,"draws":0,"losses":0,"trades":0,"profit_factor":0.0},{"date":"03/07/2025","date_ts":1751500800000,"profit_abs":0.23270577,"wins":1,"draws":0,"losses":0,"trades":1,"profit_factor":0.0},{"date":"04/07/2025","date_ts":1751587200000,"profit_abs":0.0,"wins":0,"draws":0,"losses":0,"trades":0,"profit_factor":0.0},{"date":"05/07/2025","date_ts":1751673600000,"profit_abs":0.0,"wins":0,"draws":0,"losses":0,"trades":0,"profit_factor":0.0},{"date":"06/07/2025","date_ts":1751760000000,"profit_abs":0.0,"wins":0,"draws":0,"losses":0,"trades":0,"profit_factor":0.0},{"date":"07/07/2025","date_ts":1751846400000,"profit_abs":0.0,"wins":0,"draws":0,"losses":0,"trades":0,"profit_factor":0.0},{"date":"08/07/2025","date_ts":1751932800000,"profit_abs":0.0,"wins":0,"draws":0,"losses":0,"trades":0,"profit_factor":0.0},{"date":"09/07/2025","date_ts":1752019200000,"profit_abs":-0.1584518,"wins":0,"draws":0,"losses":1,"trades":1,"profit_factor":0.0}],"week":[{"date":"07/10/2024","date_ts":1728259200000,"profit_abs":-1.36415901,"wins":0,"draws":0,"losses":1,"trades":1,"profit_factor":0.0},{"date":"14/10/2024","date_ts":1728864000000,"profit_abs":-0.85858908,"wins":0,"draws":0,"losses":2,"trades":2,"profit_factor":0.0},{"date":"21/10/2024","date_ts":1729468800000,"profit_abs":0.25709456,"wins":1,"draws":0,"losses":0,"trades":1,"profit_factor":0.0},{"date":"28/10/2024","date_ts":1730073600000,"profit_abs":0.07715401,"wins":1,"draws":0,"losses":0,"trades":1,"profit_factor":0.0},{"date":"04/11/2024","date_ts":1730678400000,"profit_abs":-0.03917884,"wins":0,"draws":0,"losses":1,"trades":1,"profit_factor":0.0},{"date":"11/11/2024","date_ts":1731283200000,"profit_abs":-0.73749753,"wins":1,"draws":0,"losses":2,"trades":3,"profit_factor":0.251526},{"date":"18/11/2024","date_ts":1731888000000,"profit_abs":-0.191972,"wins":0,"draws":0,"losses":1,"trades":1,"profit_factor":0.0},{"date":"25/11/2024","date_ts":1732492800000,"profit_abs":0.35548871,"wins":1,"draws":0,"losses":1,"trades":2,"profit_factor":18.56762937},{"date":"02/12/2024","date_ts":1733097600000,"profit_abs":0.0,"wins":0,"draws":0,"losses":0,"trades":0,"profit_factor":0.0},{"date":"09/12/2024","date_ts":1733702400000,"profit_abs":-0.02411914,"wins":1,"draws":0,"losses":1,"trades":2,"profit_factor":0.37802402},{"date":"16/12/2024","date_ts":1734307200000,"profit_abs":0.29559983,"wins":1,"draws":0,"losses":0,"trades":1,"profit_factor":0.0},{"date":"23/12/2024","date_ts":1734912000000,"profit_abs":-1.80069845,"wins":0,"draws":0,"losses":1,"trades":1,"profit_factor":0.0},{"date":"30/12/2024","date_ts":1735516800000,"profit_abs":0.0,"wins":0,"draws":0,"losses":0,"trades":0,"profit_factor":0.0},{"date":"06/01/2025","date_ts":1736121600000,"profit_abs":-0.01069682,"wins":0,"draws":0,"losses":1,"trades":1,"profit_factor":0.0},{"date":"13/01/2025","date_ts":1736726400000,"profit_abs":-1.87680064,"wins":0,"draws":0,"losses":1,"trades":1,"profit_factor":0.0},{"date":"20/01/2025","date_ts":1737331200000,"profit_abs":-0.6957503,"wins":0,"draws":0,"losses":2,"trades":2,"profit_factor":0.0},{"date":"27/01/2025","date_ts":1737936000000,"profit_abs":-0.0388588,"wins":0,"draws":0,"losses":1,"trades":1,"profit_factor":0.0},{"date":"03/02/2025","date_ts":1738540800000,"profit_abs":-1.55647339,"wins":0,"draws":0,"losses":1,"trades":1,"profit_factor":0.0},{"date":"10/02/2025","date_ts":1739145600000,"profit_abs":0.0,"wins":0,"draws":0,"losses":0,"trades":0,"profit_factor":0.0},{"date":"17/02/2025","date_ts":1739750400000,"profit_abs":0.0,"wins":0,"draws":0,"losses":0,"trades":0,"profit_factor":0.0},{"date":"24/02/2025","date_ts":1740355200000,"profit_abs":0.0,"wins":0,"draws":0,"losses":0,"trades":0,"profit_factor":0.0},{"date":"03/03/2025","date_ts":1740960000000,"profit_abs":0.0,"wins":0,"draws":0,"losses":0,"trades":0,"profit_factor":0.0},{"date":"10/03/2025","date_ts":1741564800000,"profit_abs":0.0,"wins":0,"draws":0,"losses":0,"trades":0,"profit_factor":0.0},{"date":"17/03/2025","date_ts":1742169600000,"profit_abs":0.0,"wins":0,"draws":0,"losses":0,"trades":0,"profit_factor":0.0},{"date":"24/03/2025","date_ts":1742774400000,"profit_abs":0.0,"wins":0,"draws":0,"losses":0,"trades":0,"profit_factor":0.0},{"date":"31/03/2025","date_ts":1743379200000,"profit_abs":0.0,"wins":0,"draws":0,"losses":0,"trades":0,"profit_factor":0.0},{"date":"07/04/2025","date_ts":1743984000000,"profit_abs":0.0,"wins":0,"draws":0,"losses":0,"trades":0,"profit_factor":0.0},{"date":"14/04/2025","date_ts":1744588800000,"profit_abs":0.0,"wins":0,"draws":0,"losses":0,"trades":0,"profit_factor":0.0},{"date":"21/04/2025","date_ts":1745193600000,"profit_abs":0.0,"wins":0,"draws":0,"losses":0,"trades":0,"profit_factor":0.0},{"date":"28/04/2025","date_ts":1745798400000,"profit_abs":0.0,"wins":0,"draws":0,"losses":0,"trades":0,"profit_factor":0.0},{"date":"05/05/2025","date_ts":1746403200000,"profit_abs":0.3486192,"wins":1,"draws":0,"losses":0,"trades":1,"profit_factor":0.0},{"date":"12/05/2025","date_ts":1747008000000,"profit_abs":-0.01010953,"wins":0,"draws":0,"losses":1,"trades":1,"profit_factor":0.0},{"date":"19/05/2025","date_ts":1747612800000,"profit_abs":-0.06485617,"wins":0,"draws":0,"losses":1,"trades":1,"profit_factor":0.0},{"date":"26/05/2025","date_ts":1748217600000,"profit_abs":0.03283663,"wins":1,"draws":0,"losses":0,"trades":1,"profit_factor":0.0},{"date":"02/06/2025","date_ts":1748822400000,"profit_abs":0.0,"wins":0,"draws":0,"losses":0,"trades":0,"profit_factor":0.0},{"date":"09/06/2025","date_ts":1749427200000,"profit_abs":-1.54042572,"wins":0,"draws":0,"losses":2,"trades":2,"profit_factor":0.0},{"date":"16/06/2025","date_ts":1750032000000,"profit_abs":0.0,"wins":0,"draws":0,"losses":0,"trades":0,"profit_factor":0.0},{"date":"23/06/2025","date_ts":1750636800000,"profit_abs":-1.06679955,"wins":0,"draws":0,"losses":1,"trades":1,"profit_factor":0.0},{"date":"30/06/2025","date_ts":1751241600000,"profit_abs":0.0,"wins":0,"draws":0,"losses":0,"trades":0,"profit_factor":0.0},{"date":"07/07/2025","date_ts":1751846400000,"profit_abs":0.23270577,"wins":1,"draws":0,"losses":0,"trades":1,"profit_factor":0.0},{"date":"14/07/2025","date_ts":1752451200000,"profit_abs":-0.1584518,"wins":0,"draws":0,"losses":1,"trades":1,"profit_factor":0.0}],"month":[{"date":"31/10/2024","date_ts":1730332800000,"profit_abs":-1.92767836,"wins":2,"draws":0,"losses":4,"trades":6,"profit_factor":0.1477716},{"date":"30/11/2024","date_ts":1732924800000,"profit_abs":-0.57398082,"wins":2,"draws":0,"losses":4,"trades":6,"profit_factor":0.52070101},{"date":"31/12/2024","date_ts":1735603200000,"profit_abs":-1.52921776,"wins":2,"draws":0,"losses":2,"trades":4,"profit_factor":0.16866696},{"date":"31/01/2025","date_ts":1738281600000,"profit_abs":-2.62210656,"wins":0,"draws":0,"losses":5,"trades":5,"profit_factor":0.0},{"date":"28/02/2025","date_ts":1740700800000,"profit_abs":-1.55647339,"wins":0,"draws":0,"losses":1,"trades":1,"profit_factor":0.0},{"date":"31/03/2025","date_ts":1743379200000,"profit_abs":0.0,"wins":0,"draws":0,"losses":0,"trades":0,"profit_factor":0.0},{"date":"30/04/2025","date_ts":1745971200000,"profit_abs":0.0,"wins":0,"draws":0,"losses":0,"trades":0,"profit_factor":0.0},{"date":"31/05/2025","date_ts":1748649600000,"profit_abs":0.30649013,"wins":2,"draws":0,"losses":2,"trades":4,"profit_factor":5.08840483},{"date":"30/06/2025","date_ts":1751241600000,"profit_abs":-2.60722527,"wins":0,"draws":0,"losses":3,"trades":3,"profit_factor":0.0},{"date":"31/07/2025","date_ts":1753920000000,"profit_abs":0.07425397,"wins":1,"draws":0,"losses":1,"trades":2,"profit_factor":1.46862181}],"year":[{"date":"31/12/2024","date_ts":1735603200000,"profit_abs":-4.03087694,"wins":6,"draws":0,"losses":10,"trades":16,"profit_factor":0.23930589},{"date":"31/12/2025","date_ts":1767139200000,"profit_abs":-6.40506112,"wins":3,"draws":0,"losses":12,"trades":15,"profit_factor":0.0874971}]},"backtest_best_day":0.019362579934350206,"backtest_worst_day":-0.09652244497208379,"backtest_best_day_abs":0.37572415,"backtest_worst_day_abs":-1.87680064,"winning_days":9,"draw_days":248,"losing_days":22,"daily_profit":[["2024-10-04",-1.36415901],["2024-10-05",0.0],["2024-10-06",0.0],["2024-10-07",0.0],["2024-10-08",0.0],["2024-10-09",0.0],["2024-10-10",-0.71528034],["2024-10-11",0.0],["2024-10-12",0.0],["2024-10-13",0.0],["2024-10-14",-0.14330874],["2024-10-15",0.0],["2024-10-16",0.25709456],["2024-10-17",0.0],["2024-10-18",0.0],["2024-10-19",0.0],["2024-10-20",0.0],["2024-10-21",0.0],["2024-10-22",0.0],["2024-10-23",0.0],["2024-10-24",0.0],["2024-10-25",0.0],["2024-10-26",0.0],["2024-10-27",0.0],["2024-10-28",0.07715401],["2024-10-29",-0.03917884],["2024-10-30",0.0],["2024-10-31",0.0],["2024-11-01",0.0],["2024-11-02",0.0],["2024-11-03",0.0],["2024-11-04",0.0],["2024-11-05",0.0],["2024-11-06",-0.94675727],["2024-11-07",0.0],["2024-11-08",0.0],["2024-11-09",0.0],["2024-11-10",0.24783734],["2024-11-11",-0.0385776],["2024-11-12",0.0],["2024-11-13",-0.191972],["2024-11-14",0.0],["2024-11-15",0.0],["2024-11-16",0.0],["2024-11-17",0.0],["2024-11-18",0.0],["2024-11-19",-0.02023544],["2024-11-20",0.0],["2024-11-21",0.37572415],["2024-11-22",0.0],["2024-11-23",0.0],["2024-11-24",0.0],["2024-11-25",0.0],["2024-11-26",0.0],["2024-11-27",0.0],["2024-11-28",0.0],["2024-11-29",0.0],["2024-11-30",0.0],["2024-12-01",0.0],["2024-12-02",0.0],["2024-12-03",0.0],["2024-12-04",0.0],["2024-12-05",0.01465911],["2024-12-06",-0.03877825],["2024-12-07",0.0],["2024-12-08",0.0],["2024-12-09",0.0],["2024-12-10",0.0],["2024-12-11",0.0],["2024-12-12",0.0],["2024-12-13",0.0],["2024-12-14",0.0],["2024-12-15",0.29559983],["2024-12-16",0.0],["2024-12-17",0.0],["2024-12-18",0.0],["2024-12-19",0.0],["2024-12-20",0.0],["2024-12-21",0.0],["2024-12-22",0.0],["2024-12-23",-1.80069845],["2024-12-24",0.0],["2024-12-25",0.0],["2024-12-26",0.0],["2024-12-27",0.0],["2024-12-28",0.0],["2024-12-29",0.0],["2024-12-30",0.0],["2024-12-31",0.0],["2025-01-01",0.0],["2025-01-02",0.0],["2025-01-03",0.0],["2025-01-04",0.0],["2025-01-05",0.0],["2025-01-06",-0.01069682],["2025-01-07",0.0],["2025-01-08",0.0],["2025-01-09",0.0],["2025-01-10",-1.87680064],["2025-01-11",0.0],["2025-01-12",0.0],["2025-01-13",0.0],["2025-01-14",0.0],["2025-01-15",0.0],["2025-01-16",0.0],["2025-01-17",-0.13500158],["2025-01-18",0.0],["2025-01-19",0.0],["2025-01-20",-0.56074872],["2025-01-21",-0.0388588],["2025-01-22",0.0],["2025-01-23",0.0],["2025-01-24",0.0],["2025-01-25",0.0],["2025-01-26",0.0],["2025-01-27",0.0],["2025-01-28",0.0],["2025-01-29",0.0],["2025-01-30",0.0],["2025-01-31",0.0],["2025-02-01",0.0],["2025-02-02",0.0],["2025-02-03",-1.55647339],["2025-02-04",0.0],["2025-02-05",0.0],["2025-02-06",0.0],["2025-02-07",0.0],["2025-02-08",0.0],["2025-02-09",0.0],["2025-02-10",0.0],["2025-02-11",0.0],["2025-02-12",0.0],["2025-02-13",0.0],["2025-02-14",0.0],["2025-02-15",0.0],["2025-02-16",0.0],["2025-02-17",0.0],["2025-02-18",0.0],["2025-02-19",0.0],["2025-02-20",0.0],["2025-02-21",0.0],["2025-02-22",0.0],["2025-02-23",0.0],["2025-02-24",0.0],["2025-02-25",0.0],["2025-02-26",0.0],["2025-02-27",0.0],["2025-02-28",0.0],["2025-03-01",0.0],["2025-03-02",0.0],["2025-03-03",0.0],["2025-03-04",0.0],["2025-03-05",0.0],["2025-03-06",0.0],["2025-03-07",0.0],["2025-03-08",0.0],["2025-03-09",0.0],["2025-03-10",0.0],["2025-03-11",0.0],["2025-03-12",0.0],["2025-03-13",0.0],["2025-03-14",0.0],["2025-03-15",0.0],["2025-03-16",0.0],["2025-03-17",0.0],["2025-03-18",0.0],["2025-03-19",0.0],["2025-03-20",0.0],["2025-03-21",0.0],["2025-03-22",0.0],["2025-03-23",0.0],["2025-03-24",0.0],["2025-03-25",0.0],["2025-03-26",0.0],["2025-03-27",0.0],["2025-03-28",0.0],["2025-03-29",0.0],["2025-03-30",0.0],["2025-03-31",0.0],["2025-04-01",0.0],["2025-04-02",0.0],["2025-04-03",0.0],["2025-04-04",0.0],["2025-04-05",0.0],["2025-04-06",0.0],["2025-04-07",0.0],["2025-04-08",0.0],["2025-04-09",0.0],["2025-04-10",0.0],["2025-04-11",0.0],["2025-04-12",0.0],["2025-04-13",0.0],["2025-04-14",0.0],["2025-04-15",0.0],["2025-04-16",0.0],["2025-04-17",0.0],["2025-04-18",0.0],["2025-04-19",0.0],["2025-04-20",0.0],["2025-04-21",0.0],["2025-04-22",0.0],["2025-04-23",0.0],["2025-04-24",0.0],["2025-04-25",0.0],["2025-04-26",0.0],["2025-04-27",0.0],["2025-04-28",0.0],["2025-04-29",0.0],["2025-04-30",0.0],["2025-05-01",0.0],["2025-05-02",0.3486192],["2025-05-03",0.0],["2025-05-04",0.0],["2025-05-05",0.0],["2025-05-06",0.0],["2025-05-07",0.0],["2025-05-08",-0.01010953],["2025-05-09",0.0],["2025-05-10",0.0],["2025-05-11",0.0],["2025-05-12",0.0],["2025-05-13",0.0],["2025-05-14",0.0],["2025-05-15",0.0],["2025-05-16",0.0],["2025-05-17",0.0],["2025-05-18",-0.06485617],["2025-05-19",0.0],["2025-05-20",0.0],["2025-05-21",0.03283663],["2025-05-22",0.0],["2025-05-23",0.0],["2025-05-24",0.0],["2025-05-25",0.0],["2025-05-26",0.0],["2025-05-27",0.0],["2025-05-28",0.0],["2025-05-29",0.0],["2025-05-30",0.0],["2025-05-31",0.0],["2025-06-01",0.0],["2025-06-02",0.0],["2025-06-03",0.0],["2025-06-04",0.0],["2025-06-05",0.0],["2025-06-06",-1.50236148],["2025-06-07",0.0],["2025-06-08",0.0],["2025-06-09",-0.03806424],["2025-06-10",0.0],["2025-06-11",0.0],["2025-06-12",0.0],["2025-06-13",0.0],["2025-06-14",0.0],["2025-06-15",0.0],["2025-06-16",0.0],["2025-06-17",0.0],["2025-06-18",-1.06679955],["2025-06-19",0.0],["2025-06-20",0.0],["2025-06-21",0.0],["2025-06-22",0.0],["2025-06-23",0.0],["2025-06-24",0.0],["2025-06-25",0.0],["2025-06-26",0.0],["2025-06-27",0.0],["2025-06-28",0.0],["2025-06-29",0.0],["2025-06-30",0.0],["2025-07-01",0.0],["2025-07-02",0.0],["2025-07-03",0.23270577],["2025-07-04",0.0],["2025-07-05",0.0],["2025-07-06",0.0],["2025-07-07",0.0],["2025-07-08",0.0],["2025-07-09",-0.1584518]],"wins":9,"losses":22,"draws":0,"winrate":0.2903225806451613,"holding_avg":"4 days, 15:29:00","holding_avg_s":401340.0,"winner_holding_min":"1d 00:00","winner_holding_min_s":86400.0,"winner_holding_max":"13d 00:00","winner_holding_max_s":1123200.0,"winner_holding_avg":"5d 18:40","winner_holding_avg_s":499200.0,"loser_holding_min":"0d 00:00","loser_holding_min_s":0.0,"loser_holding_max":"15d 00:00","loser_holding_max_s":1296000.0,"loser_holding_avg":"4d 04:22","loser_holding_avg_s":361320.0,"max_consecutive_wins":2,"max_consecutive_losses":7,"max_drawdown_account":0.010510192029999985,"max_relative_drawdown":0.010510192029999985,"max_drawdown_abs":10.51019203,"drawdown_start":"2024-10-04 00:00:00","drawdown_start_ts":1728000000000.0,"drawdown_end":"2025-06-18 00:00:00","drawdown_end_ts":1750204800000.0,"max_drawdown_low":-10.51019203,"max_drawdown_high":-1.36415901,"csum_min":989.48980797,"csum_max":998.63584099}},"strategy_comparison":[{"key":"MultiHorizonMomentum","trades":31,"profit_mean":-0.017196874313950984,"profit_mean_pct":-1.72,"profit_sum":-0.5331031037324805,"profit_sum_pct":-53.31,"profit_total_abs":-10.43593806,"profit_total":-0.01043593806,"profit_total_pct":-1.04,"duration_avg":"4 days, 15:29:00","wins":9,"draws":0,"losses":22,"winrate":0.2903225806451613,"cagr":-0.011399002323218332,"expectancy":-0.3366431632258065,"expectancy_ratio":-0.6012378784045438,"sortino":-0.914108119426683,"sharpe":-0.9111863498139582,"calmar":-5.679639974443153,"sqn":-2.8145,"profit_factor":0.15280117133905194,"max_drawdown_account":0.010510192029999985,"max_drawdown_abs":"10.51"}]}