{"strategy":{"TestStrategy":{"trades":[{"pair":"BTC/USDT","stake_amount":19.5699296,"max_stake_amount":19.5699296,"amount":0.00032,"open_date":"2024-08-22 00:00:00+00:00","close_date":"2024-08-23 00:00:00+00:00","open_rate":61156.03,"close_rate":64339.326856856846,"fee_open":0.001,"fee_close":0.001,"trade_duration":1440,"profit_ratio":0.049950049950049945,"profit_abs":0.97849648,"exit_reason":"roi","initial_stop_loss_abs":55040.43,"initial_stop_loss_ratio":-0.1,"stop_loss_abs":55040.43,"stop_loss_ratio":-0.1,"min_rate":59724.87,"max_rate":64955.0,"is_open":false,"enter_tag":"","leverage":1.0,"is_short":false,"open_timestamp":1724284800000,"close_timestamp":1724371200000,"orders":[{"amount":0.00032,"safe_price":61156.03,"ft_order_side":"buy","order_filled_timestamp":1724284800000,"ft_is_entry":true,"ft_order_tag":"","cost":19.5894995296},{"amount":0.00032,"safe_price":64339.326856856846,"ft_order_side":"sell","order_filled_timestamp":1724371200000,"ft_is_entry":false,"ft_order_tag":"roi","cost":20.609173178788385}],"funding_fees":0.0},{"pair":"BTC/USDT","stake_amount":19.7976966,"max_stake_amount":19.7976966,"amount":0.00033,"open_date":"2024-09-15 00:00:00+00:00","close_date":"2024-09-19 00:00:00+00:00","open_rate":59993.02,"close_rate":63115.77979979979,"fee_open":0.001,"fee_close":0.001,"trade_duration":5760,"profit_ratio":0.04995004995004995,"profit_abs":0.98988483,"exit_reason":"roi","initial_stop_loss_abs":53993.72,"initial_stop_loss_ratio":-0.1,"stop_loss_abs":53993.72,"stop_loss_ratio":-0.1,"min_rate":57493.3,"max_rate":63850.0,"is_open":false,"enter_tag":"","leverage":1.0,"is_short":false,"open_timestamp":1726358400000,"close_timestamp":1726704000000,"orders":[{"amount":0.00033,"safe_price":59993.02,"ft_order_side":"buy","order_filled_timestamp":1726358400000,"ft_is_entry":true,"ft_order_tag":"","cost":19.817494296599996},{"amount":0.00033,"safe_price":63115.77979979979,"ft_order_side":"sell","order_filled_timestamp":1726704000000,"ft_is_entry":false,"ft_order_tag":"roi","cost":20.849035541267863}],"funding_fees":0.0},{"pair":"BTC/USDT","stake_amount":19.8252,"max_stake_amount":19.8252,"amount":0.0003,"open_date":"2024-10-15 00:00:00+00:00","close_date":"2024-10-28 00:00:00+00:00","open_rate":66084.0,"close_rate":69523.8078078078,"fee_open":0.001,"fee_close":0.001,"trade_duration":18720,"profit_ratio":0.04995004995004996,"profit_abs":0.99126,"exit_reason":"roi","initial_stop_loss_abs":59475.6,"initial_stop_loss_ratio":-0.1,"stop_loss_abs":59475.6,"stop_loss_ratio":-0.1,"min_rate":64800.01,"max_rate":70270.0,"is_open":false,"enter_tag":"","leverage":1.0,"is_short":false,"open_timestamp":1728950400000,"close_timestamp":1730073600000,"orders":[{"amount":0.0003,"safe_price":66084.0,"ft_order_side":"buy","order_filled_timestamp":1728950400000,"ft_is_entry":true,"ft_order_tag":"","cost":19.845025199999995},{"amount":0.0003,"safe_price":69523.8078078078,"ft_order_side":"sell","order_filled_timestamp":1730073600000,"ft_is_entry":false,"ft_order_tag":"roi","cost":20.877999484684675}],"funding_fees":0.0},{"pair":"BTC/USDT","stake_amount":19.672722,"max_stake_amount":19.672722,"amount":0.0002,"open_date":"2025-01-06 00:00:00+00:00","close_date":"2025-01-12 00:00:00+00:00","open_rate":98363.61,"close_rate":94599.99,"fee_open":0.001,"fee_close":0.001,"trade_duration":8640,"profit_ratio":-0.040183874595808036,"profit_abs":-0.79131672,"exit_reason":"exit_signal","initial_stop_loss_abs":88527.25,"initial_stop_loss_ratio":-0.1,"stop_loss_abs":88527.25,"stop_loss_ratio":-0.1,"min_rate":91203.67,"max_rate":102724.38,"is_open":false,"enter_tag":"","leverage":1.0,"is_short":false,"open_timestamp":1736121600000,"close_timestamp":1736640000000,"orders":[{"amount":0.0002,"safe_price":98363.61,"ft_order_side":"buy","order_filled_timestamp":1736121600000,"ft_is_entry":true,"ft_order_tag":"","cost":19.692394722},{"amount":0.0002,"safe_price":94599.99,"ft_order_side":"sell","order_filled_timestamp":1736640000000,"ft_is_entry":false,"ft_order_tag":"exit_signal","cost":18.938917998}],"funding_fees":0.0},{"pair":"BTC/USDT","stake_amount":19.0944965,"max_stake_amount":19.0944965,"amount":0.00019,"open_date":"2025-01-16 00:00:00+00:00","close_date":"2025-01-17 00:00:00+00:00","open_rate":100497.35,"close_rate":105728.44329329328,"fee_open":0.001,"fee_close":0.001,"trade_duration":1440,"profit_ratio":0.04995004968845599,"profit_abs":0.95472482,"exit_reason":"roi","initial_stop_loss_abs":90447.62,"initial_stop_loss_ratio":-0.1,"stop_loss_abs":90447.62,"stop_loss_ratio":-0.1,"min_rate":97335.13,"max_rate":105865.22,"is_open":false,"enter_tag":"","leverage":1.0,"is_short":false,"open_timestamp":1736985600000,"close_timestamp":1737072000000,"orders":[{"amount":0.00019,"safe_price":100497.35,"ft_order_side":"buy","order_filled_timestamp":1736985600000,"ft_is_entry":true,"ft_order_tag":"","cost":19.1135909965},{"amount":0.00019,"safe_price":105728.44329329328,"ft_order_side":"sell","order_filled_timestamp":1737072000000,"ft_is_entry":false,"ft_order_tag":"roi","cost":20.10849262995145}],"funding_fees":0.0},{"pair":"BTC/USDT","stake_amount":19.2516,"max_stake_amount":19.2516,"amount":0.0002,"open_date":"2025-02-24 00:00:00+00:00","close_date":"2025-02-25 00:00:00+00:00","open_rate":96258.0,"close_rate":91552.88,"fee_open":0.001,"fee_close":0.001,"trade_duration":1440,"profit_ratio":-0.05078064012490242,"profit_abs":-0.97858618,"exit_reason":"exit_signal","initial_stop_loss_abs":86632.2,"initial_stop_loss_ratio":-0.1,"stop_loss_abs":86632.2,"stop_loss_ratio":-0.1,"min_rate":86050.99,"max_rate":96500.0,"is_open":false,"enter_tag":"","leverage":1.0,"is_short":false,"open_timestamp":1740355200000,"close_timestamp":1740441600000,"orders":[{"amount":0.0002,"safe_price":96258.0,"ft_order_side":"buy","order_filled_timestamp":1740355200000,"ft_is_entry":true,"ft_order_tag":"","cost":19.270851599999997},{"amount":0.0002,"safe_price":91552.88,"ft_order_side":"sell","order_filled_timestamp":1740441600000,"ft_is_entry":false,"ft_order_tag":"exit_signal","cost":18.328886576}],"funding_fees":0.0},{"pair":"BTC/USDT","stake_amount":19.798975,"max_stake_amount":19.798975,"amount":0.00023,"open_date":"2025-03-24 00:00:00+00:00","close_date":"2025-04-01 00:00:00+00:00","open_rate":86082.5,"close_rate":82550.0,"fee_open":0.001,"fee_close":0.001,"trade_duration":11520,"profit_ratio":-0.04295222706882906,"profit_abs":-0.85126048,"exit_reason":"exit_signal","initial_stop_loss_abs":77474.25,"initial_stop_loss_ratio":-0.1,"stop_loss_abs":77474.25,"stop_loss_ratio":-0.1,"min_rate":81278.52,"max_rate":88765.43,"is_open":false,"enter_tag":"","leverage":1.0,"is_short":false,"open_timestamp":1742774400000,"close_timestamp":1743465600000,"orders":[{"amount":0.00023,"safe_price":86082.5,"ft_order_side":"buy","order_filled_timestamp":1742774400000,"ft_is_entry":true,"ft_order_tag":"","cost":19.818773975},{"amount":0.00023,"safe_price":82550.0,"ft_order_side":"sell","order_filled_timestamp":1743465600000,"ft_is_entry":false,"ft_order_tag":"exit_signal","cost":19.005486499999996}],"funding_fees":0.0},{"pair":"BTC/USDT","stake_amount":19.4560634,"max_stake_amount":19.4560634,"amount":0.00023,"open_date":"2025-04-15 00:00:00+00:00","close_date":"2025-04-22 00:00:00+00:00","open_rate":84591.58,"close_rate":88994.74532532532,"fee_open":0.001,"fee_close":0.001,"trade_duration":10080,"profit_ratio":0.04995004995004995,"profit_abs":0.97280317,"exit_reason":"roi","initial_stop_loss_abs":76132.43,"initial_stop_loss_ratio":-0.1,"stop_loss_abs":76132.43,"stop_loss_ratio":-0.1,"min_rate":83111.64,"max_rate":93888.0,"is_open":false,"enter_tag":"","leverage":1.0,"is_short":false,"open_timestamp":1744675200000,"close_timestamp":1745280000000,"orders":[{"amount":0.00023,"safe_price":84591.58,"ft_order_side":"buy","order_filled_timestamp":1744675200000,"ft_is_entry":true,"ft_order_tag":"","cost":19.475519463399998},{"amount":0.00023,"safe_price":88994.74532532532,"ft_order_side":"sell","order_filled_timestamp":1745280000000,"ft_is_entry":false,"ft_order_tag":"roi","cost":20.489260216249647}],"funding_fees":0.0},{"pair":"BTC/USDT","stake_amount":19.8493902,"max_stake_amount":19.8493902,"amount":0.00018,"open_date":"2025-06-11 00:00:00+00:00","close_date":"2025-06-17 00:00:00+00:00","open_rate":110274.39,"close_rate":106794.53,"fee_open":0.001,"fee_close":0.001,"trade_duration":8640,"profit_ratio":-0.033491327485336425,"profit_abs":-0.66544721,"exit_reason":"exit_signal","initial_stop_loss_abs":99246.96,"initial_stop_loss_ratio":-0.1,"stop_loss_abs":99246.96,"stop_loss_ratio":-0.1,"min_rate":102664.31,"max_rate":110392.01,"is_open":false,"enter_tag":"","leverage":1.0,"is_short":false,"open_timestamp":1749600000000,"close_timestamp":1750118400000,"orders":[{"amount":0.00018,"safe_price":110274.39,"ft_order_side":"buy","order_filled_timestamp":1749600000000,"ft_is_entry":true,"ft_order_tag":"","cost":19.8692395902},{"amount":0.00018,"safe_price":106794.53,"ft_order_side":"sell","order_filled_timestamp":1750118400000,"ft_is_entry":false,"ft_order_tag":"exit_signal","cost":19.2422384154}],"funding_fees":0.0},{"pair":"BTC/USDT","stake_amount":19.2685644,"max_stake_amount":19.2685644,"amount":0.00018,"open_date":"2025-06-28 00:00:00+00:00","close_date":"2025-07-09 00:00:00+00:00","open_rate":107047.58,"close_rate":108922.99,"fee_open":0.001,"fee_close":0.001,"trade_duration":15840,"profit_ratio":0.015486400185615245,"profit_abs":0.2986991,"exit_reason":"force_exit","initial_stop_loss_abs":96342.83,"initial_stop_loss_ratio":-0.1,"stop_loss_abs":96342.83,"stop_loss_ratio":-0.1,"min_rate":105100.19,"max_rate":111999.79,"is_open":false,"enter_tag":"","leverage":1.0,"is_short":false,"open_timestamp":1751068800000,"close_timestamp":1752019200000,"orders":[{"amount":0.00018,"safe_price":107047.58,"ft_order_side":"buy","order_filled_timestamp":1751068800000,"ft_is_entry":true,"ft_order_tag":"","cost":19.2878329644},{"amount":0.00018,"safe_price":108922.99,"ft_order_side":"sell","order_filled_timestamp":1752019200000,"ft_is_entry":false,"ft_order_tag":"force_exit","cost":19.6257443382}],"funding_fees":0.0}],"locks":[],"best_pair":{"key":"BTC/USDT","trades":10,"profit_mean":0.009782858039939512,"profit_mean_pct":0.98,"profit_sum":0.09782858039939511,"profit_sum_pct":9.78,"profit_total_abs":1.8992578100000004,"profit_total":0.0018992578100000003,"profit_total_pct":0.19,"duration_avg":"5 days, 19:12:00","wins":6,"draws":0,"losses":4,"winrate":0.6,"cagr":0.0020757190606439657,"expectancy":0.18992578099999996,"expectancy_ratio":0.2311509389982218,"sortino":0.9637724004797797,"sharpe":0.1275231036571766,"calmar":5.955570887750935,"sqn":0.6688,"profit_factor":1.5778773474955547,"max_drawdown_account":0.0018241497501989333,"max_drawdown_abs":1.8298466599999998},"worst_pair":{"key":"BTC/USDT","trades":10,"profit_mean":0.009782858039939512,"profit_mean_pct":0.98,"profit_sum":0.09782858039939511,"profit_sum_pct":9.78,"profit_total_abs":1.8992578100000004,"profit_total":0.0018992578100000003,"profit_total_pct":0.19,"duration_avg":"5 days, 19:12:00","wins":6,"draws":0,"losses":4,"winrate":0.6,"cagr":0.0020757190606439657,"expectancy":0.18992578099999996,"expectancy_ratio":0.2311509389982218,"sortino":0.9637724004797797,"sharpe":0.1275231036571766,"calmar":5.955570887750935,"sqn":0.6688,"profit_factor":1.5778773474955547,"max_drawdown_account":0.0018241497501989333,"max_drawdown_abs":1.8298466599999998},"results_per_pair":[{"key":"BTC/USDT","trades":10,"profit_mean":0.009782858039939512,"profit_mean_pct":0.98,"profit_sum":0.09782858039939511,"profit_sum_pct":9.78,"profit_total_abs":1.8992578100000004,"profit_total":0.0018992578100000003,"profit_total_pct":0.19,"duration_avg":"5 days, 19:12:00","wins":6,"draws":0,"losses":4,"winrate":0.6,"cagr":0.0020757190606439657,"expectancy":0.18992578099999996,"expectancy_ratio":0.2311509389982218,"sortino":0.9637724004797797,"sharpe":0.1275231036571766,"calmar":5.955570887750935,"sqn":0.6688,"profit_factor":1.5778773474955547,"max_drawdown_account":0.0018241497501989333,"max_drawdown_abs":1.8298466599999998},{"key":"TOTAL","trades":10,"profit_mean":0.009782858039939512,"profit_mean_pct":0.98,"profit_sum":0.09782858039939511,"profit_sum_pct":9.78,"profit_total_abs":1.8992578100000004,"profit_total":0.0018992578100000003,"profit_total_pct":0.19,"duration_avg":"5 days, 19:12:00","wins":6,"draws":0,"losses":4,"winrate":0.6,"cagr":0.0020757190606439657,"expectancy":0.18992578099999996,"expectancy_ratio":0.2311509389982218,"sortino":0.9637724004797797,"sharpe":0.1275231036571766,"calmar":5.955570887750935,"sqn":0.6688,"profit_factor":1.5778773474955547,"max_drawdown_account":0.0018241497501989333,"max_drawdown_abs":1.8298466599999998}],"results_per_enter_tag":[{"key":"","trades":10,"profit_mean":0.009782858039939512,"profit_mean_pct":0.98,"profit_sum":0.09782858039939511,"profit_sum_pct":9.78,"profit_total_abs":1.8992578100000004,"profit_total":0.0018992578100000003,"profit_total_pct":0.19,"duration_avg":"5 days, 19:12:00","wins":6,"draws":0,"losses":4,"winrate":0.6,"cagr":0.0020757190606439657,"expectancy":0.18992578099999996,"expectancy_ratio":0.2311509389982218,"sortino":0.9637724004797797,"sharpe":0.1275231036571766,"calmar":5.955570887750935,"sqn":0.6688,"profit_factor":1.5778773474955547,"max_drawdown_account":0.0018241497501989333,"max_drawdown_abs":1.8298466599999998},{"key":"TOTAL","trades":10,"profit_mean":0.009782858039939512,"profit_mean_pct":0.98,"profit_sum":0.09782858039939511,"profit_sum_pct":9.78,"profit_total_abs":1.8992578100000004,"profit_total":0.0018992578100000003,"profit_total_pct":0.19,"duration_avg":"5 days, 19:12:00","wins":6,"draws":0,"losses":4,"winrate":0.6,"cagr":0.0020757190606439657,"expectancy":0.18992578099999996,"expectancy_ratio":0.2311509389982218,"sortino":0.9637724004797797,"sharpe":0.1275231036571766,"calmar":5.955570887750935,"sqn":0.6688,"profit_factor":1.5778773474955547,"max_drawdown_account":0.0018241497501989333,"max_drawdown_abs":1.8298466599999998}],"exit_reason_summary":[{"key":"roi","trades":5,"profit_mean":0.04995004989773116,"profit_mean_pct":5.0,"profit_sum":0.2497502494886558,"profit_sum_pct":24.98,"profit_total_abs":4.8871693,"profit_total":0.0048871693,"profit_total_pct":0.49,"duration_avg":"5 days, 4:48:00","wins":5,"draws":0,"losses":0,"winrate":1.0,"cagr":0.005341978345023257,"expectancy":0.97743386,"expectancy_ratio":100.0,"sortino":-100,"sharpe":21.018553457123037,"calmar":-100,"sqn":146.9816,"profit_factor":0.0,"max_drawdown_account":0.0,"max_drawdown_abs":0.0},{"key":"force_exit","trades":1,"profit_mean":0.015486400185615245,"profit_mean_pct":1.55,"profit_sum":0.015486400185615245,"profit_sum_pct":1.55,"profit_total_abs":0.2986991,"profit_total":0.0002986991,"profit_total_pct":0.03,"duration_avg":"11 days, 0:00:00","wins":1,"draws":0,"losses":0,"winrate":1.0,"cagr":0.0003264271935536911,"expectancy":0.2986991,"expectancy_ratio":100.0,"sortino":-100,"sharpe":-100,"calmar":-100,"sqn":-100.0,"profit_factor":0.0,"max_drawdown_account":0.0,"max_drawdown_abs":0.0},{"key":"exit_signal","trades":4,"profit_mean":-0.04185201731871899,"profit_mean_pct":-4.19,"profit_sum":-0.16740806927487595,"profit_sum_pct":-16.74,"profit_total_abs":-3.28661059,"profit_total":-0.00328661059,"profit_total_pct":-0.33,"duration_avg":"5 days, 6:00:00","wins":0,"draws":0,"losses":4,"winrate":0.0,"cagr":-0.003591106932486321,"expectancy":-0.8216526475,"expectancy_ratio":-1.0,"sortino":-1.667780203976923,"sharpe":-1.667780203976923,"calmar":-5.720051848665491,"sqn":-12.6252,"profit_factor":0.0,"max_drawdown_account":0.0032866105900000095,"max_drawdown_abs":3.28661059},{"key":"TOTAL","trades":10,"profit_mean":0.009782858039939512,"profit_mean_pct":0.98,"profit_sum":0.09782858039939511,"profit_sum_pct":9.78,"profit_total_abs":1.8992578100000004,"profit_total":0.0018992578100000003,"profit_total_pct":0.19,"duration_avg":"5 days, 19:12:00","wins":6,"draws":0,"losses":4,"winrate":0.6,"cagr":0.0020757190606439657,"expectancy":0.18992578099999996,"expectancy_ratio":0.2311509389982218,"sortino":0.9637724004797797,"sharpe":0.1275231036571766,"calmar":5.955570887750935,"sqn":0.6688,"profit_factor":1.5778773474955547,"max_drawdown_account":0.0018241497501989333,"max_drawdown_abs":1.8298466599999998}],"mix_tag_stats":[{"key":["","roi"],"trades":5,"profit_mean":0.04995004989773116,"profit_mean_pct":5.0,"profit_sum":0.2497502494886558,"profit_sum_pct":24.98,"profit_total_abs":4.8871693,"profit_total":0.0048871693,"profit_total_pct":0.49,"duration_avg":"5 days, 4:48:00","wins":5,"draws":0,"losses":0,"winrate":1.0,"cagr":0.005341978345023257,"expectancy":0.97743386,"expectancy_ratio":100.0,"sortino":-100,"sharpe":21.018553457123037,"calmar":-100,"sqn":146.9816,"profit_factor":0.0,"max_drawdown_account":0.0,"max_drawdown_abs":0.0},{"key":["","force_exit"],"trades":1,"profit_mean":0.015486400185615245,"profit_mean_pct":1.55,"profit_sum":0.015486400185615245,"profit_sum_pct":1.55,"profit_total_abs":0.2986991,"profit_total":0.0002986991,"profit_total_pct":0.03,"duration_avg":"11 days, 0:00:00","wins":1,"draws":0,"losses":0,"winrate":1.0,"cagr":0.0003264271935536911,"expectancy":0.2986991,"expectancy_ratio":100.0,"sortino":-100,"sharpe":-100,"calmar":-100,"sqn":-100.0,"profit_factor":0.0,"max_drawdown_account":0.0,"max_drawdown_abs":0.0},{"key":["","exit_signal"],"trades":4,"profit_mean":-0.04185201731871899,"profit_mean_pct":-4.19,"profit_sum":-0.16740806927487595,"profit_sum_pct":-16.74,"profit_total_abs":-3.28661059,"profit_total":-0.00328661059,"profit_total_pct":-0.33,"duration_avg":"5 days, 6:00:00","wins":0,"draws":0,"losses":4,"winrate":0.0,"cagr":-0.003591106932486321,"expectancy":-0.8216526475,"expectancy_ratio":-1.0,"sortino":-1.667780203976923,"sharpe":-1.667780203976923,"calmar":-5.720051848665491,"sqn":-12.6252,"profit_factor":0.0,"max_drawdown_account":0.0032866105900000095,"max_drawdown_abs":3.28661059},{"key":"TOTAL","trades":10,"profit_mean":0.009782858039939512,"profit_mean_pct":0.98,"profit_sum":0.09782858039939511,"profit_sum_pct":9.78,"profit_total_abs":1.8992578100000004,"profit_total":0.0018992578100000003,"profit_total_pct":0.19,"duration_avg":"5 days, 19:12:00","wins":6,"draws":0,"losses":4,"winrate":0.6,"cagr":0.0020757190606439657,"expectancy":0.18992578099999996,"expectancy_ratio":0.2311509389982218,"sortino":0.9637724004797797,"sharpe":0.1275231036571766,"calmar":5.955570887750935,"sqn":0.6688,"profit_factor":1.5778773474955547,"max_drawdown_account":0.0018241497501989333,"max_drawdown_abs":1.8298466599999998}],"left_open_trades":[{"key":"BTC/USDT","trades":1,"profit_mean":0.015486400185615245,"profit_mean_pct":1.55,"profit_sum":0.015486400185615245,"profit_sum_pct":1.55,"profit_total_abs":0.2986991,"profit_total":0.0002986991,"profit_total_pct":0.03,"duration_avg":"11 days, 0:00:00","wins":1,"draws":0,"losses":0,"winrate":1.0,"cagr":0.0003264271935536911,"expectancy":0.2986991,"expectancy_ratio":100.0,"sortino":-100,"sharpe":-100,"calmar":-100,"sqn":-100.0,"profit_factor":0.0,"max_drawdown_account":0.0,"max_drawdown_abs":0.0},{"key":"TOTAL","trades":1,"profit_mean":0.015486400185615245,"profit_mean_pct":1.55,"profit_sum":0.015486400185615245,"profit_sum_pct":1.55,"profit_total_abs":0.2986991,"profit_total":0.0002986991,"profit_total_pct":0.03,"duration_avg":"11 days, 0:00:00","wins":1,"draws":0,"losses":0,"winrate":1.0,"cagr":0.0003264271935536911,"expectancy":0.2986991,"expectancy_ratio":100.0,"sortino":-100,"sharpe":-100,"calmar":-100,"sqn":-100.0,"profit_factor":0.0,"max_drawdown_account":0.0,"max_drawdown_abs":0.0}],"total_trades":10,"trade_count_long":10,"trade_count_short":0,"total_volume":393.85545721624203,"avg_stake_amount":19.55846377,"profit_mean":0.009782858039939512,"profit_median":0.03271822493703562,"profit_total":0.0018992578100000003,"profit_total_long":0.0018992578100000003,"profit_total_short":0.0,"profit_total_abs":1.8992578100000004,"profit_total_long_abs":1.8992578100000004,"profit_total_short_abs":0.0,"cagr":0.0020757190606439657,"expectancy":0.18992578099999996,"expectancy_ratio":0.2311509389982218,"sortino":0.9637724004797797,"sharpe":0.1275231036571766,"calmar":5.955570887750935,"sqn":0.6688,"profit_factor":1.5778773474955547,"backtest_start":"2024-08-09 00:00:00","backtest_start_ts":1723161600000,"backtest_end":"2025-07-09 00:00:00","backtest_end_ts":1752019200000,"backtest_days":334,"backtest_run_start_ts":1752168873,"backtest_run_end_ts":1752168873,"trades_per_day":0.03,"market_change":0.8283639876991336,"pairlist":["BTC/USDT"],"stake_amount":20,"stake_currency":"USDT","stake_currency_decimals":3,"starting_balance":1000,"dry_run_wallet":1000,"final_balance":1001.89925781,"rejected_signals":0,"timedout_entry_orders":0,"timedout_exit_orders":0,"canceled_trade_entries":0,"canceled_entry_orders":0,"replaced_entry_orders":0,"max_open_trades":1,"max_open_trades_setting":5,"timeframe":"1d","timeframe_detail":"","timerange":"","enable_protections":false,"strategy_name":"TestStrategy","stoploss":-0.1,"trailing_stop":false,"trailing_stop_positive":null,"trailing_stop_positive_offset":0.0,"trailing_only_offset_is_reached":false,"use_custom_stoploss":false,"minimal_roi":{"0":0.05},"use_exit_signal":true,"exit_profit_only":false,"exit_profit_offset":0.0,"ignore_roi_if_entry_signal":false,"trading_mode":"spot","margin_mode":"","periodic_breakdown":{"day":[{"date":"23/08/2024","date_ts":1724371200000,"profit_abs":0.97849648,"wins":1,"draws":0,"losses":0,"trades":1,"profit_factor":0.0},{"date":"24/08/2024","date_ts":1724457600000,"profit_abs":0.0,"wins":0,"draws":0,"losses":0,"trades":0,"profit_factor":0.0},{"date":"25/08/2024","date_ts":1724544000000,"profit_abs":0.0,"wins":0,"draws":0,"losses":0,"trades":0,"profit_factor":0.0},{"date":"26/08/2024","date_ts":1724630400000,"profit_abs":0.0,"wins":0,"draws":0,"losses":0,"trades":0,"profit_factor":0.0},{"date":"27/08/2024","date_ts":1724716800000,"profit_abs":0.0,"wins":0,"draws":0,"losses":0,"trades":0,"profit_factor":0.0},{"date":"28/08/2024","date_ts":1724803200000,"profit_abs":0.0,"wins":0,"draws":0,"losses":0,"trades":0,"profit_factor":0.0},{"date":"29/08/2024","date_ts":1724889600000,"profit_abs":0.0,"wins":0,"draws":0,"losses":0,"trades":0,"profit_factor":0.0},{"date":"30/08/2024","date_ts":1724976000000,"profit_abs":0.0,"wins":0,"draws":0,"losses":0,"trades":0,"profit_factor":0.0},{"date":"31/08/2024","date_ts":1725062400000,"profit_abs":0.0,"wins":0,"draws":0,"losses":0,"trades":0,"profit_factor":0.0},{"date":"01/09/2024","date_ts":1725148800000,"profit_abs":0.0,"wins":0,"draws":0,"losses":0,"trades":0,"profit_factor":0.0},{"date":"02/09/2024","date_ts":1725235200000,"profit_abs":0.0,"wins":0,"draws":0,"losses":0,"trades":0,"profit_factor":0.0},{"date":"03/09/2024","date_ts":1725321600000,"profit_abs":0.0,"wins":0,"draws":0,"losses":0,"trades":0,"profit_factor":0.0},{"date":"04/09/2024","date_ts":1725408000000,"profit_abs":0.0,"wins":0,"draws":0,"losses":0,"trades":0,"profit_factor":0.0},{"date":"05/09/2024","date_ts":1725494400000,"profit_abs":0.0,"wins":0,"draws":0,"losses":0,"trades":0,"profit_factor":0.0},{"date":"06/09/2024","date_ts":1725580800000,"profit_abs":0.0,"wins":0,"draws":0,"losses":0,"trades":0,"profit_factor":0.0},{"date":"07/09/2024","date_ts":1725667200000,"profit_abs":0.0,"wins":0,"draws":0,"losses":0,"trades":0,"profit_factor":0.0},{"date":"08/09/2024","date_ts":1725753600000,"profit_abs":0.0,"wins":0,"draws":0,"losses":0,"trades":0,"profit_factor":0.0},{"date":"09/09/2024","date_ts":1725840000000,"profit_abs":0.0,"wins":0,"draws":0,"losses":0,"trades":0,"profit_factor":0.0},{"date":"10/09/2024","date_ts":1725926400000,"profit_abs":0.0,"wins":0,"draws":0,"losses":0,"trades":0,"profit_factor":0.0},{"date":"11/09/2024","date_ts":1726012800000,"profit_abs":0.0,"wins":0,"draws":0,"losses":0,"trades":0,"profit_factor":0.0},{"date":"12/09/2024","date_ts":1726099200000,"profit_abs":0.0,"wins":0,"draws":0,"losses":0,"trades":0,"profit_factor":0.0},{"date":"13/09/2024","date_ts":1726185600000,"profit_abs":0.0,"wins":0,"draws":0,"losses":0,"trades":0,"profit_factor":0.0},{"date":"14/09/2024","date_ts":1726272000000,"profit_abs":0.0,"wins":0,"draws":0,"losses":0,"trades":0,"profit_factor":0.0},{"date":"15/09/2024","date_ts":1726358400000,"profit_abs":0.0,"wins":0,"draws":0,"losses":0,"trades":0,"profit_factor":0.0},{"date":"16/09/2024","date_ts":1726444800000,"profit_abs":0.0,"wins":0,"draws":0,"losses":0,"trades":0,"profit_factor":0.0},{"date":"17/09/2024","date_ts":1726531200000,"profit_abs":0.0,"wins":0,"draws":0,"losses":0,"trades":0,"profit_factor":0.0},{"date":"18/09/2024","date_ts":1726617600000,"profit_abs":0.0,"wins":0,"draws":0,"losses":0,"trades":0,"profit_factor":0.0},{"date":"19/09/2024","date_ts":1726704000000,"profit_abs":0.98988483,"wins":1,"draws":0,"losses":0,"trades":1,"profit_factor":0.0},{"date":"20/09/2024","date_ts":1726790400000,"profit_abs":0.0,"wins":0,"draws":0,"losses":0,"trades":0,"profit_factor":0.0},{"date":"21/09/2024","date_ts":1726876800000,"profit_abs":0.0,"wins":0,"draws":0,"losses":0,"trades":0,"profit_factor":0.0},{"date":"22/09/2024","date_ts":1726963200000,"profit_abs":0.0,"wins":0,"draws":0,"losses":0,"trades":0,"profit_factor":0.0},{"date":"23/09/2024","date_ts":1727049600000,"profit_abs":0.0,"wins":0,"draws":0,"losses":0,"trades":0,"profit_factor":0.0},{"date":"24/09/2024","date_ts":1727136000000,"profit_abs":0.0,"wins":0,"draws":0,"losses":0,"trades":0,"profit_factor":0.0},{"date":"25/09/2024","date_ts":1727222400000,"profit_abs":0.0,"wins":0,"draws":0,"losses":0,"trades":0,"profit_factor":0.0},{"date":"26/09/2024","date_ts":1727308800000,"profit_abs":0.0,"wins":0,"draws":0,"losses":0,"trades":0,"profit_factor":0.0},{"date":"27/09/2024","date_ts":1727395200000,"profit_abs":0.0,"wins":0,"draws":0,"losses":0,"trades":0,"profit_factor":0.0},{"date":"28/09/2024","date_ts":1727481600000,"profit_abs":0.0,"wins":0,"draws":0,"losses":0,"trades":0,"profit_factor":0.0},{"date":"29/09/2024","date_ts":1727568000000,"profit_abs":0.0,"wins":0,"draws":0,"losses":0,"trades":0,"profit_factor":0.0},{"date":"30/09/2024","date_ts":1727654400000,"profit_abs":0.0,"wins":0,"draws":0,"losses":0,"trades":0,"profit_factor":0.0},{"date":"01/10/2024","date_ts":1727740800000,"profit_abs":0.0,"wins":0,"draws":0,"losses":0,"trades":0,"profit_factor":0.0},{"date":"02/10/2024","date_ts":1727827200000,"profit_abs":0.0,"wins":0,"draws":0,"losses":0,"trades":0,"profit_factor":0.0},{"date":"03/10/2024","date_ts":1727913600000,"profit_abs":0.0,"wins":0,"draws":0,"losses":0,"trades":0,"profit_factor":0.0},{"date":"04/10/2024","date_ts":1728000000000,"profit_abs":0.0,"wins":0,"draws":0,"losses":0,"trades":0,"profit_factor":0.0},{"date":"05/10/2024","date_ts":1728086400000,"profit_abs":0.0,"wins":0,"draws":0,"losses":0,"trades":0,"profit_factor":0.0},{"date":"06/10/2024","date_ts":1728172800000,"profit_abs":0.0,"wins":0,"draws":0,"losses":0,"trades":0,"profit_factor":0.0},{"date":"07/10/2024","date_ts":1728259200000,"profit_abs":0.0,"wins":0,"draws":0,"losses":0,"trades":0,"profit_factor":0.0},{"date":"08/10/2024","date_ts":1728345600000,"profit_abs":0.0,"wins":0,"draws":0,"losses":0,"trades":0,"profit_factor":0.0},{"date":"09/10/2024","date_ts":1728432000000,"profit_abs":0.0,"wins":0,"draws":0,"losses":0,"trades":0,"profit_factor":0.0},{"date":"10/10/2024","date_ts":1728518400000,"profit_abs":0.0,"wins":0,"draws":0,"losses":0,"trades":0,"profit_factor":0.0},{"date":"11/10/2024","date_ts":1728604800000,"profit_abs":0.0,"wins":0,"draws":0,"losses":0,"trades":0,"profit_factor":0.0},{"date":"12/10/2024","date_ts":1728691200000,"profit_abs":0.0,"wins":0,"draws":0,"losses":0,"trades":0,"profit_factor":0.0},{"date":"13/10/2024","date_ts":1728777600000,"profit_abs":0.0,"wins":0,"draws":0,"losses":0,"trades":0,"profit_factor":0.0},{"date":"14/10/2024","date_ts":1728864000000,"profit_abs":0.0,"wins":0,"draws":0,"losses":0,"trades":0,"profit_factor":0.0},{"date":"15/10/2024","date_ts":1728950400000,"profit_abs":0.0,"wins":0,"draws":0,"losses":0,"trades":0,"profit_factor":0.0},{"date":"16/10/2024","date_ts":1729036800000,"profit_abs":0.0,"wins":0,"draws":0,"losses":0,"trades":0,"profit_factor":0.0},{"date":"17/10/2024","date_ts":1729123200000,"profit_abs":0.0,"wins":0,"draws":0,"losses":0,"trades":0,"profit_factor":0.0},{"date":"18/10/2024","date_ts":1729209600000,"profit_abs":0.0,"wins":0,"draws":0,"losses":0,"trades":0,"profit_factor":0.0},{"date":"19/10/2024","date_ts":1729296000000,"profit_abs":0.0,"wins":0,"draws":0,"losses":0,"trades":0,"profit_factor":0.0},{"date":"20/10/2024","date_ts":1729382400000,"profit_abs":0.0,"wins":0,"draws":0,"losses":0,"trades":0,"profit_factor":0.0},{"date":"21/10/2024","date_ts":1729468800000,"profit_abs":0.0,"wins":0,"draws":0,"losses":0,"trades":0,"profit_factor":0.0},{"date":"22/10/2024","date_ts":1729555200000,"profit_abs":0.0,"wins":0,"draws":0,"losses":0,"trades":0,"profit_factor":0.0},{"date":"23/10/2024","date_ts":1729641600000,"profit_abs":0.0,"wins":0,"draws":0,"losses":0,"trades":0,"profit_factor":0.0},{"date":"24/10/2024","date_ts":1729728000000,"profit_abs":0.0,"wins":0,"draws":0,"losses":0,"trades":0,"profit_factor":0.0},{"date":"25/10/2024","date_ts":1729814400000,"profit_abs":0.0,"wins":0,"draws":0,"losses":0,"trades":0,"profit_factor":0.0},{"date":"26/10/2024","date_ts":1729900800000,"profit_abs":0.0,"wins":0,"draws":0,"losses":0,"trades":0,"profit_factor":0.0},{"date":"27/10/2024","date_ts":1729987200000,"profit_abs":0.0,"wins":0,"draws":0,"losses":0,"trades":0,"profit_factor":0.0},{"date":"28/10/2024","date_ts":1730073600000,"profit_abs":0.99126,"wins":1,"draws":0,"losses":0,"trades":1,"profit_factor":0.0},{"date":"29/10/2024","date_ts":1730160000000,"profit_abs":0.0,"wins":0,"draws":0,"losses":0,"trades":0,"profit_factor":0.0},{"date":"30/10/2024","date_ts":1730246400000,"profit_abs":0.0,"wins":0,"draws":0,"losses":0,"trades":0,"profit_factor":0.0},{"date":"31/10/2024","date_ts":1730332800000,"profit_abs":0.0,"wins":0,"draws":0,"losses":0,"trades":0,"profit_factor":0.0},{"date":"01/11/2024","date_ts":1730419200000,"profit_abs":0.0,"wins":0,"draws":0,"losses":0,"trades":0,"profit_factor":0.0},{"date":"02/11/2024","date_ts":1730505600000,"profit_abs":0.0,"wins":0,"draws":0,"losses":0,"trades":0,"profit_factor":0.0},{"date":"03/11/2024","date_ts":1730592000000,"profit_abs":0.0,"wins":0,"draws":0,"losses":0,"trades":0,"profit_factor":0.0},{"date":"04/11/2024","date_ts":1730678400000,"profit_abs":0.0,"wins":0,"draws":0,"losses":0,"trades":0,"profit_factor":0.0},{"date":"05/11/2024","date_ts":1730764800000,"profit_abs":0.0,"wins":0,"draws":0,"losses":0,"trades":0,"profit_factor":0.0},{"date":"06/11/2024","date_ts":1730851200000,"profit_abs":0.0,"wins":0,"draws":0,"losses":0,"trades":0,"profit_factor":0.0},{"date":"07/11/2024","date_ts":1730937600000,"profit_abs":0.0,"wins":0,"draws":0,"losses":0,"trades":0,"profit_factor":0.0},{"date":"08/11/2024","date_ts":1731024000000,"profit_abs":0.0,"wins":0,"draws":0,"losses":0,"trades":0,"profit_factor":0.0},{"date":"09/11/2024","date_ts":1731110400000,"profit_abs":0.0,"wins":0,"draws":0,"losses":0,"trades":0,"profit_factor":0.0},{"date":"10/11/2024","date_ts":1731196800000,"profit_abs":0.0,"wins":0,"draws":0,"losses":0,"trades":0,"profit_factor":0.0},{"date":"11/11/2024","date_ts":1731283200000,"profit_abs":0.0,"wins":0,"draws":0,"losses":0,"trades":0,"profit_factor":0.0},{"date":"12/11/2024","date_ts":1731369600000,"profit_abs":0.0,"wins":0,"draws":0,"losses":0,"trades":0,"profit_factor":0.0},{"date":"13/11/2024","date_ts":1731456000000,"profit_abs":0.0,"wins":0,"draws":0,"losses":0,"trades":0,"profit_factor":0.0},{"date":"14/11/2024","date_ts":1731542400000,"profit_abs":0.0,"wins":0,"draws":0,"losses":0,"trades":0,"profit_factor":0.0},{"date":"15/11/2024","date_ts":1731628800000,"profit_abs":0.0,"wins":0,"draws":0,"losses":0,"trades":0,"profit_factor":0.0},{"date":"16/11/2024","date_ts":1731715200000,"profit_abs":0.0,"wins":0,"draws":0,"losses":0,"trades":0,"profit_factor":0.0},{"date":"17/11/2024","date_ts":1731801600000,"profit_abs":0.0,"wins":0,"draws":0,"losses":0,"trades":0,"profit_factor":0.0},{"date":"18/11/2024","date_ts":1731888000000,"profit_abs":0.0,"wins":0,"draws":0,"losses":0,"trades":0,"profit_factor":0.0},{"date":"19/11/2024","date_ts":1731974400000,"profit_abs":0.0,"wins":0,"draws":0,"losses":0,"trades":0,"profit_factor":0.0},{"date":"20/11/2024","date_ts":1732060800000,"profit_abs":0.0,"wins":0,"draws":0,"losses":0,"trades":0,"profit_factor":0.0},{"date":"21/11/2024","date_ts":1732147200000,"profit_abs":0.0,"wins":0,"draws":0,"losses":0,"trades":0,"profit_factor":0.0},{"date":"22/11/2024","date_ts":1732233600000,"profit_abs":0.0,"wins":0,"draws":0,"losses":0,"trades":0,"profit_factor":0.0},{"date":"23/11/2024","date_ts":1732320000000,"profit_abs":0.0,"wins":0,"draws":0,"losses":0,"trades":0,"profit_factor":0.0},{"date":"24/11/2024","date_ts":1732406400000,"profit_abs":0.0,"wins":0,"draws":0,"losses":0,"trades":0,"profit_factor":0.0},{"date":"25/11/2024","date_ts":1732492800000,"profit_abs":0.0,"wins":0,"draws":0,"losses":0,"trades":0,"profit_factor":0.0},{"date":"26/11/2024","date_ts":1732579200000,"profit_abs":0.0,"wins":0,"draws":0,"losses":0,"trades":0,"profit_factor":0.0},{"date":"27/11/2024","date_ts":1732665600000,"profit_abs":0.0,"wins":0,"draws":0,"losses":0,"trades":0,"profit_factor":0.0},{"date":"28/11/2024","date_ts":1732752000000,"profit_abs":0.0,"wins":0,"draws":0,"losses":0,"trades":0,"profit_factor":0.0},{"date":"29/11/2024","date_ts":1732838400000,"profit_abs":0.0,"wins":0,"draws":0,"losses":0,"trades":0,"profit_factor":0.0},{"date":"30/11/2024","date_ts":1732924800000,"profit_abs":0.0,"wins":0,"draws":0,"losses":0,"trades":0,"profit_factor":0.0},{"date":"01/12/2024","date_ts":1733011200000,"profit_abs":0.0,"wins":0,"draws":0,"losses":0,"trades":0,"profit_factor":0.0},{"date":"02/12/2024","date_ts":1733097600000,"profit_abs":0.0,"wins":0,"draws":0,"losses":0,"trades":0,"profit_factor":0.0},{"date":"03/12/2024","date_ts":1733184000000,"profit_abs":0.0,"wins":0,"draws":0,"losses":0,"trades":0,"profit_factor":0.0},{"date":"04/12/2024","date_ts":1733270400000,"profit_abs":0.0,"wins":0,"draws":0,"losses":0,"trades":0,"profit_factor":0.0},{"date":"05/12/2024","date_ts":1733356800000,"profit_abs":0.0,"wins":0,"draws":0,"losses":0,"trades":0,"profit_factor":0.0},{"date":"06/12/2024","date_ts":1733443200000,"profit_abs":0.0,"wins":0,"draws":0,"losses":0,"trades":0,"profit_factor":0.0},{"date":"07/12/2024","date_ts":1733529600000,"profit_abs":0.0,"wins":0,"draws":0,"losses":0,"trades":0,"profit_factor":0.0},{"date":"08/12/2024","date_ts":1733616000000,"profit_abs":0.0,"wins":0,"draws":0,"losses":0,"trades":0,"profit_factor":0.0},{"date":"09/12/2024","date_ts":1733702400000,"profit_abs":0.0,"wins":0,"draws":0,"losses":0,"trades":0,"profit_factor":0.0},{"date":"10/12/2024","date_ts":1733788800000,"profit_abs":0.0,"wins":0,"draws":0,"losses":0,"trades":0,"profit_factor":0.0},{"date":"11/12/2024","date_ts":1733875200000,"profit_abs":0.0,"wins":0,"draws":0,"losses":0,"trades":0,"profit_factor":0.0},{"date":"12/12/2024","date_ts":1733961600000,"profit_abs":0.0,"wins":0,"draws":0,"losses":0,"trades":0,"profit_factor":0.0},{"date":"13/12/2024","date_ts":1734048000000,"profit_abs":0.0,"wins":0,"draws":0,"losses":0,"trades":0,"profit_factor":0.0},{"date":"14/12/2024","date_ts":1734134400000,"profit_abs":0.0,"wins":0,"draws":0,"losses":0,"trades":0,"profit_factor":0.0},{"date":"15/12/2024","date_ts":1734220800000,"profit_abs":0.0,"wins":0,"draws":0,"losses":0,"trades":0,"profit_factor":0.0},{"date":"16/12/2024","date_ts":1734307200000,"profit_abs":0.0,"wins":0,"draws":0,"losses":0,"trades":0,"profit_factor":0.0},{"date":"17/12/2024","date_ts":1734393600000,"profit_abs":0.0,"wins":0,"draws":0,"losses":0,"trades":0,"profit_factor":0.0},{"date":"18/12/2024","date_ts":1734480000000,"profit_abs":0.0,"wins":0,"draws":0,"losses":0,"trades":0,"profit_factor":0.0},{"date":"19/12/2024","date_ts":1734566400000,"profit_abs":0.0,"wins":0,"draws":0,"losses":0,"trades":0,"profit_factor":0.0},{"date":"20/12/2024","date_ts":1734652800000,"profit_abs":0.0,"wins":0,"draws":0,"losses":0,"trades":0,"profit_factor":0.0},{"date":"21/12/2024","date_ts":1734739200000,"profit_abs":0.0,"wins":0,"draws":0,"losses":0,"trades":0,"profit_factor":0.0},{"date":"22/12/2024","date_ts":1734825600000,"profit_abs":0.0,"wins":0,"draws":0,"losses":0,"trades":0,"profit_factor":0.0},{"date":"23/12/2024","date_ts":1734912000000,"profit_abs":0.0,"wins":0,"draws":0,"losses":0,"trades":0,"profit_factor":0.0},{"date":"24/12/2024","date_ts":1734998400000,"profit_abs":0.0,"wins":0,"draws":0,"losses":0,"trades":0,"profit_factor":0.0},{"date":"25/12/2024","date_ts":1735084800000,"profit_abs":0.0,"wins":0,"draws":0,"losses":0,"trades":0,"profit_factor":0.0},{"date":"26/12/2024","date_ts":1735171200000,"profit_abs":0.0,"wins":0,"draws":0,"losses":0,"trades":0,"profit_factor":0.0},{"date":"27/12/2024","date_ts":1735257600000,"profit_abs":0.0,"wins":0,"draws":0,"losses":0,"trades":0,"profit_factor":0.0},{"date":"28/12/2024","date_ts":1735344000000,"profit_abs":0.0,"wins":0,"draws":0,"losses":0,"trades":0,"profit_factor":0.0},{"date":"29/12/2024","date_ts":1735430400000,"profit_abs":0.0,"wins":0,"draws":0,"losses":0,"trades":0,"profit_factor":0.0},{"date":"30/12/2024","date_ts":1735516800000,"profit_abs":0.0,"wins":0,"draws":0,"losses":0,"trades":0,"profit_factor":0.0},{"date":"31/12/2024","date_ts":1735603200000,"profit_abs":0.0,"wins":0,"draws":0,"losses":0,"trades":0,"profit_factor":0.0},{"date":"01/01/2025","date_ts":1735689600000,"profit_abs":0.0,"wins":0,"draws":0,"losses":0,"trades":0,"profit_factor":0.0},{"date":"02/01/2025","date_ts":1735776000000,"profit_abs":0.0,"wins":0,"draws":0,"losses":0,"trades":0,"profit_factor":0.0},{"date":"03/01/2025","date_ts":1735862400000,"profit_abs":0.0,"wins":0,"draws":0,"losses":0,"trades":0,"profit_factor":0.0},{"date":"04/01/2025","date_ts":1735948800000,"profit_abs":0.0,"wins":0,"draws":0,"losses":0,"trades":0,"profit_factor":0.0},{"date":"05/01/2025","date_ts":1736035200000,"profit_abs":0.0,"wins":0,"draws":0,"losses":0,"trades":0,"profit_factor":0.0},{"date":"06/01/2025","date_ts":1736121600000,"profit_abs":0.0,"wins":0,"draws":0,"losses":0,"trades":0,"profit_factor":0.0},{"date":"07/01/2025","date_ts":1736208000000,"profit_abs":0.0,"wins":0,"draws":0,"losses":0,"trades":0,"profit_factor":0.0},{"date":"08/01/2025","date_ts":1736294400000,"profit_abs":0.0,"wins":0,"draws":0,"losses":0,"trades":0,"profit_factor":0.0},{"date":"09/01/2025","date_ts":1736380800000,"profit_abs":0.0,"wins":0,"draws":0,"losses":0,"trades":0,"profit_factor":0.0},{"date":"10/01/2025","date_ts":1736467200000,"profit_abs":0.0,"wins":0,"draws":0,"losses":0,"trades":0,"profit_factor":0.0},{"date":"11/01/2025","date_ts":1736553600000,"profit_abs":0.0,"wins":0,"draws":0,"losses":0,"trades":0,"profit_factor":0.0},{"date":"12/01/2025","date_ts":1736640000000,"profit_abs":-0.79131672,"wins":0,"draws":0,"losses":1,"trades":1,"profit_factor":0.0},{"date":"13/01/2025","date_ts":1736726400000,"profit_abs":0.0,"wins":0,"draws":0,"losses":0,"trades":0,"profit_factor":0.0},{"date":"14/01/2025","date_ts":1736812800000,"profit_abs":0.0,"wins":0,"draws":0,"losses":0,"trades":0,"profit_factor":0.0},{"date":"15/01/2025","date_ts":1736899200000,"profit_abs":0.0,"wins":0,"draws":0,"losses":0,"trades":0,"profit_factor":0.0},{"date":"16/01/2025","date_ts":1736985600000,"profit_abs":0.0,"wins":0,"draws":0,"losses":0,"trades":0,"profit_factor":0.0},{"date":"17/01/2025","date_ts":1737072000000,"profit_abs":0.95472482,"wins":1,"draws":0,"losses":0,"trades":1,"profit_factor":0.0},{"date":"18/01/2025","date_ts":1737158400000,"profit_abs":0.0,"wins":0,"draws":0,"losses":0,"trades":0,"profit_factor":0.0},{"date":"19/01/2025","date_ts":1737244800000,"profit_abs":0.0,"wins":0,"draws":0,"losses":0,"trades":0,"profit_factor":0.0},{"date":"20/01/2025","date_ts":1737331200000,"profit_abs":0.0,"wins":0,"draws":0,"losses":0,"trades":0,"profit_factor":0.0},{"date":"21/01/2025","date_ts":1737417600000,"profit_abs":0.0,"wins":0,"draws":0,"losses":0,"trades":0,"profit_factor":0.0},{"date":"22/01/2025","date_ts":1737504000000,"profit_abs":0.0,"wins":0,"draws":0,"losses":0,"trades":0,"profit_factor":0.0},{"date":"23/01/2025","date_ts":1737590400000,"profit_abs":0.0,"wins":0,"draws":0,"losses":0,"trades":0,"profit_factor":0.0},{"date":"24/01/2025","date_ts":1737676800000,"profit_abs":0.0,"wins":0,"draws":0,"losses":0,"trades":0,"profit_factor":0.0},{"date":"25/01/2025","date_ts":1737763200000,"profit_abs":0.0,"wins":0,"draws":0,"losses":0,"trades":0,"profit_factor":0.0},{"date":"26/01/2025","date_ts":1737849600000,"profit_abs":0.0,"wins":0,"draws":0,"losses":0,"trades":0,"profit_factor":0.0},{"date":"27/01/2025","date_ts":1737936000000,"profit_abs":0.0,"wins":0,"draws":0,"losses":0,"trades":0,"profit_factor":0.0},{"date":"28/01/2025","date_ts":1738022400000,"profit_abs":0.0,"wins":0,"draws":0,"losses":0,"trades":0,"profit_factor":0.0},{"date":"29/01/2025","date_ts":1738108800000,"profit_abs":0.0,"wins":0,"draws":0,"losses":0,"trades":0,"profit_factor":0.0},{"date":"30/01/2025","date_ts":1738195200000,"profit_abs":0.0,"wins":0,"draws":0,"losses":0,"trades":0,"profit_factor":0.0},{"date":"31/01/2025","date_ts":1738281600000,"profit_abs":0.0,"wins":0,"draws":0,"losses":0,"trades":0,"profit_factor":0.0},{"date":"01/02/2025","date_ts":1738368000000,"profit_abs":0.0,"wins":0,"draws":0,"losses":0,"trades":0,"profit_factor":0.0},{"date":"02/02/2025","date_ts":1738454400000,"profit_abs":0.0,"wins":0,"draws":0,"losses":0,"trades":0,"profit_factor":0.0},{"date":"03/02/2025","date_ts":1738540800000,"profit_abs":0.0,"wins":0,"draws":0,"losses":0,"trades":0,"profit_factor":0.0},{"date":"04/02/2025","date_ts":1738627200000,"profit_abs":0.0,"wins":0,"draws":0,"losses":0,"trades":0,"profit_factor":0.0},{"date":"05/02/2025","date_ts":1738713600000,"profit_abs":0.0,"wins":0,"draws":0,"losses":0,"trades":0,"profit_factor":0.0},{"date":"06/02/2025","date_ts":1738800000000,"profit_abs":0.0,"wins":0,"draws":0,"losses":0,"trades":0,"profit_factor":0.0},{"date":"07/02/2025","date_ts":1738886400000,"profit_abs":0.0,"wins":0,"draws":0,"losses":0,"trades":0,"profit_factor":0.0},{"date":"08/02/2025","date_ts":1738972800000,"profit_abs":0.0,"wins":0,"draws":0,"losses":0,"trades":0,"profit_factor":0.0},{"date":"09/02/2025","date_ts":1739059200000,"profit_abs":0.0,"wins":0,"draws":0,"losses":0,"trades":0,"profit_factor":0.0},{"date":"10/02/2025","date_ts":1739145600000,"profit_abs":0.0,"wins":0,"draws":0,"losses":0,"trades":0,"profit_factor":0.0},{"date":"11/02/2025","date_ts":1739232000000,"profit_abs":0.0,"wins":0,"draws":0,"losses":0,"trades":0,"profit_factor":0.0},{"date":"12/02/2025","date_ts":1739318400000,"profit_abs":0.0,"wins":0,"draws":0,"losses":0,"trades":0,"profit_factor":0.0},{"date":"13/02/2025","date_ts":1739404800000,"profit_abs":0.0,"wins":0,"draws":0,"losses":0,"trades":0,"profit_factor":0.0},{"date":"14/02/2025","date_ts":1739491200000,"profit_abs":0.0,"wins":0,"draws":0,"losses":0,"trades":0,"profit_factor":0.0},{"date":"15/02/2025","date_ts":1739577600000,"profit_abs":0.0,"wins":0,"draws":0,"losses":0,"trades":0,"profit_factor":0.0},{"date":"16/02/2025","date_ts":1739664000000,"profit_abs":0.0,"wins":0,"draws":0,"losses":0,"trades":0,"profit_factor":0.0},{"date":"17/02/2025","date_ts":1739750400000,"profit_abs":0.0,"wins":0,"draws":0,"losses":0,"trades":0,"profit_factor":0.0},{"date":"18/02/2025","date_ts":1739836800000,"profit_abs":0.0,"wins":0,"draws":0,"losses":0,"trades":0,"profit_factor":0.0},{"date":"19/02/2025","date_ts":1739923200000,"profit_abs":0.0,"wins":0,"draws":0,"losses":0,"trades":0,"profit_factor":0.0},{"date":"20/02/2025","date_ts":1740009600000,"profit_abs":0.0,"wins":0,"draws":0,"losses":0,"trades":0,"profit_factor":0.0},{"date":"21/02/2025","date_ts":1740096000000,"profit_abs":0.0,"wins":0,"draws":0,"losses":0,"trades":0,"profit_factor":0.0},{"date":"22/02/2025","date_ts":1740182400000,"profit_abs":0.0,"wins":0,"draws":0,"losses":0,"trades":0,"profit_factor":0.0},{"date":"23/02/2025","date_ts":1740268800000,"profit_abs":0.0,"wins":0,"draws":0,"losses":0,"trades":0,"profit_factor":0.0},{"date":"24/02/2025","date_ts":1740355200000,"profit_abs":0.0,"wins":0,"draws":0,"losses":0,"trades":0,"profit_factor":0.0},{"date":"25/02/2025","date_ts":1740441600000,"profit_abs":-0.97858618,"wins":0,"draws":0,"losses":1,"trades":1,"profit_factor":0.0},{"date":"26/02/2025","date_ts":1740528000000,"profit_abs":0.0,"wins":0,"draws":0,"losses":0,"trades":0,"profit_factor":0.0},{"date":"27/02/2025","date_ts":1740614400000,"profit_abs":0.0,"wins":0,"draws":0,"losses":0,"trades":0,"profit_factor":0.0},{"date":"28/02/2025","date_ts":1740700800000,"profit_abs":0.0,"wins":0,"draws":0,"losses":0,"trades":0,"profit_factor":0.0},{"date":"01/03/2025","date_ts":1740787200000,"profit_abs":0.0,"wins":0,"draws":0,"losses":0,"trades":0,"profit_factor":0.0},{"date":"02/03/2025","date_ts":1740873600000,"profit_abs":0.0,"wins":0,"draws":0,"losses":0,"trades":0,"profit_factor":0.0},{"date":"03/03/2025","date_ts":1740960000000,"profit_abs":0.0,"wins":0,"draws":0,"losses":0,"trades":0,"profit_factor":0.0},{"date":"04/03/2025","date_ts":1741046400000,"profit_abs":0.0,"wins":0,"draws":0,"losses":0,"trades":0,"profit_factor":0.0},{"date":"05/03/2025","date_ts":1741132800000,"profit_abs":0.0,"wins":0,"draws":0,"losses":0,"trades":0,"profit_factor":0.0},{"date":"06/03/2025","date_ts":1741219200000,"profit_abs":0.0,"wins":0,"draws":0,"losses":0,"trades":0,"profit_factor":0.0},{"date":"07/03/2025","date_ts":1741305600000,"profit_abs":0.0,"wins":0,"draws":0,"losses":0,"trades":0,"profit_factor":0.0},{"date":"08/03/2025","date_ts":1741392000000,"profit_abs":0.0,"wins":0,"draws":0,"losses":0,"trades":0,"profit_factor":0.0},{"date":"09/03/2025","date_ts":1741478400000,"profit_abs":0.0,"wins":0,"draws":0,"losses":0,"trades":0,"profit_factor":0.0},{"date":"10/03/2025","date_ts":1741564800000,"profit_abs":0.0,"wins":0,"draws":0,"losses":0,"trades":0,"profit_factor":0.0},{"date":"11/03/2025","date_ts":1741651200000,"profit_abs":0.0,"wins":0,"draws":0,"losses":0,"trades":0,"profit_factor":0.0},{"date":"12/03/2025","date_ts":1741737600000,"profit_abs":0.0,"wins":0,"draws":0,"losses":0,"trades":0,"profit_factor":0.0},{"date":"13/03/2025","date_ts":1741824000000,"profit_abs":0.0,"wins":0,"draws":0,"losses":0,"trades":0,"profit_factor":0.0},{"date":"14/03/2025","date_ts":1741910400000,"profit_abs":0.0,"wins":0,"draws":0,"losses":0,"trades":0,"profit_factor":0.0},{"date":"15/03/2025","date_ts":1741996800000,"profit_abs":0.0,"wins":0,"draws":0,"losses":0,"trades":0,"profit_factor":0.0},{"date":"16/03/2025","date_ts":1742083200000,"profit_abs":0.0,"wins":0,"draws":0,"losses":0,"trades":0,"profit_factor":0.0},{"date":"17/03/2025","date_ts":1742169600000,"profit_abs":0.0,"wins":0,"draws":0,"losses":0,"trades":0,"profit_factor":0.0},{"date":"18/03/2025","date_ts":1742256000000,"profit_abs":0.0,"wins":0,"draws":0,"losses":0,"trades":0,"profit_factor":0.0},{"date":"19/03/2025","date_ts":1742342400000,"profit_abs":0.0,"wins":0,"draws":0,"losses":0,"trades":0,"profit_factor":0.0},{"date":"20/03/2025","date_ts":1742428800000,"profit_abs":0.0,"wins":0,"draws":0,"losses":0,"trades":0,"profit_factor":0.0},{"date":"21/03/2025","date_ts":1742515200000,"profit_abs":0.0,"wins":0,"draws":0,"losses":0,"trades":0,"profit_factor":0.0},{"date":"22/03/2025","date_ts":1742601600000,"profit_abs":0.0,"wins":0,"draws":0,"losses":0,"trades":0,"profit_factor":0.0},{"date":"23/03/2025","date_ts":1742688000000,"profit_abs":0.0,"wins":0,"draws":0,"losses":0,"trades":0,"profit_factor":0.0},{"date":"24/03/2025","date_ts":1742774400000,"profit_abs":0.0,"wins":0,"draws":0,"losses":0,"trades":0,"profit_factor":0.0},{"date":"25/03/2025","date_ts":1742860800000,"profit_abs":0.0,"wins":0,"draws":0,"losses":0,"trades":0,"profit_factor":0.0},{"date":"26/03/2025","date_ts":1742947200000,"profit_abs":0.0,"wins":0,"draws":0,"losses":0,"trades":0,"profit_factor":0.0},{"date":"27/03/2025","date_ts":1743033600000,"profit_abs":0.0,"wins":0,"draws":0,"losses":0,"trades":0,"profit_factor":0.0},{"date":"28/03/2025","date_ts":1743120000000,"profit_abs":0.0,"wins":0,"draws":0,"losses":0,"trades":0,"profit_factor":0.0},{"date":"29/03/2025","date_ts":1743206400000,"profit_abs":0.0,"wins":0,"draws":0,"losses":0,"trades":0,"profit_factor":0.0},{"date":"30/03/2025","date_ts":1743292800000,"profit_abs":0.0,"wins":0,"draws":0,"losses":0,"trades":0,"profit_factor":0.0},{"date":"31/03/2025","date_ts":1743379200000,"profit_abs":0.0,"wins":0,"draws":0,"losses":0,"trades":0,"profit_factor":0.0},{"date":"01/04/2025","date_ts":1743465600000,"profit_abs":-0.85126048,"wins":0,"draws":0,"losses":1,"trades":1,"profit_factor":0.0},{"date":"02/04/2025","date_ts":1743552000000,"profit_abs":0.0,"wins":0,"draws":0,"losses":0,"trades":0,"profit_factor":0.0},{"date":"03/04/2025","date_ts":1743638400000,"profit_abs":0.0,"wins":0,"draws":0,"losses":0,"trades":0,"profit_factor":0.0},{"date":"04/04/2025","date_ts":1743724800000,"profit_abs":0.0,"wins":0,"draws":0,"losses":0,"trades":0,"profit_factor":0.0},{"date":"05/04/2025","date_ts":1743811200000,"profit_abs":0.0,"wins":0,"draws":0,"losses":0,"trades":0,"profit_factor":0.0},{"date":"06/04/2025","date_ts":1743897600000,"profit_abs":0.0,"wins":0,"draws":0,"losses":0,"trades":0,"profit_factor":0.0},{"date":"07/04/2025","date_ts":1743984000000,"profit_abs":0.0,"wins":0,"draws":0,"losses":0,"trades":0,"profit_factor":0.0},{"date":"08/04/2025","date_ts":1744070400000,"profit_abs":0.0,"wins":0,"draws":0,"losses":0,"trades":0,"profit_factor":0.0},{"date":"09/04/2025","date_ts":1744156800000,"profit_abs":0.0,"wins":0,"draws":0,"losses":0,"trades":0,"profit_factor":0.0},{"date":"10/04/2025","date_ts":1744243200000,"profit_abs":0.0,"wins":0,"draws":0,"losses":0,"trades":0,"profit_factor":0.0},{"date":"11/04/2025","date_ts":1744329600000,"profit_abs":0.0,"wins":0,"draws":0,"losses":0,"trades":0,"profit_factor":0.0},{"date":"12/04/2025","date_ts":1744416000000,"profit_abs":0.0,"wins":0,"draws":0,"losses":0,"trades":0,"profit_factor":0.0},{"date":"13/04/2025","date_ts":1744502400000,"profit_abs":0.0,"wins":0,"draws":0,"losses":0,"trades":0,"profit_factor":0.0},{"date":"14/04/2025","date_ts":1744588800000,"profit_abs":0.0,"wins":0,"draws":0,"losses":0,"trades":0,"profit_factor":0.0},{"date":"15/04/2025","date_ts":1744675200000,"profit_abs":0.0,"wins":0,"draws":0,"losses":0,"trades":0,"profit_factor":0.0},{"date":"16/04/2025","date_ts":1744761600000,"profit_abs":0.0,"wins":0,"draws":0,"losses":0,"trades":0,"profit_factor":0.0},{"date":"17/04/2025","date_ts":1744848000000,"profit_abs":0.0,"wins":0,"draws":0,"losses":0,"trades":0,"profit_factor":0.0},{"date":"18/04/2025","date_ts":1744934400000,"profit_abs":0.0,"wins":0,"draws":0,"losses":0,"trades":0,"profit_factor":0.0},{"date":"19/04/2025","date_ts":1745020800000,"profit_abs":0.0,"wins":0,"draws":0,"losses":0,"trades":0,"profit_factor":0.0},{"date":"20/04/2025","date_ts":1745107200000,"profit_abs":0.0,"wins":0,"draws":0,"losses":0,"trades":0,"profit_factor":0.0},{"date":"21/04/2025","date_ts":1745193600000,"profit_abs":0.0,"wins":0,"draws":0,"losses":0,"trades":0,"profit_factor":0.0},{"date":"22/04/2025","date_ts":1745280000000,"profit_abs":0.97280317,"wins":1,"draws":0,"losses":0,"trades":1,"profit_factor":0.0},{"date":"23/04/2025","date_ts":1745366400000,"profit_abs":0.0,"wins":0,"draws":0,"losses":0,"trades":0,"profit_factor":0.0},{"date":"24/04/2025","date_ts":1745452800000,"profit_abs":0.0,"wins":0,"draws":0,"losses":0,"trades":0,"profit_factor":0.0},{"date":"25/04/2025","date_ts":1745539200000,"profit_abs":0.0,"wins":0,"draws":0,"losses":0,"trades":0,"profit_factor":0.0},{"date":"26/04/2025","date_ts":1745625600000,"profit_abs":0.0,"wins":0,"draws":0,"losses":0,"trades":0,"profit_factor":0.0},{"date":"27/04/2025","date_ts":1745712000000,"profit_abs":0.0,"wins":0,"draws":0,"losses":0,"trades":0,"profit_factor":0.0},{"date":"28/04/2025","date_ts":1745798400000,"profit_abs":0.0,"wins":0,"draws":0,"losses":0,"trades":0,"profit_factor":0.0},{"date":"29/04/2025","date_ts":1745884800000,"profit_abs":0.0,"wins":0,"draws":0,"losses":0,"trades":0,"profit_factor":0.0},{"date":"30/04/2025","date_ts":1745971200000,"profit_abs":0.0,"wins":0,"draws":0,"losses":0,"trades":0,"profit_factor":0.0},{"date":"01/05/2025","date_ts":1746057600000,"profit_abs":0.0,"wins":0,"draws":0,"losses":0,"trades":0,"profit_factor":0.0},{"date":"02/05/2025","date_ts":1746144000000,"profit_abs":0.0,"wins":0,"draws":0,"losses":0,"trades":0,"profit_factor":0.0},{"date":"03/05/2025","date_ts":1746230400000,"profit_abs":0.0,"wins":0,"draws":0,"losses":0,"trades":0,"profit_factor":0.0},{"date":"04/05/2025","date_ts":1746316800000,"profit_abs":0.0,"wins":0,"draws":0,"losses":0,"trades":0,"profit_factor":0.0},{"date":"05/05/2025","date_ts":1746403200000,"profit_abs":0.0,"wins":0,"draws":0,"losses":0,"trades":0,"profit_factor":0.0},{"date":"06/05/2025","date_ts":1746489600000,"profit_abs":0.0,"wins":0,"draws":0,"losses":0,"trades":0,"profit_factor":0.0},{"date":"07/05/2025","date_ts":1746576000000,"profit_abs":0.0,"wins":0,"draws":0,"losses":0,"trades":0,"profit_factor":0.0},{"date":"08/05/2025","date_ts":1746662400000,"profit_abs":0.0,"wins":0,"draws":0,"losses":0,"trades":0,"profit_factor":0.0},{"date":"09/05/2025","date_ts":1746748800000,"profit_abs":0.0,"wins":0,"draws":0,"losses":0,"trades":0,"profit_factor":0.0},{"date":"10/05/2025","date_ts":1746835200000,"profit_abs":0.0,"wins":0,"draws":0,"losses":0,"trades":0,"profit_factor":0.0},{"date":"11/05/2025","date_ts":1746921600000,"profit_abs":0.0,"wins":0,"draws":0,"losses":0,"trades":0,"profit_factor":0.0},{"date":"12/05/2025","date_ts":1747008000000,"profit_abs":0.0,"wins":0,"draws":0,"losses":0,"trades":0,"profit_factor":0.0},{"date":"13/05/2025","date_ts":1747094400000,"profit_abs":0.0,"wins":0,"draws":0,"losses":0,"trades":0,"profit_factor":0.0},{"date":"14/05/2025","date_ts":1747180800000,"profit_abs":0.0,"wins":0,"draws":0,"losses":0,"trades":0,"profit_factor":0.0},{"date":"15/05/2025","date_ts":1747267200000,"profit_abs":0.0,"wins":0,"draws":0,"losses":0,"trades":0,"profit_factor":0.0},{"date":"16/05/2025","date_ts":1747353600000,"profit_abs":0.0,"wins":0,"draws":0,"losses":0,"trades":0,"profit_factor":0.0},{"date":"17/05/2025","date_ts":1747440000000,"profit_abs":0.0,"wins":0,"draws":0,"losses":0,"trades":0,"profit_factor":0.0},{"date":"18/05/2025","date_ts":1747526400000,"profit_abs":0.0,"wins":0,"draws":0,"losses":0,"trades":0,"profit_factor":0.0},{"date":"19/05/2025","date_ts":1747612800000,"profit_abs":0.0,"wins":0,"draws":0,"losses":0,"trades":0,"profit_factor":0.0},{"date":"20/05/2025","date_ts":1747699200000,"profit_abs":0.0,"wins":0,"draws":0,"losses":0,"trades":0,"profit_factor":0.0},{"date":"21/05/2025","date_ts":1747785600000,"profit_abs":0.0,"wins":0,"draws":0,"losses":0,"trades":0,"profit_factor":0.0},{"date":"22/05/2025","date_ts":1747872000000,"profit_abs":0.0,"wins":0,"draws":0,"losses":0,"trades":0,"profit_factor":0.0},{"date":"23/05/2025","date_ts":1747958400000,"profit_abs":0.0,"wins":0,"draws":0,"losses":0,"trades":0,"profit_factor":0.0},{"date":"24/05/2025","date_ts":1748044800000,"profit_abs":0.0,"wins":0,"draws":0,"losses":0,"trades":0,"profit_factor":0.0},{"date":"25/05/2025","date_ts":1748131200000,"profit_abs":0.0,"wins":0,"draws":0,"losses":0,"trades":0,"profit_factor":0.0},{"date":"26/05/2025","date_ts":1748217600000,"profit_abs":0.0,"wins":0,"draws":0,"losses":0,"trades":0,"profit_factor":0.0},{"date":"27/05/2025","date_ts":1748304000000,"profit_abs":0.0,"wins":0,"draws":0,"losses":0,"trades":0,"profit_factor":0.0},{"date":"28/05/2025","date_ts":1748390400000,"profit_abs":0.0,"wins":0,"draws":0,"losses":0,"trades":0,"profit_factor":0.0},{"date":"29/05/2025","date_ts":1748476800000,"profit_abs":0.0,"wins":0,"draws":0,"losses":0,"trades":0,"profit_factor":0.0},{"date":"30/05/2025","date_ts":1748563200000,"profit_abs":0.0,"wins":0,"draws":0,"losses":0,"trades":0,"profit_factor":0.0},{"date":"31/05/2025","date_ts":1748649600000,"profit_abs":0.0,"wins":0,"draws":0,"losses":0,"trades":0,"profit_factor":0.0},{"date":"01/06/2025","date_ts":1748736000000,"profit_abs":0.0,"wins":0,"draws":0,"losses":0,"trades":0,"profit_factor":0.0},{"date":"02/06/2025","date_ts":1748822400000,"profit_abs":0.0,"wins":0,"draws":0,"losses":0,"trades":0,"profit_factor":0.0},{"date":"03/06/2025","date_ts":1748908800000,"profit_abs":0.0,"wins":0,"draws":0,"losses":0,"trades":0,"profit_factor":0.0},{"date":"04/06/2025","date_ts":1748995200000,"profit_abs":0.0,"wins":0,"draws":0,"losses":0,"trades":0,"profit_factor":0.0},{"date":"05/06/2025","date_ts":1749081600000,"profit_abs":0.0,"wins":0,"draws":0,"losses":0,"trades":0,"profit_factor":0.0},{"date":"06/06/2025","date_ts":1749168000000,"profit_abs":0.0,"wins":0,"draws":0,"losses":0,"trades":0,"profit_factor":0.0},{"date":"07/06/2025","date_ts":1749254400000,"profit_abs":0.0,"wins":0,"draws":0,"losses":0,"trades":0,"profit_factor":0.0},{"date":"08/06/2025","date_ts":1749340800000,"profit_abs":0.0,"wins":0,"draws":0,"losses":0,"trades":0,"profit_factor":0.0},{"date":"09/06/2025","date_ts":1749427200000,"profit_abs":0.0,"wins":0,"draws":0,"losses":0,"trades":0,"profit_factor":0.0},{"date":"10/06/2025","date_ts":1749513600000,"profit_abs":0.0,"wins":0,"draws":0,"losses":0,"trades":0,"profit_factor":0.0},{"date":"11/06/2025","date_ts":1749600000000,"profit_abs":0.0,"wins":0,"draws":0,"losses":0,"trades":0,"profit_factor":0.0},{"date":"12/06/2025","date_ts":1749686400000,"profit_abs":0.0,"wins":0,"draws":0,"losses":0,"trades":0,"profit_factor":0.0},{"date":"13/06/2025","date_ts":1749772800000,"profit_abs":0.0,"wins":0,"draws":0,"losses":0,"trades":0,"profit_factor":0.0},{"date":"14/06/2025","date_ts":1749859200000,"profit_abs":0.0,"wins":0,"draws":0,"losses":0,"trades":0,"profit_factor":0.0},{"date":"15/06/2025","date_ts":1749945600000,"profit_abs":0.0,"wins":0,"draws":0,"losses":0,"trades":0,"profit_factor":0.0},{"date":"16/06/2025","date_ts":1750032000000,"profit_abs":0.0,"wins":0,"draws":0,"losses":0,"trades":0,"profit_factor":0.0},{"date":"17/06/2025","date_ts":1750118400000,"profit_abs":-0.66544721,"wins":0,"draws":0,"losses":1,"trades":1,"profit_factor":0.0},{"date":"18/06/2025","date_ts":1750204800000,"profit_abs":0.0,"wins":0,"draws":0,"losses":0,"trades":0,"profit_factor":0.0},{"date":"19/06/2025","date_ts":1750291200000,"profit_abs":0.0,"wins":0,"draws":0,"losses":0,"trades":0,"profit_factor":0.0},{"date":"20/06/2025","date_ts":1750377600000,"profit_abs":0.0,"wins":0,"draws":0,"losses":0,"trades":0,"profit_factor":0.0},{"date":"21/06/2025","date_ts":1750464000000,"profit_abs":0.0,"wins":0,"draws":0,"losses":0,"trades":0,"profit_factor":0.0},{"date":"22/06/2025","date_ts":1750550400000,"profit_abs":0.0,"wins":0,"draws":0,"losses":0,"trades":0,"profit_factor":0.0},{"date":"23/06/2025","date_ts":1750636800000,"profit_abs":0.0,"wins":0,"draws":0,"losses":0,"trades":0,"profit_factor":0.0},{"date":"24/06/2025","date_ts":1750723200000,"profit_abs":0.0,"wins":0,"draws":0,"losses":0,"trades":0,"profit_factor":0.0},{"date":"25/06/2025","date_ts":1750809600000,"profit_abs":0.0,"wins":0,"draws":0,"losses":0,"trades":0,"profit_factor":0.0},{"date":"26/06/2025","date_ts":1750896000000,"profit_abs":0.0,"wins":0,"draws":0,"losses":0,"trades":0,"profit_factor":0.0},{"date":"27/06/2025","date_ts":1750982400000,"profit_abs":0.0,"wins":0,"draws":0,"losses":0,"trades":0,"profit_factor":0.0},{"date":"28/06/2025","date_ts":1751068800000,"profit_abs":0.0,"wins":0,"draws":0,"losses":0,"trades":0,"profit_factor":0.0},{"date":"29/06/2025","date_ts":1751155200000,"profit_abs":0.0,"wins":0,"draws":0,"losses":0,"trades":0,"profit_factor":0.0},{"date":"30/06/2025","date_ts":1751241600000,"profit_abs":0.0,"wins":0,"draws":0,"losses":0,"trades":0,"profit_factor":0.0},{"date":"01/07/2025","date_ts":1751328000000,"profit_abs":0.0,"wins":0,"draws":0,"losses":0,"trades":0,"profit_factor":0.0},{"date":"02/07/2025","date_ts":1751414400000,"profit_abs":0.0,"wins":0,"draws":0,"losses":0,"trades":0,"profit_factor":0.0},{"date":"03/07/2025","date_ts":1751500800000,"profit_abs":0.0,"wins":0,"draws":0,"losses":0,"trades":0,"profit_factor":0.0},{"date":"04/07/2025","date_ts":1751587200000,"profit_abs":0.0,"wins":0,"draws":0,"losses":0,"trades":0,"profit_factor":0.0},{"date":"05/07/2025","date_ts":1751673600000,"profit_abs":0.0,"wins":0,"draws":0,"losses":0,"trades":0,"profit_factor":0.0},{"date":"06/07/2025","date_ts":1751760000000,"profit_abs":0.0,"wins":0,"draws":0,"losses":0,"trades":0,"profit_factor":0.0},{"date":"07/07/2025","date_ts":1751846400000,"profit_abs":0.0,"wins":0,"draws":0,"losses":0,"trades":0,"profit_factor":0.0},{"date":"08/07/2025","date_ts":1751932800000,"profit_abs":0.0,"wins":0,"draws":0,"losses":0,"trades":0,"profit_factor":0.0},{"date":"09/07/2025","date_ts":1752019200000,"profit_abs":0.2986991,"wins":1,"draws":0,"losses":0,"trades":1,"profit_factor":0.0}],"week":[{"date":"26/08/2024","date_ts":1724630400000,"profit_abs":0.97849648,"wins":1,"draws":0,"losses":0,"trades":1,"profit_factor":0.0},{"date":"02/09/2024","date_ts":1725235200000,"profit_abs":0.0,"wins":0,"draws":0,"losses":0,"trades":0,"profit_factor":0.0},{"date":"09/09/2024","date_ts":1725840000000,"profit_abs":0.0,"wins":0,"draws":0,"losses":0,"trades":0,"profit_factor":0.0},{"date":"16/09/2024","date_ts":1726444800000,"profit_abs":0.0,"wins":0,"draws":0,"losses":0,"trades":0,"profit_factor":0.0},{"date":"23/09/2024","date_ts":1727049600000,"profit_abs":0.98988483,"wins":1,"draws":0,"losses":0,"trades":1,"profit_factor":0.0},{"date":"30/09/2024","date_ts":1727654400000,"profit_abs":0.0,"wins":0,"draws":0,"losses":0,"trades":0,"profit_factor":0.0},{"date":"07/10/2024","date_ts":1728259200000,"profit_abs":0.0,"wins":0,"draws":0,"losses":0,"trades":0,"profit_factor":0.0},{"date":"14/10/2024","date_ts":1728864000000,"profit_abs":0.0,"wins":0,"draws":0,"losses":0,"trades":0,"profit_factor":0.0},{"date":"21/10/2024","date_ts":1729468800000,"profit_abs":0.0,"wins":0,"draws":0,"losses":0,"trades":0,"profit_factor":0.0},{"date":"28/10/2024","date_ts":1730073600000,"profit_abs":0.99126,"wins":1,"draws":0,"losses":0,"trades":1,"profit_factor":0.0},{"date":"04/11/2024","date_ts":1730678400000,"profit_abs":0.0,"wins":0,"draws":0,"losses":0,"trades":0,"profit_factor":0.0},{"date":"11/11/2024","date_ts":1731283200000,"profit_abs":0.0,"wins":0,"draws":0,"losses":0,"trades":0,"profit_factor":0.0},{"date":"18/11/2024","date_ts":1731888000000,"profit_abs":0.0,"wins":0,"draws":0,"losses":0,"trades":0,"profit_factor":0.0},{"date":"25/11/2024","date_ts":1732492800000,"profit_abs":0.0,"wins":0,"draws":0,"losses":0,"trades":0,"profit_factor":0.0},{"date":"02/12/2024","date_ts":1733097600000,"profit_abs":0.0,"wins":0,"draws":0,"losses":0,"trades":0,"profit_factor":0.0},{"date":"09/12/2024","date_ts":1733702400000,"profit_abs":0.0,"wins":0,"draws":0,"losses":0,"trades":0,"profit_factor":0.0},{"date":"16/12/2024","date_ts":1734307200000,"profit_abs":0.0,"wins":0,"draws":0,"losses":0,"trades":0,"profit_factor":0.0},{"date":"23/12/2024","date_ts":1734912000000,"profit_abs":0.0,"wins":0,"draws":0,"losses":0,"trades":0,"profit_factor":0.0},{"date":"30/12/2024","date_ts":1735516800000,"profit_abs":0.0,"wins":0,"draws":0,"losses":0,"trades":0,"profit_factor":0.0},{"date":"06/01/2025","date_ts":1736121600000,"profit_abs":0.0,"wins":0,"draws":0,"losses":0,"trades":0,"profit_factor":0.0},{"date":"13/01/2025","date_ts":1736726400000,"profit_abs":-0.79131672,"wins":0,"draws":0,"losses":1,"trades":1,"profit_factor":0.0},{"date":"20/01/2025","date_ts":1737331200000,"profit_abs":0.95472482,"wins":1,"draws":0,"losses":0,"trades":1,"profit_factor":0.0},{"date":"27/01/2025","date_ts":1737936000000,"profit_abs":0.0,"wins":0,"draws":0,"losses":0,"trades":0,"profit_factor":0.0},{"date":"03/02/2025","date_ts":1738540800000,"profit_abs":0.0,"wins":0,"draws":0,"losses":0,"trades":0,"profit_factor":0.0},{"date":"10/02/2025","date_ts":1739145600000,"profit_abs":0.0,"wins":0,"draws":0,"losses":0,"trades":0,"profit_factor":0.0},{"date":"17/02/2025","date_ts":1739750400000,"profit_abs":0.0,"wins":0,"draws":0,"losses":0,"trades":0,"profit_factor":0.0},{"date":"24/02/2025","date_ts":1740355200000,"profit_abs":0.0,"wins":0,"draws":0,"losses":0,"trades":0,"profit_factor":0.0},{"date":"03/03/2025","date_ts":1740960000000,"profit_abs":-0.97858618,"wins":0,"draws":0,"losses":1,"trades":1,"profit_factor":0.0},{"date":"10/03/2025","date_ts":1741564800000,"profit_abs":0.0,"wins":0,"draws":0,"losses":0,"trades":0,"profit_factor":0.0},{"date":"17/03/2025","date_ts":1742169600000,"profit_abs":0.0,"wins":0,"draws":0,"losses":0,"trades":0,"profit_factor":0.0},{"date":"24/03/2025","date_ts":1742774400000,"profit_abs":0.0,"wins":0,"draws":0,"losses":0,"trades":0,"profit_factor":0.0},{"date":"31/03/2025","date_ts":1743379200000,"profit_abs":0.0,"wins":0,"draws":0,"losses":0,"trades":0,"profit_factor":0.0},{"date":"07/04/2025","date_ts":1743984000000,"profit_abs":-0.85126048,"wins":0,"draws":0,"losses":1,"trades":1,"profit_factor":0.0},{"date":"14/04/2025","date_ts":1744588800000,"profit_abs":0.0,"wins":0,"draws":0,"losses":0,"trades":0,"profit_factor":0.0},{"date":"21/04/2025","date_ts":1745193600000,"profit_abs":0.0,"wins":0,"draws":0,"losses":0,"trades":0,"profit_factor":0.0},{"date":"28/04/2025","date_ts":1745798400000,"profit_abs":0.97280317,"wins":1,"draws":0,"losses":0,"trades":1,"profit_factor":0.0},{"date":"05/05/2025","date_ts":1746403200000,"profit_abs":0.0,"wins":0,"draws":0,"losses":0,"trades":0,"profit_factor":0.0},{"date":"12/05/2025","date_ts":1747008000000,"profit_abs":0.0,"wins":0,"draws":0,"losses":0,"trades":0,"profit_factor":0.0},{"date":"19/05/2025","date_ts":1747612800000,"profit_abs":0.0,"wins":0,"draws":0,"losses":0,"trades":0,"profit_factor":0.0},{"date":"26/05/2025","date_ts":1748217600000,"profit_abs":0.0,"wins":0,"draws":0,"losses":0,"trades":0,"profit_factor":0.0},{"date":"02/06/2025","date_ts":1748822400000,"profit_abs":0.0,"wins":0,"draws":0,"losses":0,"trades":0,"profit_factor":0.0},{"date":"09/06/2025","date_ts":1749427200000,"profit_abs":0.0,"wins":0,"draws":0,"losses":0,"trades":0,"profit_factor":0.0},{"date":"16/06/2025","date_ts":1750032000000,"profit_abs":0.0,"wins":0,"draws":0,"losses":0,"trades":0,"profit_factor":0.0},{"date":"23/06/2025","date_ts":1750636800000,"profit_abs":-0.66544721,"wins":0,"draws":0,"losses":1,"trades":1,"profit_factor":0.0},{"date":"30/06/2025","date_ts":1751241600000,"profit_abs":0.0,"wins":0,"draws":0,"losses":0,"trades":0,"profit_factor":0.0},{"date":"07/07/2025","date_ts":1751846400000,"profit_abs":0.0,"wins":0,"draws":0,"losses":0,"trades":0,"profit_factor":0.0},{"date":"14/07/2025","date_ts":1752451200000,"profit_abs":0.2986991,"wins":1,"draws":0,"losses":0,"trades":1,"profit_factor":0.0}],"month":[{"date":"31/08/2024","date_ts":1725062400000,"profit_abs":0.97849648,"wins":1,"draws":0,"losses":0,"trades":1,"profit_factor":0.0},{"date":"30/09/2024","date_ts":1727654400000,"profit_abs":0.98988483,"wins":1,"draws":0,"losses":0,"trades":1,"profit_factor":0.0},{"date":"31/10/2024","date_ts":1730332800000,"profit_abs":0.99126,"wins":1,"draws":0,"losses":0,"trades":1,"profit_factor":0.0},{"date":"30/11/2024","date_ts":1732924800000,"profit_abs":0.0,"wins":0,"draws":0,"losses":0,"trades":0,"profit_factor":0.0},{"date":"31/12/2024","date_ts":1735603200000,"profit_abs":0.0,"wins":0,"draws":0,"losses":0,"trades":0,"profit_factor":0.0},{"date":"31/01/2025","date_ts":1738281600000,"profit_abs":0.1634081,"wins":1,"draws":0,"losses":1,"trades":2,"profit_factor":1.20650151},{"date":"28/02/2025","date_ts":1740700800000,"profit_abs":-0.97858618,"wins":0,"draws":0,"losses":1,"trades":1,"profit_factor":0.0},{"date":"31/03/2025","date_ts":1743379200000,"profit_abs":0.0,"wins":0,"draws":0,"losses":0,"trades":0,"profit_factor":0.0},{"date":"30/04/2025","date_ts":1745971200000,"profit_abs":0.12154269,"wins":1,"draws":0,"losses":1,"trades":2,"profit_factor":1.14277967},{"date":"31/05/2025","date_ts":1748649600000,"profit_abs":0.0,"wins":0,"draws":0,"losses":0,"trades":0,"profit_factor":0.0},{"date":"30/06/2025","date_ts":1751241600000,"profit_abs":-0.66544721,"wins":0,"draws":0,"losses":1,"trades":1,"profit_factor":0.0},{"date":"31/07/2025","date_ts":1753920000000,"profit_abs":0.2986991,"wins":1,"draws":0,"losses":0,"trades":1,"profit_factor":0.0}],"year":[{"date":"31/12/2024","date_ts":1735603200000,"profit_abs":2.95964131,"wins":3,"draws":0,"losses":0,"trades":3,"profit_factor":0.0},{"date":"31/12/2025","date_ts":1767139200000,"profit_abs":-1.0603835,"wins":3,"draws":0,"losses":4,"trades":7,"profit_factor":0.6773626}]},"backtest_best_day":0.04995004995004996,"backtest_worst_day":-0.05078064012490242,"backtest_best_day_abs":0.99126,"backtest_worst_day_abs":-0.97858618,"winning_days":6,"draw_days":311,"losing_days":4,"daily_profit":[["2024-08-23",0.97849648],["2024-08-24",0.0],["2024-08-25",0.0],["2024-08-26",0.0],["2024-08-27",0.0],["2024-08-28",0.0],["2024-08-29",0.0],["2024-08-30",0.0],["2024-08-31",0.0],["2024-09-01",0.0],["2024-09-02",0.0],["2024-09-03",0.0],["2024-09-04",0.0],["2024-09-05",0.0],["2024-09-06",0.0],["2024-09-07",0.0],["2024-09-08",0.0],["2024-09-09",0.0],["2024-09-10",0.0],["2024-09-11",0.0],["2024-09-12",0.0],["2024-09-13",0.0],["2024-09-14",0.0],["2024-09-15",0.0],["2024-09-16",0.0],["2024-09-17",0.0],["2024-09-18",0.0],["2024-09-19",0.98988483],["2024-09-20",0.0],["2024-09-21",0.0],["2024-09-22",0.0],["2024-09-23",0.0],["2024-09-24",0.0],["2024-09-25",0.0],["2024-09-26",0.0],["2024-09-27",0.0],["2024-09-28",0.0],["2024-09-29",0.0],["2024-09-30",0.0],["2024-10-01",0.0],["2024-10-02",0.0],["2024-10-03",0.0],["2024-10-04",0.0],["2024-10-05",0.0],["2024-10-06",0.0],["2024-10-07",0.0],["2024-10-08",0.0],["2024-10-09",0.0],["2024-10-10",0.0],["2024-10-11",0.0],["2024-10-12",0.0],["2024-10-13",0.0],["2024-10-14",0.0],["2024-10-15",0.0],["2024-10-16",0.0],["2024-10-17",0.0],["2024-10-18",0.0],["2024-10-19",0.0],["2024-10-20",0.0],["2024-10-21",0.0],["2024-10-22",0.0],["2024-10-23",0.0],["2024-10-24",0.0],["2024-10-25",0.0],["2024-10-26",0.0],["2024-10-27",0.0],["2024-10-28",0.99126],["2024-10-29",0.0],["2024-10-30",0.0],["2024-10-31",0.0],["2024-11-01",0.0],["2024-11-02",0.0],["2024-11-03",0.0],["2024-11-04",0.0],["2024-11-05",0.0],["2024-11-06",0.0],["2024-11-07",0.0],["2024-11-08",0.0],["2024-11-09",0.0],["2024-11-10",0.0],["2024-11-11",0.0],["2024-11-12",0.0],["2024-11-13",0.0],["2024-11-14",0.0],["2024-11-15",0.0],["2024-11-16",0.0],["2024-11-17",0.0],["2024-11-18",0.0],["2024-11-19",0.0],["2024-11-20",0.0],["2024-11-21",0.0],["2024-11-22",0.0],["2024-11-23",0.0],["2024-11-24",0.0],["2024-11-25",0.0],["2024-11-26",0.0],["2024-11-27",0.0],["2024-11-28",0.0],["2024-11-29",0.0],["2024-11-30",0.0],["2024-12-01",0.0],["2024-12-02",0.0],["2024-12-03",0.0],["2024-12-04",0.0],["2024-12-05",0.0],["2024-12-06",0.0],["2024-12-07",0.0],["2024-12-08",0.0],["2024-12-09",0.0],["2024-12-10",0.0],["2024-12-11",0.0],["2024-12-12",0.0],["2024-12-13",0.0],["2024-12-14",0.0],["2024-12-15",0.0],["2024-12-16",0.0],["2024-12-17",0.0],["2024-12-18",0.0],["2024-12-19",0.0],["2024-12-20",0.0],["2024-12-21",0.0],["2024-12-22",0.0],["2024-12-23",0.0],["2024-12-24",0.0],["2024-12-25",0.0],["2024-12-26",0.0],["2024-12-27",0.0],["2024-12-28",0.0],["2024-12-29",0.0],["2024-12-30",0.0],["2024-12-31",0.0],["2025-01-01",0.0],["2025-01-02",0.0],["2025-01-03",0.0],["2025-01-04",0.0],["2025-01-05",0.0],["2025-01-06",0.0],["2025-01-07",0.0],["2025-01-08",0.0],["2025-01-09",0.0],["2025-01-10",0.0],["2025-01-11",0.0],["2025-01-12",-0.79131672],["2025-01-13",0.0],["2025-01-14",0.0],["2025-01-15",0.0],["2025-01-16",0.0],["2025-01-17",0.95472482],["2025-01-18",0.0],["2025-01-19",0.0],["2025-01-20",0.0],["2025-01-21",0.0],["2025-01-22",0.0],["2025-01-23",0.0],["2025-01-24",0.0],["2025-01-25",0.0],["2025-01-26",0.0],["2025-01-27",0.0],["2025-01-28",0.0],["2025-01-29",0.0],["2025-01-30",0.0],["2025-01-31",0.0],["2025-02-01",0.0],["2025-02-02",0.0],["2025-02-03",0.0],["2025-02-04",0.0],["2025-02-05",0.0],["2025-02-06",0.0],["2025-02-07",0.0],["2025-02-08",0.0],["2025-02-09",0.0],["2025-02-10",0.0],["2025-02-11",0.0],["2025-02-12",0.0],["2025-02-13",0.0],["2025-02-14",0.0],["2025-02-15",0.0],["2025-02-16",0.0],["2025-02-17",0.0],["2025-02-18",0.0],["2025-02-19",0.0],["2025-02-20",0.0],["2025-02-21",0.0],["2025-02-22",0.0],["2025-02-23",0.0],["2025-02-24",0.0],["2025-02-25",-0.97858618],["2025-02-26",0.0],["2025-02-27",0.0],["2025-02-28",0.0],["2025-03-01",0.0],["2025-03-02",0.0],["2025-03-03",0.0],["2025-03-04",0.0],["2025-03-05",0.0],["2025-03-06",0.0],["2025-03-07",0.0],["2025-03-08",0.0],["2025-03-09",0.0],["2025-03-10",0.0],["2025-03-11",0.0],["2025-03-12",0.0],["2025-03-13",0.0],["2025-03-14",0.0],["2025-03-15",0.0],["2025-03-16",0.0],["2025-03-17",0.0],["2025-03-18",0.0],["2025-03-19",0.0],["2025-03-20",0.0],["2025-03-21",0.0],["2025-03-22",0.0],["2025-03-23",0.0],["2025-03-24",0.0],["2025-03-25",0.0],["2025-03-26",0.0],["2025-03-27",0.0],["2025-03-28",0.0],["2025-03-29",0.0],["2025-03-30",0.0],["2025-03-31",0.0],["2025-04-01",-0.85126048],["2025-04-02",0.0],["2025-04-03",0.0],["2025-04-04",0.0],["2025-04-05",0.0],["2025-04-06",0.0],["2025-04-07",0.0],["2025-04-08",0.0],["2025-04-09",0.0],["2025-04-10",0.0],["2025-04-11",0.0],["2025-04-12",0.0],["2025-04-13",0.0],["2025-04-14",0.0],["2025-04-15",0.0],["2025-04-16",0.0],["2025-04-17",0.0],["2025-04-18",0.0],["2025-04-19",0.0],["2025-04-20",0.0],["2025-04-21",0.0],["2025-04-22",0.97280317],["2025-04-23",0.0],["2025-04-24",0.0],["2025-04-25",0.0],["2025-04-26",0.0],["2025-04-27",0.0],["2025-04-28",0.0],["2025-04-29",0.0],["2025-04-30",0.0],["2025-05-01",0.0],["2025-05-02",0.0],["2025-05-03",0.0],["2025-05-04",0.0],["2025-05-05",0.0],["2025-05-06",0.0],["2025-05-07",0.0],["2025-05-08",0.0],["2025-05-09",0.0],["2025-05-10",0.0],["2025-05-11",0.0],["2025-05-12",0.0],["2025-05-13",0.0],["2025-05-14",0.0],["2025-05-15",0.0],["2025-05-16",0.0],["2025-05-17",0.0],["2025-05-18",0.0],["2025-05-19",0.0],["2025-05-20",0.0],["2025-05-21",0.0],["2025-05-22",0.0],["2025-05-23",0.0],["2025-05-24",0.0],["2025-05-25",0.0],["2025-05-26",0.0],["2025-05-27",0.0],["2025-05-28",0.0],["2025-05-29",0.0],["2025-05-30",0.0],["2025-05-31",0.0],["2025-06-01",0.0],["2025-06-02",0.0],["2025-06-03",0.0],["2025-06-04",0.0],["2025-06-05",0.0],["2025-06-06",0.0],["2025-06-07",0.0],["2025-06-08",0.0],["2025-06-09",0.0],["2025-06-10",0.0],["2025-06-11",0.0],["2025-06-12",0.0],["2025-06-13",0.0],["2025-06-14",0.0],["2025-06-15",0.0],["2025-06-16",0.0],["2025-06-17",-0.66544721],["2025-06-18",0.0],["2025-06-19",0.0],["2025-06-20",0.0],["2025-06-21",0.0],["2025-06-22",0.0],["2025-06-23",0.0],["2025-06-24",0.0],["2025-06-25",0.0],["2025-06-26",0.0],["2025-06-27",0.0],["2025-06-28",0.0],["2025-06-29",0.0],["2025-06-30",0.0],["2025-07-01",0.0],["2025-07-02",0.0],["2025-07-03",0.0],["2025-07-04",0.0],["2025-07-05",0.0],["2025-07-06",0.0],["2025-07-07",0.0],["2025-07-08",0.0],["2025-07-09",0.2986991]],"wins":6,"losses":4,"draws":0,"winrate":0.6,"holding_avg":"5 days, 19:12:00","holding_avg_s":501120.0,"winner_holding_min":"1d 00:00","winner_holding_min_s":86400.0,"winner_holding_max":"13d 00:00","winner_holding_max_s":1123200.0,"winner_holding_avg":"6d 04:00","winner_holding_avg_s":532800.0,"loser_holding_min":"1d 00:00","loser_holding_min_s":86400.0,"loser_holding_max":"8d 00:00","loser_holding_max_s":691200.0,"loser_holding_avg":"5d 06:00","loser_holding_avg_s":453600.0,"max_consecutive_wins":3,"max_consecutive_losses":2,"max_drawdown_account":0.0018241497501989333,"max_relative_drawdown":0.0018241497501989333,"max_drawdown_abs":1.8298466599999998,"drawdown_start":"2025-01-17 00:00:00","drawdown_start_ts":1737072000000.0,"drawdown_end":"2025-04-01 00:00:00","drawdown_end_ts":1743465600000.0,"max_drawdown_low":1.2932027500000003,"max_drawdown_high":3.12304941,"csum_min":1000.97849648,"csum_max":1003.12304941}},"strategy_comparison":[{"key":"TestStrategy","trades":10,"profit_mean":0.009782858039939512,"profit_mean_pct":0.98,"profit_sum":0.09782858039939511,"profit_sum_pct":9.78,"profit_total_abs":1.8992578100000004,"profit_total":0.0018992578100000003,"profit_total_pct":0.19,"duration_avg":"5 days, 19:12:00","wins":6,"draws":0,"losses":4,"winrate":0.6,"cagr":0.0020757190606439657,"expectancy":0.18992578099999996,"expectancy_ratio":0.2311509389982218,"sortino":0.9637724004797797,"sharpe":0.1275231036571766,"calmar":5.955570887750935,"sqn":0.6688,"profit_factor":1.5778773474955547,"max_drawdown_account":0.0018241497501989333,"max_drawdown_abs":"1.83"}]}