{"strategy":{"MultiHorizonMomentum":{"trades":[{"pair":"BTC/USDT","stake_amount":19.400402,"max_stake_amount":19.400402,"amount":0.0002,"open_date":"2024-12-01 11:37:00+00:00","close_date":"2024-12-01 11:42:00+00:00","open_rate":97002.01,"close_rate":97120.99,"fee_open":0.025,"fee_close":0.025,"trade_duration":5,"profit_ratio":-0.047613748089268285,"profit_abs":-0.946819,"exit_reason":"custom_exit","initial_stop_loss_abs":67901.41,"initial_stop_loss_ratio":-0.3,"stop_loss_abs":67901.41,"stop_loss_ratio":-0.3,"min_rate":96981.87,"max_rate":97122.89,"is_open":false,"enter_tag":"","leverage":1.0,"is_short":false,"open_timestamp":1733053020000,"close_timestamp":1733053320000,"orders":[{"amount":0.0002,"safe_price":97002.01,"ft_order_side":"buy","order_filled_timestamp":1733053020000,"ft_is_entry":true,"ft_order_tag":"","cost":19.88541205},{"amount":0.0002,"safe_price":97120.99,"ft_order_side":"sell","order_filled_timestamp":1733053320000,"ft_is_entry":false,"ft_order_tag":"custom_exit","cost":19.90980295}],"funding_fees":0.0},{"pair":"BTC/USDT","stake_amount":19.422148,"max_stake_amount":19.422148,"amount":0.0002,"open_date":"2024-12-01 12:01:00+00:00","close_date":"2024-12-01 13:22:00+00:00","open_rate":97110.74,"close_rate":97260.01,"fee_open":0.025,"fee_close":0.025,"trade_duration":81,"profit_ratio":-0.047318357698719185,"profit_abs":-0.94199975,"exit_reason":"custom_exit","initial_stop_loss_abs":67977.52,"initial_stop_loss_ratio":-0.3,"stop_loss_abs":67977.52,"stop_loss_ratio":-0.3,"min_rate":96660.88,"max_rate":97319.88,"is_open":false,"enter_tag":"","leverage":1.0,"is_short":false,"open_timestamp":1733054460000,"close_timestamp":1733059320000,"orders":[{"amount":0.0002,"safe_price":97110.74,"ft_order_side":"buy","order_filled_timestamp":1733054460000,"ft_is_entry":true,"ft_order_tag":"","cost":19.9077017},{"amount":0.0002,"safe_price":97260.01,"ft_order_side":"sell","order_filled_timestamp":1733059320000,"ft_is_entry":false,"ft_order_tag":"custom_exit","cost":19.938302049999997}],"funding_fees":0.0},{"pair":"BTC/USDT","stake_amount":19.472002,"max_stake_amount":19.472002,"amount":0.0002,"open_date":"2024-12-01 13:24:00+00:00","close_date":"2024-12-01 18:15:00+00:00","open_rate":97360.01,"close_rate":97507.93,"fee_open":0.025,"fee_close":0.025,"trade_duration":291,"profit_ratio":-0.04733529084727808,"profit_abs":-0.9447557,"exit_reason":"custom_exit","initial_stop_loss_abs":68152.01,"initial_stop_loss_ratio":-0.3,"stop_loss_abs":68152.01,"stop_loss_ratio":-0.3,"min_rate":96960.51,"max_rate":97523.41,"is_open":false,"enter_tag":"","leverage":1.0,"is_short":false,"open_timestamp":1733059440000,"close_timestamp":1733076900000,"orders":[{"amount":0.0002,"safe_price":97360.01,"ft_order_side":"buy","order_filled_timestamp":1733059440000,"ft_is_entry":true,"ft_order_tag":"","cost":19.95880205},{"amount":0.0002,"safe_price":97507.93,"ft_order_side":"sell","order_filled_timestamp":1733076900000,"ft_is_entry":false,"ft_order_tag":"custom_exit","cost":19.98912565}],"funding_fees":0.0},{"pair":"BTC/USDT","stake_amount":19.47608,"max_stake_amount":19.47608,"amount":0.0002,"open_date":"2024-12-01 21:41:00+00:00","close_date":"2024-12-01 21:50:00+00:00","open_rate":97380.4,"close_rate":97598.72,"fee_open":0.025,"fee_close":0.025,"trade_duration":9,"profit_ratio":-0.04664792063630574,"profit_abs":-0.9312316,"exit_reason":"custom_exit","initial_stop_loss_abs":68166.28,"initial_stop_loss_ratio":-0.3,"stop_loss_abs":68166.28,"stop_loss_ratio":-0.3,"min_rate":97380.4,"max_rate":97750.0,"is_open":false,"enter_tag":"","leverage":1.0,"is_short":false,"open_timestamp":1733089260000,"close_timestamp":1733089800000,"orders":[{"amount":0.0002,"safe_price":97380.4,"ft_order_side":"buy","order_filled_timestamp":1733089260000,"ft_is_entry":true,"ft_order_tag":"","cost":19.962981999999997},{"amount":0.0002,"safe_price":97598.72,"ft_order_side":"sell","order_filled_timestamp":1733089800000,"ft_is_entry":false,"ft_order_tag":"custom_exit","cost":20.007737600000002}],"funding_fees":0.0},{"pair":"BTC/USDT","stake_amount":19.543204,"max_stake_amount":19.543204,"amount":0.0002,"open_date":"2024-12-01 21:51:00+00:00","close_date":"2024-12-02 01:27:00+00:00","open_rate":97716.02,"close_rate":97996.88,"fee_open":0.025,"fee_close":0.025,"trade_duration":216,"profit_ratio":-0.04604644775499552,"profit_abs":-0.9223925,"exit_reason":"custom_exit","initial_stop_loss_abs":68401.22,"initial_stop_loss_ratio":-0.3,"stop_loss_abs":68401.22,"stop_loss_ratio":-0.3,"min_rate":97068.84,"max_rate":98073.02,"is_open":false,"enter_tag":"","leverage":1.0,"is_short":false,"open_timestamp":1733089860000,"close_timestamp":1733102820000,"orders":[{"amount":0.0002,"safe_price":97716.02,"ft_order_side":"buy","order_filled_timestamp":1733089860000,"ft_is_entry":true,"ft_order_tag":"","cost":20.031784100000003},{"amount":0.0002,"safe_price":97996.88,"ft_order_side":"sell","order_filled_timestamp":1733102820000,"ft_is_entry":false,"ft_order_tag":"custom_exit","cost":20.0893604}],"funding_fees":0.0},{"pair":"BTC/USDT","stake_amount":19.307998,"max_stake_amount":19.307998,"amount":0.0002,"open_date":"2024-12-04 01:39:00+00:00","close_date":"2024-12-04 06:33:00+00:00","open_rate":96539.99,"close_rate":96692.55,"fee_open":0.025,"fee_close":0.025,"trade_duration":294,"profit_ratio":-0.04727729675647948,"profit_abs":-0.9356507,"exit_reason":"custom_exit","initial_stop_loss_abs":67578.0,"initial_stop_loss_ratio":-0.3,"stop_loss_abs":67578.0,"stop_loss_ratio":-0.3,"min_rate":95224.17,"max_rate":96714.41,"is_open":false,"enter_tag":"","leverage":1.0,"is_short":false,"open_timestamp":1733276340000,"close_timestamp":1733293980000,"orders":[{"amount":0.0002,"safe_price":96539.99,"ft_order_side":"buy","order_filled_timestamp":1733276340000,"ft_is_entry":true,"ft_order_tag":"","cost":19.79069795},{"amount":0.0002,"safe_price":96692.55,"ft_order_side":"sell","order_filled_timestamp":1733293980000,"ft_is_entry":false,"ft_order_tag":"custom_exit","cost":19.82197275}],"funding_fees":0.0},{"pair":"BTC/USDT","stake_amount":19.329998,"max_stake_amount":19.329998,"amount":0.0002,"open_date":"2024-12-04 07:35:00+00:00","close_date":"2024-12-04 09:14:00+00:00","open_rate":96649.99,"close_rate":96804.42,"fee_open":0.025,"fee_close":0.025,"trade_duration":99,"profit_ratio":-0.04726060322684247,"profit_abs":-0.93638605,"exit_reason":"custom_exit","initial_stop_loss_abs":67655.0,"initial_stop_loss_ratio":-0.3,"stop_loss_abs":67655.0,"stop_loss_ratio":-0.3,"min_rate":96444.44,"max_rate":96844.98,"is_open":false,"enter_tag":"","leverage":1.0,"is_short":false,"open_timestamp":1733297700000,"close_timestamp":1733303640000,"orders":[{"amount":0.0002,"safe_price":96649.99,"ft_order_side":"buy","order_filled_timestamp":1733297700000,"ft_is_entry":true,"ft_order_tag":"","cost":19.81324795},{"amount":0.0002,"safe_price":96804.42,"ft_order_side":"sell","order_filled_timestamp":1733303640000,"ft_is_entry":false,"ft_order_tag":"custom_exit","cost":19.8449061}],"funding_fees":0.0},{"pair":"BTC/USDT","stake_amount":19.38434,"max_stake_amount":19.38434,"amount":0.0002,"open_date":"2024-12-04 09:16:00+00:00","close_date":"2024-12-04 20:02:00+00:00","open_rate":96921.7,"close_rate":97319.0,"fee_open":0.025,"fee_close":0.025,"trade_duration":646,"profit_ratio":-0.04488126284085945,"profit_abs":-0.8917435,"exit_reason":"custom_exit","initial_stop_loss_abs":67845.19,"initial_stop_loss_ratio":-0.3,"stop_loss_abs":67845.19,"stop_loss_ratio":-0.3,"min_rate":94587.83,"max_rate":97356.0,"is_open":false,"enter_tag":"","leverage":1.0,"is_short":false,"open_timestamp":1733303760000,"close_timestamp":1733342520000,"orders":[{"amount":0.0002,"safe_price":96921.7,"ft_order_side":"buy","order_filled_timestamp":1733303760000,"ft_is_entry":true,"ft_order_tag":"","cost":19.8689485},{"amount":0.0002,"safe_price":97319.0,"ft_order_side":"sell","order_filled_timestamp":1733342520000,"ft_is_entry":false,"ft_order_tag":"custom_exit","cost":19.950395}],"funding_fees":0.0},{"pair":"BTC/USDT","stake_amount":19.525192,"max_stake_amount":19.525192,"amount":0.0002,"open_date":"2024-12-04 20:07:00+00:00","close_date":"2024-12-04 20:14:00+00:00","open_rate":97625.96,"close_rate":98117.89,"fee_open":0.025,"fee_close":0.025,"trade_duration":7,"profit_ratio":-0.0439873629574077,"profit_abs":-0.88033325,"exit_reason":"custom_exit","initial_stop_loss_abs":68338.18,"initial_stop_loss_ratio":-0.3,"stop_loss_abs":68338.18,"stop_loss_ratio":-0.3,"min_rate":97616.01,"max_rate":98188.0,"is_open":false,"enter_tag":"","leverage":1.0,"is_short":false,"open_timestamp":1733342820000,"close_timestamp":1733343240000,"orders":[{"amount":0.0002,"safe_price":97625.96,"ft_order_side":"buy","order_filled_timestamp":1733342820000,"ft_is_entry":true,"ft_order_tag":"","cost":20.0133218},{"amount":0.0002,"safe_price":98117.89,"ft_order_side":"sell","order_filled_timestamp":1733343240000,"ft_is_entry":false,"ft_order_tag":"custom_exit","cost":20.11416745}],"funding_fees":0.0},{"pair":"BTC/USDT","stake_amount":19.606286,"max_stake_amount":19.606286,"amount":0.0002,"open_date":"2024-12-04 20:15:00+00:00","close_date":"2024-12-04 20:20:00+00:00","open_rate":98031.43,"close_rate":98492.0,"fee_open":0.025,"fee_close":0.025,"trade_duration":5,"profit_ratio":-0.04431148056167342,"profit_abs":-0.89050315,"exit_reason":"custom_exit","initial_stop_loss_abs":68622.01,"initial_stop_loss_ratio":-0.3,"stop_loss_abs":68622.01,"stop_loss_ratio":-0.3,"min_rate":98031.42,"max_rate":98588.71,"is_open":false,"enter_tag":"","leverage":1.0,"is_short":false,"open_timestamp":1733343300000,"close_timestamp":1733343600000,"orders":[{"amount":0.0002,"safe_price":98031.43,"ft_order_side":"buy","order_filled_timestamp":1733343300000,"ft_is_entry":true,"ft_order_tag":"","cost":20.09644315},{"amount":0.0002,"safe_price":98492.0,"ft_order_side":"sell","order_filled_timestamp":1733343600000,"ft_is_entry":false,"ft_order_tag":"custom_exit","cost":20.190859999999997}],"funding_fees":0.0},{"pair":"BTC/USDT","stake_amount":19.697596,"max_stake_amount":19.697596,"amount":0.0002,"open_date":"2024-12-04 20:21:00+00:00","close_date":"2024-12-04 20:50:00+00:00","open_rate":98487.98,"close_rate":98968.01,"fee_open":0.025,"fee_close":0.025,"trade_duration":29,"profit_ratio":-0.044144247905968305,"profit_abs":-0.89127395,"exit_reason":"custom_exit","initial_stop_loss_abs":68941.59,"initial_stop_loss_ratio":-0.3,"stop_loss_abs":68941.59,"stop_loss_ratio":-0.3,"min_rate":98031.61,"max_rate":98991.99,"is_open":false,"enter_tag":"","leverage":1.0,"is_short":false,"open_timestamp":1733343660000,"close_timestamp":1733345400000,"orders":[{"amount":0.0002,"safe_price":98487.98,"ft_order_side":"buy","order_filled_timestamp":1733343660000,"ft_is_entry":true,"ft_order_tag":"","cost":20.190035899999998},{"amount":0.0002,"safe_price":98968.01,"ft_order_side":"sell","order_filled_timestamp":1733345400000,"ft_is_entry":false,"ft_order_tag":"custom_exit","cost":20.288442049999997}],"funding_fees":0.0},{"pair":"BTC/USDT","stake_amount":19.687094,"max_stake_amount":19.687094,"amount":0.0002,"open_date":"2024-12-04 22:24:00+00:00","close_date":"2024-12-04 23:27:00+00:00","open_rate":98435.47,"close_rate":98844.0,"fee_open":0.025,"fee_close":0.025,"trade_duration":63,"profit_ratio":-0.0448327065089989,"profit_abs":-0.90469135,"exit_reason":"custom_exit","initial_stop_loss_abs":68904.83,"initial_stop_loss_ratio":-0.3,"stop_loss_abs":68904.83,"stop_loss_ratio":-0.3,"min_rate":98147.54,"max_rate":98877.0,"is_open":false,"enter_tag":"","leverage":1.0,"is_short":false,"open_timestamp":1733351040000,"close_timestamp":1733354820000,"orders":[{"amount":0.0002,"safe_price":98435.47,"ft_order_side":"buy","order_filled_timestamp":1733351040000,"ft_is_entry":true,"ft_order_tag":"","cost":20.17927135},{"amount":0.0002,"safe_price":98844.0,"ft_order_side":"sell","order_filled_timestamp":1733354820000,"ft_is_entry":false,"ft_order_tag":"custom_exit","cost":20.26302}],"funding_fees":0.0},{"pair":"BTC/USDT","stake_amount":19.790782,"max_stake_amount":19.790782,"amount":0.0002,"open_date":"2024-12-04 23:31:00+00:00","close_date":"2024-12-05 02:32:00+00:00","open_rate":98953.91,"close_rate":99387.99,"fee_open":0.025,"fee_close":0.025,"trade_duration":181,"profit_ratio":-0.04460778390814816,"profit_abs":-0.9048935,"exit_reason":"custom_exit","initial_stop_loss_abs":69267.74,"initial_stop_loss_ratio":-0.3,"stop_loss_abs":69267.74,"stop_loss_ratio":-0.3,"min_rate":97888.89,"max_rate":99741.99,"is_open":false,"enter_tag":"","leverage":1.0,"is_short":false,"open_timestamp":1733355060000,"close_timestamp":1733365920000,"orders":[{"amount":0.0002,"safe_price":98953.91,"ft_order_side":"buy","order_filled_timestamp":1733355060000,"ft_is_entry":true,"ft_order_tag":"","cost":20.285551549999997},{"amount":0.0002,"safe_price":99387.99,"ft_order_side":"sell","order_filled_timestamp":1733365920000,"ft_is_entry":false,"ft_order_tag":"custom_exit","cost":20.37453795}],"funding_fees":0.0},{"pair":"BTC/USDT","stake_amount":19.910386,"max_stake_amount":19.910386,"amount":0.0002,"open_date":"2024-12-05 02:33:00+00:00","close_date":"2024-12-05 02:34:00+00:00","open_rate":99551.93,"close_rate":99990.53,"fee_open":0.025,"fee_close":0.025,"trade_duration":1,"profit_ratio":-0.04458966118756605,"profit_abs":-0.9099923,"exit_reason":"custom_exit","initial_stop_loss_abs":69686.36,"initial_stop_loss_ratio":-0.3,"stop_loss_abs":69686.36,"stop_loss_ratio":-0.3,"min_rate":99548.28,"max_rate":99999.0,"is_open":false,"enter_tag":"","leverage":1.0,"is_short":false,"open_timestamp":1733365980000,"close_timestamp":1733366040000,"orders":[{"amount":0.0002,"safe_price":99551.93,"ft_order_side":"buy","order_filled_timestamp":1733365980000,"ft_is_entry":true,"ft_order_tag":"","cost":20.408145649999998},{"amount":0.0002,"safe_price":99990.53,"ft_order_side":"sell","order_filled_timestamp":1733366040000,"ft_is_entry":false,"ft_order_tag":"custom_exit","cost":20.498058649999997}],"funding_fees":0.0},{"pair":"BTC/USDT","stake_amount":19.945596,"max_stake_amount":19.945596,"amount":0.0002,"open_date":"2024-12-05 02:35:00+00:00","close_date":"2024-12-05 02:42:00+00:00","open_rate":99727.98,"close_rate":100767.88,"fee_open":0.025,"fee_close":0.025,"trade_duration":7,"profit_ratio":-0.03886177521557556,"profit_abs":-0.7944993,"exit_reason":"custom_exit","initial_stop_loss_abs":69809.59,"initial_stop_loss_ratio":-0.3,"stop_loss_abs":69809.59,"stop_loss_ratio":-0.3,"min_rate":99562.01,"max_rate":101616.22,"is_open":false,"enter_tag":"","leverage":1.0,"is_short":false,"open_timestamp":1733366100000,"close_timestamp":1733366520000,"orders":[{"amount":0.0002,"safe_price":99727.98,"ft_order_side":"buy","order_filled_timestamp":1733366100000,"ft_is_entry":true,"ft_order_tag":"","cost":20.4442359},{"amount":0.0002,"safe_price":100767.88,"ft_order_side":"sell","order_filled_timestamp":1733366520000,"ft_is_entry":false,"ft_order_tag":"custom_exit","cost":20.657415399999998}],"funding_fees":0.0},{"pair":"BTC/USDT","stake_amount":19.23332,"max_stake_amount":19.23332,"amount":0.00019,"open_date":"2024-12-05 02:43:00+00:00","close_date":"2024-12-05 03:02:00+00:00","open_rate":101228.0,"close_rate":101916.0,"fee_open":0.025,"fee_close":0.025,"trade_duration":19,"profit_ratio":-0.042315487761508196,"profit_abs":-0.834214,"exit_reason":"custom_exit","initial_stop_loss_abs":70859.6,"initial_stop_loss_ratio":-0.3,"stop_loss_abs":70859.6,"stop_loss_ratio":-0.3,"min_rate":100528.71,"max_rate":101955.97,"is_open":false,"enter_tag":"","leverage":1.0,"is_short":false,"open_timestamp":1733366580000,"close_timestamp":1733367720000,"orders":[{"amount":0.00019,"safe_price":101228.0,"ft_order_side":"buy","order_filled_timestamp":1733366580000,"ft_is_entry":true,"ft_order_tag":"","cost":19.714153},{"amount":0.00019,"safe_price":101916.0,"ft_order_side":"sell","order_filled_timestamp":1733367720000,"ft_is_entry":false,"ft_order_tag":"custom_exit","cost":19.848141000000002}],"funding_fees":0.0},{"pair":"BTC/USDT","stake_amount":19.5656604,"max_stake_amount":19.5656604,"amount":0.00019,"open_date":"2024-12-05 03:07:00+00:00","close_date":"2024-12-05 14:44:00+00:00","open_rate":102977.16,"close_rate":103395.25,"fee_open":0.025,"fee_close":0.025,"trade_duration":697,"profit_ratio":-0.04491851148880283,"profit_abs":-0.90083185,"exit_reason":"custom_exit","initial_stop_loss_abs":72084.02,"initial_stop_loss_ratio":-0.3,"stop_loss_abs":72084.02,"stop_loss_ratio":-0.3,"min_rate":101324.16,"max_rate":104088.0,"is_open":false,"enter_tag":"","leverage":1.0,"is_short":false,"open_timestamp":1733368020000,"close_timestamp":1733409840000,"orders":[{"amount":0.00019,"safe_price":102977.16,"ft_order_side":"buy","order_filled_timestamp":1733368020000,"ft_is_entry":true,"ft_order_tag":"","cost":20.054801910000002},{"amount":0.00019,"safe_price":103395.25,"ft_order_side":"sell","order_filled_timestamp":1733409840000,"ft_is_entry":false,"ft_order_tag":"custom_exit","cost":20.1362249375}],"funding_fees":0.0},{"pair":"BTC/USDT","stake_amount":19.6345981,"max_stake_amount":19.6345981,"amount":0.00019,"open_date":"2024-12-05 14:52:00+00:00","close_date":"2024-12-15 00:00:00+00:00","open_rate":103339.99,"close_rate":101420.0,"fee_open":0.025,"fee_close":0.025,"trade_duration":13508,"profit_ratio":-0.06645352936780584,"profit_abs":-1.33740805,"exit_reason":"force_exit","initial_stop_loss_abs":72338.0,"initial_stop_loss_ratio":-0.3,"stop_loss_abs":72338.0,"stop_loss_ratio":-0.3,"min_rate":90500.0,"max_rate":103540.0,"is_open":false,"enter_tag":"","leverage":1.0,"is_short":false,"open_timestamp":1733410320000,"close_timestamp":1734220800000,"orders":[{"amount":0.00019,"safe_price":103339.99,"ft_order_side":"buy","order_filled_timestamp":1733410320000,"ft_is_entry":true,"ft_order_tag":"","cost":20.1254630525},{"amount":0.00019,"safe_price":101420.0,"ft_order_side":"sell","order_filled_timestamp":1734220800000,"ft_is_entry":false,"ft_order_tag":"force_exit","cost":19.751544999999997}],"funding_fees":0.0}],"locks":[],"best_pair":{"key":"BTC/USDT","trades":18,"profit_mean":-0.04630019303967795,"profit_mean_pct":-4.63,"profit_sum":-0.8334034747142032,"profit_sum_pct":-83.34,"profit_total_abs":-16.6996195,"profit_total":-0.016699619500000002,"profit_total_pct":-1.67,"duration_avg":"14:58:00","wins":0,"draws":0,"losses":18,"winrate":0.0,"cagr":-0.35535744122541957,"expectancy":-0.9277566388888889,"expectancy_ratio":-1.0,"sortino":-214.21500538084504,"sharpe":-214.21500538084504,"calmar":-136.46409410387682,"sqn":-35.957,"profit_factor":0.0,"max_drawdown_account":0.01669961950000004,"max_drawdown_abs":16.6996195},"worst_pair":{"key":"BTC/USDT","trades":18,"profit_mean":-0.04630019303967795,"profit_mean_pct":-4.63,"profit_sum":-0.8334034747142032,"profit_sum_pct":-83.34,"profit_total_abs":-16.6996195,"profit_total":-0.016699619500000002,"profit_total_pct":-1.67,"duration_avg":"14:58:00","wins":0,"draws":0,"losses":18,"winrate":0.0,"cagr":-0.35535744122541957,"expectancy":-0.9277566388888889,"expectancy_ratio":-1.0,"sortino":-214.21500538084504,"sharpe":-214.21500538084504,"calmar":-136.46409410387682,"sqn":-35.957,"profit_factor":0.0,"max_drawdown_account":0.01669961950000004,"max_drawdown_abs":16.6996195},"results_per_pair":[{"key":"BTC/USDT","trades":18,"profit_mean":-0.04630019303967795,"profit_mean_pct":-4.63,"profit_sum":-0.8334034747142032,"profit_sum_pct":-83.34,"profit_total_abs":-16.6996195,"profit_total":-0.016699619500000002,"profit_total_pct":-1.67,"duration_avg":"14:58:00","wins":0,"draws":0,"losses":18,"winrate":0.0,"cagr":-0.35535744122541957,"expectancy":-0.9277566388888889,"expectancy_ratio":-1.0,"sortino":-214.21500538084504,"sharpe":-214.21500538084504,"calmar":-136.46409410387682,"sqn":-35.957,"profit_factor":0.0,"max_drawdown_account":0.01669961950000004,"max_drawdown_abs":16.6996195},{"key":"TOTAL","trades":18,"profit_mean":-0.04630019303967795,"profit_mean_pct":-4.63,"profit_sum":-0.8334034747142032,"profit_sum_pct":-83.34,"profit_total_abs":-16.6996195,"profit_total":-0.016699619500000002,"profit_total_pct":-1.67,"duration_avg":"14:58:00","wins":0,"draws":0,"losses":18,"winrate":0.0,"cagr":-0.35535744122541957,"expectancy":-0.9277566388888889,"expectancy_ratio":-1.0,"sortino":-214.21500538084504,"sharpe":-214.21500538084504,"calmar":-136.46409410387682,"sqn":-35.957,"profit_factor":0.0,"max_drawdown_account":0.01669961950000004,"max_drawdown_abs":16.6996195}],"results_per_enter_tag":[{"key":"","trades":18,"profit_mean":-0.04630019303967795,"profit_mean_pct":-4.63,"profit_sum":-0.8334034747142032,"profit_sum_pct":-83.34,"profit_total_abs":-16.6996195,"profit_total":-0.016699619500000002,"profit_total_pct":-1.67,"duration_avg":"14:58:00","wins":0,"draws":0,"losses":18,"winrate":0.0,"cagr":-0.35535744122541957,"expectancy":-0.9277566388888889,"expectancy_ratio":-1.0,"sortino":-214.21500538084504,"sharpe":-214.21500538084504,"calmar":-136.46409410387682,"sqn":-35.957,"profit_factor":0.0,"max_drawdown_account":0.01669961950000004,"max_drawdown_abs":16.6996195},{"key":"TOTAL","trades":18,"profit_mean":-0.04630019303967795,"profit_mean_pct":-4.63,"profit_sum":-0.8334034747142032,"profit_sum_pct":-83.34,"profit_total_abs":-16.6996195,"profit_total":-0.016699619500000002,"profit_total_pct":-1.67,"duration_avg":"14:58:00","wins":0,"draws":0,"losses":18,"winrate":0.0,"cagr":-0.35535744122541957,"expectancy":-0.9277566388888889,"expectancy_ratio":-1.0,"sortino":-214.21500538084504,"sharpe":-214.21500538084504,"calmar":-136.46409410387682,"sqn":-35.957,"profit_factor":0.0,"max_drawdown_account":0.01669961950000004,"max_drawdown_abs":16.6996195}],"exit_reason_summary":[{"key":"force_exit","trades":1,"profit_mean":-0.06645352936780584,"profit_mean_pct":-6.65,"profit_sum":-0.06645352936780584,"profit_sum_pct":-6.65,"profit_total_abs":-1.33740805,"profit_total":-0.00133740805,"profit_total_pct":-0.13,"duration_avg":"9 days, 9:08:00","wins":0,"draws":0,"losses":1,"winrate":0.0,"cagr":-0.034289786424327784,"expectancy":-1.33740805,"expectancy_ratio":-1.0,"sortino":-100,"sharpe":-100,"calmar":-136.4640941038749,"sqn":-100.0,"profit_factor":0.0,"max_drawdown_account":0.001337408050000022,"max_drawdown_abs":1.33740805},{"key":"custom_exit","trades":17,"profit_mean":-0.04511470266743514,"profit_mean_pct":-4.51,"profit_sum":-0.7669499453463974,"profit_sum_pct":-76.69,"profit_total_abs":-15.36221145,"profit_total":-0.01536221145,"profit_total_pct":-1.54,"duration_avg":"2:36:00","wins":0,"draws":0,"losses":17,"winrate":0.0,"cagr":-0.33210417579470475,"expectancy":-0.9036594970588235,"expectancy_ratio":-1.0,"sortino":-535.7556069916526,"sharpe":-535.7556069916526,"calmar":-136.46409410387696,"sqn":-92.3761,"profit_factor":0.0,"max_drawdown_account":0.015362211450000019,"max_drawdown_abs":15.36221145},{"key":"TOTAL","trades":18,"profit_mean":-0.04630019303967795,"profit_mean_pct":-4.63,"profit_sum":-0.8334034747142032,"profit_sum_pct":-83.34,"profit_total_abs":-16.6996195,"profit_total":-0.016699619500000002,"profit_total_pct":-1.67,"duration_avg":"14:58:00","wins":0,"draws":0,"losses":18,"winrate":0.0,"cagr":-0.35535744122541957,"expectancy":-0.9277566388888889,"expectancy_ratio":-1.0,"sortino":-214.21500538084504,"sharpe":-214.21500538084504,"calmar":-136.46409410387682,"sqn":-35.957,"profit_factor":0.0,"max_drawdown_account":0.01669961950000004,"max_drawdown_abs":16.6996195}],"mix_tag_stats":[{"key":["","force_exit"],"trades":1,"profit_mean":-0.06645352936780584,"profit_mean_pct":-6.65,"profit_sum":-0.06645352936780584,"profit_sum_pct":-6.65,"profit_total_abs":-1.33740805,"profit_total":-0.00133740805,"profit_total_pct":-0.13,"duration_avg":"9 days, 9:08:00","wins":0,"draws":0,"losses":1,"winrate":0.0,"cagr":-0.034289786424327784,"expectancy":-1.33740805,"expectancy_ratio":-1.0,"sortino":-100,"sharpe":-100,"calmar":-136.4640941038749,"sqn":-100.0,"profit_factor":0.0,"max_drawdown_account":0.001337408050000022,"max_drawdown_abs":1.33740805},{"key":["","custom_exit"],"trades":17,"profit_mean":-0.04511470266743514,"profit_mean_pct":-4.51,"profit_sum":-0.7669499453463974,"profit_sum_pct":-76.69,"profit_total_abs":-15.36221145,"profit_total":-0.01536221145,"profit_total_pct":-1.54,"duration_avg":"2:36:00","wins":0,"draws":0,"losses":17,"winrate":0.0,"cagr":-0.33210417579470475,"expectancy":-0.9036594970588235,"expectancy_ratio":-1.0,"sortino":-535.7556069916526,"sharpe":-535.7556069916526,"calmar":-136.46409410387696,"sqn":-92.3761,"profit_factor":0.0,"max_drawdown_account":0.015362211450000019,"max_drawdown_abs":15.36221145},{"key":"TOTAL","trades":18,"profit_mean":-0.04630019303967795,"profit_mean_pct":-4.63,"profit_sum":-0.8334034747142032,"profit_sum_pct":-83.34,"profit_total_abs":-16.6996195,"profit_total":-0.016699619500000002,"profit_total_pct":-1.67,"duration_avg":"14:58:00","wins":0,"draws":0,"losses":18,"winrate":0.0,"cagr":-0.35535744122541957,"expectancy":-0.9277566388888889,"expectancy_ratio":-1.0,"sortino":-214.21500538084504,"sharpe":-214.21500538084504,"calmar":-136.46409410387682,"sqn":-35.957,"profit_factor":0.0,"max_drawdown_account":0.01669961950000004,"max_drawdown_abs":16.6996195}],"left_open_trades":[{"key":"BTC/USDT","trades":1,"profit_mean":-0.06645352936780584,"profit_mean_pct":-6.65,"profit_sum":-0.06645352936780584,"profit_sum_pct":-6.65,"profit_total_abs":-1.33740805,"profit_total":-0.00133740805,"profit_total_pct":-0.13,"duration_avg":"9 days, 9:08:00","wins":0,"draws":0,"losses":1,"winrate":0.0,"cagr":-0.034289786424327784,"expectancy":-1.33740805,"expectancy_ratio":-1.0,"sortino":-100,"sharpe":-100,"calmar":-136.4640941038749,"sqn":-100.0,"profit_factor":0.0,"max_drawdown_account":0.001337408050000022,"max_drawdown_abs":1.33740805},{"key":"TOTAL","trades":1,"profit_mean":-0.06645352936780584,"profit_mean_pct":-6.65,"profit_sum":-0.06645352936780584,"profit_sum_pct":-6.65,"profit_total_abs":-1.33740805,"profit_total":-0.00133740805,"profit_total_pct":-0.13,"duration_avg":"9 days, 9:08:00","wins":0,"draws":0,"losses":1,"winrate":0.0,"cagr":-0.034289786424327784,"expectancy":-1.33740805,"expectancy_ratio":-1.0,"sortino":-100,"sharpe":-100,"calmar":-136.4640941038749,"sqn":-100.0,"profit_factor":0.0,"max_drawdown_account":0.001337408050000022,"max_drawdown_abs":1.33740805}],"total_trades":18,"trade_count_long":18,"trade_count_short":0,"total_volume":722.4050145,"avg_stake_amount":19.551815694444446,"profit_mean":-0.04630019303967795,"profit_median":-0.04489988716483114,"profit_total":-0.016699619500000002,"profit_total_long":-0.016699619500000002,"profit_total_short":0.0,"profit_total_abs":-16.6996195,"profit_total_long_abs":-16.6996195,"profit_total_short_abs":0.0,"cagr":-0.35535744122541957,"expectancy":-0.9277566388888889,"expectancy_ratio":-1.0,"sortino":-214.21500538084504,"sharpe":-214.21500538084504,"calmar":-136.46409410387682,"sqn":-35.957,"profit_factor":0.0,"backtest_start":"2024-12-01 00:00:00","backtest_start_ts":1733011200000,"backtest_end":"2024-12-15 00:00:00","backtest_end_ts":1734220800000,"backtest_days":14,"backtest_run_start_ts":1752176799,"backtest_run_end_ts":1752176802,"trades_per_day":1.29,"market_change":0.051825039428903485,"pairlist":["BTC/USDT"],"stake_amount":20,"stake_currency":"USDT","stake_currency_decimals":3,"starting_balance":1000,"dry_run_wallet":1000,"final_balance":983.3003805,"rejected_signals":0,"timedout_entry_orders":0,"timedout_exit_orders":0,"canceled_trade_entries":0,"canceled_entry_orders":0,"replaced_entry_orders":0,"max_open_trades":1,"max_open_trades_setting":5,"timeframe":"1m","timeframe_detail":"","timerange":"20241201-20241215","enable_protections":false,"strategy_name":"MultiHorizonMomentum","stoploss":-0.3,"trailing_stop":false,"trailing_stop_positive":null,"trailing_stop_positive_offset":0.0,"trailing_only_offset_is_reached":false,"use_custom_stoploss":false,"minimal_roi":{},"use_exit_signal":true,"exit_profit_only":false,"exit_profit_offset":0.0,"ignore_roi_if_entry_signal":false,"trading_mode":"spot","margin_mode":"","periodic_breakdown":{"day":[{"date":"01/12/2024","date_ts":1733011200000,"profit_abs":-3.76480605,"wins":0,"draws":0,"losses":4,"trades":4,"profit_factor":0.0},{"date":"02/12/2024","date_ts":1733097600000,"profit_abs":-0.9223925,"wins":0,"draws":0,"losses":1,"trades":1,"profit_factor":0.0},{"date":"03/12/2024","date_ts":1733184000000,"profit_abs":0.0,"wins":0,"draws":0,"losses":0,"trades":0,"profit_factor":0.0},{"date":"04/12/2024","date_ts":1733270400000,"profit_abs":-6.33058195,"wins":0,"draws":0,"losses":7,"trades":7,"profit_factor":0.0},{"date":"05/12/2024","date_ts":1733356800000,"profit_abs":-4.34443095,"wins":0,"draws":0,"losses":5,"trades":5,"profit_factor":0.0},{"date":"06/12/2024","date_ts":1733443200000,"profit_abs":0.0,"wins":0,"draws":0,"losses":0,"trades":0,"profit_factor":0.0},{"date":"07/12/2024","date_ts":1733529600000,"profit_abs":0.0,"wins":0,"draws":0,"losses":0,"trades":0,"profit_factor":0.0},{"date":"08/12/2024","date_ts":1733616000000,"profit_abs":0.0,"wins":0,"draws":0,"losses":0,"trades":0,"profit_factor":0.0},{"date":"09/12/2024","date_ts":1733702400000,"profit_abs":0.0,"wins":0,"draws":0,"losses":0,"trades":0,"profit_factor":0.0},{"date":"10/12/2024","date_ts":1733788800000,"profit_abs":0.0,"wins":0,"draws":0,"losses":0,"trades":0,"profit_factor":0.0},{"date":"11/12/2024","date_ts":1733875200000,"profit_abs":0.0,"wins":0,"draws":0,"losses":0,"trades":0,"profit_factor":0.0},{"date":"12/12/2024","date_ts":1733961600000,"profit_abs":0.0,"wins":0,"draws":0,"losses":0,"trades":0,"profit_factor":0.0},{"date":"13/12/2024","date_ts":1734048000000,"profit_abs":0.0,"wins":0,"draws":0,"losses":0,"trades":0,"profit_factor":0.0},{"date":"14/12/2024","date_ts":1734134400000,"profit_abs":0.0,"wins":0,"draws":0,"losses":0,"trades":0,"profit_factor":0.0},{"date":"15/12/2024","date_ts":1734220800000,"profit_abs":-1.33740805,"wins":0,"draws":0,"losses":1,"trades":1,"profit_factor":0.0}],"week":[{"date":"02/12/2024","date_ts":1733097600000,"profit_abs":-4.68719855,"wins":0,"draws":0,"losses":5,"trades":5,"profit_factor":0.0},{"date":"09/12/2024","date_ts":1733702400000,"profit_abs":-10.6750129,"wins":0,"draws":0,"losses":12,"trades":12,"profit_factor":0.0},{"date":"16/12/2024","date_ts":1734307200000,"profit_abs":-1.33740805,"wins":0,"draws":0,"losses":1,"trades":1,"profit_factor":0.0}],"month":[{"date":"31/12/2024","date_ts":1735603200000,"profit_abs":-16.6996195,"wins":0,"draws":0,"losses":18,"trades":18,"profit_factor":0.0}],"year":[{"date":"31/12/2024","date_ts":1735603200000,"profit_abs":-16.6996195,"wins":0,"draws":0,"losses":18,"trades":18,"profit_factor":0.0}]},"backtest_best_day":0.0,"backtest_worst_day":-0.3166949607582297,"backtest_best_day_abs":0.0,"backtest_worst_day_abs":-6.33058195,"winning_days":0,"draw_days":10,"losing_days":5,"daily_profit":[["2024-12-01",-3.76480605],["2024-12-02",-0.9223925],["2024-12-03",0.0],["2024-12-04",-6.33058195],["2024-12-05",-4.34443095],["2024-12-06",0.0],["2024-12-07",0.0],["2024-12-08",0.0],["2024-12-09",0.0],["2024-12-10",0.0],["2024-12-11",0.0],["2024-12-12",0.0],["2024-12-13",0.0],["2024-12-14",0.0],["2024-12-15",-1.33740805]],"wins":0,"losses":18,"draws":0,"winrate":0.0,"holding_avg":"14:58:00","holding_avg_s":53880.0,"winner_holding_min":"0d 00:00","winner_holding_min_s":0.0,"winner_holding_max":"0d 00:00","winner_holding_max_s":0.0,"winner_holding_avg":"0d 00:00","winner_holding_avg_s":0.0,"loser_holding_min":"0d 00:01","loser_holding_min_s":60.0,"loser_holding_max":"9d 09:08","loser_holding_max_s":810480.0,"loser_holding_avg":"0d 14:58","loser_holding_avg_s":53880.0,"max_consecutive_wins":0,"max_consecutive_losses":18,"max_drawdown_account":0.01669961950000004,"max_relative_drawdown":0.01669961950000004,"max_drawdown_abs":16.6996195,"drawdown_start":"2024-12-01 11:42:00","drawdown_start_ts":1733053320000.0,"drawdown_end":"2024-12-15 00:00:00","drawdown_end_ts":1734220800000.0,"max_drawdown_low":-16.6996195,"max_drawdown_high":-0.946819,"csum_min":983.3003805,"csum_max":999.053181}},"strategy_comparison":[{"key":"MultiHorizonMomentum","trades":18,"profit_mean":-0.04630019303967795,"profit_mean_pct":-4.63,"profit_sum":-0.8334034747142032,"profit_sum_pct":-83.34,"profit_total_abs":-16.6996195,"profit_total":-0.016699619500000002,"profit_total_pct":-1.67,"duration_avg":"14:58:00","wins":0,"draws":0,"losses":18,"winrate":0.0,"cagr":-0.35535744122541957,"expectancy":-0.9277566388888889,"expectancy_ratio":-1.0,"sortino":-214.21500538084504,"sharpe":-214.21500538084504,"calmar":-136.46409410387682,"sqn":-35.957,"profit_factor":0.0,"max_drawdown_account":0.01669961950000004,"max_drawdown_abs":"16.7"}]}