{"strategy":{"MultiHorizonMomentum":{"trades":[{"pair":"BTC/USDT","stake_amount":19.66822,"max_stake_amount":19.66822,"amount":0.0002,"open_date":"2025-01-04 07:17:00+00:00","close_date":"2025-01-04 20:00:00+00:00","open_rate":98341.1,"close_rate":98166.26,"fee_open":0.0002,"fee_close":0.0002,"trade_duration":763,"profit_ratio":-0.0021771022519978442,"profit_abs":-0.04282829,"exit_reason":"custom_exit","initial_stop_loss_abs":68838.77,"initial_stop_loss_ratio":-0.3,"stop_loss_abs":68838.77,"stop_loss_ratio":-0.3,"min_rate":97514.79,"max_rate":98490.0,"is_open":false,"enter_tag":"","leverage":1.0,"is_short":false,"open_timestamp":1735975020000,"close_timestamp":1736020800000,"orders":[{"amount":0.0002,"safe_price":98341.1,"ft_order_side":"buy","order_filled_timestamp":1735975020000,"ft_is_entry":true,"ft_order_tag":"","cost":19.672153644},{"amount":0.0002,"safe_price":98166.26,"ft_order_side":"sell","order_filled_timestamp":1736020800000,"ft_is_entry":false,"ft_order_tag":"custom_exit","cost":19.6371786504}],"funding_fees":0.0},{"pair":"BTC/USDT","stake_amount":19.704618,"max_stake_amount":19.704618,"amount":0.0002,"open_date":"2025-01-04 20:37:00+00:00","close_date":"2025-01-04 20:41:00+00:00","open_rate":98523.09,"close_rate":98550.0,"fee_open":0.0002,"fee_close":0.0002,"trade_duration":4,"profit_ratio":-0.0001268951225553724,"profit_abs":-0.00250092,"exit_reason":"custom_exit","initial_stop_loss_abs":68966.17,"initial_stop_loss_ratio":-0.3,"stop_loss_abs":68966.17,"stop_loss_ratio":-0.3,"min_rate":98468.0,"max_rate":98613.27,"is_open":false,"enter_tag":"","leverage":1.0,"is_short":false,"open_timestamp":1736023020000,"close_timestamp":1736023260000,"orders":[{"amount":0.0002,"safe_price":98523.09,"ft_order_side":"buy","order_filled_timestamp":1736023020000,"ft_is_entry":true,"ft_order_tag":"","cost":19.7085589236},{"amount":0.0002,"safe_price":98550.0,"ft_order_side":"sell","order_filled_timestamp":1736023260000,"ft_is_entry":false,"ft_order_tag":"custom_exit","cost":19.713942}],"funding_fees":0.0},{"pair":"BTC/USDT","stake_amount":19.722654,"max_stake_amount":19.722654,"amount":0.0002,"open_date":"2025-01-04 20:42:00+00:00","close_date":"2025-01-04 20:43:00+00:00","open_rate":98613.27,"close_rate":98580.21,"fee_open":0.0002,"fee_close":0.0002,"trade_duration":1,"profit_ratio":-0.0007350349822023763,"profit_abs":-0.01449974,"exit_reason":"custom_exit","initial_stop_loss_abs":69029.29,"initial_stop_loss_ratio":-0.3,"stop_loss_abs":69029.29,"stop_loss_ratio":-0.3,"min_rate":98580.2,"max_rate":98671.02,"is_open":false,"enter_tag":"","leverage":1.0,"is_short":false,"open_timestamp":1736023320000,"close_timestamp":1736023380000,"orders":[{"amount":0.0002,"safe_price":98613.27,"ft_order_side":"buy","order_filled_timestamp":1736023320000,"ft_is_entry":true,"ft_order_tag":"","cost":19.7265985308},{"amount":0.0002,"safe_price":98580.21,"ft_order_side":"sell","order_filled_timestamp":1736023380000,"ft_is_entry":false,"ft_order_tag":"custom_exit","cost":19.7199852084}],"funding_fees":0.0},{"pair":"BTC/USDT","stake_amount":19.720806,"max_stake_amount":19.720806,"amount":0.0002,"open_date":"2025-01-04 20:44:00+00:00","close_date":"2025-01-04 21:00:00+00:00","open_rate":98604.03,"close_rate":98599.02,"fee_open":0.0002,"fee_close":0.0002,"trade_duration":16,"profit_ratio":-0.00045070887729100386,"profit_abs":-0.00889012,"exit_reason":"custom_exit","initial_stop_loss_abs":69022.83,"initial_stop_loss_ratio":-0.3,"stop_loss_abs":69022.83,"stop_loss_ratio":-0.3,"min_rate":98521.98,"max_rate":98710.5,"is_open":false,"enter_tag":"","leverage":1.0,"is_short":false,"open_timestamp":1736023440000,"close_timestamp":1736024400000,"orders":[{"amount":0.0002,"safe_price":98604.03,"ft_order_side":"buy","order_filled_timestamp":1736023440000,"ft_is_entry":true,"ft_order_tag":"","cost":19.7247501612},{"amount":0.0002,"safe_price":98599.02,"ft_order_side":"sell","order_filled_timestamp":1736024400000,"ft_is_entry":false,"ft_order_tag":"custom_exit","cost":19.723747960800004}],"funding_fees":0.0}],"locks":[],"best_pair":{"key":"BTC/USDT","trades":4,"profit_mean":-0.0008724353085116491,"profit_mean_pct":-0.09,"profit_sum":-0.0034897412340465965,"profit_sum_pct":-0.35,"profit_total_abs":-0.06871907,"profit_total":-6.871907e-05,"profit_total_pct":-0.01,"duration_avg":"3:16:00","wins":0,"draws":0,"losses":4,"winrate":0.0,"cagr":-0.012463342330868321,"expectancy":-0.0171797675,"expectancy_ratio":-1.0,"sortino":-42.612907151221755,"sharpe":-42.612907151221755,"calmar":-955.2486587265441,"sqn":-1.9316,"profit_factor":0.0,"max_drawdown_account":6.871907000004285e-05,"max_drawdown_abs":0.06871907},"worst_pair":{"key":"BTC/USDT","trades":4,"profit_mean":-0.0008724353085116491,"profit_mean_pct":-0.09,"profit_sum":-0.0034897412340465965,"profit_sum_pct":-0.35,"profit_total_abs":-0.06871907,"profit_total":-6.871907e-05,"profit_total_pct":-0.01,"duration_avg":"3:16:00","wins":0,"draws":0,"losses":4,"winrate":0.0,"cagr":-0.012463342330868321,"expectancy":-0.0171797675,"expectancy_ratio":-1.0,"sortino":-42.612907151221755,"sharpe":-42.612907151221755,"calmar":-955.2486587265441,"sqn":-1.9316,"profit_factor":0.0,"max_drawdown_account":6.871907000004285e-05,"max_drawdown_abs":0.06871907},"results_per_pair":[{"key":"BTC/USDT","trades":4,"profit_mean":-0.0008724353085116491,"profit_mean_pct":-0.09,"profit_sum":-0.0034897412340465965,"profit_sum_pct":-0.35,"profit_total_abs":-0.06871907,"profit_total":-6.871907e-05,"profit_total_pct":-0.01,"duration_avg":"3:16:00","wins":0,"draws":0,"losses":4,"winrate":0.0,"cagr":-0.012463342330868321,"expectancy":-0.0171797675,"expectancy_ratio":-1.0,"sortino":-42.612907151221755,"sharpe":-42.612907151221755,"calmar":-955.2486587265441,"sqn":-1.9316,"profit_factor":0.0,"max_drawdown_account":6.871907000004285e-05,"max_drawdown_abs":0.06871907},{"key":"TOTAL","trades":4,"profit_mean":-0.0008724353085116491,"profit_mean_pct":-0.09,"profit_sum":-0.0034897412340465965,"profit_sum_pct":-0.35,"profit_total_abs":-0.06871907,"profit_total":-6.871907e-05,"profit_total_pct":-0.01,"duration_avg":"3:16:00","wins":0,"draws":0,"losses":4,"winrate":0.0,"cagr":-0.012463342330868321,"expectancy":-0.0171797675,"expectancy_ratio":-1.0,"sortino":-42.612907151221755,"sharpe":-42.612907151221755,"calmar":-955.2486587265441,"sqn":-1.9316,"profit_factor":0.0,"max_drawdown_account":6.871907000004285e-05,"max_drawdown_abs":0.06871907}],"results_per_enter_tag":[{"key":"","trades":4,"profit_mean":-0.0008724353085116491,"profit_mean_pct":-0.09,"profit_sum":-0.0034897412340465965,"profit_sum_pct":-0.35,"profit_total_abs":-0.06871907,"profit_total":-6.871907e-05,"profit_total_pct":-0.01,"duration_avg":"3:16:00","wins":0,"draws":0,"losses":4,"winrate":0.0,"cagr":-0.012463342330868321,"expectancy":-0.0171797675,"expectancy_ratio":-1.0,"sortino":-42.612907151221755,"sharpe":-42.612907151221755,"calmar":-955.2486587265441,"sqn":-1.9316,"profit_factor":0.0,"max_drawdown_account":6.871907000004285e-05,"max_drawdown_abs":0.06871907},{"key":"TOTAL","trades":4,"profit_mean":-0.0008724353085116491,"profit_mean_pct":-0.09,"profit_sum":-0.0034897412340465965,"profit_sum_pct":-0.35,"profit_total_abs":-0.06871907,"profit_total":-6.871907e-05,"profit_total_pct":-0.01,"duration_avg":"3:16:00","wins":0,"draws":0,"losses":4,"winrate":0.0,"cagr":-0.012463342330868321,"expectancy":-0.0171797675,"expectancy_ratio":-1.0,"sortino":-42.612907151221755,"sharpe":-42.612907151221755,"calmar":-955.2486587265441,"sqn":-1.9316,"profit_factor":0.0,"max_drawdown_account":6.871907000004285e-05,"max_drawdown_abs":0.06871907}],"exit_reason_summary":[{"key":"custom_exit","trades":4,"profit_mean":-0.0008724353085116491,"profit_mean_pct":-0.09,"profit_sum":-0.0034897412340465965,"profit_sum_pct":-0.35,"profit_total_abs":-0.06871907,"profit_total":-6.871907e-05,"profit_total_pct":-0.01,"duration_avg":"3:16:00","wins":0,"draws":0,"losses":4,"winrate":0.0,"cagr":-0.012463342330868321,"expectancy":-0.0171797675,"expectancy_ratio":-1.0,"sortino":-42.612907151221755,"sharpe":-42.612907151221755,"calmar":-955.2486587265441,"sqn":-1.9316,"profit_factor":0.0,"max_drawdown_account":6.871907000004285e-05,"max_drawdown_abs":0.06871907},{"key":"TOTAL","trades":4,"profit_mean":-0.0008724353085116491,"profit_mean_pct":-0.09,"profit_sum":-0.0034897412340465965,"profit_sum_pct":-0.35,"profit_total_abs":-0.06871907,"profit_total":-6.871907e-05,"profit_total_pct":-0.01,"duration_avg":"3:16:00","wins":0,"draws":0,"losses":4,"winrate":0.0,"cagr":-0.012463342330868321,"expectancy":-0.0171797675,"expectancy_ratio":-1.0,"sortino":-42.612907151221755,"sharpe":-42.612907151221755,"calmar":-955.2486587265441,"sqn":-1.9316,"profit_factor":0.0,"max_drawdown_account":6.871907000004285e-05,"max_drawdown_abs":0.06871907}],"mix_tag_stats":[{"key":["","custom_exit"],"trades":4,"profit_mean":-0.0008724353085116491,"profit_mean_pct":-0.09,"profit_sum":-0.0034897412340465965,"profit_sum_pct":-0.35,"profit_total_abs":-0.06871907,"profit_total":-6.871907e-05,"profit_total_pct":-0.01,"duration_avg":"3:16:00","wins":0,"draws":0,"losses":4,"winrate":0.0,"cagr":-0.012463342330868321,"expectancy":-0.0171797675,"expectancy_ratio":-1.0,"sortino":-42.612907151221755,"sharpe":-42.612907151221755,"calmar":-955.2486587265441,"sqn":-1.9316,"profit_factor":0.0,"max_drawdown_account":6.871907000004285e-05,"max_drawdown_abs":0.06871907},{"key":"TOTAL","trades":4,"profit_mean":-0.0008724353085116491,"profit_mean_pct":-0.09,"profit_sum":-0.0034897412340465965,"profit_sum_pct":-0.35,"profit_total_abs":-0.06871907,"profit_total":-6.871907e-05,"profit_total_pct":-0.01,"duration_avg":"3:16:00","wins":0,"draws":0,"losses":4,"winrate":0.0,"cagr":-0.012463342330868321,"expectancy":-0.0171797675,"expectancy_ratio":-1.0,"sortino":-42.612907151221755,"sharpe":-42.612907151221755,"calmar":-955.2486587265441,"sqn":-1.9316,"profit_factor":0.0,"max_drawdown_account":6.871907000004285e-05,"max_drawdown_abs":0.06871907}],"left_open_trades":[{"key":"TOTAL","trades":0,"profit_mean":0.0,"profit_mean_pct":0.0,"profit_sum":0.0,"profit_sum_pct":0.0,"profit_total_abs":0.0,"profit_total":0.0,"profit_total_pct":0.0,"duration_avg":"0:00","wins":0,"draws":0,"losses":0,"winrate":0.0,"cagr":0.0,"expectancy":0.0,"expectancy_ratio":100.0,"sortino":0,"sharpe":0,"calmar":0,"sqn":0.0,"profit_factor":0.0,"max_drawdown_account":0.0,"max_drawdown_abs":0.0}],"total_trades":4,"trade_count_long":4,"trade_count_short":0,"total_volume":157.6269150792,"avg_stake_amount":19.7040745,"profit_mean":-0.0008724353085116491,"profit_median":-0.00059287192974669,"profit_total":-6.871907e-05,"profit_total_long":-6.871907e-05,"profit_total_short":0.0,"profit_total_abs":-0.06871907,"profit_total_long_abs":-0.06871907,"profit_total_short_abs":0.0,"cagr":-0.012463342330868321,"expectancy":-0.0171797675,"expectancy_ratio":-1.0,"sortino":-42.612907151221755,"sharpe":-42.612907151221755,"calmar":-955.2486587265441,"sqn":-1.9316,"profit_factor":0.0,"backtest_start":"2025-01-03 00:00:00","backtest_start_ts":1735862400000,"backtest_end":"2025-01-05 00:00:00","backtest_end_ts":1736035200000,"backtest_days":2,"backtest_run_start_ts":1752179423,"backtest_run_end_ts":1752179423,"trades_per_day":2.0,"market_change":0.013110303172280933,"pairlist":["BTC/USDT"],"stake_amount":20,"stake_currency":"USDT","stake_currency_decimals":3,"starting_balance":1000,"dry_run_wallet":1000,"final_balance":999.93128093,"rejected_signals":0,"timedout_entry_orders":0,"timedout_exit_orders":0,"canceled_trade_entries":0,"canceled_entry_orders":0,"replaced_entry_orders":0,"max_open_trades":1,"max_open_trades_setting":5,"timeframe":"1m","timeframe_detail":"","timerange":"20250103-20250105","enable_protections":false,"strategy_name":"MultiHorizonMomentum","stoploss":-0.3,"trailing_stop":false,"trailing_stop_positive":null,"trailing_stop_positive_offset":0.0,"trailing_only_offset_is_reached":false,"use_custom_stoploss":false,"minimal_roi":{},"use_exit_signal":true,"exit_profit_only":false,"exit_profit_offset":0.0,"ignore_roi_if_entry_signal":false,"trading_mode":"spot","margin_mode":"","periodic_breakdown":{"day":[{"date":"04/01/2025","date_ts":1735948800000,"profit_abs":-0.06871907,"wins":0,"draws":0,"losses":4,"trades":4,"profit_factor":0.0}],"week":[{"date":"06/01/2025","date_ts":1736121600000,"profit_abs":-0.06871907,"wins":0,"draws":0,"losses":4,"trades":4,"profit_factor":0.0}],"month":[{"date":"31/01/2025","date_ts":1738281600000,"profit_abs":-0.06871907,"wins":0,"draws":0,"losses":4,"trades":4,"profit_factor":0.0}],"year":[{"date":"31/12/2025","date_ts":1767139200000,"profit_abs":-0.06871907,"wins":0,"draws":0,"losses":4,"trades":4,"profit_factor":0.0}]},"backtest_best_day":-0.0034897412340465965,"backtest_worst_day":-0.0034897412340465965,"backtest_best_day_abs":-0.06871907,"backtest_worst_day_abs":-0.06871907,"winning_days":0,"draw_days":0,"losing_days":1,"daily_profit":[["2025-01-04",-0.06871907]],"wins":0,"losses":4,"draws":0,"winrate":0.0,"holding_avg":"3:16:00","holding_avg_s":11760.0,"winner_holding_min":"0d 00:00","winner_holding_min_s":0.0,"winner_holding_max":"0d 00:00","winner_holding_max_s":0.0,"winner_holding_avg":"0d 00:00","winner_holding_avg_s":0.0,"loser_holding_min":"0d 00:01","loser_holding_min_s":60.0,"loser_holding_max":"0d 12:43","loser_holding_max_s":45780.0,"loser_holding_avg":"0d 03:16","loser_holding_avg_s":11760.0,"max_consecutive_wins":0,"max_consecutive_losses":4,"max_drawdown_account":6.871907000004285e-05,"max_relative_drawdown":6.871907000004285e-05,"max_drawdown_abs":0.06871907,"drawdown_start":"2025-01-04 20:00:00","drawdown_start_ts":1736020800000.0,"drawdown_end":"2025-01-04 21:00:00","drawdown_end_ts":1736024400000.0,"max_drawdown_low":-0.06871907,"max_drawdown_high":-0.04282829,"csum_min":999.93128093,"csum_max":999.95717171}},"strategy_comparison":[{"key":"MultiHorizonMomentum","trades":4,"profit_mean":-0.0008724353085116491,"profit_mean_pct":-0.09,"profit_sum":-0.0034897412340465965,"profit_sum_pct":-0.35,"profit_total_abs":-0.06871907,"profit_total":-6.871907e-05,"profit_total_pct":-0.01,"duration_avg":"3:16:00","wins":0,"draws":0,"losses":4,"winrate":0.0,"cagr":-0.012463342330868321,"expectancy":-0.0171797675,"expectancy_ratio":-1.0,"sortino":-42.612907151221755,"sharpe":-42.612907151221755,"calmar":-955.2486587265441,"sqn":-1.9316,"profit_factor":0.0,"max_drawdown_account":6.871907000004285e-05,"max_drawdown_abs":"0.069"}]}