{"max_open_trades":10,"stake_currency":"USDT","stake_amount":100,"tradable_balance_ratio":0.99,"fiat_display_currency":"USD","dry_run":true,"dry_run_wallet":1000,"cancel_open_orders_on_exit":false,"trading_mode":"spot","margin_mode":"","unfilledtimeout":{"entry":10,"exit":10,"exit_timeout_count":0,"unit":"minutes"},"entry_pricing":{"price_side":"same","use_order_book":true,"order_book_top":1,"price_last_balance":0.0,"check_depth_of_market":{"enabled":false,"bids_to_ask_delta":1}},"exit_pricing":{"price_side":"same","use_order_book":true,"order_book_top":1},"order_types":{"entry":"limit","exit":"limit","stoploss":"market","stoploss_on_exchange":false,"stoploss_on_exchange_interval":60},"exchange":{"name":"binance","key":"REDACTED","secret":"REDACTED","ccxt_config":{},"ccxt_async_config":{},"trading":{"fees":{"trading":{"maker":0.0002,"taker":0.0004}}},"pair_whitelist":"['BTC/USDT', 'ETH/USDT']","pair_blacklist":["BNB/.*"]},"pairlists":[{"method":"StaticPairList"}],"timeframe":"1m","informative_pairs":[],"startup_candle_count":400,"bot_name":"freqtrade","force_entry_enable":false,"initial_state":"running","internals":{"process_throttle_secs":5},"api_server":{"enabled":true,"listen_ip_address":"0.0.0.0","listen_port":8080,"verbosity":"error","enable_openapi":false,"jwt_secret_key":"somethingrandom","CORS_origins":[],"username":"freqtrader","password":"REDACTED"},"telegram":{"enabled":true,"token":"REDACTED","chat_id":"REDACTED"},"strategy":"SampleStrategy","strategy_path":"user_data/strategies/","db_url":"sqlite:///user_data/tradesv3.sqlite","logfile":"user_data/logs/freqtrade.log","user_data_dir":"user_data","dataformat_ohlcv":"json","dataformat_trades":"jsongz","config_files":["user_data/config.json"]}