{"strategy":{"MultiHorizonMomentum":{"trades":[{"pair":"BTC/USDT","stake_amount":99.4845592,"max_stake_amount":99.4845592,"amount":0.00104,"open_date":"2025-01-02 04:39:00+00:00","close_date":"2025-01-02 04:39:00+00:00","open_rate":95658.23,"close_rate":95658.23,"fee_open":0.1,"fee_close":0.1,"trade_duration":0,"profit_ratio":-0.18181818181818185,"profit_abs":-19.89691184,"exit_reason":"custom_exit","initial_stop_loss_abs":66960.77,"initial_stop_loss_ratio":-0.3,"stop_loss_abs":66960.77,"stop_loss_ratio":-0.3,"min_rate":95658.23,"max_rate":95768.79,"is_open":false,"enter_tag":"","leverage":1.0,"is_short":false,"open_timestamp":1735792740000,"close_timestamp":1735792740000,"orders":[{"amount":0.00104,"safe_price":95658.23,"ft_order_side":"buy","order_filled_timestamp":1735792740000,"ft_is_entry":true,"ft_order_tag":"","cost":109.43301512000001},{"amount":0.00104,"safe_price":95658.23,"ft_order_side":"sell","order_filled_timestamp":1735792740000,"ft_is_entry":false,"ft_order_tag":"custom_exit","cost":109.43301512000001}],"funding_fees":0.0},{"pair":"BTC/USDT","stake_amount":99.729708,"max_stake_amount":99.729708,"amount":0.00104,"open_date":"2025-01-02 04:42:00+00:00","close_date":"2025-01-02 04:42:00+00:00","open_rate":95893.95,"close_rate":95893.95,"fee_open":0.1,"fee_close":0.1,"trade_duration":0,"profit_ratio":-0.18181818181818182,"profit_abs":-19.9459416,"exit_reason":"custom_exit","initial_stop_loss_abs":67125.77,"initial_stop_loss_ratio":-0.3,"stop_loss_abs":67125.77,"stop_loss_ratio":-0.3,"min_rate":95883.11,"max_rate":95970.0,"is_open":false,"enter_tag":"","leverage":1.0,"is_short":false,"open_timestamp":1735792920000,"close_timestamp":1735792920000,"orders":[{"amount":0.00104,"safe_price":95893.95,"ft_order_side":"buy","order_filled_timestamp":1735792920000,"ft_is_entry":true,"ft_order_tag":"","cost":109.7026788},{"amount":0.00104,"safe_price":95893.95,"ft_order_side":"sell","order_filled_timestamp":1735792920000,"ft_is_entry":false,"ft_order_tag":"custom_exit","cost":109.7026788}],"funding_fees":0.0},{"pair":"BTC/USDT","stake_amount":99.324511,"max_stake_amount":99.324511,"amount":0.00101,"open_date":"2025-01-04 07:17:00+00:00","close_date":"2025-01-04 20:00:00+00:00","open_rate":98341.1,"close_rate":98166.26,"fee_open":0.1,"fee_close":0.1,"trade_duration":763,"profit_ratio":-0.18327282193397176,"profit_abs":-20.02383176,"exit_reason":"custom_exit","initial_stop_loss_abs":68838.77,"initial_stop_loss_ratio":-0.3,"stop_loss_abs":68838.77,"stop_loss_ratio":-0.3,"min_rate":97514.79,"max_rate":98490.0,"is_open":false,"enter_tag":"","leverage":1.0,"is_short":false,"open_timestamp":1735975020000,"close_timestamp":1736020800000,"orders":[{"amount":0.00101,"safe_price":98341.1,"ft_order_side":"buy","order_filled_timestamp":1735975020000,"ft_is_entry":true,"ft_order_tag":"","cost":109.25696210000002},{"amount":0.00101,"safe_price":98166.26,"ft_order_side":"sell","order_filled_timestamp":1736020800000,"ft_is_entry":false,"ft_order_tag":"custom_exit","cost":109.06271486000001}],"funding_fees":0.0},{"pair":"BTC/USDT","stake_amount":99.5083209,"max_stake_amount":99.5083209,"amount":0.00101,"open_date":"2025-01-04 20:37:00+00:00","close_date":"2025-01-04 20:40:00+00:00","open_rate":98523.09,"close_rate":98478.61,"fee_open":0.1,"fee_close":0.1,"trade_duration":3,"profit_ratio":-0.18218756454128487,"profit_abs":-19.9420965,"exit_reason":"custom_exit","initial_stop_loss_abs":68966.17,"initial_stop_loss_ratio":-0.3,"stop_loss_abs":68966.17,"stop_loss_ratio":-0.3,"min_rate":98468.0,"max_rate":98550.0,"is_open":false,"enter_tag":"","leverage":1.0,"is_short":false,"open_timestamp":1736023020000,"close_timestamp":1736023200000,"orders":[{"amount":0.00101,"safe_price":98523.09,"ft_order_side":"buy","order_filled_timestamp":1736023020000,"ft_is_entry":true,"ft_order_tag":"","cost":109.45915299},{"amount":0.00101,"safe_price":98478.61,"ft_order_side":"sell","order_filled_timestamp":1736023200000,"ft_is_entry":false,"ft_order_tag":"custom_exit","cost":109.40973571000002}],"funding_fees":0.0},{"pair":"BTC/USDT","stake_amount":99.5994027,"max_stake_amount":99.5994027,"amount":0.00101,"open_date":"2025-01-04 20:42:00+00:00","close_date":"2025-01-04 20:43:00+00:00","open_rate":98613.27,"close_rate":98580.21,"fee_open":0.1,"fee_close":0.1,"trade_duration":1,"profit_ratio":-0.18209247645326582,"profit_abs":-19.94993208,"exit_reason":"custom_exit","initial_stop_loss_abs":69029.29,"initial_stop_loss_ratio":-0.3,"stop_loss_abs":69029.29,"stop_loss_ratio":-0.3,"min_rate":98580.2,"max_rate":98671.02,"is_open":false,"enter_tag":"","leverage":1.0,"is_short":false,"open_timestamp":1736023320000,"close_timestamp":1736023380000,"orders":[{"amount":0.00101,"safe_price":98613.27,"ft_order_side":"buy","order_filled_timestamp":1736023320000,"ft_is_entry":true,"ft_order_tag":"","cost":109.55934297000002},{"amount":0.00101,"safe_price":98580.21,"ft_order_side":"sell","order_filled_timestamp":1736023380000,"ft_is_entry":false,"ft_order_tag":"custom_exit","cost":109.52261331000003}],"funding_fees":0.0},{"pair":"BTC/USDT","stake_amount":99.5900703,"max_stake_amount":99.5900703,"amount":0.00101,"open_date":"2025-01-04 20:44:00+00:00","close_date":"2025-01-04 20:56:00+00:00","open_rate":98604.03,"close_rate":98602.02,"fee_open":0.1,"fee_close":0.1,"trade_duration":12,"profit_ratio":-0.18183486009648894,"profit_abs":-19.91984115,"exit_reason":"custom_exit","initial_stop_loss_abs":69022.83,"initial_stop_loss_ratio":-0.3,"stop_loss_abs":69022.83,"stop_loss_ratio":-0.3,"min_rate":98521.98,"max_rate":98626.97,"is_open":false,"enter_tag":"","leverage":1.0,"is_short":false,"open_timestamp":1736023440000,"close_timestamp":1736024160000,"orders":[{"amount":0.00101,"safe_price":98604.03,"ft_order_side":"buy","order_filled_timestamp":1736023440000,"ft_is_entry":true,"ft_order_tag":"","cost":109.54907733000002},{"amount":0.00101,"safe_price":98602.02,"ft_order_side":"sell","order_filled_timestamp":1736024160000,"ft_is_entry":false,"ft_order_tag":"custom_exit","cost":109.54684422000003}],"funding_fees":0.0},{"pair":"BTC/USDT","stake_amount":99.7047659,"max_stake_amount":99.7047659,"amount":0.00101,"open_date":"2025-01-05 22:40:00+00:00","close_date":"2025-01-05 22:57:00+00:00","open_rate":98717.59,"close_rate":98687.4,"fee_open":0.1,"fee_close":0.1,"trade_duration":17,"profit_ratio":-0.18206839972859584,"profit_abs":-19.96839589,"exit_reason":"custom_exit","initial_stop_loss_abs":69102.32,"initial_stop_loss_ratio":-0.3,"stop_loss_abs":69102.32,"stop_loss_ratio":-0.3,"min_rate":98516.27,"max_rate":98738.6,"is_open":false,"enter_tag":"","leverage":1.0,"is_short":false,"open_timestamp":1736116800000,"close_timestamp":1736117820000,"orders":[{"amount":0.00101,"safe_price":98717.59,"ft_order_side":"buy","order_filled_timestamp":1736116800000,"ft_is_entry":true,"ft_order_tag":"","cost":109.67524249},{"amount":0.00101,"safe_price":98687.4,"ft_order_side":"sell","order_filled_timestamp":1736117820000,"ft_is_entry":false,"ft_order_tag":"custom_exit","cost":109.6417014}],"funding_fees":0.0},{"pair":"BTC/USDT","stake_amount":99.8796373,"max_stake_amount":99.8796373,"amount":0.00101,"open_date":"2025-01-06 02:02:00+00:00","close_date":"2025-01-06 02:03:00+00:00","open_rate":98890.73,"close_rate":98866.41,"fee_open":0.1,"fee_close":0.1,"trade_duration":1,"profit_ratio":-0.18201939564093528,"profit_abs":-19.99803434,"exit_reason":"custom_exit","initial_stop_loss_abs":69223.52,"initial_stop_loss_ratio":-0.3,"stop_loss_abs":69223.52,"stop_loss_ratio":-0.3,"min_rate":98816.9,"max_rate":98939.4,"is_open":false,"enter_tag":"","leverage":1.0,"is_short":false,"open_timestamp":1736128920000,"close_timestamp":1736128980000,"orders":[{"amount":0.00101,"safe_price":98890.73,"ft_order_side":"buy","order_filled_timestamp":1736128920000,"ft_is_entry":true,"ft_order_tag":"","cost":109.86760103},{"amount":0.00101,"safe_price":98866.41,"ft_order_side":"sell","order_filled_timestamp":1736128980000,"ft_is_entry":false,"ft_order_tag":"custom_exit","cost":109.84058151000002}],"funding_fees":0.0},{"pair":"BTC/USDT","stake_amount":99.12003,"max_stake_amount":99.12003,"amount":0.001,"open_date":"2025-01-06 02:06:00+00:00","close_date":"2025-01-06 02:06:00+00:00","open_rate":99120.03,"close_rate":99120.03,"fee_open":0.1,"fee_close":0.1,"trade_duration":0,"profit_ratio":-0.18181818181818182,"profit_abs":-19.824006,"exit_reason":"custom_exit","initial_stop_loss_abs":69384.03,"initial_stop_loss_ratio":-0.3,"stop_loss_abs":69384.03,"stop_loss_ratio":-0.3,"min_rate":99023.01,"max_rate":99238.99,"is_open":false,"enter_tag":"","leverage":1.0,"is_short":false,"open_timestamp":1736129160000,"close_timestamp":1736129160000,"orders":[{"amount":0.001,"safe_price":99120.03,"ft_order_side":"buy","order_filled_timestamp":1736129160000,"ft_is_entry":true,"ft_order_tag":"","cost":109.03203300000001},{"amount":0.001,"safe_price":99120.03,"ft_order_side":"sell","order_filled_timestamp":1736129160000,"ft_is_entry":false,"ft_order_tag":"custom_exit","cost":109.03203300000001}],"funding_fees":0.0},{"pair":"BTC/USDT","stake_amount":99.05008,"max_stake_amount":99.05008,"amount":0.001,"open_date":"2025-01-06 02:07:00+00:00","close_date":"2025-01-06 02:07:00+00:00","open_rate":99050.08,"close_rate":99050.08,"fee_open":0.1,"fee_close":0.1,"trade_duration":0,"profit_ratio":-0.18181818181818182,"profit_abs":-19.810016,"exit_reason":"custom_exit","initial_stop_loss_abs":69335.06,"initial_stop_loss_ratio":-0.3,"stop_loss_abs":69335.06,"stop_loss_ratio":-0.3,"min_rate":99005.0,"max_rate":99240.0,"is_open":false,"enter_tag":"","leverage":1.0,"is_short":false,"open_timestamp":1736129220000,"close_timestamp":1736129220000,"orders":[{"amount":0.001,"safe_price":99050.08,"ft_order_side":"buy","order_filled_timestamp":1736129220000,"ft_is_entry":true,"ft_order_tag":"","cost":108.95508800000002},{"amount":0.001,"safe_price":99050.08,"ft_order_side":"sell","order_filled_timestamp":1736129220000,"ft_is_entry":false,"ft_order_tag":"custom_exit","cost":108.95508800000002}],"funding_fees":0.0},{"pair":"BTC/USDT","stake_amount":99.24001,"max_stake_amount":99.24001,"amount":0.001,"open_date":"2025-01-06 02:09:00+00:00","close_date":"2025-01-06 02:10:00+00:00","open_rate":99240.01,"close_rate":99222.2,"fee_open":0.1,"fee_close":0.1,"trade_duration":1,"profit_ratio":-0.1819650159245248,"profit_abs":-19.864031,"exit_reason":"custom_exit","initial_stop_loss_abs":69468.01,"initial_stop_loss_ratio":-0.3,"stop_loss_abs":69468.01,"stop_loss_ratio":-0.3,"min_rate":99196.85,"max_rate":99333.0,"is_open":false,"enter_tag":"","leverage":1.0,"is_short":false,"open_timestamp":1736129340000,"close_timestamp":1736129400000,"orders":[{"amount":0.001,"safe_price":99240.01,"ft_order_side":"buy","order_filled_timestamp":1736129340000,"ft_is_entry":true,"ft_order_tag":"","cost":109.164011},{"amount":0.001,"safe_price":99222.2,"ft_order_side":"sell","order_filled_timestamp":1736129400000,"ft_is_entry":false,"ft_order_tag":"custom_exit","cost":109.14442000000001}],"funding_fees":0.0},{"pair":"BTC/USDT","stake_amount":99.40739,"max_stake_amount":99.40739,"amount":0.001,"open_date":"2025-01-06 04:20:00+00:00","close_date":"2025-01-06 04:20:00+00:00","open_rate":99407.39,"close_rate":99407.39,"fee_open":0.1,"fee_close":0.1,"trade_duration":0,"profit_ratio":-0.18181818181818182,"profit_abs":-19.881478,"exit_reason":"custom_exit","initial_stop_loss_abs":69585.18,"initial_stop_loss_ratio":-0.3,"stop_loss_abs":69585.18,"stop_loss_ratio":-0.3,"min_rate":99360.66,"max_rate":99444.0,"is_open":false,"enter_tag":"","leverage":1.0,"is_short":false,"open_timestamp":1736137200000,"close_timestamp":1736137200000,"orders":[{"amount":0.001,"safe_price":99407.39,"ft_order_side":"buy","order_filled_timestamp":1736137200000,"ft_is_entry":true,"ft_order_tag":"","cost":109.34812900000001},{"amount":0.001,"safe_price":99407.39,"ft_order_side":"sell","order_filled_timestamp":1736137200000,"ft_is_entry":false,"ft_order_tag":"custom_exit","cost":109.34812900000001}],"funding_fees":0.0},{"pair":"BTC/USDT","stake_amount":99.54001,"max_stake_amount":99.54001,"amount":0.001,"open_date":"2025-01-06 05:07:00+00:00","close_date":"2025-01-06 05:07:00+00:00","open_rate":99540.01,"close_rate":99540.01,"fee_open":0.1,"fee_close":0.1,"trade_duration":0,"profit_ratio":-0.18181818181818182,"profit_abs":-19.908002,"exit_reason":"custom_exit","initial_stop_loss_abs":69678.01,"initial_stop_loss_ratio":-0.3,"stop_loss_abs":69678.01,"stop_loss_ratio":-0.3,"min_rate":99540.0,"max_rate":99599.99,"is_open":false,"enter_tag":"","leverage":1.0,"is_short":false,"open_timestamp":1736140020000,"close_timestamp":1736140020000,"orders":[{"amount":0.001,"safe_price":99540.01,"ft_order_side":"buy","order_filled_timestamp":1736140020000,"ft_is_entry":true,"ft_order_tag":"","cost":109.494011},{"amount":0.001,"safe_price":99540.01,"ft_order_side":"sell","order_filled_timestamp":1736140020000,"ft_is_entry":false,"ft_order_tag":"custom_exit","cost":109.494011}],"funding_fees":0.0},{"pair":"BTC/USDT","stake_amount":99.81015,"max_stake_amount":99.81015,"amount":0.001,"open_date":"2025-01-06 05:35:00+00:00","close_date":"2025-01-06 05:46:00+00:00","open_rate":99810.15,"close_rate":99704.47,"fee_open":0.1,"fee_close":0.1,"trade_duration":11,"profit_ratio":-0.1826844810326951,"profit_abs":-20.057142,"exit_reason":"custom_exit","initial_stop_loss_abs":69867.11,"initial_stop_loss_ratio":-0.3,"stop_loss_abs":69867.11,"stop_loss_ratio":-0.3,"min_rate":99617.16,"max_rate":99830.8,"is_open":false,"enter_tag":"","leverage":1.0,"is_short":false,"open_timestamp":1736141700000,"close_timestamp":1736142360000,"orders":[{"amount":0.001,"safe_price":99810.15,"ft_order_side":"buy","order_filled_timestamp":1736141700000,"ft_is_entry":true,"ft_order_tag":"","cost":109.791165},{"amount":0.001,"safe_price":99704.47,"ft_order_side":"sell","order_filled_timestamp":1736142360000,"ft_is_entry":false,"ft_order_tag":"custom_exit","cost":109.67491700000001}],"funding_fees":0.0},{"pair":"BTC/USDT","stake_amount":99.2367896,"max_stake_amount":99.2367896,"amount":0.00104,"open_date":"2025-01-14 08:12:00+00:00","close_date":"2025-01-14 08:12:00+00:00","open_rate":95419.99,"close_rate":95419.99,"fee_open":0.1,"fee_close":0.1,"trade_duration":0,"profit_ratio":-0.18181818181818182,"profit_abs":-19.84735792,"exit_reason":"custom_exit","initial_stop_loss_abs":66794.0,"initial_stop_loss_ratio":-0.3,"stop_loss_abs":66794.0,"stop_loss_ratio":-0.3,"min_rate":95400.37,"max_rate":95527.0,"is_open":false,"enter_tag":"","leverage":1.0,"is_short":false,"open_timestamp":1736842320000,"close_timestamp":1736842320000,"orders":[{"amount":0.00104,"safe_price":95419.99,"ft_order_side":"buy","order_filled_timestamp":1736842320000,"ft_is_entry":true,"ft_order_tag":"","cost":109.16046856},{"amount":0.00104,"safe_price":95419.99,"ft_order_side":"sell","order_filled_timestamp":1736842320000,"ft_is_entry":false,"ft_order_tag":"custom_exit","cost":109.16046856}],"funding_fees":0.0},{"pair":"BTC/USDT","stake_amount":99.2888104,"max_stake_amount":99.2888104,"amount":0.00104,"open_date":"2025-01-14 08:13:00+00:00","close_date":"2025-01-14 08:13:00+00:00","open_rate":95470.01,"close_rate":95470.01,"fee_open":0.1,"fee_close":0.1,"trade_duration":0,"profit_ratio":-0.18181818181818182,"profit_abs":-19.85776208,"exit_reason":"custom_exit","initial_stop_loss_abs":66829.01,"initial_stop_loss_ratio":-0.3,"stop_loss_abs":66829.01,"stop_loss_ratio":-0.3,"min_rate":95470.0,"max_rate":95544.8,"is_open":false,"enter_tag":"","leverage":1.0,"is_short":false,"open_timestamp":1736842380000,"close_timestamp":1736842380000,"orders":[{"amount":0.00104,"safe_price":95470.01,"ft_order_side":"buy","order_filled_timestamp":1736842380000,"ft_is_entry":true,"ft_order_tag":"","cost":109.21769144},{"amount":0.00104,"safe_price":95470.01,"ft_order_side":"sell","order_filled_timestamp":1736842380000,"ft_is_entry":false,"ft_order_tag":"custom_exit","cost":109.21769144}],"funding_fees":0.0},{"pair":"BTC/USDT","stake_amount":99.5654504,"max_stake_amount":99.5654504,"amount":0.00104,"open_date":"2025-01-14 08:18:00+00:00","close_date":"2025-01-14 08:52:00+00:00","open_rate":95736.01,"close_rate":95710.99,"fee_open":0.1,"fee_close":0.1,"trade_duration":34,"profit_ratio":-0.18203200845552453,"profit_abs":-19.9365088,"exit_reason":"custom_exit","initial_stop_loss_abs":67015.21,"initial_stop_loss_ratio":-0.3,"stop_loss_abs":67015.21,"stop_loss_ratio":-0.3,"min_rate":95247.81,"max_rate":95819.7,"is_open":false,"enter_tag":"","leverage":1.0,"is_short":false,"open_timestamp":1736842680000,"close_timestamp":1736844720000,"orders":[{"amount":0.00104,"safe_price":95736.01,"ft_order_side":"buy","order_filled_timestamp":1736842680000,"ft_is_entry":true,"ft_order_tag":"","cost":109.52199544},{"amount":0.00104,"safe_price":95710.99,"ft_order_side":"sell","order_filled_timestamp":1736844720000,"ft_is_entry":false,"ft_order_tag":"custom_exit","cost":109.49337256}],"funding_fees":0.0},{"pair":"BTC/USDT","stake_amount":99.1635942,"max_stake_amount":99.1635942,"amount":0.00102,"open_date":"2025-01-14 09:50:00+00:00","close_date":"2025-01-14 09:50:00+00:00","open_rate":97219.21,"close_rate":97219.21,"fee_open":0.1,"fee_close":0.1,"trade_duration":0,"profit_ratio":-0.1818181818181818,"profit_abs":-19.83271884,"exit_reason":"custom_exit","initial_stop_loss_abs":68053.45,"initial_stop_loss_ratio":-0.3,"stop_loss_abs":68053.45,"stop_loss_ratio":-0.3,"min_rate":97109.47,"max_rate":97282.0,"is_open":false,"enter_tag":"","leverage":1.0,"is_short":false,"open_timestamp":1736848200000,"close_timestamp":1736848200000,"orders":[{"amount":0.00102,"safe_price":97219.21,"ft_order_side":"buy","order_filled_timestamp":1736848200000,"ft_is_entry":true,"ft_order_tag":"","cost":109.07995362000003},{"amount":0.00102,"safe_price":97219.21,"ft_order_side":"sell","order_filled_timestamp":1736848200000,"ft_is_entry":false,"ft_order_tag":"custom_exit","cost":109.07995362000003}],"funding_fees":0.0}],"locks":[],"best_pair":{"key":"BTC/USDT","trades":18,"profit_mean":-0.18202892556505126,"profit_mean_pct":-18.2,"profit_sum":-3.276520660170923,"profit_sum_pct":-327.65,"profit_total_abs":-358.46400780000005,"profit_total":-0.35846400780000004,"profit_total_pct":-35.85,"duration_avg":"0:47:00","wins":0,"draws":0,"losses":18,"winrate":0.0,"cagr":-0.9999905816078883,"expectancy":-19.914667100000003,"expectancy_ratio":-1.0,"sortino":-7194.629727115246,"sharpe":-7194.629727115246,"calmar":-136.46409410387713,"sqn":-1207.6526,"profit_factor":0.0,"max_drawdown_account":0.3584640078,"max_drawdown_abs":358.4640078},"worst_pair":{"key":"BTC/USDT","trades":18,"profit_mean":-0.18202892556505126,"profit_mean_pct":-18.2,"profit_sum":-3.276520660170923,"profit_sum_pct":-327.65,"profit_total_abs":-358.46400780000005,"profit_total":-0.35846400780000004,"profit_total_pct":-35.85,"duration_avg":"0:47:00","wins":0,"draws":0,"losses":18,"winrate":0.0,"cagr":-0.9999905816078883,"expectancy":-19.914667100000003,"expectancy_ratio":-1.0,"sortino":-7194.629727115246,"sharpe":-7194.629727115246,"calmar":-136.46409410387713,"sqn":-1207.6526,"profit_factor":0.0,"max_drawdown_account":0.3584640078,"max_drawdown_abs":358.4640078},"results_per_pair":[{"key":"BTC/USDT","trades":18,"profit_mean":-0.18202892556505126,"profit_mean_pct":-18.2,"profit_sum":-3.276520660170923,"profit_sum_pct":-327.65,"profit_total_abs":-358.46400780000005,"profit_total":-0.35846400780000004,"profit_total_pct":-35.85,"duration_avg":"0:47:00","wins":0,"draws":0,"losses":18,"winrate":0.0,"cagr":-0.9999905816078883,"expectancy":-19.914667100000003,"expectancy_ratio":-1.0,"sortino":-7194.629727115246,"sharpe":-7194.629727115246,"calmar":-136.46409410387713,"sqn":-1207.6526,"profit_factor":0.0,"max_drawdown_account":0.3584640078,"max_drawdown_abs":358.4640078},{"key":"TOTAL","trades":18,"profit_mean":-0.18202892556505126,"profit_mean_pct":-18.2,"profit_sum":-3.276520660170923,"profit_sum_pct":-327.65,"profit_total_abs":-358.46400780000005,"profit_total":-0.35846400780000004,"profit_total_pct":-35.85,"duration_avg":"0:47:00","wins":0,"draws":0,"losses":18,"winrate":0.0,"cagr":-0.9999905816078883,"expectancy":-19.914667100000003,"expectancy_ratio":-1.0,"sortino":-7194.629727115246,"sharpe":-7194.629727115246,"calmar":-136.46409410387713,"sqn":-1207.6526,"profit_factor":0.0,"max_drawdown_account":0.3584640078,"max_drawdown_abs":358.4640078}],"results_per_enter_tag":[{"key":"","trades":18,"profit_mean":-0.18202892556505126,"profit_mean_pct":-18.2,"profit_sum":-3.276520660170923,"profit_sum_pct":-327.65,"profit_total_abs":-358.46400780000005,"profit_total":-0.35846400780000004,"profit_total_pct":-35.85,"duration_avg":"0:47:00","wins":0,"draws":0,"losses":18,"winrate":0.0,"cagr":-0.9999905816078883,"expectancy":-19.914667100000003,"expectancy_ratio":-1.0,"sortino":-7194.629727115246,"sharpe":-7194.629727115246,"calmar":-136.46409410387713,"sqn":-1207.6526,"profit_factor":0.0,"max_drawdown_account":0.3584640078,"max_drawdown_abs":358.4640078},{"key":"TOTAL","trades":18,"profit_mean":-0.18202892556505126,"profit_mean_pct":-18.2,"profit_sum":-3.276520660170923,"profit_sum_pct":-327.65,"profit_total_abs":-358.46400780000005,"profit_total":-0.35846400780000004,"profit_total_pct":-35.85,"duration_avg":"0:47:00","wins":0,"draws":0,"losses":18,"winrate":0.0,"cagr":-0.9999905816078883,"expectancy":-19.914667100000003,"expectancy_ratio":-1.0,"sortino":-7194.629727115246,"sharpe":-7194.629727115246,"calmar":-136.46409410387713,"sqn":-1207.6526,"profit_factor":0.0,"max_drawdown_account":0.3584640078,"max_drawdown_abs":358.4640078}],"exit_reason_summary":[{"key":"custom_exit","trades":18,"profit_mean":-0.18202892556505126,"profit_mean_pct":-18.2,"profit_sum":-3.276520660170923,"profit_sum_pct":-327.65,"profit_total_abs":-358.46400780000005,"profit_total":-0.35846400780000004,"profit_total_pct":-35.85,"duration_avg":"0:47:00","wins":0,"draws":0,"losses":18,"winrate":0.0,"cagr":-0.9999905816078883,"expectancy":-19.914667100000003,"expectancy_ratio":-1.0,"sortino":-7194.629727115246,"sharpe":-7194.629727115246,"calmar":-136.46409410387713,"sqn":-1207.6526,"profit_factor":0.0,"max_drawdown_account":0.3584640078,"max_drawdown_abs":358.4640078},{"key":"TOTAL","trades":18,"profit_mean":-0.18202892556505126,"profit_mean_pct":-18.2,"profit_sum":-3.276520660170923,"profit_sum_pct":-327.65,"profit_total_abs":-358.46400780000005,"profit_total":-0.35846400780000004,"profit_total_pct":-35.85,"duration_avg":"0:47:00","wins":0,"draws":0,"losses":18,"winrate":0.0,"cagr":-0.9999905816078883,"expectancy":-19.914667100000003,"expectancy_ratio":-1.0,"sortino":-7194.629727115246,"sharpe":-7194.629727115246,"calmar":-136.46409410387713,"sqn":-1207.6526,"profit_factor":0.0,"max_drawdown_account":0.3584640078,"max_drawdown_abs":358.4640078}],"mix_tag_stats":[{"key":["","custom_exit"],"trades":18,"profit_mean":-0.18202892556505126,"profit_mean_pct":-18.2,"profit_sum":-3.276520660170923,"profit_sum_pct":-327.65,"profit_total_abs":-358.46400780000005,"profit_total":-0.35846400780000004,"profit_total_pct":-35.85,"duration_avg":"0:47:00","wins":0,"draws":0,"losses":18,"winrate":0.0,"cagr":-0.9999905816078883,"expectancy":-19.914667100000003,"expectancy_ratio":-1.0,"sortino":-7194.629727115246,"sharpe":-7194.629727115246,"calmar":-136.46409410387713,"sqn":-1207.6526,"profit_factor":0.0,"max_drawdown_account":0.3584640078,"max_drawdown_abs":358.4640078},{"key":"TOTAL","trades":18,"profit_mean":-0.18202892556505126,"profit_mean_pct":-18.2,"profit_sum":-3.276520660170923,"profit_sum_pct":-327.65,"profit_total_abs":-358.46400780000005,"profit_total":-0.35846400780000004,"profit_total_pct":-35.85,"duration_avg":"0:47:00","wins":0,"draws":0,"losses":18,"winrate":0.0,"cagr":-0.9999905816078883,"expectancy":-19.914667100000003,"expectancy_ratio":-1.0,"sortino":-7194.629727115246,"sharpe":-7194.629727115246,"calmar":-136.46409410387713,"sqn":-1207.6526,"profit_factor":0.0,"max_drawdown_account":0.3584640078,"max_drawdown_abs":358.4640078}],"left_open_trades":[{"key":"TOTAL","trades":0,"profit_mean":0.0,"profit_mean_pct":0.0,"profit_sum":0.0,"profit_sum_pct":0.0,"profit_total_abs":0.0,"profit_total":0.0,"profit_total_pct":0.0,"duration_avg":"0:00","wins":0,"draws":0,"losses":0,"winrate":0.0,"cagr":0.0,"expectancy":0.0,"expectancy_ratio":100.0,"sortino":0,"sharpe":0,"calmar":0,"sqn":0.0,"profit_factor":0.0,"max_drawdown_account":0.0,"max_drawdown_abs":0.0}],"total_trades":18,"trade_count_long":18,"trade_count_short":0,"total_volume":3938.0275880000004,"avg_stake_amount":99.45796055,"profit_mean":-0.18202892556505126,"profit_median":-0.1818265209573354,"profit_total":-0.35846400780000004,"profit_total_long":-0.35846400780000004,"profit_total_short":0.0,"profit_total_abs":-358.46400780000005,"profit_total_long_abs":-358.46400780000005,"profit_total_short_abs":0.0,"cagr":-0.9999905816078883,"expectancy":-19.914667100000003,"expectancy_ratio":-1.0,"sortino":-7194.629727115246,"sharpe":-7194.629727115246,"calmar":-136.46409410387713,"sqn":-1207.6526,"profit_factor":0.0,"backtest_start":"2025-01-01 00:00:00","backtest_start_ts":1735689600000,"backtest_end":"2025-01-15 00:00:00","backtest_end_ts":1736899200000,"backtest_days":14,"backtest_run_start_ts":1752202401,"backtest_run_end_ts":1752202402,"trades_per_day":1.29,"market_change":0.03193088670308053,"pairlist":["BTC/USDT"],"stake_amount":100,"stake_currency":"USDT","stake_currency_decimals":3,"starting_balance":1000,"dry_run_wallet":1000,"final_balance":641.5359922,"rejected_signals":0,"timedout_entry_orders":0,"timedout_exit_orders":0,"canceled_trade_entries":0,"canceled_entry_orders":0,"replaced_entry_orders":0,"max_open_trades":1,"max_open_trades_setting":10,"timeframe":"1m","timeframe_detail":"","timerange":"20250101-20250115","enable_protections":true,"strategy_name":"MultiHorizonMomentum","stoploss":-0.3,"trailing_stop":false,"trailing_stop_positive":null,"trailing_stop_positive_offset":0.0,"trailing_only_offset_is_reached":false,"use_custom_stoploss":false,"minimal_roi":{"0":0.003},"use_exit_signal":true,"exit_profit_only":false,"exit_profit_offset":0.0,"ignore_roi_if_entry_signal":false,"trading_mode":"spot","margin_mode":"","periodic_breakdown":{"day":[{"date":"02/01/2025","date_ts":1735776000000,"profit_abs":-39.84285344,"wins":0,"draws":0,"losses":2,"trades":2,"profit_factor":0.0},{"date":"03/01/2025","date_ts":1735862400000,"profit_abs":0.0,"wins":0,"draws":0,"losses":0,"trades":0,"profit_factor":0.0},{"date":"04/01/2025","date_ts":1735948800000,"profit_abs":-79.83570149,"wins":0,"draws":0,"losses":4,"trades":4,"profit_factor":0.0},{"date":"05/01/2025","date_ts":1736035200000,"profit_abs":-19.96839589,"wins":0,"draws":0,"losses":1,"trades":1,"profit_factor":0.0},{"date":"06/01/2025","date_ts":1736121600000,"profit_abs":-139.34270934,"wins":0,"draws":0,"losses":7,"trades":7,"profit_factor":0.0},{"date":"07/01/2025","date_ts":1736208000000,"profit_abs":0.0,"wins":0,"draws":0,"losses":0,"trades":0,"profit_factor":0.0},{"date":"08/01/2025","date_ts":1736294400000,"profit_abs":0.0,"wins":0,"draws":0,"losses":0,"trades":0,"profit_factor":0.0},{"date":"09/01/2025","date_ts":1736380800000,"profit_abs":0.0,"wins":0,"draws":0,"losses":0,"trades":0,"profit_factor":0.0},{"date":"10/01/2025","date_ts":1736467200000,"profit_abs":0.0,"wins":0,"draws":0,"losses":0,"trades":0,"profit_factor":0.0},{"date":"11/01/2025","date_ts":1736553600000,"profit_abs":0.0,"wins":0,"draws":0,"losses":0,"trades":0,"profit_factor":0.0},{"date":"12/01/2025","date_ts":1736640000000,"profit_abs":0.0,"wins":0,"draws":0,"losses":0,"trades":0,"profit_factor":0.0},{"date":"13/01/2025","date_ts":1736726400000,"profit_abs":0.0,"wins":0,"draws":0,"losses":0,"trades":0,"profit_factor":0.0},{"date":"14/01/2025","date_ts":1736812800000,"profit_abs":-79.47434764,"wins":0,"draws":0,"losses":4,"trades":4,"profit_factor":0.0}],"week":[{"date":"06/01/2025","date_ts":1736121600000,"profit_abs":-278.98966016,"wins":0,"draws":0,"losses":14,"trades":14,"profit_factor":0.0},{"date":"13/01/2025","date_ts":1736726400000,"profit_abs":0.0,"wins":0,"draws":0,"losses":0,"trades":0,"profit_factor":0.0},{"date":"20/01/2025","date_ts":1737331200000,"profit_abs":-79.47434764,"wins":0,"draws":0,"losses":4,"trades":4,"profit_factor":0.0}],"month":[{"date":"31/01/2025","date_ts":1738281600000,"profit_abs":-358.4640078,"wins":0,"draws":0,"losses":18,"trades":18,"profit_factor":0.0}],"year":[{"date":"31/12/2025","date_ts":1767139200000,"profit_abs":-358.4640078,"wins":0,"draws":0,"losses":18,"trades":18,"profit_factor":0.0}]},"backtest_best_day":0.0,"backtest_worst_day":-1.2739416198708824,"backtest_best_day_abs":0.0,"backtest_worst_day_abs":-139.34270934,"winning_days":0,"draw_days":8,"losing_days":5,"daily_profit":[["2025-01-02",-39.84285344],["2025-01-03",0.0],["2025-01-04",-79.83570149],["2025-01-05",-19.96839589],["2025-01-06",-139.34270934],["2025-01-07",0.0],["2025-01-08",0.0],["2025-01-09",0.0],["2025-01-10",0.0],["2025-01-11",0.0],["2025-01-12",0.0],["2025-01-13",0.0],["2025-01-14",-79.47434764]],"wins":0,"losses":18,"draws":0,"winrate":0.0,"holding_avg":"0:47:00","holding_avg_s":2820.0,"winner_holding_min":"0d 00:00","winner_holding_min_s":0.0,"winner_holding_max":"0d 00:00","winner_holding_max_s":0.0,"winner_holding_avg":"0d 00:00","winner_holding_avg_s":0.0,"loser_holding_min":"0d 00:00","loser_holding_min_s":0.0,"loser_holding_max":"0d 12:43","loser_holding_max_s":45780.0,"loser_holding_avg":"0d 00:47","loser_holding_avg_s":2820.0,"max_consecutive_wins":0,"max_consecutive_losses":18,"max_drawdown_account":0.3584640078,"max_relative_drawdown":0.3584640078,"max_drawdown_abs":358.4640078,"drawdown_start":"2025-01-02 04:39:00","drawdown_start_ts":1735792740000.0,"drawdown_end":"2025-01-14 09:50:00","drawdown_end_ts":1736848200000.0,"max_drawdown_low":-358.4640078,"max_drawdown_high":-19.89691184,"csum_min":641.5359922,"csum_max":980.10308816}},"strategy_comparison":[{"key":"MultiHorizonMomentum","trades":18,"profit_mean":-0.18202892556505126,"profit_mean_pct":-18.2,"profit_sum":-3.276520660170923,"profit_sum_pct":-327.65,"profit_total_abs":-358.46400780000005,"profit_total":-0.35846400780000004,"profit_total_pct":-35.85,"duration_avg":"0:47:00","wins":0,"draws":0,"losses":18,"winrate":0.0,"cagr":-0.9999905816078883,"expectancy":-19.914667100000003,"expectancy_ratio":-1.0,"sortino":-7194.629727115246,"sharpe":-7194.629727115246,"calmar":-136.46409410387713,"sqn":-1207.6526,"profit_factor":0.0,"max_drawdown_account":0.3584640078,"max_drawdown_abs":"358.464"}]}