{"strategy":{"MultiHorizonMomentum":{"trades":[{"pair":"BTC/USDT","stake_amount":19.5616,"max_stake_amount":19.5616,"amount":0.00032,"open_date":"2024-08-14 03:32:00+00:00","close_date":"2024-08-14 03:46:00+00:00","open_rate":61130.0,"close_rate":61172.18,"fee_open":0.0002,"fee_close":0.0002,"trade_duration":14,"profit_ratio":0.00028980892027058355,"profit_abs":0.00567026,"exit_reason":"custom_exit","initial_stop_loss_abs":42791.0,"initial_stop_loss_ratio":-0.3,"stop_loss_abs":42791.0,"stop_loss_ratio":-0.3,"min_rate":61036.84,"max_rate":61302.88,"is_open":false,"enter_tag":"","leverage":1.0,"is_short":false,"open_timestamp":1723606320000,"close_timestamp":1723607160000,"orders":[{"amount":0.00032,"safe_price":61130.0,"ft_order_side":"buy","order_filled_timestamp":1723606320000,"ft_is_entry":true,"ft_order_tag":"","cost":19.565512320000003},{"amount":0.00032,"safe_price":61172.18,"ft_order_side":"sell","order_filled_timestamp":1723607160000,"ft_is_entry":false,"ft_order_tag":"custom_exit","cost":19.579012619520004}],"funding_fees":0.0},{"pair":"BTC/USDT","stake_amount":19.6169216,"max_stake_amount":19.6169216,"amount":0.00032,"open_date":"2024-08-14 03:47:00+00:00","close_date":"2024-08-14 11:40:00+00:00","open_rate":61302.88,"close_rate":61293.0,"fee_open":0.0002,"fee_close":0.0002,"trade_duration":473,"profit_ratio":-0.000561022729082098,"profit_abs":-0.01100774,"exit_reason":"custom_exit","initial_stop_loss_abs":42912.02,"initial_stop_loss_ratio":-0.3,"stop_loss_abs":42912.02,"stop_loss_ratio":-0.3,"min_rate":60637.3,"max_rate":61399.0,"is_open":false,"enter_tag":"","leverage":1.0,"is_short":false,"open_timestamp":1723607220000,"close_timestamp":1723635600000,"orders":[{"amount":0.00032,"safe_price":61302.88,"ft_order_side":"buy","order_filled_timestamp":1723607220000,"ft_is_entry":true,"ft_order_tag":"","cost":19.62084498432},{"amount":0.00032,"safe_price":61293.0,"ft_order_side":"sell","order_filled_timestamp":1723635600000,"ft_is_entry":false,"ft_order_tag":"custom_exit","cost":19.617682752000004}],"funding_fees":0.0},{"pair":"BTC/USDT","stake_amount":19.7538,"max_stake_amount":19.7538,"amount":0.00033,"open_date":"2024-08-18 02:51:00+00:00","close_date":"2024-08-18 02:51:00+00:00","open_rate":59860.0,"close_rate":59860.0,"fee_open":0.0002,"fee_close":0.0002,"trade_duration":0,"profit_ratio":-0.0003999200159968007,"profit_abs":-0.00790152,"exit_reason":"custom_exit","initial_stop_loss_abs":41902.0,"initial_stop_loss_ratio":-0.3,"stop_loss_abs":41902.0,"stop_loss_ratio":-0.3,"min_rate":59853.0,"max_rate":59998.0,"is_open":false,"enter_tag":"","leverage":1.0,"is_short":false,"open_timestamp":1723949460000,"close_timestamp":1723949460000,"orders":[{"amount":0.00033,"safe_price":59860.0,"ft_order_side":"buy","order_filled_timestamp":1723949460000,"ft_is_entry":true,"ft_order_tag":"","cost":19.757750759999997},{"amount":0.00033,"safe_price":59860.0,"ft_order_side":"sell","order_filled_timestamp":1723949460000,"ft_is_entry":false,"ft_order_tag":"custom_exit","cost":19.757750759999997}],"funding_fees":0.0},{"pair":"BTC/USDT","stake_amount":19.7702934,"max_stake_amount":19.7702934,"amount":0.00033,"open_date":"2024-08-18 02:52:00+00:00","close_date":"2024-08-18 02:57:00+00:00","open_rate":59909.98,"close_rate":59926.53,"fee_open":0.0002,"fee_close":0.0002,"trade_duration":5,"profit_ratio":-0.00012378271310272118,"profit_abs":-0.00244771,"exit_reason":"custom_exit","initial_stop_loss_abs":41936.99,"initial_stop_loss_ratio":-0.3,"stop_loss_abs":41936.99,"stop_loss_ratio":-0.3,"min_rate":59824.0,"max_rate":59998.99,"is_open":false,"enter_tag":"","leverage":1.0,"is_short":false,"open_timestamp":1723949520000,"close_timestamp":1723949820000,"orders":[{"amount":0.00033,"safe_price":59909.98,"ft_order_side":"buy","order_filled_timestamp":1723949520000,"ft_is_entry":true,"ft_order_tag":"","cost":19.774247458679998},{"amount":0.00033,"safe_price":59926.53,"ft_order_side":"sell","order_filled_timestamp":1723949820000,"ft_is_entry":false,"ft_order_tag":"custom_exit","cost":19.77971005098}],"funding_fees":0.0},{"pair":"BTC/USDT","stake_amount":19.85676,"max_stake_amount":19.85676,"amount":0.00033,"open_date":"2024-08-18 02:59:00+00:00","close_date":"2024-08-18 02:59:00+00:00","open_rate":60172.0,"close_rate":60172.0,"fee_open":0.0002,"fee_close":0.0002,"trade_duration":0,"profit_ratio":-0.00039991981459434835,"profit_abs":-0.0079427,"exit_reason":"custom_exit","initial_stop_loss_abs":42120.4,"initial_stop_loss_ratio":-0.3,"stop_loss_abs":42120.4,"stop_loss_ratio":-0.3,"min_rate":60084.14,"max_rate":60259.01,"is_open":false,"enter_tag":"","leverage":1.0,"is_short":false,"open_timestamp":1723949940000,"close_timestamp":1723949940000,"orders":[{"amount":0.00033,"safe_price":60172.0,"ft_order_side":"buy","order_filled_timestamp":1723949940000,"ft_is_entry":true,"ft_order_tag":"","cost":19.860731352000002},{"amount":0.00033,"safe_price":60172.0,"ft_order_side":"sell","order_filled_timestamp":1723949940000,"ft_is_entry":false,"ft_order_tag":"custom_exit","cost":19.860731352000002}],"funding_fees":0.0},{"pair":"BTC/USDT","stake_amount":19.8415767,"max_stake_amount":19.8415767,"amount":0.00033,"open_date":"2024-08-18 03:00:00+00:00","close_date":"2024-08-18 03:00:00+00:00","open_rate":60125.99,"close_rate":60125.99,"fee_open":0.0002,"fee_close":0.0002,"trade_duration":0,"profit_ratio":-0.0003999199817321836,"profit_abs":-0.00793663,"exit_reason":"custom_exit","initial_stop_loss_abs":42088.2,"initial_stop_loss_ratio":-0.3,"stop_loss_abs":42088.2,"stop_loss_ratio":-0.3,"min_rate":59985.17,"max_rate":60254.77,"is_open":false,"enter_tag":"","leverage":1.0,"is_short":false,"open_timestamp":1723950000000,"close_timestamp":1723950000000,"orders":[{"amount":0.00033,"safe_price":60125.99,"ft_order_side":"buy","order_filled_timestamp":1723950000000,"ft_is_entry":true,"ft_order_tag":"","cost":19.84554501534},{"amount":0.00033,"safe_price":60125.99,"ft_order_side":"sell","order_filled_timestamp":1723950000000,"ft_is_entry":false,"ft_order_tag":"custom_exit","cost":19.84554501534}],"funding_fees":0.0},{"pair":"BTC/USDT","stake_amount":19.5180768,"max_stake_amount":19.5180768,"amount":0.00032,"open_date":"2024-08-23 05:21:00+00:00","close_date":"2024-08-23 05:25:00+00:00","open_rate":60993.99,"close_rate":60996.0,"fee_open":0.0002,"fee_close":0.0002,"trade_duration":4,"profit_ratio":-0.0003669791613131217,"profit_abs":-0.00716416,"exit_reason":"custom_exit","initial_stop_loss_abs":42695.8,"initial_stop_loss_ratio":-0.3,"stop_loss_abs":42695.8,"stop_loss_ratio":-0.3,"min_rate":60967.23,"max_rate":61028.01,"is_open":false,"enter_tag":"","leverage":1.0,"is_short":false,"open_timestamp":1724390460000,"close_timestamp":1724390700000,"orders":[{"amount":0.00032,"safe_price":60993.99,"ft_order_side":"buy","order_filled_timestamp":1724390460000,"ft_is_entry":true,"ft_order_tag":"","cost":19.521980415359998},{"amount":0.00032,"safe_price":60996.0,"ft_order_side":"sell","order_filled_timestamp":1724390700000,"ft_is_entry":false,"ft_order_tag":"custom_exit","cost":19.522623744}],"funding_fees":0.0},{"pair":"BTC/USDT","stake_amount":19.4468549,"max_stake_amount":19.4468549,"amount":0.00031,"open_date":"2024-08-23 17:48:00+00:00","close_date":"2024-08-23 17:48:00+00:00","open_rate":62731.79,"close_rate":62731.79,"fee_open":0.0002,"fee_close":0.0002,"trade_duration":0,"profit_ratio":-0.00039991991522944837,"profit_abs":-0.00777874,"exit_reason":"custom_exit","initial_stop_loss_abs":43912.26,"initial_stop_loss_ratio":-0.3,"stop_loss_abs":43912.26,"stop_loss_ratio":-0.3,"min_rate":62714.8,"max_rate":62886.0,"is_open":false,"enter_tag":"","leverage":1.0,"is_short":false,"open_timestamp":1724435280000,"close_timestamp":1724435280000,"orders":[{"amount":0.00031,"safe_price":62731.79,"ft_order_side":"buy","order_filled_timestamp":1724435280000,"ft_is_entry":true,"ft_order_tag":"","cost":19.45074427098},{"amount":0.00031,"safe_price":62731.79,"ft_order_side":"sell","order_filled_timestamp":1724435280000,"ft_is_entry":false,"ft_order_tag":"custom_exit","cost":19.45074427098}],"funding_fees":0.0},{"pair":"BTC/USDT","stake_amount":19.57712,"max_stake_amount":19.57712,"amount":0.00031,"open_date":"2024-08-23 18:01:00+00:00","close_date":"2024-08-23 18:21:00+00:00","open_rate":63152.0,"close_rate":63241.03,"fee_open":0.0002,"fee_close":0.0002,"trade_duration":20,"profit_ratio":0.0010092893236777999,"profit_abs":0.01976293,"exit_reason":"custom_exit","initial_stop_loss_abs":44206.4,"initial_stop_loss_ratio":-0.3,"stop_loss_abs":44206.4,"stop_loss_ratio":-0.3,"min_rate":62659.09,"max_rate":63354.99,"is_open":false,"enter_tag":"","leverage":1.0,"is_short":false,"open_timestamp":1724436060000,"close_timestamp":1724437260000,"orders":[{"amount":0.00031,"safe_price":63152.0,"ft_order_side":"buy","order_filled_timestamp":1724436060000,"ft_is_entry":true,"ft_order_tag":"","cost":19.581035424},{"amount":0.00031,"safe_price":63241.03,"ft_order_side":"sell","order_filled_timestamp":1724437260000,"ft_is_entry":false,"ft_order_tag":"custom_exit","cost":19.60864024386}],"funding_fees":0.0},{"pair":"BTC/USDT","stake_amount":19.98353,"max_stake_amount":19.98353,"amount":0.00031,"open_date":"2024-08-25 21:21:00+00:00","close_date":"2024-08-25 21:21:00+00:00","open_rate":64463.0,"close_rate":64463.0,"fee_open":0.0002,"fee_close":0.0002,"trade_duration":0,"profit_ratio":-0.0003999199159343952,"profit_abs":-0.00799341,"exit_reason":"custom_exit","initial_stop_loss_abs":45124.1,"initial_stop_loss_ratio":-0.3,"stop_loss_abs":45124.1,"stop_loss_ratio":-0.3,"min_rate":64462.75,"max_rate":64551.48,"is_open":false,"enter_tag":"","leverage":1.0,"is_short":false,"open_timestamp":1724620860000,"close_timestamp":1724620860000,"orders":[{"amount":0.00031,"safe_price":64463.0,"ft_order_side":"buy","order_filled_timestamp":1724620860000,"ft_is_entry":true,"ft_order_tag":"","cost":19.987526705999997},{"amount":0.00031,"safe_price":64463.0,"ft_order_side":"sell","order_filled_timestamp":1724620860000,"ft_is_entry":false,"ft_order_tag":"custom_exit","cost":19.987526705999997}],"funding_fees":0.0},{"pair":"BTC/USDT","stake_amount":19.3608,"max_stake_amount":19.3608,"amount":0.0003,"open_date":"2024-08-25 21:22:00+00:00","close_date":"2024-08-25 21:22:00+00:00","open_rate":64536.0,"close_rate":64536.0,"fee_open":0.0002,"fee_close":0.0002,"trade_duration":0,"profit_ratio":-0.0003999200159968006,"profit_abs":-0.00774432,"exit_reason":"custom_exit","initial_stop_loss_abs":45175.2,"initial_stop_loss_ratio":-0.3,"stop_loss_abs":45175.2,"stop_loss_ratio":-0.3,"min_rate":64526.07,"max_rate":64572.0,"is_open":false,"enter_tag":"","leverage":1.0,"is_short":false,"open_timestamp":1724620920000,"close_timestamp":1724620920000,"orders":[{"amount":0.0003,"safe_price":64536.0,"ft_order_side":"buy","order_filled_timestamp":1724620920000,"ft_is_entry":true,"ft_order_tag":"","cost":19.364672159999998},{"amount":0.0003,"safe_price":64536.0,"ft_order_side":"sell","order_filled_timestamp":1724620920000,"ft_is_entry":false,"ft_order_tag":"custom_exit","cost":19.364672159999998}],"funding_fees":0.0}],"locks":[],"best_pair":{"key":"BTC/USDT","trades":11,"profit_mean":-0.00019565509263941218,"profit_mean_pct":-0.02,"profit_sum":-0.002152206019033534,"profit_sum_pct":-0.22,"profit_total_abs":-0.04248373999999999,"profit_total":-4.248373999999999e-05,"profit_total_pct":-0.0,"duration_avg":"0:47:00","wins":2,"draws":0,"losses":9,"winrate":0.18181818181818182,"cagr":-0.0005167629152855735,"expectancy":-0.0038621581818181826,"expectancy_ratio":-0.5117932102697168,"sortino":-13.02153782141561,"sharpe":-3.152796609655758,"calmar":-51.850502072698355,"sqn":-1.4232,"profit_factor":0.37447496522590173,"max_drawdown_account":5.2178904132002076e-05,"max_drawdown_abs":0.05217920000000001},"worst_pair":{"key":"BTC/USDT","trades":11,"profit_mean":-0.00019565509263941218,"profit_mean_pct":-0.02,"profit_sum":-0.002152206019033534,"profit_sum_pct":-0.22,"profit_total_abs":-0.04248373999999999,"profit_total":-4.248373999999999e-05,"profit_total_pct":-0.0,"duration_avg":"0:47:00","wins":2,"draws":0,"losses":9,"winrate":0.18181818181818182,"cagr":-0.0005167629152855735,"expectancy":-0.0038621581818181826,"expectancy_ratio":-0.5117932102697168,"sortino":-13.02153782141561,"sharpe":-3.152796609655758,"calmar":-51.850502072698355,"sqn":-1.4232,"profit_factor":0.37447496522590173,"max_drawdown_account":5.2178904132002076e-05,"max_drawdown_abs":0.05217920000000001},"results_per_pair":[{"key":"BTC/USDT","trades":11,"profit_mean":-0.00019565509263941218,"profit_mean_pct":-0.02,"profit_sum":-0.002152206019033534,"profit_sum_pct":-0.22,"profit_total_abs":-0.04248373999999999,"profit_total":-4.248373999999999e-05,"profit_total_pct":-0.0,"duration_avg":"0:47:00","wins":2,"draws":0,"losses":9,"winrate":0.18181818181818182,"cagr":-0.0005167629152855735,"expectancy":-0.0038621581818181826,"expectancy_ratio":-0.5117932102697168,"sortino":-13.02153782141561,"sharpe":-3.152796609655758,"calmar":-51.850502072698355,"sqn":-1.4232,"profit_factor":0.37447496522590173,"max_drawdown_account":5.2178904132002076e-05,"max_drawdown_abs":0.05217920000000001},{"key":"TOTAL","trades":11,"profit_mean":-0.00019565509263941218,"profit_mean_pct":-0.02,"profit_sum":-0.002152206019033534,"profit_sum_pct":-0.22,"profit_total_abs":-0.04248373999999999,"profit_total":-4.248373999999999e-05,"profit_total_pct":-0.0,"duration_avg":"0:47:00","wins":2,"draws":0,"losses":9,"winrate":0.18181818181818182,"cagr":-0.0005167629152855735,"expectancy":-0.0038621581818181826,"expectancy_ratio":-0.5117932102697168,"sortino":-13.02153782141561,"sharpe":-3.152796609655758,"calmar":-51.850502072698355,"sqn":-1.4232,"profit_factor":0.37447496522590173,"max_drawdown_account":5.2178904132002076e-05,"max_drawdown_abs":0.05217920000000001}],"results_per_enter_tag":[{"key":"","trades":11,"profit_mean":-0.00019565509263941218,"profit_mean_pct":-0.02,"profit_sum":-0.002152206019033534,"profit_sum_pct":-0.22,"profit_total_abs":-0.04248373999999999,"profit_total":-4.248373999999999e-05,"profit_total_pct":-0.0,"duration_avg":"0:47:00","wins":2,"draws":0,"losses":9,"winrate":0.18181818181818182,"cagr":-0.0005167629152855735,"expectancy":-0.0038621581818181826,"expectancy_ratio":-0.5117932102697168,"sortino":-13.02153782141561,"sharpe":-3.152796609655758,"calmar":-51.850502072698355,"sqn":-1.4232,"profit_factor":0.37447496522590173,"max_drawdown_account":5.2178904132002076e-05,"max_drawdown_abs":0.05217920000000001},{"key":"TOTAL","trades":11,"profit_mean":-0.00019565509263941218,"profit_mean_pct":-0.02,"profit_sum":-0.002152206019033534,"profit_sum_pct":-0.22,"profit_total_abs":-0.04248373999999999,"profit_total":-4.248373999999999e-05,"profit_total_pct":-0.0,"duration_avg":"0:47:00","wins":2,"draws":0,"losses":9,"winrate":0.18181818181818182,"cagr":-0.0005167629152855735,"expectancy":-0.0038621581818181826,"expectancy_ratio":-0.5117932102697168,"sortino":-13.02153782141561,"sharpe":-3.152796609655758,"calmar":-51.850502072698355,"sqn":-1.4232,"profit_factor":0.37447496522590173,"max_drawdown_account":5.2178904132002076e-05,"max_drawdown_abs":0.05217920000000001}],"exit_reason_summary":[{"key":"custom_exit","trades":11,"profit_mean":-0.00019565509263941218,"profit_mean_pct":-0.02,"profit_sum":-0.002152206019033534,"profit_sum_pct":-0.22,"profit_total_abs":-0.04248373999999999,"profit_total":-4.248373999999999e-05,"profit_total_pct":-0.0,"duration_avg":"0:47:00","wins":2,"draws":0,"losses":9,"winrate":0.18181818181818182,"cagr":-0.0005167629152855735,"expectancy":-0.0038621581818181826,"expectancy_ratio":-0.5117932102697168,"sortino":-13.02153782141561,"sharpe":-3.152796609655758,"calmar":-51.850502072698355,"sqn":-1.4232,"profit_factor":0.37447496522590173,"max_drawdown_account":5.2178904132002076e-05,"max_drawdown_abs":0.05217920000000001},{"key":"TOTAL","trades":11,"profit_mean":-0.00019565509263941218,"profit_mean_pct":-0.02,"profit_sum":-0.002152206019033534,"profit_sum_pct":-0.22,"profit_total_abs":-0.04248373999999999,"profit_total":-4.248373999999999e-05,"profit_total_pct":-0.0,"duration_avg":"0:47:00","wins":2,"draws":0,"losses":9,"winrate":0.18181818181818182,"cagr":-0.0005167629152855735,"expectancy":-0.0038621581818181826,"expectancy_ratio":-0.5117932102697168,"sortino":-13.02153782141561,"sharpe":-3.152796609655758,"calmar":-51.850502072698355,"sqn":-1.4232,"profit_factor":0.37447496522590173,"max_drawdown_account":5.2178904132002076e-05,"max_drawdown_abs":0.05217920000000001}],"mix_tag_stats":[{"key":["","custom_exit"],"trades":11,"profit_mean":-0.00019565509263941218,"profit_mean_pct":-0.02,"profit_sum":-0.002152206019033534,"profit_sum_pct":-0.22,"profit_total_abs":-0.04248373999999999,"profit_total":-4.248373999999999e-05,"profit_total_pct":-0.0,"duration_avg":"0:47:00","wins":2,"draws":0,"losses":9,"winrate":0.18181818181818182,"cagr":-0.0005167629152855735,"expectancy":-0.0038621581818181826,"expectancy_ratio":-0.5117932102697168,"sortino":-13.02153782141561,"sharpe":-3.152796609655758,"calmar":-51.850502072698355,"sqn":-1.4232,"profit_factor":0.37447496522590173,"max_drawdown_account":5.2178904132002076e-05,"max_drawdown_abs":0.05217920000000001},{"key":"TOTAL","trades":11,"profit_mean":-0.00019565509263941218,"profit_mean_pct":-0.02,"profit_sum":-0.002152206019033534,"profit_sum_pct":-0.22,"profit_total_abs":-0.04248373999999999,"profit_total":-4.248373999999999e-05,"profit_total_pct":-0.0,"duration_avg":"0:47:00","wins":2,"draws":0,"losses":9,"winrate":0.18181818181818182,"cagr":-0.0005167629152855735,"expectancy":-0.0038621581818181826,"expectancy_ratio":-0.5117932102697168,"sortino":-13.02153782141561,"sharpe":-3.152796609655758,"calmar":-51.850502072698355,"sqn":-1.4232,"profit_factor":0.37447496522590173,"max_drawdown_account":5.2178904132002076e-05,"max_drawdown_abs":0.05217920000000001}],"left_open_trades":[{"key":"TOTAL","trades":0,"profit_mean":0.0,"profit_mean_pct":0.0,"profit_sum":0.0,"profit_sum_pct":0.0,"profit_total_abs":0.0,"profit_total":0.0,"profit_total_pct":0.0,"duration_avg":"0:00","wins":0,"draws":0,"losses":0,"winrate":0.0,"cagr":0.0,"expectancy":0.0,"expectancy_ratio":100.0,"sortino":0,"sharpe":0,"calmar":0,"sqn":0.0,"profit_factor":0.0,"max_drawdown_account":0.0,"max_drawdown_abs":0.0}],"total_trades":11,"trade_count_long":11,"trade_count_short":0,"total_volume":432.70523054136,"avg_stake_amount":19.662484854545454,"profit_mean":-0.00019565509263941218,"profit_median":-0.00039991991522944837,"profit_total":-4.248373999999999e-05,"profit_total_long":-4.248373999999999e-05,"profit_total_short":0.0,"profit_total_abs":-0.04248373999999999,"profit_total_long_abs":-0.04248373999999999,"profit_total_short_abs":0.0,"cagr":-0.0005167629152855735,"expectancy":-0.0038621581818181826,"expectancy_ratio":-0.5117932102697168,"sortino":-13.02153782141561,"sharpe":-3.152796609655758,"calmar":-51.850502072698355,"sqn":-1.4232,"profit_factor":0.37447496522590173,"backtest_start":"2024-08-01 00:00:00","backtest_start_ts":1722470400000,"backtest_end":"2024-08-31 00:00:00","backtest_end_ts":1725062400000,"backtest_days":30,"backtest_run_start_ts":1752178103,"backtest_run_end_ts":1752178103,"trades_per_day":0.37,"market_change":-0.0853112780717149,"pairlist":["BTC/USDT"],"stake_amount":20,"stake_currency":"USDT","stake_currency_decimals":3,"starting_balance":1000,"dry_run_wallet":1000,"final_balance":999.95751626,"rejected_signals":0,"timedout_entry_orders":0,"timedout_exit_orders":0,"canceled_trade_entries":0,"canceled_entry_orders":0,"replaced_entry_orders":0,"max_open_trades":1,"max_open_trades_setting":5,"timeframe":"1m","timeframe_detail":"","timerange":"20240801-20240831","enable_protections":false,"strategy_name":"MultiHorizonMomentum","stoploss":-0.3,"trailing_stop":false,"trailing_stop_positive":null,"trailing_stop_positive_offset":0.0,"trailing_only_offset_is_reached":false,"use_custom_stoploss":false,"minimal_roi":{},"use_exit_signal":true,"exit_profit_only":false,"exit_profit_offset":0.0,"ignore_roi_if_entry_signal":false,"trading_mode":"spot","margin_mode":"","periodic_breakdown":{"day":[{"date":"14/08/2024","date_ts":1723593600000,"profit_abs":-0.00533748,"wins":1,"draws":0,"losses":1,"trades":2,"profit_factor":0.51511573},{"date":"15/08/2024","date_ts":1723680000000,"profit_abs":0.0,"wins":0,"draws":0,"losses":0,"trades":0,"profit_factor":0.0},{"date":"16/08/2024","date_ts":1723766400000,"profit_abs":0.0,"wins":0,"draws":0,"losses":0,"trades":0,"profit_factor":0.0},{"date":"17/08/2024","date_ts":1723852800000,"profit_abs":0.0,"wins":0,"draws":0,"losses":0,"trades":0,"profit_factor":0.0},{"date":"18/08/2024","date_ts":1723939200000,"profit_abs":-0.02622856,"wins":0,"draws":0,"losses":4,"trades":4,"profit_factor":0.0},{"date":"19/08/2024","date_ts":1724025600000,"profit_abs":0.0,"wins":0,"draws":0,"losses":0,"trades":0,"profit_factor":0.0},{"date":"20/08/2024","date_ts":1724112000000,"profit_abs":0.0,"wins":0,"draws":0,"losses":0,"trades":0,"profit_factor":0.0},{"date":"21/08/2024","date_ts":1724198400000,"profit_abs":0.0,"wins":0,"draws":0,"losses":0,"trades":0,"profit_factor":0.0},{"date":"22/08/2024","date_ts":1724284800000,"profit_abs":0.0,"wins":0,"draws":0,"losses":0,"trades":0,"profit_factor":0.0},{"date":"23/08/2024","date_ts":1724371200000,"profit_abs":0.00482003,"wins":1,"draws":0,"losses":2,"trades":3,"profit_factor":1.32256322},{"date":"24/08/2024","date_ts":1724457600000,"profit_abs":0.0,"wins":0,"draws":0,"losses":0,"trades":0,"profit_factor":0.0},{"date":"25/08/2024","date_ts":1724544000000,"profit_abs":-0.01573773,"wins":0,"draws":0,"losses":2,"trades":2,"profit_factor":0.0}],"week":[{"date":"19/08/2024","date_ts":1724025600000,"profit_abs":-0.03156604,"wins":1,"draws":0,"losses":5,"trades":6,"profit_factor":0.15227775},{"date":"26/08/2024","date_ts":1724630400000,"profit_abs":-0.0109177,"wins":1,"draws":0,"losses":4,"trades":5,"profit_factor":0.64415007}],"month":[{"date":"31/08/2024","date_ts":1725062400000,"profit_abs":-0.04248374,"wins":2,"draws":0,"losses":9,"trades":11,"profit_factor":0.37447497}],"year":[{"date":"31/12/2024","date_ts":1735603200000,"profit_abs":-0.04248374,"wins":2,"draws":0,"losses":9,"trades":11,"profit_factor":0.37447497}]},"backtest_best_day":0.0002423902471352298,"backtest_worst_day":-0.0013235425254260538,"backtest_best_day_abs":0.00482003,"backtest_worst_day_abs":-0.02622856,"winning_days":1,"draw_days":8,"losing_days":3,"daily_profit":[["2024-08-14",-0.00533748],["2024-08-15",0.0],["2024-08-16",0.0],["2024-08-17",0.0],["2024-08-18",-0.02622856],["2024-08-19",0.0],["2024-08-20",0.0],["2024-08-21",0.0],["2024-08-22",0.0],["2024-08-23",0.00482003],["2024-08-24",0.0],["2024-08-25",-0.01573773]],"wins":2,"losses":9,"draws":0,"winrate":0.18181818181818182,"holding_avg":"0:47:00","holding_avg_s":2820.0,"winner_holding_min":"0d 00:14","winner_holding_min_s":840.0,"winner_holding_max":"0d 00:20","winner_holding_max_s":1200.0,"winner_holding_avg":"0d 00:17","winner_holding_avg_s":1020.0,"loser_holding_min":"0d 00:00","loser_holding_min_s":0.0,"loser_holding_max":"0d 07:53","loser_holding_max_s":28380.0,"loser_holding_avg":"0d 00:54","loser_holding_avg_s":3240.0,"max_consecutive_wins":1,"max_consecutive_losses":7,"max_drawdown_account":5.2178904132002076e-05,"max_relative_drawdown":5.2178904132002076e-05,"max_drawdown_abs":0.05217920000000001,"drawdown_start":"2024-08-14 03:46:00","drawdown_start_ts":1723607160000.0,"drawdown_end":"2024-08-23 17:48:00","drawdown_end_ts":1724435280000.0,"max_drawdown_low":-0.046508940000000006,"max_drawdown_high":0.00567026,"csum_min":999.95349106,"csum_max":1000.00567026}},"strategy_comparison":[{"key":"MultiHorizonMomentum","trades":11,"profit_mean":-0.00019565509263941218,"profit_mean_pct":-0.02,"profit_sum":-0.002152206019033534,"profit_sum_pct":-0.22,"profit_total_abs":-0.04248373999999999,"profit_total":-4.248373999999999e-05,"profit_total_pct":-0.0,"duration_avg":"0:47:00","wins":2,"draws":0,"losses":9,"winrate":0.18181818181818182,"cagr":-0.0005167629152855735,"expectancy":-0.0038621581818181826,"expectancy_ratio":-0.5117932102697168,"sortino":-13.02153782141561,"sharpe":-3.152796609655758,"calmar":-51.850502072698355,"sqn":-1.4232,"profit_factor":0.37447496522590173,"max_drawdown_account":5.2178904132002076e-05,"max_drawdown_abs":"0.052"}]}