{"strategy":{"MultiHorizonMomentum":{"trades":[{"pair":"BTC/USDT","stake_amount":19.383202,"max_stake_amount":19.383202,"amount":0.0002,"open_date":"2024-12-01 09:50:00+00:00","close_date":"2024-12-01 09:55:00+00:00","open_rate":96916.01,"close_rate":96943.58,"fee_open":0.1,"fee_close":0.1,"trade_duration":5,"profit_ratio":-0.18158543108146377,"profit_abs":-3.8716778,"exit_reason":"custom_exit","initial_stop_loss_abs":67841.21,"initial_stop_loss_ratio":-0.3,"stop_loss_abs":67841.21,"stop_loss_ratio":-0.3,"min_rate":96916.0,"max_rate":97000.0,"is_open":false,"enter_tag":"","leverage":1.0,"is_short":false,"open_timestamp":1733046600000,"close_timestamp":1733046900000,"orders":[{"amount":0.0002,"safe_price":96916.01,"ft_order_side":"buy","order_filled_timestamp":1733046600000,"ft_is_entry":true,"ft_order_tag":"","cost":21.321522200000004},{"amount":0.0002,"safe_price":96943.58,"ft_order_side":"sell","order_filled_timestamp":1733046900000,"ft_is_entry":false,"ft_order_tag":"custom_exit","cost":21.327587600000005}],"funding_fees":0.0},{"pair":"BTC/USDT","stake_amount":19.397602,"max_stake_amount":19.397602,"amount":0.0002,"open_date":"2024-12-01 10:01:00+00:00","close_date":"2024-12-01 10:35:00+00:00","open_rate":96988.01,"close_rate":96661.95,"fee_open":0.1,"fee_close":0.1,"trade_duration":34,"profit_ratio":-0.1845687936065499,"profit_abs":-3.9382112,"exit_reason":"exit_signal","initial_stop_loss_abs":67891.61,"initial_stop_loss_ratio":-0.3,"stop_loss_abs":67891.61,"stop_loss_ratio":-0.3,"min_rate":96652.94,"max_rate":97010.09,"is_open":false,"enter_tag":"","leverage":1.0,"is_short":false,"open_timestamp":1733047260000,"close_timestamp":1733049300000,"orders":[{"amount":0.0002,"safe_price":96988.01,"ft_order_side":"buy","order_filled_timestamp":1733047260000,"ft_is_entry":true,"ft_order_tag":"","cost":21.3373622},{"amount":0.0002,"safe_price":96661.95,"ft_order_side":"sell","order_filled_timestamp":1733049300000,"ft_is_entry":false,"ft_order_tag":"exit_signal","cost":21.265629}],"funding_fees":0.0},{"pair":"BTC/USDT","stake_amount":19.387026,"max_stake_amount":19.387026,"amount":0.0002,"open_date":"2024-12-01 11:10:00+00:00","close_date":"2024-12-01 11:25:00+00:00","open_rate":96935.13,"close_rate":96916.02,"fee_open":0.1,"fee_close":0.1,"trade_duration":15,"profit_ratio":-0.18197947994142621,"profit_abs":-3.880845,"exit_reason":"custom_exit","initial_stop_loss_abs":67854.6,"initial_stop_loss_ratio":-0.3,"stop_loss_abs":67854.6,"stop_loss_ratio":-0.3,"min_rate":96916.01,"max_rate":96978.0,"is_open":false,"enter_tag":"","leverage":1.0,"is_short":false,"open_timestamp":1733051400000,"close_timestamp":1733052300000,"orders":[{"amount":0.0002,"safe_price":96935.13,"ft_order_side":"buy","order_filled_timestamp":1733051400000,"ft_is_entry":true,"ft_order_tag":"","cost":21.325728600000005},{"amount":0.0002,"safe_price":96916.02,"ft_order_side":"sell","order_filled_timestamp":1733052300000,"ft_is_entry":false,"ft_order_tag":"custom_exit","cost":21.321524400000005}],"funding_fees":0.0},{"pair":"BTC/USDT","stake_amount":19.387998,"max_stake_amount":19.387998,"amount":0.0002,"open_date":"2024-12-01 11:27:00+00:00","close_date":"2024-12-01 11:30:00+00:00","open_rate":96939.99,"close_rate":96975.58,"fee_open":0.1,"fee_close":0.1,"trade_duration":3,"profit_ratio":-0.18151779917001884,"profit_abs":-3.8711934,"exit_reason":"custom_exit","initial_stop_loss_abs":67858.0,"initial_stop_loss_ratio":-0.3,"stop_loss_abs":67858.0,"stop_loss_ratio":-0.3,"min_rate":96939.99,"max_rate":97000.0,"is_open":false,"enter_tag":"","leverage":1.0,"is_short":false,"open_timestamp":1733052420000,"close_timestamp":1733052600000,"orders":[{"amount":0.0002,"safe_price":96939.99,"ft_order_side":"buy","order_filled_timestamp":1733052420000,"ft_is_entry":true,"ft_order_tag":"","cost":21.326797800000005},{"amount":0.0002,"safe_price":96975.58,"ft_order_side":"sell","order_filled_timestamp":1733052600000,"ft_is_entry":false,"ft_order_tag":"custom_exit","cost":21.334627600000005}],"funding_fees":0.0},{"pair":"BTC/USDT","stake_amount":19.39706,"max_stake_amount":19.39706,"amount":0.0002,"open_date":"2024-12-01 11:35:00+00:00","close_date":"2024-12-01 11:36:00+00:00","open_rate":96985.3,"close_rate":96985.29,"fee_open":0.1,"fee_close":0.1,"trade_duration":1,"profit_ratio":-0.18181826617960753,"profit_abs":-3.8794138,"exit_reason":"custom_exit","initial_stop_loss_abs":67889.71,"initial_stop_loss_ratio":-0.3,"stop_loss_abs":67889.71,"stop_loss_ratio":-0.3,"min_rate":96985.29,"max_rate":97085.39,"is_open":false,"enter_tag":"","leverage":1.0,"is_short":false,"open_timestamp":1733052900000,"close_timestamp":1733052960000,"orders":[{"amount":0.0002,"safe_price":96985.3,"ft_order_side":"buy","order_filled_timestamp":1733052900000,"ft_is_entry":true,"ft_order_tag":"","cost":21.336766},{"amount":0.0002,"safe_price":96985.29,"ft_order_side":"sell","order_filled_timestamp":1733052960000,"ft_is_entry":false,"ft_order_tag":"custom_exit","cost":21.336763800000003}],"funding_fees":0.0},{"pair":"BTC/USDT","stake_amount":19.400402,"max_stake_amount":19.400402,"amount":0.0002,"open_date":"2024-12-01 11:37:00+00:00","close_date":"2024-12-01 11:38:00+00:00","open_rate":97002.01,"close_rate":97035.23,"fee_open":0.1,"fee_close":0.1,"trade_duration":1,"profit_ratio":-0.18153798143882888,"profit_abs":-3.8741008,"exit_reason":"custom_exit","initial_stop_loss_abs":67901.41,"initial_stop_loss_ratio":-0.3,"stop_loss_abs":67901.41,"stop_loss_ratio":-0.3,"min_rate":96981.87,"max_rate":97048.0,"is_open":false,"enter_tag":"","leverage":1.0,"is_short":false,"open_timestamp":1733053020000,"close_timestamp":1733053080000,"orders":[{"amount":0.0002,"safe_price":97002.01,"ft_order_side":"buy","order_filled_timestamp":1733053020000,"ft_is_entry":true,"ft_order_tag":"","cost":21.340442200000002},{"amount":0.0002,"safe_price":97035.23,"ft_order_side":"sell","order_filled_timestamp":1733053080000,"ft_is_entry":false,"ft_order_tag":"custom_exit","cost":21.3477506}],"funding_fees":0.0},{"pair":"BTC/USDT","stake_amount":19.412396,"max_stake_amount":19.412396,"amount":0.0002,"open_date":"2024-12-01 11:40:00+00:00","close_date":"2024-12-01 11:41:00+00:00","open_rate":97061.98,"close_rate":97070.0,"fee_open":0.1,"fee_close":0.1,"trade_duration":1,"profit_ratio":-0.18175057740518902,"profit_abs":-3.8810356,"exit_reason":"custom_exit","initial_stop_loss_abs":67943.39,"initial_stop_loss_ratio":-0.3,"stop_loss_abs":67943.39,"stop_loss_ratio":-0.3,"min_rate":97061.97,"max_rate":97121.0,"is_open":false,"enter_tag":"","leverage":1.0,"is_short":false,"open_timestamp":1733053200000,"close_timestamp":1733053260000,"orders":[{"amount":0.0002,"safe_price":97061.98,"ft_order_side":"buy","order_filled_timestamp":1733053200000,"ft_is_entry":true,"ft_order_tag":"","cost":21.353635600000004},{"amount":0.0002,"safe_price":97070.0,"ft_order_side":"sell","order_filled_timestamp":1733053260000,"ft_is_entry":false,"ft_order_tag":"custom_exit","cost":21.355400000000003}],"funding_fees":0.0},{"pair":"BTC/USDT","stake_amount":19.424198,"max_stake_amount":19.424198,"amount":0.0002,"open_date":"2024-12-01 11:42:00+00:00","close_date":"2024-12-01 12:44:00+00:00","open_rate":97120.99,"close_rate":96922.16,"fee_open":0.1,"fee_close":0.1,"trade_duration":62,"profit_ratio":-0.1834931965694636,"profit_abs":-3.920629,"exit_reason":"exit_signal","initial_stop_loss_abs":67984.7,"initial_stop_loss_ratio":-0.3,"stop_loss_abs":67984.7,"stop_loss_ratio":-0.3,"min_rate":96862.8,"max_rate":97140.0,"is_open":false,"enter_tag":"","leverage":1.0,"is_short":false,"open_timestamp":1733053320000,"close_timestamp":1733057040000,"orders":[{"amount":0.0002,"safe_price":97120.99,"ft_order_side":"buy","order_filled_timestamp":1733053320000,"ft_is_entry":true,"ft_order_tag":"","cost":21.366617800000004},{"amount":0.0002,"safe_price":96922.16,"ft_order_side":"sell","order_filled_timestamp":1733057040000,"ft_is_entry":false,"ft_order_tag":"exit_signal","cost":21.322875200000002}],"funding_fees":0.0},{"pair":"BTC/USDT","stake_amount":19.43,"max_stake_amount":19.43,"amount":0.0002,"open_date":"2024-12-01 13:19:00+00:00","close_date":"2024-12-01 13:21:00+00:00","open_rate":97150.0,"close_rate":97164.88,"fee_open":0.1,"fee_close":0.1,"trade_duration":2,"profit_ratio":-0.1816928648294577,"profit_abs":-3.8833216,"exit_reason":"custom_exit","initial_stop_loss_abs":68005.0,"initial_stop_loss_ratio":-0.3,"stop_loss_abs":68005.0,"stop_loss_ratio":-0.3,"min_rate":97144.0,"max_rate":97319.88,"is_open":false,"enter_tag":"","leverage":1.0,"is_short":false,"open_timestamp":1733059140000,"close_timestamp":1733059260000,"orders":[{"amount":0.0002,"safe_price":97150.0,"ft_order_side":"buy","order_filled_timestamp":1733059140000,"ft_is_entry":true,"ft_order_tag":"","cost":21.373},{"amount":0.0002,"safe_price":97164.88,"ft_order_side":"sell","order_filled_timestamp":1733059260000,"ft_is_entry":false,"ft_order_tag":"custom_exit","cost":21.376273600000005}],"funding_fees":0.0},{"pair":"BTC/USDT","stake_amount":19.452002,"max_stake_amount":19.452002,"amount":0.0002,"open_date":"2024-12-01 13:22:00+00:00","close_date":"2024-12-01 13:23:00+00:00","open_rate":97260.01,"close_rate":97282.24,"fee_open":0.1,"fee_close":0.1,"trade_duration":1,"profit_ratio":-0.1816311760609525,"profit_abs":-3.886399,"exit_reason":"custom_exit","initial_stop_loss_abs":68082.01,"initial_stop_loss_ratio":-0.3,"stop_loss_abs":68082.01,"stop_loss_ratio":-0.3,"min_rate":97237.85,"max_rate":97388.78,"is_open":false,"enter_tag":"","leverage":1.0,"is_short":false,"open_timestamp":1733059320000,"close_timestamp":1733059380000,"orders":[{"amount":0.0002,"safe_price":97260.01,"ft_order_side":"buy","order_filled_timestamp":1733059320000,"ft_is_entry":true,"ft_order_tag":"","cost":21.397202200000002},{"amount":0.0002,"safe_price":97282.24,"ft_order_side":"sell","order_filled_timestamp":1733059380000,"ft_is_entry":false,"ft_order_tag":"custom_exit","cost":21.402092800000002}],"funding_fees":0.0},{"pair":"BTC/USDT","stake_amount":19.472002,"max_stake_amount":19.472002,"amount":0.0002,"open_date":"2024-12-01 13:24:00+00:00","close_date":"2024-12-01 15:40:00+00:00","open_rate":97360.01,"close_rate":97047.98,"fee_open":0.1,"fee_close":0.1,"trade_duration":136,"profit_ratio":-0.18444038032378254,"profit_abs":-3.9505658,"exit_reason":"exit_signal","initial_stop_loss_abs":68152.01,"initial_stop_loss_ratio":-0.3,"stop_loss_abs":68152.01,"stop_loss_ratio":-0.3,"min_rate":96968.25,"max_rate":97360.01,"is_open":false,"enter_tag":"","leverage":1.0,"is_short":false,"open_timestamp":1733059440000,"close_timestamp":1733067600000,"orders":[{"amount":0.0002,"safe_price":97360.01,"ft_order_side":"buy","order_filled_timestamp":1733059440000,"ft_is_entry":true,"ft_order_tag":"","cost":21.4192022},{"amount":0.0002,"safe_price":97047.98,"ft_order_side":"sell","order_filled_timestamp":1733067600000,"ft_is_entry":false,"ft_order_tag":"exit_signal","cost":21.350555600000003}],"funding_fees":0.0},{"pair":"BTC/USDT","stake_amount":19.4666,"max_stake_amount":19.4666,"amount":0.0002,"open_date":"2024-12-01 16:43:00+00:00","close_date":"2024-12-01 17:11:00+00:00","open_rate":97333.0,"close_rate":97092.01,"fee_open":0.1,"fee_close":0.1,"trade_duration":28,"profit_ratio":-0.1838439452937105,"profit_abs":-3.9366982,"exit_reason":"exit_signal","initial_stop_loss_abs":68133.1,"initial_stop_loss_ratio":-0.3,"stop_loss_abs":68133.1,"stop_loss_ratio":-0.3,"min_rate":97052.48,"max_rate":97333.0,"is_open":false,"enter_tag":"","leverage":1.0,"is_short":false,"open_timestamp":1733071380000,"close_timestamp":1733073060000,"orders":[{"amount":0.0002,"safe_price":97333.0,"ft_order_side":"buy","order_filled_timestamp":1733071380000,"ft_is_entry":true,"ft_order_tag":"","cost":21.41326},{"amount":0.0002,"safe_price":97092.01,"ft_order_side":"sell","order_filled_timestamp":1733073060000,"ft_is_entry":false,"ft_order_tag":"exit_signal","cost":21.360242200000002}],"funding_fees":0.0},{"pair":"BTC/USDT","stake_amount":19.458056,"max_stake_amount":19.458056,"amount":0.0002,"open_date":"2024-12-01 18:01:00+00:00","close_date":"2024-12-01 18:01:00+00:00","open_rate":97290.28,"close_rate":97290.28,"fee_open":0.1,"fee_close":0.1,"trade_duration":0,"profit_ratio":-0.18181818181818182,"profit_abs":-3.8916112,"exit_reason":"custom_exit","initial_stop_loss_abs":68103.2,"initial_stop_loss_ratio":-0.3,"stop_loss_abs":68103.2,"stop_loss_ratio":-0.3,"min_rate":97290.24,"max_rate":97340.0,"is_open":false,"enter_tag":"","leverage":1.0,"is_short":false,"open_timestamp":1733076060000,"close_timestamp":1733076060000,"orders":[{"amount":0.0002,"safe_price":97290.28,"ft_order_side":"buy","order_filled_timestamp":1733076060000,"ft_is_entry":true,"ft_order_tag":"","cost":21.4038616},{"amount":0.0002,"safe_price":97290.28,"ft_order_side":"sell","order_filled_timestamp":1733076060000,"ft_is_entry":false,"ft_order_tag":"custom_exit","cost":21.4038616}],"funding_fees":0.0},{"pair":"BTC/USDT","stake_amount":19.468,"max_stake_amount":19.468,"amount":0.0002,"open_date":"2024-12-01 18:02:00+00:00","close_date":"2024-12-01 18:07:00+00:00","open_rate":97340.0,"close_rate":97375.55,"fee_open":0.1,"fee_close":0.1,"trade_duration":5,"profit_ratio":-0.18151936978164634,"profit_abs":-3.887201,"exit_reason":"custom_exit","initial_stop_loss_abs":68138.0,"initial_stop_loss_ratio":-0.3,"stop_loss_abs":68138.0,"stop_loss_ratio":-0.3,"min_rate":97332.0,"max_rate":97393.41,"is_open":false,"enter_tag":"","leverage":1.0,"is_short":false,"open_timestamp":1733076120000,"close_timestamp":1733076420000,"orders":[{"amount":0.0002,"safe_price":97340.0,"ft_order_side":"buy","order_filled_timestamp":1733076120000,"ft_is_entry":true,"ft_order_tag":"","cost":21.414800000000003},{"amount":0.0002,"safe_price":97375.55,"ft_order_side":"sell","order_filled_timestamp":1733076420000,"ft_is_entry":false,"ft_order_tag":"custom_exit","cost":21.422621000000003}],"funding_fees":0.0},{"pair":"BTC/USDT","stake_amount":19.47887,"max_stake_amount":19.47887,"amount":0.0002,"open_date":"2024-12-01 18:09:00+00:00","close_date":"2024-12-01 18:13:00+00:00","open_rate":97394.35,"close_rate":97399.99,"fee_open":0.1,"fee_close":0.1,"trade_duration":4,"profit_ratio":-0.1817708018063583,"profit_abs":-3.8947588,"exit_reason":"custom_exit","initial_stop_loss_abs":68176.05,"initial_stop_loss_ratio":-0.3,"stop_loss_abs":68176.05,"stop_loss_ratio":-0.3,"min_rate":97394.35,"max_rate":97453.74,"is_open":false,"enter_tag":"","leverage":1.0,"is_short":false,"open_timestamp":1733076540000,"close_timestamp":1733076780000,"orders":[{"amount":0.0002,"safe_price":97394.35,"ft_order_side":"buy","order_filled_timestamp":1733076540000,"ft_is_entry":true,"ft_order_tag":"","cost":21.426757000000002},{"amount":0.0002,"safe_price":97399.99,"ft_order_side":"sell","order_filled_timestamp":1733076780000,"ft_is_entry":false,"ft_order_tag":"custom_exit","cost":21.427997800000004}],"funding_fees":0.0},{"pair":"BTC/USDT","stake_amount":19.490746,"max_stake_amount":19.490746,"amount":0.0002,"open_date":"2024-12-01 18:14:00+00:00","close_date":"2024-12-01 18:14:00+00:00","open_rate":97453.73,"close_rate":97453.73,"fee_open":0.1,"fee_close":0.1,"trade_duration":0,"profit_ratio":-0.18181818181818182,"profit_abs":-3.8981492,"exit_reason":"custom_exit","initial_stop_loss_abs":68217.62,"initial_stop_loss_ratio":-0.3,"stop_loss_abs":68217.62,"stop_loss_ratio":-0.3,"min_rate":97453.73,"max_rate":97516.08,"is_open":false,"enter_tag":"","leverage":1.0,"is_short":false,"open_timestamp":1733076840000,"close_timestamp":1733076840000,"orders":[{"amount":0.0002,"safe_price":97453.73,"ft_order_side":"buy","order_filled_timestamp":1733076840000,"ft_is_entry":true,"ft_order_tag":"","cost":21.439820600000004},{"amount":0.0002,"safe_price":97453.73,"ft_order_side":"sell","order_filled_timestamp":1733076840000,"ft_is_entry":false,"ft_order_tag":"custom_exit","cost":21.439820600000004}],"funding_fees":0.0},{"pair":"BTC/USDT","stake_amount":19.501586,"max_stake_amount":19.501586,"amount":0.0002,"open_date":"2024-12-01 18:15:00+00:00","close_date":"2024-12-01 18:56:00+00:00","open_rate":97507.93,"close_rate":97112.03,"fee_open":0.1,"fee_close":0.1,"trade_duration":41,"profit_ratio":-0.18514014939372342,"profit_abs":-3.9715792,"exit_reason":"exit_signal","initial_stop_loss_abs":68255.56,"initial_stop_loss_ratio":-0.3,"stop_loss_abs":68255.56,"stop_loss_ratio":-0.3,"min_rate":97095.23,"max_rate":97523.41,"is_open":false,"enter_tag":"","leverage":1.0,"is_short":false,"open_timestamp":1733076900000,"close_timestamp":1733079360000,"orders":[{"amount":0.0002,"safe_price":97507.93,"ft_order_side":"buy","order_filled_timestamp":1733076900000,"ft_is_entry":true,"ft_order_tag":"","cost":21.4517446},{"amount":0.0002,"safe_price":97112.03,"ft_order_side":"sell","order_filled_timestamp":1733079360000,"ft_is_entry":false,"ft_order_tag":"exit_signal","cost":21.364646600000004}],"funding_fees":0.0},{"pair":"BTC/USDT","stake_amount":19.46984,"max_stake_amount":19.46984,"amount":0.0002,"open_date":"2024-12-01 21:39:00+00:00","close_date":"2024-12-01 21:41:00+00:00","open_rate":97349.2,"close_rate":97380.4,"fee_open":0.1,"fee_close":0.1,"trade_duration":2,"profit_ratio":-0.18155595806362326,"profit_abs":-3.888352,"exit_reason":"custom_exit","initial_stop_loss_abs":68144.44,"initial_stop_loss_ratio":-0.3,"stop_loss_abs":68144.44,"stop_loss_ratio":-0.3,"min_rate":97349.2,"max_rate":97400.0,"is_open":false,"enter_tag":"","leverage":1.0,"is_short":false,"open_timestamp":1733089140000,"close_timestamp":1733089260000,"orders":[{"amount":0.0002,"safe_price":97349.2,"ft_order_side":"buy","order_filled_timestamp":1733089140000,"ft_is_entry":true,"ft_order_tag":"","cost":21.416824000000002},{"amount":0.0002,"safe_price":97380.4,"ft_order_side":"sell","order_filled_timestamp":1733089260000,"ft_is_entry":false,"ft_order_tag":"custom_exit","cost":21.423688000000002}],"funding_fees":0.0},{"pair":"BTC/USDT","stake_amount":19.48469,"max_stake_amount":19.48469,"amount":0.0002,"open_date":"2024-12-01 21:43:00+00:00","close_date":"2024-12-01 21:47:00+00:00","open_rate":97423.45,"close_rate":97457.62,"fee_open":0.1,"fee_close":0.1,"trade_duration":4,"profit_ratio":-0.181531215253897,"profit_abs":-3.8907874,"exit_reason":"custom_exit","initial_stop_loss_abs":68196.42,"initial_stop_loss_ratio":-0.3,"stop_loss_abs":68196.42,"stop_loss_ratio":-0.3,"min_rate":97423.44,"max_rate":97473.52,"is_open":false,"enter_tag":"","leverage":1.0,"is_short":false,"open_timestamp":1733089380000,"close_timestamp":1733089620000,"orders":[{"amount":0.0002,"safe_price":97423.45,"ft_order_side":"buy","order_filled_timestamp":1733089380000,"ft_is_entry":true,"ft_order_tag":"","cost":21.433159000000003},{"amount":0.0002,"safe_price":97457.62,"ft_order_side":"sell","order_filled_timestamp":1733089620000,"ft_is_entry":false,"ft_order_tag":"custom_exit","cost":21.4406764}],"funding_fees":0.0},{"pair":"BTC/USDT","stake_amount":19.519744,"max_stake_amount":19.519744,"amount":0.0002,"open_date":"2024-12-01 21:50:00+00:00","close_date":"2024-12-01 21:50:00+00:00","open_rate":97598.72,"close_rate":97598.72,"fee_open":0.1,"fee_close":0.1,"trade_duration":0,"profit_ratio":-0.18181818181818182,"profit_abs":-3.9039488,"exit_reason":"custom_exit","initial_stop_loss_abs":68319.11,"initial_stop_loss_ratio":-0.3,"stop_loss_abs":68319.11,"stop_loss_ratio":-0.3,"min_rate":97589.2,"max_rate":97750.0,"is_open":false,"enter_tag":"","leverage":1.0,"is_short":false,"open_timestamp":1733089800000,"close_timestamp":1733089800000,"orders":[{"amount":0.0002,"safe_price":97598.72,"ft_order_side":"buy","order_filled_timestamp":1733089800000,"ft_is_entry":true,"ft_order_tag":"","cost":21.471718400000004},{"amount":0.0002,"safe_price":97598.72,"ft_order_side":"sell","order_filled_timestamp":1733089800000,"ft_is_entry":false,"ft_order_tag":"custom_exit","cost":21.471718400000004}],"funding_fees":0.0},{"pair":"BTC/USDT","stake_amount":19.543204,"max_stake_amount":19.543204,"amount":0.0002,"open_date":"2024-12-01 21:51:00+00:00","close_date":"2024-12-01 21:59:00+00:00","open_rate":97716.02,"close_rate":97756.7,"fee_open":0.1,"fee_close":0.1,"trade_duration":8,"profit_ratio":-0.18147756585404784,"profit_abs":-3.9013184,"exit_reason":"custom_exit","initial_stop_loss_abs":68401.22,"initial_stop_loss_ratio":-0.3,"stop_loss_abs":68401.22,"stop_loss_ratio":-0.3,"min_rate":97623.33,"max_rate":97780.0,"is_open":false,"enter_tag":"","leverage":1.0,"is_short":false,"open_timestamp":1733089860000,"close_timestamp":1733090340000,"orders":[{"amount":0.0002,"safe_price":97716.02,"ft_order_side":"buy","order_filled_timestamp":1733089860000,"ft_is_entry":true,"ft_order_tag":"","cost":21.497524400000003},{"amount":0.0002,"safe_price":97756.7,"ft_order_side":"sell","order_filled_timestamp":1733090340000,"ft_is_entry":false,"ft_order_tag":"custom_exit","cost":21.506474}],"funding_fees":0.0},{"pair":"BTC/USDT","stake_amount":19.554496,"max_stake_amount":19.554496,"amount":0.0002,"open_date":"2024-12-01 22:01:00+00:00","close_date":"2024-12-01 23:47:00+00:00","open_rate":97772.48,"close_rate":97360.22,"fee_open":0.1,"fee_close":0.1,"trade_duration":106,"profit_ratio":-0.18526806502011794,"profit_abs":-3.985106,"exit_reason":"exit_signal","initial_stop_loss_abs":68440.74,"initial_stop_loss_ratio":-0.3,"stop_loss_abs":68440.74,"stop_loss_ratio":-0.3,"min_rate":97320.7,"max_rate":97814.7,"is_open":false,"enter_tag":"","leverage":1.0,"is_short":false,"open_timestamp":1733090460000,"close_timestamp":1733096820000,"orders":[{"amount":0.0002,"safe_price":97772.48,"ft_order_side":"buy","order_filled_timestamp":1733090460000,"ft_is_entry":true,"ft_order_tag":"","cost":21.5099456},{"amount":0.0002,"safe_price":97360.22,"ft_order_side":"sell","order_filled_timestamp":1733096820000,"ft_is_entry":false,"ft_order_tag":"exit_signal","cost":21.4192484}],"funding_fees":0.0}],"locks":[],"best_pair":{"key":"BTC/USDT","trades":22,"profit_mean":-0.18243534375129136,"profit_mean_pct":-18.24,"profit_sum":-4.01357756252841,"profit_sum_pct":-401.36,"profit_total_abs":-85.88690319999998,"profit_total":-0.08588690319999998,"profit_total_pct":-8.59,"duration_avg":"0:21:00","wins":0,"draws":0,"losses":22,"winrate":0.0,"cagr":-0.9999999999999942,"expectancy":-3.9039501454545444,"expectancy_ratio":-1.0,"sortino":-51617.49439765297,"sharpe":-51617.49439765297,"calmar":-1910.4973174542793,"sqn":-562.7784,"profit_factor":0.0,"max_drawdown_account":0.0858869032,"max_drawdown_abs":85.88690319999998},"worst_pair":{"key":"BTC/USDT","trades":22,"profit_mean":-0.18243534375129136,"profit_mean_pct":-18.24,"profit_sum":-4.01357756252841,"profit_sum_pct":-401.36,"profit_total_abs":-85.88690319999998,"profit_total":-0.08588690319999998,"profit_total_pct":-8.59,"duration_avg":"0:21:00","wins":0,"draws":0,"losses":22,"winrate":0.0,"cagr":-0.9999999999999942,"expectancy":-3.9039501454545444,"expectancy_ratio":-1.0,"sortino":-51617.49439765297,"sharpe":-51617.49439765297,"calmar":-1910.4973174542793,"sqn":-562.7784,"profit_factor":0.0,"max_drawdown_account":0.0858869032,"max_drawdown_abs":85.88690319999998},"results_per_pair":[{"key":"BTC/USDT","trades":22,"profit_mean":-0.18243534375129136,"profit_mean_pct":-18.24,"profit_sum":-4.01357756252841,"profit_sum_pct":-401.36,"profit_total_abs":-85.88690319999998,"profit_total":-0.08588690319999998,"profit_total_pct":-8.59,"duration_avg":"0:21:00","wins":0,"draws":0,"losses":22,"winrate":0.0,"cagr":-0.9999999999999942,"expectancy":-3.9039501454545444,"expectancy_ratio":-1.0,"sortino":-51617.49439765297,"sharpe":-51617.49439765297,"calmar":-1910.4973174542793,"sqn":-562.7784,"profit_factor":0.0,"max_drawdown_account":0.0858869032,"max_drawdown_abs":85.88690319999998},{"key":"TOTAL","trades":22,"profit_mean":-0.18243534375129136,"profit_mean_pct":-18.24,"profit_sum":-4.01357756252841,"profit_sum_pct":-401.36,"profit_total_abs":-85.88690319999998,"profit_total":-0.08588690319999998,"profit_total_pct":-8.59,"duration_avg":"0:21:00","wins":0,"draws":0,"losses":22,"winrate":0.0,"cagr":-0.9999999999999942,"expectancy":-3.9039501454545444,"expectancy_ratio":-1.0,"sortino":-51617.49439765297,"sharpe":-51617.49439765297,"calmar":-1910.4973174542793,"sqn":-562.7784,"profit_factor":0.0,"max_drawdown_account":0.0858869032,"max_drawdown_abs":85.88690319999998}],"results_per_enter_tag":[{"key":"","trades":22,"profit_mean":-0.18243534375129136,"profit_mean_pct":-18.24,"profit_sum":-4.01357756252841,"profit_sum_pct":-401.36,"profit_total_abs":-85.88690319999998,"profit_total":-0.08588690319999998,"profit_total_pct":-8.59,"duration_avg":"0:21:00","wins":0,"draws":0,"losses":22,"winrate":0.0,"cagr":-0.9999999999999942,"expectancy":-3.9039501454545444,"expectancy_ratio":-1.0,"sortino":-51617.49439765297,"sharpe":-51617.49439765297,"calmar":-1910.4973174542793,"sqn":-562.7784,"profit_factor":0.0,"max_drawdown_account":0.0858869032,"max_drawdown_abs":85.88690319999998},{"key":"TOTAL","trades":22,"profit_mean":-0.18243534375129136,"profit_mean_pct":-18.24,"profit_sum":-4.01357756252841,"profit_sum_pct":-401.36,"profit_total_abs":-85.88690319999998,"profit_total":-0.08588690319999998,"profit_total_pct":-8.59,"duration_avg":"0:21:00","wins":0,"draws":0,"losses":22,"winrate":0.0,"cagr":-0.9999999999999942,"expectancy":-3.9039501454545444,"expectancy_ratio":-1.0,"sortino":-51617.49439765297,"sharpe":-51617.49439765297,"calmar":-1910.4973174542793,"sqn":-562.7784,"profit_factor":0.0,"max_drawdown_account":0.0858869032,"max_drawdown_abs":85.88690319999998}],"exit_reason_summary":[{"key":"exit_signal","trades":6,"profit_mean":-0.1844590883678913,"profit_mean_pct":-18.45,"profit_sum":-1.1067545302073478,"profit_sum_pct":-110.68,"profit_total_abs":-23.7027894,"profit_total":-0.0237027894,"profit_total_pct":-2.37,"duration_avg":"1:08:00","wins":0,"draws":0,"losses":6,"winrate":0.0,"cagr":-0.9998424393748048,"expectancy":-3.9504649,"expectancy_ratio":-1.0,"sortino":-20684.774972050196,"sharpe":-20684.774972050196,"calmar":-1910.4973174542777,"sqn":-403.495,"profit_factor":0.0,"max_drawdown_account":0.023702789400000028,"max_drawdown_abs":23.7027894},{"key":"custom_exit","trades":16,"profit_mean":-0.18167643952006643,"profit_mean_pct":-18.17,"profit_sum":-2.906823032321063,"profit_sum_pct":-290.68,"profit_total_abs":-62.1841138,"profit_total":-0.062184113799999996,"profit_total_pct":-6.22,"duration_avg":"0:03:00","wins":0,"draws":0,"losses":16,"winrate":0.0,"cagr":-0.9999999999334852,"expectancy":-3.8865071125,"expectancy_ratio":-1.0,"sortino":-122442.77358384652,"sharpe":-122442.77358384652,"calmar":-1910.4973174542804,"sqn":-1551.3592,"profit_factor":0.0,"max_drawdown_account":0.062184113799999975,"max_drawdown_abs":62.18411379999999},{"key":"TOTAL","trades":22,"profit_mean":-0.18243534375129136,"profit_mean_pct":-18.24,"profit_sum":-4.01357756252841,"profit_sum_pct":-401.36,"profit_total_abs":-85.88690319999998,"profit_total":-0.08588690319999998,"profit_total_pct":-8.59,"duration_avg":"0:21:00","wins":0,"draws":0,"losses":22,"winrate":0.0,"cagr":-0.9999999999999942,"expectancy":-3.9039501454545444,"expectancy_ratio":-1.0,"sortino":-51617.49439765297,"sharpe":-51617.49439765297,"calmar":-1910.4973174542793,"sqn":-562.7784,"profit_factor":0.0,"max_drawdown_account":0.0858869032,"max_drawdown_abs":85.88690319999998}],"mix_tag_stats":[{"key":["","exit_signal"],"trades":6,"profit_mean":-0.1844590883678913,"profit_mean_pct":-18.45,"profit_sum":-1.1067545302073478,"profit_sum_pct":-110.68,"profit_total_abs":-23.7027894,"profit_total":-0.0237027894,"profit_total_pct":-2.37,"duration_avg":"1:08:00","wins":0,"draws":0,"losses":6,"winrate":0.0,"cagr":-0.9998424393748048,"expectancy":-3.9504649,"expectancy_ratio":-1.0,"sortino":-20684.774972050196,"sharpe":-20684.774972050196,"calmar":-1910.4973174542777,"sqn":-403.495,"profit_factor":0.0,"max_drawdown_account":0.023702789400000028,"max_drawdown_abs":23.7027894},{"key":["","custom_exit"],"trades":16,"profit_mean":-0.18167643952006643,"profit_mean_pct":-18.17,"profit_sum":-2.906823032321063,"profit_sum_pct":-290.68,"profit_total_abs":-62.1841138,"profit_total":-0.062184113799999996,"profit_total_pct":-6.22,"duration_avg":"0:03:00","wins":0,"draws":0,"losses":16,"winrate":0.0,"cagr":-0.9999999999334852,"expectancy":-3.8865071125,"expectancy_ratio":-1.0,"sortino":-122442.77358384652,"sharpe":-122442.77358384652,"calmar":-1910.4973174542804,"sqn":-1551.3592,"profit_factor":0.0,"max_drawdown_account":0.062184113799999975,"max_drawdown_abs":62.18411379999999},{"key":"TOTAL","trades":22,"profit_mean":-0.18243534375129136,"profit_mean_pct":-18.24,"profit_sum":-4.01357756252841,"profit_sum_pct":-401.36,"profit_total_abs":-85.88690319999998,"profit_total":-0.08588690319999998,"profit_total_pct":-8.59,"duration_avg":"0:21:00","wins":0,"draws":0,"losses":22,"winrate":0.0,"cagr":-0.9999999999999942,"expectancy":-3.9039501454545444,"expectancy_ratio":-1.0,"sortino":-51617.49439765297,"sharpe":-51617.49439765297,"calmar":-1910.4973174542793,"sqn":-562.7784,"profit_factor":0.0,"max_drawdown_account":0.0858869032,"max_drawdown_abs":85.88690319999998}],"left_open_trades":[{"key":"TOTAL","trades":0,"profit_mean":0.0,"profit_mean_pct":0.0,"profit_sum":0.0,"profit_sum_pct":0.0,"profit_total_abs":0.0,"profit_total":0.0,"profit_total_pct":0.0,"duration_avg":"0:00","wins":0,"draws":0,"losses":0,"winrate":0.0,"cagr":0.0,"expectancy":0.0,"expectancy_ratio":100.0,"sortino":0,"sharpe":0,"calmar":0,"sqn":0.0,"profit_factor":0.0,"max_drawdown_account":0.0,"max_drawdown_abs":0.0}],"total_trades":22,"trade_count_long":22,"trade_count_short":0,"total_volume":941.1997672000001,"avg_stake_amount":19.453623636363634,"profit_mean":-0.18243534375129136,"profit_median":-0.18179449181227006,"profit_total":-0.08588690319999998,"profit_total_long":-0.08588690319999998,"profit_total_short":0.0,"profit_total_abs":-85.88690319999998,"profit_total_long_abs":-85.88690319999998,"profit_total_short_abs":0.0,"cagr":-0.9999999999999942,"expectancy":-3.9039501454545444,"expectancy_ratio":-1.0,"sortino":-51617.49439765297,"sharpe":-51617.49439765297,"calmar":-1910.4973174542793,"sqn":-562.7784,"profit_factor":0.0,"backtest_start":"2024-12-01 00:00:00","backtest_start_ts":1733011200000,"backtest_end":"2024-12-02 00:00:00","backtest_end_ts":1733097600000,"backtest_days":1,"backtest_run_start_ts":1752170111,"backtest_run_end_ts":1752170111,"trades_per_day":22.0,"market_change":0.00873547356188262,"pairlist":["BTC/USDT"],"stake_amount":20,"stake_currency":"USDT","stake_currency_decimals":3,"starting_balance":1000,"dry_run_wallet":1000,"final_balance":914.1130968,"rejected_signals":0,"timedout_entry_orders":0,"timedout_exit_orders":0,"canceled_trade_entries":0,"canceled_entry_orders":0,"replaced_entry_orders":0,"max_open_trades":1,"max_open_trades_setting":5,"timeframe":"1m","timeframe_detail":"","timerange":"20241201-20241202","enable_protections":false,"strategy_name":"MultiHorizonMomentum","stoploss":-0.3,"trailing_stop":false,"trailing_stop_positive":null,"trailing_stop_positive_offset":0.0,"trailing_only_offset_is_reached":false,"use_custom_stoploss":false,"minimal_roi":{},"use_exit_signal":true,"exit_profit_only":false,"exit_profit_offset":0.0,"ignore_roi_if_entry_signal":false,"trading_mode":"spot","margin_mode":"","periodic_breakdown":{"day":[{"date":"01/12/2024","date_ts":1733011200000,"profit_abs":-85.8869032,"wins":0,"draws":0,"losses":22,"trades":22,"profit_factor":0.0}],"week":[{"date":"02/12/2024","date_ts":1733097600000,"profit_abs":-85.8869032,"wins":0,"draws":0,"losses":22,"trades":22,"profit_factor":0.0}],"month":[{"date":"31/12/2024","date_ts":1735603200000,"profit_abs":-85.8869032,"wins":0,"draws":0,"losses":22,"trades":22,"profit_factor":0.0}],"year":[{"date":"31/12/2024","date_ts":1735603200000,"profit_abs":-85.8869032,"wins":0,"draws":0,"losses":22,"trades":22,"profit_factor":0.0}]},"backtest_best_day":-4.01357756252841,"backtest_worst_day":-4.01357756252841,"backtest_best_day_abs":-85.8869032,"backtest_worst_day_abs":-85.8869032,"winning_days":0,"draw_days":0,"losing_days":1,"daily_profit":[["2024-12-01",-85.8869032]],"wins":0,"losses":22,"draws":0,"winrate":0.0,"holding_avg":"0:21:00","holding_avg_s":1260.0,"winner_holding_min":"0d 00:00","winner_holding_min_s":0.0,"winner_holding_max":"0d 00:00","winner_holding_max_s":0.0,"winner_holding_avg":"0d 00:00","winner_holding_avg_s":0.0,"loser_holding_min":"0d 00:00","loser_holding_min_s":0.0,"loser_holding_max":"0d 02:16","loser_holding_max_s":8160.0,"loser_holding_avg":"0d 00:21","loser_holding_avg_s":1260.0,"max_consecutive_wins":0,"max_consecutive_losses":22,"max_drawdown_account":0.0858869032,"max_relative_drawdown":0.0858869032,"max_drawdown_abs":85.88690319999998,"drawdown_start":"2024-12-01 09:55:00","drawdown_start_ts":1733046900000.0,"drawdown_end":"2024-12-01 23:47:00","drawdown_end_ts":1733096820000.0,"max_drawdown_low":-85.88690319999998,"max_drawdown_high":-3.8716778,"csum_min":914.1130968,"csum_max":996.1283222}},"strategy_comparison":[{"key":"MultiHorizonMomentum","trades":22,"profit_mean":-0.18243534375129136,"profit_mean_pct":-18.24,"profit_sum":-4.01357756252841,"profit_sum_pct":-401.36,"profit_total_abs":-85.88690319999998,"profit_total":-0.08588690319999998,"profit_total_pct":-8.59,"duration_avg":"0:21:00","wins":0,"draws":0,"losses":22,"winrate":0.0,"cagr":-0.9999999999999942,"expectancy":-3.9039501454545444,"expectancy_ratio":-1.0,"sortino":-51617.49439765297,"sharpe":-51617.49439765297,"calmar":-1910.4973174542793,"sqn":-562.7784,"profit_factor":0.0,"max_drawdown_account":0.0858869032,"max_drawdown_abs":"85.887"}]}