{"strategy":{"MultiHorizonMomentum":{"trades":[{"pair":"BTC/USDT","stake_amount":19.131646,"max_stake_amount":19.131646,"amount":0.0002,"open_date":"2025-01-02 04:39:00+00:00","close_date":"2025-01-02 04:39:00+00:00","open_rate":95658.23,"close_rate":95658.23,"fee_open":0.1,"fee_close":0.1,"trade_duration":0,"profit_ratio":-0.1818181818181818,"profit_abs":-3.8263292,"exit_reason":"custom_exit","initial_stop_loss_abs":66960.77,"initial_stop_loss_ratio":-0.3,"stop_loss_abs":66960.77,"stop_loss_ratio":-0.3,"min_rate":95658.23,"max_rate":95768.79,"is_open":false,"enter_tag":"","leverage":1.0,"is_short":false,"open_timestamp":1735792740000,"close_timestamp":1735792740000,"orders":[{"amount":0.0002,"safe_price":95658.23,"ft_order_side":"buy","order_filled_timestamp":1735792740000,"ft_is_entry":true,"ft_order_tag":"","cost":21.0448106},{"amount":0.0002,"safe_price":95658.23,"ft_order_side":"sell","order_filled_timestamp":1735792740000,"ft_is_entry":false,"ft_order_tag":"custom_exit","cost":21.0448106}],"funding_fees":0.0},{"pair":"BTC/USDT","stake_amount":19.17879,"max_stake_amount":19.17879,"amount":0.0002,"open_date":"2025-01-02 04:42:00+00:00","close_date":"2025-01-02 04:47:00+00:00","open_rate":95893.95,"close_rate":95942.79,"fee_open":0.1,"fee_close":0.1,"trade_duration":5,"profit_ratio":-0.18140147148348398,"profit_abs":-3.8269668,"exit_reason":"custom_exit","initial_stop_loss_abs":67125.77,"initial_stop_loss_ratio":-0.3,"stop_loss_abs":67125.77,"stop_loss_ratio":-0.3,"min_rate":95812.78,"max_rate":96000.0,"is_open":false,"enter_tag":"","leverage":1.0,"is_short":false,"open_timestamp":1735792920000,"close_timestamp":1735793220000,"orders":[{"amount":0.0002,"safe_price":95893.95,"ft_order_side":"buy","order_filled_timestamp":1735792920000,"ft_is_entry":true,"ft_order_tag":"","cost":21.096669000000002},{"amount":0.0002,"safe_price":95942.79,"ft_order_side":"sell","order_filled_timestamp":1735793220000,"ft_is_entry":false,"ft_order_tag":"custom_exit","cost":21.107413800000003}],"funding_fees":0.0},{"pair":"BTC/USDT","stake_amount":19.66822,"max_stake_amount":19.66822,"amount":0.0002,"open_date":"2025-01-04 07:17:00+00:00","close_date":"2025-01-04 20:00:00+00:00","open_rate":98341.1,"close_rate":98166.26,"fee_open":0.1,"fee_close":0.1,"trade_duration":763,"profit_ratio":-0.18327282193397176,"profit_abs":-3.9651152,"exit_reason":"custom_exit","initial_stop_loss_abs":68838.77,"initial_stop_loss_ratio":-0.3,"stop_loss_abs":68838.77,"stop_loss_ratio":-0.3,"min_rate":97514.79,"max_rate":98490.0,"is_open":false,"enter_tag":"","leverage":1.0,"is_short":false,"open_timestamp":1735975020000,"close_timestamp":1736020800000,"orders":[{"amount":0.0002,"safe_price":98341.1,"ft_order_side":"buy","order_filled_timestamp":1735975020000,"ft_is_entry":true,"ft_order_tag":"","cost":21.635042000000002},{"amount":0.0002,"safe_price":98166.26,"ft_order_side":"sell","order_filled_timestamp":1736020800000,"ft_is_entry":false,"ft_order_tag":"custom_exit","cost":21.5965772}],"funding_fees":0.0},{"pair":"BTC/USDT","stake_amount":19.704618,"max_stake_amount":19.704618,"amount":0.0002,"open_date":"2025-01-04 20:37:00+00:00","close_date":"2025-01-04 20:41:00+00:00","open_rate":98523.09,"close_rate":98550.0,"fee_open":0.1,"fee_close":0.1,"trade_duration":4,"profit_ratio":-0.18159470859249155,"profit_abs":-3.9360798,"exit_reason":"custom_exit","initial_stop_loss_abs":68966.17,"initial_stop_loss_ratio":-0.3,"stop_loss_abs":68966.17,"stop_loss_ratio":-0.3,"min_rate":98468.0,"max_rate":98613.27,"is_open":false,"enter_tag":"","leverage":1.0,"is_short":false,"open_timestamp":1736023020000,"close_timestamp":1736023260000,"orders":[{"amount":0.0002,"safe_price":98523.09,"ft_order_side":"buy","order_filled_timestamp":1736023020000,"ft_is_entry":true,"ft_order_tag":"","cost":21.675079800000002},{"amount":0.0002,"safe_price":98550.0,"ft_order_side":"sell","order_filled_timestamp":1736023260000,"ft_is_entry":false,"ft_order_tag":"custom_exit","cost":21.681}],"funding_fees":0.0},{"pair":"BTC/USDT","stake_amount":19.722654,"max_stake_amount":19.722654,"amount":0.0002,"open_date":"2025-01-04 20:42:00+00:00","close_date":"2025-01-04 20:43:00+00:00","open_rate":98613.27,"close_rate":98580.21,"fee_open":0.1,"fee_close":0.1,"trade_duration":1,"profit_ratio":-0.18209247645326582,"profit_abs":-3.9504816,"exit_reason":"custom_exit","initial_stop_loss_abs":69029.29,"initial_stop_loss_ratio":-0.3,"stop_loss_abs":69029.29,"stop_loss_ratio":-0.3,"min_rate":98580.2,"max_rate":98671.02,"is_open":false,"enter_tag":"","leverage":1.0,"is_short":false,"open_timestamp":1736023320000,"close_timestamp":1736023380000,"orders":[{"amount":0.0002,"safe_price":98613.27,"ft_order_side":"buy","order_filled_timestamp":1736023320000,"ft_is_entry":true,"ft_order_tag":"","cost":21.694919400000003},{"amount":0.0002,"safe_price":98580.21,"ft_order_side":"sell","order_filled_timestamp":1736023380000,"ft_is_entry":false,"ft_order_tag":"custom_exit","cost":21.687646200000003}],"funding_fees":0.0},{"pair":"BTC/USDT","stake_amount":19.720806,"max_stake_amount":19.720806,"amount":0.0002,"open_date":"2025-01-04 20:44:00+00:00","close_date":"2025-01-04 21:00:00+00:00","open_rate":98604.03,"close_rate":98599.02,"fee_open":0.1,"fee_close":0.1,"trade_duration":16,"profit_ratio":-0.18185975304918617,"profit_abs":-3.945063,"exit_reason":"custom_exit","initial_stop_loss_abs":69022.83,"initial_stop_loss_ratio":-0.3,"stop_loss_abs":69022.83,"stop_loss_ratio":-0.3,"min_rate":98521.98,"max_rate":98710.5,"is_open":false,"enter_tag":"","leverage":1.0,"is_short":false,"open_timestamp":1736023440000,"close_timestamp":1736024400000,"orders":[{"amount":0.0002,"safe_price":98604.03,"ft_order_side":"buy","order_filled_timestamp":1736023440000,"ft_is_entry":true,"ft_order_tag":"","cost":21.6928866},{"amount":0.0002,"safe_price":98599.02,"ft_order_side":"sell","order_filled_timestamp":1736024400000,"ft_is_entry":false,"ft_order_tag":"custom_exit","cost":21.691784400000007}],"funding_fees":0.0},{"pair":"BTC/USDT","stake_amount":19.743518,"max_stake_amount":19.743518,"amount":0.0002,"open_date":"2025-01-05 22:40:00+00:00","close_date":"2025-01-05 23:02:00+00:00","open_rate":98717.59,"close_rate":98736.32,"fee_open":0.1,"fee_close":0.1,"trade_duration":22,"profit_ratio":-0.18166294559883586,"profit_abs":-3.9453322,"exit_reason":"custom_exit","initial_stop_loss_abs":69102.32,"initial_stop_loss_ratio":-0.3,"stop_loss_abs":69102.32,"stop_loss_ratio":-0.3,"min_rate":98516.27,"max_rate":98836.85,"is_open":false,"enter_tag":"","leverage":1.0,"is_short":false,"open_timestamp":1736116800000,"close_timestamp":1736118120000,"orders":[{"amount":0.0002,"safe_price":98717.59,"ft_order_side":"buy","order_filled_timestamp":1736116800000,"ft_is_entry":true,"ft_order_tag":"","cost":21.717869800000003},{"amount":0.0002,"safe_price":98736.32,"ft_order_side":"sell","order_filled_timestamp":1736118120000,"ft_is_entry":false,"ft_order_tag":"custom_exit","cost":21.721990400000003}],"funding_fees":0.0},{"pair":"BTC/USDT","stake_amount":19.778146,"max_stake_amount":19.778146,"amount":0.0002,"open_date":"2025-01-06 02:02:00+00:00","close_date":"2025-01-06 02:05:00+00:00","open_rate":98890.73,"close_rate":98885.59,"fee_open":0.1,"fee_close":0.1,"trade_duration":3,"profit_ratio":-0.1818607080948657,"profit_abs":-3.9565544,"exit_reason":"custom_exit","initial_stop_loss_abs":69223.52,"initial_stop_loss_ratio":-0.3,"stop_loss_abs":69223.52,"stop_loss_ratio":-0.3,"min_rate":98815.24,"max_rate":99254.87,"is_open":false,"enter_tag":"","leverage":1.0,"is_short":false,"open_timestamp":1736128920000,"close_timestamp":1736129100000,"orders":[{"amount":0.0002,"safe_price":98890.73,"ft_order_side":"buy","order_filled_timestamp":1736128920000,"ft_is_entry":true,"ft_order_tag":"","cost":21.7559606},{"amount":0.0002,"safe_price":98885.59,"ft_order_side":"sell","order_filled_timestamp":1736129100000,"ft_is_entry":false,"ft_order_tag":"custom_exit","cost":21.754829800000003}],"funding_fees":0.0},{"pair":"BTC/USDT","stake_amount":19.824006,"max_stake_amount":19.824006,"amount":0.0002,"open_date":"2025-01-06 02:06:00+00:00","close_date":"2025-01-06 02:06:00+00:00","open_rate":99120.03,"close_rate":99120.03,"fee_open":0.1,"fee_close":0.1,"trade_duration":0,"profit_ratio":-0.18181818181818182,"profit_abs":-3.9648012,"exit_reason":"custom_exit","initial_stop_loss_abs":69384.03,"initial_stop_loss_ratio":-0.3,"stop_loss_abs":69384.03,"stop_loss_ratio":-0.3,"min_rate":99023.01,"max_rate":99238.99,"is_open":false,"enter_tag":"","leverage":1.0,"is_short":false,"open_timestamp":1736129160000,"close_timestamp":1736129160000,"orders":[{"amount":0.0002,"safe_price":99120.03,"ft_order_side":"buy","order_filled_timestamp":1736129160000,"ft_is_entry":true,"ft_order_tag":"","cost":21.806406600000003},{"amount":0.0002,"safe_price":99120.03,"ft_order_side":"sell","order_filled_timestamp":1736129160000,"ft_is_entry":false,"ft_order_tag":"custom_exit","cost":21.806406600000003}],"funding_fees":0.0},{"pair":"BTC/USDT","stake_amount":19.810016,"max_stake_amount":19.810016,"amount":0.0002,"open_date":"2025-01-06 02:07:00+00:00","close_date":"2025-01-06 02:07:00+00:00","open_rate":99050.08,"close_rate":99050.08,"fee_open":0.1,"fee_close":0.1,"trade_duration":0,"profit_ratio":-0.18181818181818182,"profit_abs":-3.9620032,"exit_reason":"custom_exit","initial_stop_loss_abs":69335.06,"initial_stop_loss_ratio":-0.3,"stop_loss_abs":69335.06,"stop_loss_ratio":-0.3,"min_rate":99005.0,"max_rate":99240.0,"is_open":false,"enter_tag":"","leverage":1.0,"is_short":false,"open_timestamp":1736129220000,"close_timestamp":1736129220000,"orders":[{"amount":0.0002,"safe_price":99050.08,"ft_order_side":"buy","order_filled_timestamp":1736129220000,"ft_is_entry":true,"ft_order_tag":"","cost":21.791017600000004},{"amount":0.0002,"safe_price":99050.08,"ft_order_side":"sell","order_filled_timestamp":1736129220000,"ft_is_entry":false,"ft_order_tag":"custom_exit","cost":21.791017600000004}],"funding_fees":0.0},{"pair":"BTC/USDT","stake_amount":19.848002,"max_stake_amount":19.848002,"amount":0.0002,"open_date":"2025-01-06 02:09:00+00:00","close_date":"2025-01-06 04:15:00+00:00","open_rate":99240.01,"close_rate":99282.14,"fee_open":0.1,"fee_close":0.1,"trade_duration":126,"profit_ratio":-0.18147084207083597,"profit_abs":-3.962017,"exit_reason":"custom_exit","initial_stop_loss_abs":69468.01,"initial_stop_loss_ratio":-0.3,"stop_loss_abs":69468.01,"stop_loss_ratio":-0.3,"min_rate":98649.97,"max_rate":99333.0,"is_open":false,"enter_tag":"","leverage":1.0,"is_short":false,"open_timestamp":1736129340000,"close_timestamp":1736136900000,"orders":[{"amount":0.0002,"safe_price":99240.01,"ft_order_side":"buy","order_filled_timestamp":1736129340000,"ft_is_entry":true,"ft_order_tag":"","cost":21.832802200000003},{"amount":0.0002,"safe_price":99282.14,"ft_order_side":"sell","order_filled_timestamp":1736136900000,"ft_is_entry":false,"ft_order_tag":"custom_exit","cost":21.842070800000002}],"funding_fees":0.0},{"pair":"BTC/USDT","stake_amount":19.881478,"max_stake_amount":19.881478,"amount":0.0002,"open_date":"2025-01-06 04:20:00+00:00","close_date":"2025-01-06 04:55:00+00:00","open_rate":99407.39,"close_rate":99425.58,"fee_open":0.1,"fee_close":0.1,"trade_duration":35,"profit_ratio":-0.18166846732238096,"profit_abs":-3.9730214,"exit_reason":"custom_exit","initial_stop_loss_abs":69585.18,"initial_stop_loss_ratio":-0.3,"stop_loss_abs":69585.18,"stop_loss_ratio":-0.3,"min_rate":99184.98,"max_rate":99500.88,"is_open":false,"enter_tag":"","leverage":1.0,"is_short":false,"open_timestamp":1736137200000,"close_timestamp":1736139300000,"orders":[{"amount":0.0002,"safe_price":99407.39,"ft_order_side":"buy","order_filled_timestamp":1736137200000,"ft_is_entry":true,"ft_order_tag":"","cost":21.8696258},{"amount":0.0002,"safe_price":99425.58,"ft_order_side":"sell","order_filled_timestamp":1736139300000,"ft_is_entry":false,"ft_order_tag":"custom_exit","cost":21.873627600000003}],"funding_fees":0.0},{"pair":"BTC/USDT","stake_amount":19.908002,"max_stake_amount":19.908002,"amount":0.0002,"open_date":"2025-01-06 05:07:00+00:00","close_date":"2025-01-06 05:23:00+00:00","open_rate":99540.01,"close_rate":99597.99,"fee_open":0.1,"fee_close":0.1,"trade_duration":16,"profit_ratio":-0.18134160780720693,"profit_abs":-3.971164,"exit_reason":"custom_exit","initial_stop_loss_abs":69678.01,"initial_stop_loss_ratio":-0.3,"stop_loss_abs":69678.01,"stop_loss_ratio":-0.3,"min_rate":99413.39,"max_rate":99650.0,"is_open":false,"enter_tag":"","leverage":1.0,"is_short":false,"open_timestamp":1736140020000,"close_timestamp":1736140980000,"orders":[{"amount":0.0002,"safe_price":99540.01,"ft_order_side":"buy","order_filled_timestamp":1736140020000,"ft_is_entry":true,"ft_order_tag":"","cost":21.898802200000002},{"amount":0.0002,"safe_price":99597.99,"ft_order_side":"sell","order_filled_timestamp":1736140980000,"ft_is_entry":false,"ft_order_tag":"custom_exit","cost":21.9115578}],"funding_fees":0.0},{"pair":"BTC/USDT","stake_amount":19.96203,"max_stake_amount":19.96203,"amount":0.0002,"open_date":"2025-01-06 05:35:00+00:00","close_date":"2025-01-06 07:46:00+00:00","open_rate":99810.15,"close_rate":99312.23,"fee_open":0.1,"fee_close":0.1,"trade_duration":131,"profit_ratio":-0.1858998217206275,"profit_abs":-4.0820316,"exit_reason":"custom_exit","initial_stop_loss_abs":69867.11,"initial_stop_loss_ratio":-0.3,"stop_loss_abs":69867.11,"stop_loss_ratio":-0.3,"min_rate":99161.14,"max_rate":99892.0,"is_open":false,"enter_tag":"","leverage":1.0,"is_short":false,"open_timestamp":1736141700000,"close_timestamp":1736149560000,"orders":[{"amount":0.0002,"safe_price":99810.15,"ft_order_side":"buy","order_filled_timestamp":1736141700000,"ft_is_entry":true,"ft_order_tag":"","cost":21.958233},{"amount":0.0002,"safe_price":99312.23,"ft_order_side":"sell","order_filled_timestamp":1736149560000,"ft_is_entry":false,"ft_order_tag":"custom_exit","cost":21.8486906}],"funding_fees":0.0},{"pair":"BTC/USDT","stake_amount":19.083998,"max_stake_amount":19.083998,"amount":0.0002,"open_date":"2025-01-14 08:12:00+00:00","close_date":"2025-01-14 08:12:00+00:00","open_rate":95419.99,"close_rate":95419.99,"fee_open":0.1,"fee_close":0.1,"trade_duration":0,"profit_ratio":-0.18181818181818182,"profit_abs":-3.8167996,"exit_reason":"custom_exit","initial_stop_loss_abs":66794.0,"initial_stop_loss_ratio":-0.3,"stop_loss_abs":66794.0,"stop_loss_ratio":-0.3,"min_rate":95400.37,"max_rate":95527.0,"is_open":false,"enter_tag":"","leverage":1.0,"is_short":false,"open_timestamp":1736842320000,"close_timestamp":1736842320000,"orders":[{"amount":0.0002,"safe_price":95419.99,"ft_order_side":"buy","order_filled_timestamp":1736842320000,"ft_is_entry":true,"ft_order_tag":"","cost":20.992397800000003},{"amount":0.0002,"safe_price":95419.99,"ft_order_side":"sell","order_filled_timestamp":1736842320000,"ft_is_entry":false,"ft_order_tag":"custom_exit","cost":20.992397800000003}],"funding_fees":0.0},{"pair":"BTC/USDT","stake_amount":19.094002,"max_stake_amount":19.094002,"amount":0.0002,"open_date":"2025-01-14 08:13:00+00:00","close_date":"2025-01-14 08:14:00+00:00","open_rate":95470.01,"close_rate":95532.52,"fee_open":0.1,"fee_close":0.1,"trade_duration":1,"profit_ratio":-0.18128246860882377,"profit_abs":-3.8075486,"exit_reason":"custom_exit","initial_stop_loss_abs":66829.01,"initial_stop_loss_ratio":-0.3,"stop_loss_abs":66829.01,"stop_loss_ratio":-0.3,"min_rate":95470.0,"max_rate":95585.06,"is_open":false,"enter_tag":"","leverage":1.0,"is_short":false,"open_timestamp":1736842380000,"close_timestamp":1736842440000,"orders":[{"amount":0.0002,"safe_price":95470.01,"ft_order_side":"buy","order_filled_timestamp":1736842380000,"ft_is_entry":true,"ft_order_tag":"","cost":21.0034022},{"amount":0.0002,"safe_price":95532.52,"ft_order_side":"sell","order_filled_timestamp":1736842440000,"ft_is_entry":false,"ft_order_tag":"custom_exit","cost":21.017154400000003}],"funding_fees":0.0},{"pair":"BTC/USDT","stake_amount":19.147202,"max_stake_amount":19.147202,"amount":0.0002,"open_date":"2025-01-14 08:18:00+00:00","close_date":"2025-01-14 09:14:00+00:00","open_rate":95736.01,"close_rate":95807.43,"fee_open":0.1,"fee_close":0.1,"trade_duration":56,"profit_ratio":-0.18120781017793333,"profit_abs":-3.8165848,"exit_reason":"custom_exit","initial_stop_loss_abs":67015.21,"initial_stop_loss_ratio":-0.3,"stop_loss_abs":67015.21,"stop_loss_ratio":-0.3,"min_rate":95247.81,"max_rate":95861.45,"is_open":false,"enter_tag":"","leverage":1.0,"is_short":false,"open_timestamp":1736842680000,"close_timestamp":1736846040000,"orders":[{"amount":0.0002,"safe_price":95736.01,"ft_order_side":"buy","order_filled_timestamp":1736842680000,"ft_is_entry":true,"ft_order_tag":"","cost":21.0619222},{"amount":0.0002,"safe_price":95807.43,"ft_order_side":"sell","order_filled_timestamp":1736846040000,"ft_is_entry":false,"ft_order_tag":"custom_exit","cost":21.077634600000003}],"funding_fees":0.0},{"pair":"BTC/USDT","stake_amount":19.443842,"max_stake_amount":19.443842,"amount":0.0002,"open_date":"2025-01-14 09:50:00+00:00","close_date":"2025-01-14 09:52:00+00:00","open_rate":97219.21,"close_rate":97276.96,"fee_open":0.1,"fee_close":0.1,"trade_duration":2,"profit_ratio":-0.1813321667600467,"profit_abs":-3.8783734,"exit_reason":"custom_exit","initial_stop_loss_abs":68053.45,"initial_stop_loss_ratio":-0.3,"stop_loss_abs":68053.45,"stop_loss_ratio":-0.3,"min_rate":97109.47,"max_rate":97371.0,"is_open":false,"enter_tag":"","leverage":1.0,"is_short":false,"open_timestamp":1736848200000,"close_timestamp":1736848320000,"orders":[{"amount":0.0002,"safe_price":97219.21,"ft_order_side":"buy","order_filled_timestamp":1736848200000,"ft_is_entry":true,"ft_order_tag":"","cost":21.388226200000005},{"amount":0.0002,"safe_price":97276.96,"ft_order_side":"sell","order_filled_timestamp":1736848320000,"ft_is_entry":false,"ft_order_tag":"custom_exit","cost":21.400931200000006}],"funding_fees":0.0}],"locks":[],"best_pair":{"key":"BTC/USDT","trades":18,"profit_mean":-0.18195671094148239,"profit_mean_pct":-18.2,"profit_sum":-3.275220796946683,"profit_sum_pct":-327.52,"profit_total_abs":-70.586267,"profit_total":-0.07058626700000001,"profit_total_pct":-7.06,"duration_avg":"1:06:00","wins":0,"draws":0,"losses":18,"winrate":0.0,"cagr":-0.8516917061978951,"expectancy":-3.921459277777778,"expectancy_ratio":-1.0,"sortino":-1317.8616797127384,"sharpe":-1317.8616797127384,"calmar":-136.4640941038771,"sqn":-221.2093,"profit_factor":0.0,"max_drawdown_account":0.07058626700000002,"max_drawdown_abs":70.586267},"worst_pair":{"key":"BTC/USDT","trades":18,"profit_mean":-0.18195671094148239,"profit_mean_pct":-18.2,"profit_sum":-3.275220796946683,"profit_sum_pct":-327.52,"profit_total_abs":-70.586267,"profit_total":-0.07058626700000001,"profit_total_pct":-7.06,"duration_avg":"1:06:00","wins":0,"draws":0,"losses":18,"winrate":0.0,"cagr":-0.8516917061978951,"expectancy":-3.921459277777778,"expectancy_ratio":-1.0,"sortino":-1317.8616797127384,"sharpe":-1317.8616797127384,"calmar":-136.4640941038771,"sqn":-221.2093,"profit_factor":0.0,"max_drawdown_account":0.07058626700000002,"max_drawdown_abs":70.586267},"results_per_pair":[{"key":"BTC/USDT","trades":18,"profit_mean":-0.18195671094148239,"profit_mean_pct":-18.2,"profit_sum":-3.275220796946683,"profit_sum_pct":-327.52,"profit_total_abs":-70.586267,"profit_total":-0.07058626700000001,"profit_total_pct":-7.06,"duration_avg":"1:06:00","wins":0,"draws":0,"losses":18,"winrate":0.0,"cagr":-0.8516917061978951,"expectancy":-3.921459277777778,"expectancy_ratio":-1.0,"sortino":-1317.8616797127384,"sharpe":-1317.8616797127384,"calmar":-136.4640941038771,"sqn":-221.2093,"profit_factor":0.0,"max_drawdown_account":0.07058626700000002,"max_drawdown_abs":70.586267},{"key":"TOTAL","trades":18,"profit_mean":-0.18195671094148239,"profit_mean_pct":-18.2,"profit_sum":-3.275220796946683,"profit_sum_pct":-327.52,"profit_total_abs":-70.586267,"profit_total":-0.07058626700000001,"profit_total_pct":-7.06,"duration_avg":"1:06:00","wins":0,"draws":0,"losses":18,"winrate":0.0,"cagr":-0.8516917061978951,"expectancy":-3.921459277777778,"expectancy_ratio":-1.0,"sortino":-1317.8616797127384,"sharpe":-1317.8616797127384,"calmar":-136.4640941038771,"sqn":-221.2093,"profit_factor":0.0,"max_drawdown_account":0.07058626700000002,"max_drawdown_abs":70.586267}],"results_per_enter_tag":[{"key":"","trades":18,"profit_mean":-0.18195671094148239,"profit_mean_pct":-18.2,"profit_sum":-3.275220796946683,"profit_sum_pct":-327.52,"profit_total_abs":-70.586267,"profit_total":-0.07058626700000001,"profit_total_pct":-7.06,"duration_avg":"1:06:00","wins":0,"draws":0,"losses":18,"winrate":0.0,"cagr":-0.8516917061978951,"expectancy":-3.921459277777778,"expectancy_ratio":-1.0,"sortino":-1317.8616797127384,"sharpe":-1317.8616797127384,"calmar":-136.4640941038771,"sqn":-221.2093,"profit_factor":0.0,"max_drawdown_account":0.07058626700000002,"max_drawdown_abs":70.586267},{"key":"TOTAL","trades":18,"profit_mean":-0.18195671094148239,"profit_mean_pct":-18.2,"profit_sum":-3.275220796946683,"profit_sum_pct":-327.52,"profit_total_abs":-70.586267,"profit_total":-0.07058626700000001,"profit_total_pct":-7.06,"duration_avg":"1:06:00","wins":0,"draws":0,"losses":18,"winrate":0.0,"cagr":-0.8516917061978951,"expectancy":-3.921459277777778,"expectancy_ratio":-1.0,"sortino":-1317.8616797127384,"sharpe":-1317.8616797127384,"calmar":-136.4640941038771,"sqn":-221.2093,"profit_factor":0.0,"max_drawdown_account":0.07058626700000002,"max_drawdown_abs":70.586267}],"exit_reason_summary":[{"key":"custom_exit","trades":18,"profit_mean":-0.18195671094148239,"profit_mean_pct":-18.2,"profit_sum":-3.275220796946683,"profit_sum_pct":-327.52,"profit_total_abs":-70.586267,"profit_total":-0.07058626700000001,"profit_total_pct":-7.06,"duration_avg":"1:06:00","wins":0,"draws":0,"losses":18,"winrate":0.0,"cagr":-0.8516917061978951,"expectancy":-3.921459277777778,"expectancy_ratio":-1.0,"sortino":-1317.8616797127384,"sharpe":-1317.8616797127384,"calmar":-136.4640941038771,"sqn":-221.2093,"profit_factor":0.0,"max_drawdown_account":0.07058626700000002,"max_drawdown_abs":70.586267},{"key":"TOTAL","trades":18,"profit_mean":-0.18195671094148239,"profit_mean_pct":-18.2,"profit_sum":-3.275220796946683,"profit_sum_pct":-327.52,"profit_total_abs":-70.586267,"profit_total":-0.07058626700000001,"profit_total_pct":-7.06,"duration_avg":"1:06:00","wins":0,"draws":0,"losses":18,"winrate":0.0,"cagr":-0.8516917061978951,"expectancy":-3.921459277777778,"expectancy_ratio":-1.0,"sortino":-1317.8616797127384,"sharpe":-1317.8616797127384,"calmar":-136.4640941038771,"sqn":-221.2093,"profit_factor":0.0,"max_drawdown_account":0.07058626700000002,"max_drawdown_abs":70.586267}],"mix_tag_stats":[{"key":["","custom_exit"],"trades":18,"profit_mean":-0.18195671094148239,"profit_mean_pct":-18.2,"profit_sum":-3.275220796946683,"profit_sum_pct":-327.52,"profit_total_abs":-70.586267,"profit_total":-0.07058626700000001,"profit_total_pct":-7.06,"duration_avg":"1:06:00","wins":0,"draws":0,"losses":18,"winrate":0.0,"cagr":-0.8516917061978951,"expectancy":-3.921459277777778,"expectancy_ratio":-1.0,"sortino":-1317.8616797127384,"sharpe":-1317.8616797127384,"calmar":-136.4640941038771,"sqn":-221.2093,"profit_factor":0.0,"max_drawdown_account":0.07058626700000002,"max_drawdown_abs":70.586267},{"key":"TOTAL","trades":18,"profit_mean":-0.18195671094148239,"profit_mean_pct":-18.2,"profit_sum":-3.275220796946683,"profit_sum_pct":-327.52,"profit_total_abs":-70.586267,"profit_total":-0.07058626700000001,"profit_total_pct":-7.06,"duration_avg":"1:06:00","wins":0,"draws":0,"losses":18,"winrate":0.0,"cagr":-0.8516917061978951,"expectancy":-3.921459277777778,"expectancy_ratio":-1.0,"sortino":-1317.8616797127384,"sharpe":-1317.8616797127384,"calmar":-136.4640941038771,"sqn":-221.2093,"profit_factor":0.0,"max_drawdown_account":0.07058626700000002,"max_drawdown_abs":70.586267}],"left_open_trades":[{"key":"TOTAL","trades":0,"profit_mean":0.0,"profit_mean_pct":0.0,"profit_sum":0.0,"profit_sum_pct":0.0,"profit_total_abs":0.0,"profit_total":0.0,"profit_total_pct":0.0,"duration_avg":"0:00","wins":0,"draws":0,"losses":0,"winrate":0.0,"cagr":0.0,"expectancy":0.0,"expectancy_ratio":100.0,"sortino":0,"sharpe":0,"calmar":0,"sqn":0.0,"profit_factor":0.0,"max_drawdown_account":0.0,"max_drawdown_abs":0.0}],"total_trades":18,"trade_count_long":18,"trade_count_short":0,"total_volume":775.7636150000001,"avg_stake_amount":19.59172088888889,"profit_mean":-0.18195671094148239,"profit_median":-0.18174332457028136,"profit_total":-0.07058626700000001,"profit_total_long":-0.07058626700000001,"profit_total_short":0.0,"profit_total_abs":-70.586267,"profit_total_long_abs":-70.586267,"profit_total_short_abs":0.0,"cagr":-0.8516917061978951,"expectancy":-3.921459277777778,"expectancy_ratio":-1.0,"sortino":-1317.8616797127384,"sharpe":-1317.8616797127384,"calmar":-136.4640941038771,"sqn":-221.2093,"profit_factor":0.0,"backtest_start":"2025-01-01 00:00:00","backtest_start_ts":1735689600000,"backtest_end":"2025-01-15 00:00:00","backtest_end_ts":1736899200000,"backtest_days":14,"backtest_run_start_ts":1752180325,"backtest_run_end_ts":1752180326,"trades_per_day":1.29,"market_change":0.03193088670308053,"pairlist":["BTC/USDT"],"stake_amount":20,"stake_currency":"USDT","stake_currency_decimals":3,"starting_balance":1000,"dry_run_wallet":1000,"final_balance":929.413733,"rejected_signals":0,"timedout_entry_orders":0,"timedout_exit_orders":0,"canceled_trade_entries":0,"canceled_entry_orders":0,"replaced_entry_orders":0,"max_open_trades":1,"max_open_trades_setting":5,"timeframe":"1m","timeframe_detail":"","timerange":"20250101-20250115","enable_protections":true,"strategy_name":"MultiHorizonMomentum","stoploss":-0.3,"trailing_stop":false,"trailing_stop_positive":null,"trailing_stop_positive_offset":0.0,"trailing_only_offset_is_reached":false,"use_custom_stoploss":false,"minimal_roi":{},"use_exit_signal":true,"exit_profit_only":false,"exit_profit_offset":0.0,"ignore_roi_if_entry_signal":false,"trading_mode":"spot","margin_mode":"","periodic_breakdown":{"day":[{"date":"02/01/2025","date_ts":1735776000000,"profit_abs":-7.653296,"wins":0,"draws":0,"losses":2,"trades":2,"profit_factor":0.0},{"date":"03/01/2025","date_ts":1735862400000,"profit_abs":0.0,"wins":0,"draws":0,"losses":0,"trades":0,"profit_factor":0.0},{"date":"04/01/2025","date_ts":1735948800000,"profit_abs":-15.7967396,"wins":0,"draws":0,"losses":4,"trades":4,"profit_factor":0.0},{"date":"05/01/2025","date_ts":1736035200000,"profit_abs":-3.9453322,"wins":0,"draws":0,"losses":1,"trades":1,"profit_factor":0.0},{"date":"06/01/2025","date_ts":1736121600000,"profit_abs":-27.8715928,"wins":0,"draws":0,"losses":7,"trades":7,"profit_factor":0.0},{"date":"07/01/2025","date_ts":1736208000000,"profit_abs":0.0,"wins":0,"draws":0,"losses":0,"trades":0,"profit_factor":0.0},{"date":"08/01/2025","date_ts":1736294400000,"profit_abs":0.0,"wins":0,"draws":0,"losses":0,"trades":0,"profit_factor":0.0},{"date":"09/01/2025","date_ts":1736380800000,"profit_abs":0.0,"wins":0,"draws":0,"losses":0,"trades":0,"profit_factor":0.0},{"date":"10/01/2025","date_ts":1736467200000,"profit_abs":0.0,"wins":0,"draws":0,"losses":0,"trades":0,"profit_factor":0.0},{"date":"11/01/2025","date_ts":1736553600000,"profit_abs":0.0,"wins":0,"draws":0,"losses":0,"trades":0,"profit_factor":0.0},{"date":"12/01/2025","date_ts":1736640000000,"profit_abs":0.0,"wins":0,"draws":0,"losses":0,"trades":0,"profit_factor":0.0},{"date":"13/01/2025","date_ts":1736726400000,"profit_abs":0.0,"wins":0,"draws":0,"losses":0,"trades":0,"profit_factor":0.0},{"date":"14/01/2025","date_ts":1736812800000,"profit_abs":-15.3193064,"wins":0,"draws":0,"losses":4,"trades":4,"profit_factor":0.0}],"week":[{"date":"06/01/2025","date_ts":1736121600000,"profit_abs":-55.2669606,"wins":0,"draws":0,"losses":14,"trades":14,"profit_factor":0.0},{"date":"13/01/2025","date_ts":1736726400000,"profit_abs":0.0,"wins":0,"draws":0,"losses":0,"trades":0,"profit_factor":0.0},{"date":"20/01/2025","date_ts":1737331200000,"profit_abs":-15.3193064,"wins":0,"draws":0,"losses":4,"trades":4,"profit_factor":0.0}],"month":[{"date":"31/01/2025","date_ts":1738281600000,"profit_abs":-70.586267,"wins":0,"draws":0,"losses":18,"trades":18,"profit_factor":0.0}],"year":[{"date":"31/12/2025","date_ts":1767139200000,"profit_abs":-70.586267,"wins":0,"draws":0,"losses":18,"trades":18,"profit_factor":0.0}]},"backtest_best_day":0.0,"backtest_worst_day":-1.2758778106522808,"backtest_best_day_abs":0.0,"backtest_worst_day_abs":-27.8715928,"winning_days":0,"draw_days":8,"losing_days":5,"daily_profit":[["2025-01-02",-7.653296],["2025-01-03",0.0],["2025-01-04",-15.7967396],["2025-01-05",-3.9453322],["2025-01-06",-27.8715928],["2025-01-07",0.0],["2025-01-08",0.0],["2025-01-09",0.0],["2025-01-10",0.0],["2025-01-11",0.0],["2025-01-12",0.0],["2025-01-13",0.0],["2025-01-14",-15.3193064]],"wins":0,"losses":18,"draws":0,"winrate":0.0,"holding_avg":"1:06:00","holding_avg_s":3960.0,"winner_holding_min":"0d 00:00","winner_holding_min_s":0.0,"winner_holding_max":"0d 00:00","winner_holding_max_s":0.0,"winner_holding_avg":"0d 00:00","winner_holding_avg_s":0.0,"loser_holding_min":"0d 00:00","loser_holding_min_s":0.0,"loser_holding_max":"0d 12:43","loser_holding_max_s":45780.0,"loser_holding_avg":"0d 01:06","loser_holding_avg_s":3960.0,"max_consecutive_wins":0,"max_consecutive_losses":18,"max_drawdown_account":0.07058626700000002,"max_relative_drawdown":0.07058626700000002,"max_drawdown_abs":70.586267,"drawdown_start":"2025-01-02 04:39:00","drawdown_start_ts":1735792740000.0,"drawdown_end":"2025-01-14 09:52:00","drawdown_end_ts":1736848320000.0,"max_drawdown_low":-70.586267,"max_drawdown_high":-3.8263292,"csum_min":929.413733,"csum_max":996.1736708}},"strategy_comparison":[{"key":"MultiHorizonMomentum","trades":18,"profit_mean":-0.18195671094148239,"profit_mean_pct":-18.2,"profit_sum":-3.275220796946683,"profit_sum_pct":-327.52,"profit_total_abs":-70.586267,"profit_total":-0.07058626700000001,"profit_total_pct":-7.06,"duration_avg":"1:06:00","wins":0,"draws":0,"losses":18,"winrate":0.0,"cagr":-0.8516917061978951,"expectancy":-3.921459277777778,"expectancy_ratio":-1.0,"sortino":-1317.8616797127384,"sharpe":-1317.8616797127384,"calmar":-136.4640941038771,"sqn":-221.2093,"profit_factor":0.0,"max_drawdown_account":0.07058626700000002,"max_drawdown_abs":"70.586"}]}