{"strategy":{"MultiHorizonMomentum":{"trades":[{"pair":"BTC/USDT","stake_amount":19.344,"max_stake_amount":19.344,"amount":0.00026,"open_date":"2024-11-06 11:32:00+00:00","close_date":"2024-11-06 12:04:00+00:00","open_rate":74400.0,"close_rate":74472.92,"fee_open":0.0002,"fee_close":0.0002,"trade_duration":32,"profit_ratio":0.0005797956413680043,"profit_abs":0.01121781,"exit_reason":"custom_exit","initial_stop_loss_abs":52080.0,"initial_stop_loss_ratio":-0.3,"stop_loss_abs":52080.0,"stop_loss_ratio":-0.3,"min_rate":74018.14,"max_rate":74507.31,"is_open":false,"enter_tag":"","leverage":1.0,"is_short":false,"open_timestamp":1730892720000,"close_timestamp":1730894640000,"orders":[{"amount":0.00026,"safe_price":74400.0,"ft_order_side":"buy","order_filled_timestamp":1730892720000,"ft_is_entry":true,"ft_order_tag":"","cost":19.347868799999997},{"amount":0.00026,"safe_price":74472.92,"ft_order_side":"sell","order_filled_timestamp":1730894640000,"ft_is_entry":false,"ft_order_tag":"custom_exit","cost":19.36683179184}],"funding_fees":0.0},{"pair":"BTC/USDT","stake_amount":19.83436,"max_stake_amount":19.83436,"amount":0.00026,"open_date":"2024-11-08 10:57:00+00:00","close_date":"2024-11-08 15:24:00+00:00","open_rate":76286.0,"close_rate":76290.0,"fee_open":0.0002,"fee_close":0.0002,"trade_duration":267,"profit_ratio":-0.0003475066241463228,"profit_abs":-0.00689395,"exit_reason":"custom_exit","initial_stop_loss_abs":53400.2,"initial_stop_loss_ratio":-0.3,"stop_loss_abs":53400.2,"stop_loss_ratio":-0.3,"min_rate":75630.76,"max_rate":76446.01,"is_open":false,"enter_tag":"","leverage":1.0,"is_short":false,"open_timestamp":1731063420000,"close_timestamp":1731079440000,"orders":[{"amount":0.00026,"safe_price":76286.0,"ft_order_side":"buy","order_filled_timestamp":1731063420000,"ft_is_entry":true,"ft_order_tag":"","cost":19.838326871999996},{"amount":0.00026,"safe_price":76290.0,"ft_order_side":"sell","order_filled_timestamp":1731079440000,"ft_is_entry":false,"ft_order_tag":"custom_exit","cost":19.83936708}],"funding_fees":0.0},{"pair":"BTC/USDT","stake_amount":19.348735,"max_stake_amount":19.348735,"amount":0.00025,"open_date":"2024-11-10 02:27:00+00:00","close_date":"2024-11-10 02:27:00+00:00","open_rate":77394.94,"close_rate":77394.94,"fee_open":0.0002,"fee_close":0.0002,"trade_duration":0,"profit_ratio":-0.0003999198093062774,"profit_abs":-0.00773949,"exit_reason":"custom_exit","initial_stop_loss_abs":54176.46,"initial_stop_loss_ratio":-0.3,"stop_loss_abs":54176.46,"stop_loss_ratio":-0.3,"min_rate":77326.01,"max_rate":77498.0,"is_open":false,"enter_tag":"","leverage":1.0,"is_short":false,"open_timestamp":1731205620000,"close_timestamp":1731205620000,"orders":[{"amount":0.00025,"safe_price":77394.94,"ft_order_side":"buy","order_filled_timestamp":1731205620000,"ft_is_entry":true,"ft_order_tag":"","cost":19.352604747},{"amount":0.00025,"safe_price":77394.94,"ft_order_side":"sell","order_filled_timestamp":1731205620000,"ft_is_entry":false,"ft_order_tag":"custom_exit","cost":19.352604747}],"funding_fees":0.0},{"pair":"BTC/USDT","stake_amount":19.505505,"max_stake_amount":19.505505,"amount":0.00025,"open_date":"2024-11-10 04:46:00+00:00","close_date":"2024-11-10 04:49:00+00:00","open_rate":78022.02,"close_rate":77954.91,"fee_open":0.0002,"fee_close":0.0002,"trade_duration":3,"profit_ratio":-0.0012597179982193451,"profit_abs":-0.02457635,"exit_reason":"custom_exit","initial_stop_loss_abs":54615.42,"initial_stop_loss_ratio":-0.3,"stop_loss_abs":54615.42,"stop_loss_ratio":-0.3,"min_rate":77900.0,"max_rate":78169.81,"is_open":false,"enter_tag":"","leverage":1.0,"is_short":false,"open_timestamp":1731213960000,"close_timestamp":1731214140000,"orders":[{"amount":0.00025,"safe_price":78022.02,"ft_order_side":"buy","order_filled_timestamp":1731213960000,"ft_is_entry":true,"ft_order_tag":"","cost":19.509406101000003},{"amount":0.00025,"safe_price":77954.91,"ft_order_side":"sell","order_filled_timestamp":1731214140000,"ft_is_entry":false,"ft_order_tag":"custom_exit","cost":19.492625245499998}],"funding_fees":0.0},{"pair":"BTC/USDT","stake_amount":19.505325,"max_stake_amount":19.505325,"amount":0.00025,"open_date":"2024-11-10 04:50:00+00:00","close_date":"2024-11-10 04:50:00+00:00","open_rate":78021.3,"close_rate":78021.3,"fee_open":0.0002,"fee_close":0.0002,"trade_duration":0,"profit_ratio":-0.0003999200159968006,"profit_abs":-0.00780213,"exit_reason":"custom_exit","initial_stop_loss_abs":54614.91,"initial_stop_loss_ratio":-0.3,"stop_loss_abs":54614.91,"stop_loss_ratio":-0.3,"min_rate":78021.28,"max_rate":78146.0,"is_open":false,"enter_tag":"","leverage":1.0,"is_short":false,"open_timestamp":1731214200000,"close_timestamp":1731214200000,"orders":[{"amount":0.00025,"safe_price":78021.3,"ft_order_side":"buy","order_filled_timestamp":1731214200000,"ft_is_entry":true,"ft_order_tag":"","cost":19.509226065000004},{"amount":0.00025,"safe_price":78021.3,"ft_order_side":"sell","order_filled_timestamp":1731214200000,"ft_is_entry":false,"ft_order_tag":"custom_exit","cost":19.509226065000004}],"funding_fees":0.0},{"pair":"BTC/USDT","stake_amount":19.74763,"max_stake_amount":19.74763,"amount":0.00025,"open_date":"2024-11-10 04:54:00+00:00","close_date":"2024-11-10 04:54:00+00:00","open_rate":78990.52,"close_rate":78990.52,"fee_open":0.0002,"fee_close":0.0002,"trade_duration":0,"profit_ratio":-0.00039991991473907603,"profit_abs":-0.00789905,"exit_reason":"custom_exit","initial_stop_loss_abs":55293.37,"initial_stop_loss_ratio":-0.3,"stop_loss_abs":55293.37,"stop_loss_ratio":-0.3,"min_rate":78438.19,"max_rate":79255.0,"is_open":false,"enter_tag":"","leverage":1.0,"is_short":false,"open_timestamp":1731214440000,"close_timestamp":1731214440000,"orders":[{"amount":0.00025,"safe_price":78990.52,"ft_order_side":"buy","order_filled_timestamp":1731214440000,"ft_is_entry":true,"ft_order_tag":"","cost":19.751579526},{"amount":0.00025,"safe_price":78990.52,"ft_order_side":"sell","order_filled_timestamp":1731214440000,"ft_is_entry":false,"ft_order_tag":"custom_exit","cost":19.751579526}],"funding_fees":0.0},{"pair":"BTC/USDT","stake_amount":19.7491275,"max_stake_amount":19.7491275,"amount":0.00025,"open_date":"2024-11-10 04:55:00+00:00","close_date":"2024-11-10 04:58:00+00:00","open_rate":78996.51,"close_rate":78879.18,"fee_open":0.0002,"fee_close":0.0002,"trade_duration":3,"profit_ratio":-0.0018845812926547487,"profit_abs":-0.03722628,"exit_reason":"custom_exit","initial_stop_loss_abs":55297.56,"initial_stop_loss_ratio":-0.3,"stop_loss_abs":55297.56,"stop_loss_ratio":-0.3,"min_rate":78505.59,"max_rate":79323.74,"is_open":false,"enter_tag":"","leverage":1.0,"is_short":false,"open_timestamp":1731214500000,"close_timestamp":1731214680000,"orders":[{"amount":0.00025,"safe_price":78996.51,"ft_order_side":"buy","order_filled_timestamp":1731214500000,"ft_is_entry":true,"ft_order_tag":"","cost":19.7530773255},{"amount":0.00025,"safe_price":78879.18,"ft_order_side":"sell","order_filled_timestamp":1731214680000,"ft_is_entry":false,"ft_order_tag":"custom_exit","cost":19.723738959}],"funding_fees":0.0},{"pair":"BTC/USDT","stake_amount":19.3333632,"max_stake_amount":19.3333632,"amount":0.00024,"open_date":"2024-11-10 17:52:00+00:00","close_date":"2024-11-10 17:52:00+00:00","open_rate":80555.68,"close_rate":80555.68,"fee_open":0.0002,"fee_close":0.0002,"trade_duration":0,"profit_ratio":-0.0003999202600855368,"profit_abs":-0.00773335,"exit_reason":"custom_exit","initial_stop_loss_abs":56388.98,"initial_stop_loss_ratio":-0.3,"stop_loss_abs":56388.98,"stop_loss_ratio":-0.3,"min_rate":80488.46,"max_rate":80703.1,"is_open":false,"enter_tag":"","leverage":1.0,"is_short":false,"open_timestamp":1731261120000,"close_timestamp":1731261120000,"orders":[{"amount":0.00024,"safe_price":80555.68,"ft_order_side":"buy","order_filled_timestamp":1731261120000,"ft_is_entry":true,"ft_order_tag":"","cost":19.33722987264},{"amount":0.00024,"safe_price":80555.68,"ft_order_side":"sell","order_filled_timestamp":1731261120000,"ft_is_entry":false,"ft_order_tag":"custom_exit","cost":19.33722987264}],"funding_fees":0.0},{"pair":"BTC/USDT","stake_amount":19.5337944,"max_stake_amount":19.5337944,"amount":0.00024,"open_date":"2024-11-10 22:23:00+00:00","close_date":"2024-11-11 01:53:00+00:00","open_rate":81390.81,"close_rate":81500.0,"fee_open":0.0002,"fee_close":0.0002,"trade_duration":210,"profit_ratio":0.0009410953648271498,"profit_abs":0.01838684,"exit_reason":"custom_exit","initial_stop_loss_abs":56973.57,"initial_stop_loss_ratio":-0.3,"stop_loss_abs":56973.57,"stop_loss_ratio":-0.3,"min_rate":79945.23,"max_rate":81730.0,"is_open":false,"enter_tag":"","leverage":1.0,"is_short":false,"open_timestamp":1731277380000,"close_timestamp":1731289980000,"orders":[{"amount":0.00024,"safe_price":81390.81,"ft_order_side":"buy","order_filled_timestamp":1731277380000,"ft_is_entry":true,"ft_order_tag":"","cost":19.53770115888},{"amount":0.00024,"safe_price":81500.0,"ft_order_side":"sell","order_filled_timestamp":1731289980000,"ft_is_entry":false,"ft_order_tag":"custom_exit","cost":19.563912}],"funding_fees":0.0},{"pair":"BTC/USDT","stake_amount":19.6017576,"max_stake_amount":19.6017576,"amount":0.00024,"open_date":"2024-11-11 01:54:00+00:00","close_date":"2024-11-11 03:50:00+00:00","open_rate":81673.99,"close_rate":81708.51,"fee_open":0.0002,"fee_close":0.0002,"trade_duration":116,"profit_ratio":2.2566931941555137e-05,"profit_abs":0.00044244,"exit_reason":"custom_exit","initial_stop_loss_abs":57171.8,"initial_stop_loss_ratio":-0.3,"stop_loss_abs":57171.8,"stop_loss_ratio":-0.3,"min_rate":80946.0,"max_rate":81846.71,"is_open":false,"enter_tag":"","leverage":1.0,"is_short":false,"open_timestamp":1731290040000,"close_timestamp":1731297000000,"orders":[{"amount":0.00024,"safe_price":81673.99,"ft_order_side":"buy","order_filled_timestamp":1731290040000,"ft_is_entry":true,"ft_order_tag":"","cost":19.60567795152},{"amount":0.00024,"safe_price":81708.51,"ft_order_side":"sell","order_filled_timestamp":1731297000000,"ft_is_entry":false,"ft_order_tag":"custom_exit","cost":19.613964408479998}],"funding_fees":0.0},{"pair":"BTC/USDT","stake_amount":19.62096,"max_stake_amount":19.62096,"amount":0.00024,"open_date":"2024-11-11 03:51:00+00:00","close_date":"2024-11-11 10:04:00+00:00","open_rate":81754.0,"close_rate":81787.1,"fee_open":0.0002,"fee_close":0.0002,"trade_duration":373,"profit_ratio":4.791365853681365e-06,"profit_abs":9.403e-05,"exit_reason":"custom_exit","initial_stop_loss_abs":57227.8,"initial_stop_loss_ratio":-0.3,"stop_loss_abs":57227.8,"stop_loss_ratio":-0.3,"min_rate":80432.0,"max_rate":81840.92,"is_open":false,"enter_tag":"","leverage":1.0,"is_short":false,"open_timestamp":1731297060000,"close_timestamp":1731319440000,"orders":[{"amount":0.00024,"safe_price":81754.0,"ft_order_side":"buy","order_filled_timestamp":1731297060000,"ft_is_entry":true,"ft_order_tag":"","cost":19.624884192},{"amount":0.00024,"safe_price":81787.1,"ft_order_side":"sell","order_filled_timestamp":1731319440000,"ft_is_entry":false,"ft_order_tag":"custom_exit","cost":19.6328297808}],"funding_fees":0.0},{"pair":"BTC/USDT","stake_amount":19.6723176,"max_stake_amount":19.6723176,"amount":0.00024,"open_date":"2024-11-11 10:09:00+00:00","close_date":"2024-11-11 10:10:00+00:00","open_rate":81967.99,"close_rate":82012.91,"fee_open":0.0002,"fee_close":0.0002,"trade_duration":1,"profit_ratio":0.00014787978882394248,"profit_abs":0.00290972,"exit_reason":"custom_exit","initial_stop_loss_abs":57377.6,"initial_stop_loss_ratio":-0.3,"stop_loss_abs":57377.6,"stop_loss_ratio":-0.3,"min_rate":81948.58,"max_rate":82178.07,"is_open":false,"enter_tag":"","leverage":1.0,"is_short":false,"open_timestamp":1731319740000,"close_timestamp":1731319800000,"orders":[{"amount":0.00024,"safe_price":81967.99,"ft_order_side":"buy","order_filled_timestamp":1731319740000,"ft_is_entry":true,"ft_order_tag":"","cost":19.676252063520003},{"amount":0.00024,"safe_price":82012.91,"ft_order_side":"sell","order_filled_timestamp":1731319800000,"ft_is_entry":false,"ft_order_tag":"custom_exit","cost":19.687035019680003}],"funding_fees":0.0},{"pair":"BTC/USDT","stake_amount":19.7141832,"max_stake_amount":19.7141832,"amount":0.00024,"open_date":"2024-11-11 10:11:00+00:00","close_date":"2024-11-11 10:16:00+00:00","open_rate":82142.43,"close_rate":82171.99,"fee_open":0.0002,"fee_close":0.0002,"trade_duration":5,"profit_ratio":-4.020108191453043e-05,"profit_abs":-0.00079269,"exit_reason":"custom_exit","initial_stop_loss_abs":57499.71,"initial_stop_loss_ratio":-0.3,"stop_loss_abs":57499.71,"stop_loss_ratio":-0.3,"min_rate":81824.01,"max_rate":82235.99,"is_open":false,"enter_tag":"","leverage":1.0,"is_short":false,"open_timestamp":1731319860000,"close_timestamp":1731320160000,"orders":[{"amount":0.00024,"safe_price":82142.43,"ft_order_side":"buy","order_filled_timestamp":1731319860000,"ft_is_entry":true,"ft_order_tag":"","cost":19.718126036639998},{"amount":0.00024,"safe_price":82171.99,"ft_order_side":"sell","order_filled_timestamp":1731320160000,"ft_is_entry":false,"ft_order_tag":"custom_exit","cost":19.72522185552}],"funding_fees":0.0},{"pair":"BTC/USDT","stake_amount":19.8037774,"max_stake_amount":19.8037774,"amount":0.00023,"open_date":"2024-11-11 19:08:00+00:00","close_date":"2024-11-11 19:08:00+00:00","open_rate":86103.38,"close_rate":86103.38,"fee_open":0.0002,"fee_close":0.0002,"trade_duration":0,"profit_ratio":-0.0003999199675308934,"profit_abs":-0.00792151,"exit_reason":"custom_exit","initial_stop_loss_abs":60272.37,"initial_stop_loss_ratio":-0.3,"stop_loss_abs":60272.37,"stop_loss_ratio":-0.3,"min_rate":85892.03,"max_rate":86326.25,"is_open":false,"enter_tag":"","leverage":1.0,"is_short":false,"open_timestamp":1731352080000,"close_timestamp":1731352080000,"orders":[{"amount":0.00023,"safe_price":86103.38,"ft_order_side":"buy","order_filled_timestamp":1731352080000,"ft_is_entry":true,"ft_order_tag":"","cost":19.80773815548},{"amount":0.00023,"safe_price":86103.38,"ft_order_side":"sell","order_filled_timestamp":1731352080000,"ft_is_entry":false,"ft_order_tag":"custom_exit","cost":19.80773815548}],"funding_fees":0.0},{"pair":"BTC/USDT","stake_amount":19.6187178,"max_stake_amount":19.6187178,"amount":0.00022,"open_date":"2024-11-11 23:14:00+00:00","close_date":"2024-11-11 23:14:00+00:00","open_rate":89175.99,"close_rate":89175.99,"fee_open":0.0002,"fee_close":0.0002,"trade_duration":0,"profit_ratio":-0.0003999201627660312,"profit_abs":-0.00784749,"exit_reason":"custom_exit","initial_stop_loss_abs":62423.2,"initial_stop_loss_ratio":-0.3,"stop_loss_abs":62423.2,"stop_loss_ratio":-0.3,"min_rate":89145.25,"max_rate":89530.54,"is_open":false,"enter_tag":"","leverage":1.0,"is_short":false,"open_timestamp":1731366840000,"close_timestamp":1731366840000,"orders":[{"amount":0.00022,"safe_price":89175.99,"ft_order_side":"buy","order_filled_timestamp":1731366840000,"ft_is_entry":true,"ft_order_tag":"","cost":19.62264154356},{"amount":0.00022,"safe_price":89175.99,"ft_order_side":"sell","order_filled_timestamp":1731366840000,"ft_is_entry":false,"ft_order_tag":"custom_exit","cost":19.62264154356}],"funding_fees":0.0},{"pair":"BTC/USDT","stake_amount":19.7515978,"max_stake_amount":19.7515978,"amount":0.00022,"open_date":"2024-11-12 06:46:00+00:00","close_date":"2024-11-12 07:15:00+00:00","open_rate":89779.99,"close_rate":89836.01,"fee_open":0.0002,"fee_close":0.0002,"trade_duration":29,"profit_ratio":0.00022380042169634686,"profit_abs":0.0044213,"exit_reason":"custom_exit","initial_stop_loss_abs":62846.0,"initial_stop_loss_ratio":-0.3,"stop_loss_abs":62846.0,"stop_loss_ratio":-0.3,"min_rate":89089.34,"max_rate":89940.0,"is_open":false,"enter_tag":"","leverage":1.0,"is_short":false,"open_timestamp":1731393960000,"close_timestamp":1731395700000,"orders":[{"amount":0.00022,"safe_price":89779.99,"ft_order_side":"buy","order_filled_timestamp":1731393960000,"ft_is_entry":true,"ft_order_tag":"","cost":19.755548119560004},{"amount":0.00022,"safe_price":89836.01,"ft_order_side":"sell","order_filled_timestamp":1731395700000,"ft_is_entry":false,"ft_order_tag":"custom_exit","cost":19.76787498444}],"funding_fees":0.0},{"pair":"BTC/USDT","stake_amount":19.7155156,"max_stake_amount":19.7155156,"amount":0.00022,"open_date":"2024-11-13 13:49:00+00:00","close_date":"2024-11-13 14:21:00+00:00","open_rate":89615.98,"close_rate":89728.95,"fee_open":0.0002,"fee_close":0.0002,"trade_duration":32,"profit_ratio":0.0008601767551213892,"profit_abs":0.01696222,"exit_reason":"custom_exit","initial_stop_loss_abs":62731.19,"initial_stop_loss_ratio":-0.3,"stop_loss_abs":62731.19,"stop_loss_ratio":-0.3,"min_rate":88623.64,"max_rate":89780.0,"is_open":false,"enter_tag":"","leverage":1.0,"is_short":false,"open_timestamp":1731505740000,"close_timestamp":1731507660000,"orders":[{"amount":0.00022,"safe_price":89615.98,"ft_order_side":"buy","order_filled_timestamp":1731505740000,"ft_is_entry":true,"ft_order_tag":"","cost":19.71945870312},{"amount":0.00022,"safe_price":89728.95,"ft_order_side":"sell","order_filled_timestamp":1731507660000,"ft_is_entry":false,"ft_order_tag":"custom_exit","cost":19.7443170738}],"funding_fees":0.0},{"pair":"BTC/USDT","stake_amount":19.1885127,"max_stake_amount":19.1885127,"amount":0.00021,"open_date":"2024-11-14 10:09:00+00:00","close_date":"2024-11-14 11:50:00+00:00","open_rate":91373.87,"close_rate":91315.99,"fee_open":0.0002,"fee_close":0.0002,"trade_duration":101,"profit_ratio":-0.0010331079614603069,"profit_abs":-0.01982777,"exit_reason":"custom_exit","initial_stop_loss_abs":63961.71,"initial_stop_loss_ratio":-0.3,"stop_loss_abs":63961.71,"stop_loss_ratio":-0.3,"min_rate":90472.0,"max_rate":91581.0,"is_open":false,"enter_tag":"","leverage":1.0,"is_short":false,"open_timestamp":1731578940000,"close_timestamp":1731585000000,"orders":[{"amount":0.00021,"safe_price":91373.87,"ft_order_side":"buy","order_filled_timestamp":1731578940000,"ft_is_entry":true,"ft_order_tag":"","cost":19.19235040254},{"amount":0.00021,"safe_price":91315.99,"ft_order_side":"sell","order_filled_timestamp":1731585000000,"ft_is_entry":false,"ft_order_tag":"custom_exit","cost":19.18019317158}],"funding_fees":0.0}],"locks":[],"best_pair":{"key":"BTC/USDT","trades":18,"profit_mean":-0.00023247382328821115,"profit_mean_pct":-0.02,"profit_sum":-0.004184528819187801,"profit_sum_pct":-0.42,"profit_total_abs":-0.0818257,"profit_total":-8.18257e-05,"profit_total_pct":-0.01,"duration_avg":"1:05:00","wins":7,"draws":0,"losses":11,"winrate":0.3888888888888889,"cagr":-0.0010293871442621505,"expectancy":-0.004545872222222221,"expectancy_ratio":-0.3669791019059029,"sortino":-5.365060552419314,"sharpe":-4.039000932904226,"calmar":-53.976581560085506,"sqn":-1.4044,"profit_factor":0.3994887423357953,"max_drawdown_account":9.986947968306955e-05,"max_drawdown_abs":0.09987059999999999},"worst_pair":{"key":"BTC/USDT","trades":18,"profit_mean":-0.00023247382328821115,"profit_mean_pct":-0.02,"profit_sum":-0.004184528819187801,"profit_sum_pct":-0.42,"profit_total_abs":-0.0818257,"profit_total":-8.18257e-05,"profit_total_pct":-0.01,"duration_avg":"1:05:00","wins":7,"draws":0,"losses":11,"winrate":0.3888888888888889,"cagr":-0.0010293871442621505,"expectancy":-0.004545872222222221,"expectancy_ratio":-0.3669791019059029,"sortino":-5.365060552419314,"sharpe":-4.039000932904226,"calmar":-53.976581560085506,"sqn":-1.4044,"profit_factor":0.3994887423357953,"max_drawdown_account":9.986947968306955e-05,"max_drawdown_abs":0.09987059999999999},"results_per_pair":[{"key":"BTC/USDT","trades":18,"profit_mean":-0.00023247382328821115,"profit_mean_pct":-0.02,"profit_sum":-0.004184528819187801,"profit_sum_pct":-0.42,"profit_total_abs":-0.0818257,"profit_total":-8.18257e-05,"profit_total_pct":-0.01,"duration_avg":"1:05:00","wins":7,"draws":0,"losses":11,"winrate":0.3888888888888889,"cagr":-0.0010293871442621505,"expectancy":-0.004545872222222221,"expectancy_ratio":-0.3669791019059029,"sortino":-5.365060552419314,"sharpe":-4.039000932904226,"calmar":-53.976581560085506,"sqn":-1.4044,"profit_factor":0.3994887423357953,"max_drawdown_account":9.986947968306955e-05,"max_drawdown_abs":0.09987059999999999},{"key":"TOTAL","trades":18,"profit_mean":-0.00023247382328821115,"profit_mean_pct":-0.02,"profit_sum":-0.004184528819187801,"profit_sum_pct":-0.42,"profit_total_abs":-0.0818257,"profit_total":-8.18257e-05,"profit_total_pct":-0.01,"duration_avg":"1:05:00","wins":7,"draws":0,"losses":11,"winrate":0.3888888888888889,"cagr":-0.0010293871442621505,"expectancy":-0.004545872222222221,"expectancy_ratio":-0.3669791019059029,"sortino":-5.365060552419314,"sharpe":-4.039000932904226,"calmar":-53.976581560085506,"sqn":-1.4044,"profit_factor":0.3994887423357953,"max_drawdown_account":9.986947968306955e-05,"max_drawdown_abs":0.09987059999999999}],"results_per_enter_tag":[{"key":"","trades":18,"profit_mean":-0.00023247382328821115,"profit_mean_pct":-0.02,"profit_sum":-0.004184528819187801,"profit_sum_pct":-0.42,"profit_total_abs":-0.0818257,"profit_total":-8.18257e-05,"profit_total_pct":-0.01,"duration_avg":"1:05:00","wins":7,"draws":0,"losses":11,"winrate":0.3888888888888889,"cagr":-0.0010293871442621505,"expectancy":-0.004545872222222221,"expectancy_ratio":-0.3669791019059029,"sortino":-5.365060552419314,"sharpe":-4.039000932904226,"calmar":-53.976581560085506,"sqn":-1.4044,"profit_factor":0.3994887423357953,"max_drawdown_account":9.986947968306955e-05,"max_drawdown_abs":0.09987059999999999},{"key":"TOTAL","trades":18,"profit_mean":-0.00023247382328821115,"profit_mean_pct":-0.02,"profit_sum":-0.004184528819187801,"profit_sum_pct":-0.42,"profit_total_abs":-0.0818257,"profit_total":-8.18257e-05,"profit_total_pct":-0.01,"duration_avg":"1:05:00","wins":7,"draws":0,"losses":11,"winrate":0.3888888888888889,"cagr":-0.0010293871442621505,"expectancy":-0.004545872222222221,"expectancy_ratio":-0.3669791019059029,"sortino":-5.365060552419314,"sharpe":-4.039000932904226,"calmar":-53.976581560085506,"sqn":-1.4044,"profit_factor":0.3994887423357953,"max_drawdown_account":9.986947968306955e-05,"max_drawdown_abs":0.09987059999999999}],"exit_reason_summary":[{"key":"custom_exit","trades":18,"profit_mean":-0.00023247382328821115,"profit_mean_pct":-0.02,"profit_sum":-0.004184528819187801,"profit_sum_pct":-0.42,"profit_total_abs":-0.0818257,"profit_total":-8.18257e-05,"profit_total_pct":-0.01,"duration_avg":"1:05:00","wins":7,"draws":0,"losses":11,"winrate":0.3888888888888889,"cagr":-0.0010293871442621505,"expectancy":-0.004545872222222221,"expectancy_ratio":-0.3669791019059029,"sortino":-5.365060552419314,"sharpe":-4.039000932904226,"calmar":-53.976581560085506,"sqn":-1.4044,"profit_factor":0.3994887423357953,"max_drawdown_account":9.986947968306955e-05,"max_drawdown_abs":0.09987059999999999},{"key":"TOTAL","trades":18,"profit_mean":-0.00023247382328821115,"profit_mean_pct":-0.02,"profit_sum":-0.004184528819187801,"profit_sum_pct":-0.42,"profit_total_abs":-0.0818257,"profit_total":-8.18257e-05,"profit_total_pct":-0.01,"duration_avg":"1:05:00","wins":7,"draws":0,"losses":11,"winrate":0.3888888888888889,"cagr":-0.0010293871442621505,"expectancy":-0.004545872222222221,"expectancy_ratio":-0.3669791019059029,"sortino":-5.365060552419314,"sharpe":-4.039000932904226,"calmar":-53.976581560085506,"sqn":-1.4044,"profit_factor":0.3994887423357953,"max_drawdown_account":9.986947968306955e-05,"max_drawdown_abs":0.09987059999999999}],"mix_tag_stats":[{"key":["","custom_exit"],"trades":18,"profit_mean":-0.00023247382328821115,"profit_mean_pct":-0.02,"profit_sum":-0.004184528819187801,"profit_sum_pct":-0.42,"profit_total_abs":-0.0818257,"profit_total":-8.18257e-05,"profit_total_pct":-0.01,"duration_avg":"1:05:00","wins":7,"draws":0,"losses":11,"winrate":0.3888888888888889,"cagr":-0.0010293871442621505,"expectancy":-0.004545872222222221,"expectancy_ratio":-0.3669791019059029,"sortino":-5.365060552419314,"sharpe":-4.039000932904226,"calmar":-53.976581560085506,"sqn":-1.4044,"profit_factor":0.3994887423357953,"max_drawdown_account":9.986947968306955e-05,"max_drawdown_abs":0.09987059999999999},{"key":"TOTAL","trades":18,"profit_mean":-0.00023247382328821115,"profit_mean_pct":-0.02,"profit_sum":-0.004184528819187801,"profit_sum_pct":-0.42,"profit_total_abs":-0.0818257,"profit_total":-8.18257e-05,"profit_total_pct":-0.01,"duration_avg":"1:05:00","wins":7,"draws":0,"losses":11,"winrate":0.3888888888888889,"cagr":-0.0010293871442621505,"expectancy":-0.004545872222222221,"expectancy_ratio":-0.3669791019059029,"sortino":-5.365060552419314,"sharpe":-4.039000932904226,"calmar":-53.976581560085506,"sqn":-1.4044,"profit_factor":0.3994887423357953,"max_drawdown_account":9.986947968306955e-05,"max_drawdown_abs":0.09987059999999999}],"left_open_trades":[{"key":"TOTAL","trades":0,"profit_mean":0.0,"profit_mean_pct":0.0,"profit_sum":0.0,"profit_sum_pct":0.0,"profit_total_abs":0.0,"profit_total":0.0,"profit_total_pct":0.0,"duration_avg":"0:00","wins":0,"draws":0,"losses":0,"winrate":0.0,"cagr":0.0,"expectancy":0.0,"expectancy_ratio":100.0,"sortino":0,"sharpe":0,"calmar":0,"sqn":0.0,"profit_factor":0.0,"max_drawdown_account":0.0,"max_drawdown_abs":0.0}],"total_trades":18,"trade_count_long":18,"trade_count_short":0,"total_volume":705.37862891628,"avg_stake_amount":19.588287766666664,"profit_mean":-0.00023247382328821115,"profit_median":-0.0003737132167263001,"profit_total":-8.18257e-05,"profit_total_long":-8.18257e-05,"profit_total_short":0.0,"profit_total_abs":-0.0818257,"profit_total_long_abs":-0.0818257,"profit_total_short_abs":0.0,"cagr":-0.0010293871442621505,"expectancy":-0.004545872222222221,"expectancy_ratio":-0.3669791019059029,"sortino":-5.365060552419314,"sharpe":-4.039000932904226,"calmar":-53.976581560085506,"sqn":-1.4044,"profit_factor":0.3994887423357953,"backtest_start":"2024-11-01 00:00:00","backtest_start_ts":1730419200000,"backtest_end":"2024-11-30 00:00:00","backtest_end_ts":1732924800000,"backtest_days":29,"backtest_run_start_ts":1752179076,"backtest_run_end_ts":1752179077,"trades_per_day":0.62,"market_change":0.3856755619341849,"pairlist":["BTC/USDT"],"stake_amount":20,"stake_currency":"USDT","stake_currency_decimals":3,"starting_balance":1000,"dry_run_wallet":1000,"final_balance":999.9181743,"rejected_signals":0,"timedout_entry_orders":0,"timedout_exit_orders":0,"canceled_trade_entries":0,"canceled_entry_orders":0,"replaced_entry_orders":0,"max_open_trades":1,"max_open_trades_setting":5,"timeframe":"1m","timeframe_detail":"","timerange":"20241101-20241130","enable_protections":false,"strategy_name":"MultiHorizonMomentum","stoploss":-0.3,"trailing_stop":false,"trailing_stop_positive":null,"trailing_stop_positive_offset":0.0,"trailing_only_offset_is_reached":false,"use_custom_stoploss":false,"minimal_roi":{},"use_exit_signal":true,"exit_profit_only":false,"exit_profit_offset":0.0,"ignore_roi_if_entry_signal":false,"trading_mode":"spot","margin_mode":"","periodic_breakdown":{"day":[{"date":"06/11/2024","date_ts":1730851200000,"profit_abs":0.01121781,"wins":1,"draws":0,"losses":0,"trades":1,"profit_factor":0.0},{"date":"07/11/2024","date_ts":1730937600000,"profit_abs":0.0,"wins":0,"draws":0,"losses":0,"trades":0,"profit_factor":0.0},{"date":"08/11/2024","date_ts":1731024000000,"profit_abs":-0.00689395,"wins":0,"draws":0,"losses":1,"trades":1,"profit_factor":0.0},{"date":"09/11/2024","date_ts":1731110400000,"profit_abs":0.0,"wins":0,"draws":0,"losses":0,"trades":0,"profit_factor":0.0},{"date":"10/11/2024","date_ts":1731196800000,"profit_abs":-0.09297665,"wins":0,"draws":0,"losses":6,"trades":6,"profit_factor":0.0},{"date":"11/11/2024","date_ts":1731283200000,"profit_abs":0.00527134,"wins":4,"draws":0,"losses":3,"trades":7,"profit_factor":1.31828515},{"date":"12/11/2024","date_ts":1731369600000,"profit_abs":0.0044213,"wins":1,"draws":0,"losses":0,"trades":1,"profit_factor":0.0},{"date":"13/11/2024","date_ts":1731456000000,"profit_abs":0.01696222,"wins":1,"draws":0,"losses":0,"trades":1,"profit_factor":0.0},{"date":"14/11/2024","date_ts":1731542400000,"profit_abs":-0.01982777,"wins":0,"draws":0,"losses":1,"trades":1,"profit_factor":0.0}],"week":[{"date":"11/11/2024","date_ts":1731283200000,"profit_abs":-0.08338145,"wins":5,"draws":0,"losses":10,"trades":15,"profit_factor":0.28386318},{"date":"18/11/2024","date_ts":1731888000000,"profit_abs":0.00155575,"wins":2,"draws":0,"losses":1,"trades":3,"profit_factor":1.07846319}],"month":[{"date":"30/11/2024","date_ts":1732924800000,"profit_abs":-0.0818257,"wins":7,"draws":0,"losses":11,"trades":18,"profit_factor":0.39948874}],"year":[{"date":"31/12/2024","date_ts":1735603200000,"profit_abs":-0.0818257,"wins":7,"draws":0,"losses":11,"trades":18,"profit_factor":0.39948874}]},"backtest_best_day":0.0008601767551213892,"backtest_worst_day":-0.004743979291001785,"backtest_best_day_abs":0.01696222,"backtest_worst_day_abs":-0.09297665,"winning_days":4,"draw_days":2,"losing_days":3,"daily_profit":[["2024-11-06",0.01121781],["2024-11-07",0.0],["2024-11-08",-0.00689395],["2024-11-09",0.0],["2024-11-10",-0.09297665],["2024-11-11",0.00527134],["2024-11-12",0.0044213],["2024-11-13",0.01696222],["2024-11-14",-0.01982777]],"wins":7,"losses":11,"draws":0,"winrate":0.3888888888888889,"holding_avg":"1:05:00","holding_avg_s":3900.0,"winner_holding_min":"0d 00:01","winner_holding_min_s":60.0,"winner_holding_max":"0d 06:13","winner_holding_max_s":22380.0,"winner_holding_avg":"0d 01:53","winner_holding_avg_s":6780.0,"loser_holding_min":"0d 00:00","loser_holding_min_s":0.0,"loser_holding_max":"0d 04:27","loser_holding_max_s":16020.0,"loser_holding_avg":"0d 00:34","loser_holding_avg_s":2040.0,"max_consecutive_wins":4,"max_consecutive_losses":7,"max_drawdown_account":9.986947968306955e-05,"max_relative_drawdown":9.986947968306955e-05,"max_drawdown_abs":0.09987059999999999,"drawdown_start":"2024-11-06 12:04:00","drawdown_start_ts":1730894640000.0,"drawdown_end":"2024-11-10 17:52:00","drawdown_end_ts":1731261120000.0,"max_drawdown_low":-0.08865279,"max_drawdown_high":0.01121781,"csum_min":999.91134721,"csum_max":1000.01121781}},"strategy_comparison":[{"key":"MultiHorizonMomentum","trades":18,"profit_mean":-0.00023247382328821115,"profit_mean_pct":-0.02,"profit_sum":-0.004184528819187801,"profit_sum_pct":-0.42,"profit_total_abs":-0.0818257,"profit_total":-8.18257e-05,"profit_total_pct":-0.01,"duration_avg":"1:05:00","wins":7,"draws":0,"losses":11,"winrate":0.3888888888888889,"cagr":-0.0010293871442621505,"expectancy":-0.004545872222222221,"expectancy_ratio":-0.3669791019059029,"sortino":-5.365060552419314,"sharpe":-4.039000932904226,"calmar":-53.976581560085506,"sqn":-1.4044,"profit_factor":0.3994887423357953,"max_drawdown_account":9.986947968306955e-05,"max_drawdown_abs":"0.1"}]}