{"strategy":{"MultiHorizonMomentum":{"trades":[{"pair":"BTC/USDT","stake_amount":19.8850912,"max_stake_amount":19.8850912,"amount":0.00032,"open_date":"2024-10-06 01:27:00+00:00","close_date":"2024-10-06 06:46:00+00:00","open_rate":62140.91,"close_rate":61999.27,"fee_open":0.0002,"fee_close":0.0002,"trade_duration":319,"profit_ratio":-0.002678344174572593,"profit_abs":-0.05326977,"exit_reason":"custom_exit","initial_stop_loss_abs":43498.64,"initial_stop_loss_ratio":-0.3,"stop_loss_abs":43498.64,"stop_loss_ratio":-0.3,"min_rate":61798.97,"max_rate":62150.0,"is_open":false,"enter_tag":"","leverage":1.0,"is_short":false,"open_timestamp":1728178020000,"close_timestamp":1728197160000,"orders":[{"amount":0.00032,"safe_price":62140.91,"ft_order_side":"buy","order_filled_timestamp":1728178020000,"ft_is_entry":true,"ft_order_tag":"","cost":19.889068218240002},{"amount":0.00032,"safe_price":61999.27,"ft_order_side":"sell","order_filled_timestamp":1728197160000,"ft_is_entry":false,"ft_order_tag":"custom_exit","cost":19.843734353280002}],"funding_fees":0.0},{"pair":"BTC/USDT","stake_amount":19.8748352,"max_stake_amount":19.8748352,"amount":0.00032,"open_date":"2024-10-06 09:46:00+00:00","close_date":"2024-10-06 09:46:00+00:00","open_rate":62108.86,"close_rate":62108.86,"fee_open":0.0002,"fee_close":0.0002,"trade_duration":0,"profit_ratio":-0.00039991981075312825,"profit_abs":-0.00794993,"exit_reason":"custom_exit","initial_stop_loss_abs":43476.21,"initial_stop_loss_ratio":-0.3,"stop_loss_abs":43476.21,"stop_loss_ratio":-0.3,"min_rate":62108.86,"max_rate":62122.73,"is_open":false,"enter_tag":"","leverage":1.0,"is_short":false,"open_timestamp":1728207960000,"close_timestamp":1728207960000,"orders":[{"amount":0.00032,"safe_price":62108.86,"ft_order_side":"buy","order_filled_timestamp":1728207960000,"ft_is_entry":true,"ft_order_tag":"","cost":19.878810167040005},{"amount":0.00032,"safe_price":62108.86,"ft_order_side":"sell","order_filled_timestamp":1728207960000,"ft_is_entry":false,"ft_order_tag":"custom_exit","cost":19.878810167040005}],"funding_fees":0.0},{"pair":"BTC/USDT","stake_amount":19.8792736,"max_stake_amount":19.8792736,"amount":0.00032,"open_date":"2024-10-06 09:47:00+00:00","close_date":"2024-10-06 09:47:00+00:00","open_rate":62122.73,"close_rate":62122.73,"fee_open":0.0002,"fee_close":0.0002,"trade_duration":0,"profit_ratio":-0.00039992004416121115,"profit_abs":-0.00795171,"exit_reason":"custom_exit","initial_stop_loss_abs":43485.92,"initial_stop_loss_ratio":-0.3,"stop_loss_abs":43485.92,"stop_loss_ratio":-0.3,"min_rate":62120.0,"max_rate":62176.75,"is_open":false,"enter_tag":"","leverage":1.0,"is_short":false,"open_timestamp":1728208020000,"close_timestamp":1728208020000,"orders":[{"amount":0.00032,"safe_price":62122.73,"ft_order_side":"buy","order_filled_timestamp":1728208020000,"ft_is_entry":true,"ft_order_tag":"","cost":19.88324945472},{"amount":0.00032,"safe_price":62122.73,"ft_order_side":"sell","order_filled_timestamp":1728208020000,"ft_is_entry":false,"ft_order_tag":"custom_exit","cost":19.88324945472}],"funding_fees":0.0},{"pair":"BTC/USDT","stake_amount":19.8853824,"max_stake_amount":19.8853824,"amount":0.00032,"open_date":"2024-10-06 09:48:00+00:00","close_date":"2024-10-06 12:07:00+00:00","open_rate":62141.82,"close_rate":62134.85,"fee_open":0.0002,"fee_close":0.0002,"trade_duration":139,"profit_ratio":-0.0005120381082177703,"profit_abs":-0.01018411,"exit_reason":"custom_exit","initial_stop_loss_abs":43499.28,"initial_stop_loss_ratio":-0.3,"stop_loss_abs":43499.28,"stop_loss_ratio":-0.3,"min_rate":62006.55,"max_rate":62174.76,"is_open":false,"enter_tag":"","leverage":1.0,"is_short":false,"open_timestamp":1728208080000,"close_timestamp":1728216420000,"orders":[{"amount":0.00032,"safe_price":62141.82,"ft_order_side":"buy","order_filled_timestamp":1728208080000,"ft_is_entry":true,"ft_order_tag":"","cost":19.88935947648},{"amount":0.00032,"safe_price":62134.85,"ft_order_side":"sell","order_filled_timestamp":1728216420000,"ft_is_entry":false,"ft_order_tag":"custom_exit","cost":19.887128630400003}],"funding_fees":0.0},{"pair":"BTC/USDT","stake_amount":19.9952,"max_stake_amount":19.9952,"amount":0.00032,"open_date":"2024-10-06 14:40:00+00:00","close_date":"2024-10-06 14:41:00+00:00","open_rate":62485.0,"close_rate":62486.0,"fee_open":0.0002,"fee_close":0.0002,"trade_duration":1,"profit_ratio":-0.0003839223753232869,"profit_abs":-0.00767814,"exit_reason":"custom_exit","initial_stop_loss_abs":43739.5,"initial_stop_loss_ratio":-0.3,"stop_loss_abs":43739.5,"stop_loss_ratio":-0.3,"min_rate":62453.42,"max_rate":62561.52,"is_open":false,"enter_tag":"","leverage":1.0,"is_short":false,"open_timestamp":1728225600000,"close_timestamp":1728225660000,"orders":[{"amount":0.00032,"safe_price":62485.0,"ft_order_side":"buy","order_filled_timestamp":1728225600000,"ft_is_entry":true,"ft_order_tag":"","cost":19.99919904},{"amount":0.00032,"safe_price":62486.0,"ft_order_side":"sell","order_filled_timestamp":1728225660000,"ft_is_entry":false,"ft_order_tag":"custom_exit","cost":19.999519104}],"funding_fees":0.0},{"pair":"BTC/USDT","stake_amount":19.3937488,"max_stake_amount":19.3937488,"amount":0.00031,"open_date":"2024-10-06 14:42:00+00:00","close_date":"2024-10-06 14:45:00+00:00","open_rate":62560.48,"close_rate":62545.45,"fee_open":0.0002,"fee_close":0.0002,"trade_duration":3,"profit_ratio":-0.0006400715741216311,"profit_abs":-0.01241587,"exit_reason":"custom_exit","initial_stop_loss_abs":43792.34,"initial_stop_loss_ratio":-0.3,"stop_loss_abs":43792.34,"stop_loss_ratio":-0.3,"min_rate":62480.42,"max_rate":62599.0,"is_open":false,"enter_tag":"","leverage":1.0,"is_short":false,"open_timestamp":1728225720000,"close_timestamp":1728225900000,"orders":[{"amount":0.00031,"safe_price":62560.48,"ft_order_side":"buy","order_filled_timestamp":1728225720000,"ft_is_entry":true,"ft_order_tag":"","cost":19.39762754976},{"amount":0.00031,"safe_price":62545.45,"ft_order_side":"sell","order_filled_timestamp":1728225900000,"ft_is_entry":false,"ft_order_tag":"custom_exit","cost":19.392967317900002}],"funding_fees":0.0},{"pair":"BTC/USDT","stake_amount":19.422523,"max_stake_amount":19.422523,"amount":0.00031,"open_date":"2024-10-06 14:48:00+00:00","close_date":"2024-10-06 14:55:00+00:00","open_rate":62653.3,"close_rate":62642.15,"fee_open":0.0002,"fee_close":0.0002,"trade_duration":7,"profit_ratio":-0.0005778124440837588,"profit_abs":-0.01122482,"exit_reason":"custom_exit","initial_stop_loss_abs":43857.31,"initial_stop_loss_ratio":-0.3,"stop_loss_abs":43857.31,"stop_loss_ratio":-0.3,"min_rate":62594.97,"max_rate":62739.58,"is_open":false,"enter_tag":"","leverage":1.0,"is_short":false,"open_timestamp":1728226080000,"close_timestamp":1728226500000,"orders":[{"amount":0.00031,"safe_price":62653.3,"ft_order_side":"buy","order_filled_timestamp":1728226080000,"ft_is_entry":true,"ft_order_tag":"","cost":19.4264075046},{"amount":0.00031,"safe_price":62642.15,"ft_order_side":"sell","order_filled_timestamp":1728226500000,"ft_is_entry":false,"ft_order_tag":"custom_exit","cost":19.4229503133}],"funding_fees":0.0},{"pair":"BTC/USDT","stake_amount":19.4866031,"max_stake_amount":19.4866031,"amount":0.00031,"open_date":"2024-10-06 16:05:00+00:00","close_date":"2024-10-06 16:05:00+00:00","open_rate":62860.01,"close_rate":62860.01,"fee_open":0.0002,"fee_close":0.0002,"trade_duration":0,"profit_ratio":-0.00039991995237606374,"profit_abs":-0.00779464,"exit_reason":"custom_exit","initial_stop_loss_abs":44002.01,"initial_stop_loss_ratio":-0.3,"stop_loss_abs":44002.01,"stop_loss_ratio":-0.3,"min_rate":62850.0,"max_rate":62925.99,"is_open":false,"enter_tag":"","leverage":1.0,"is_short":false,"open_timestamp":1728230700000,"close_timestamp":1728230700000,"orders":[{"amount":0.00031,"safe_price":62860.01,"ft_order_side":"buy","order_filled_timestamp":1728230700000,"ft_is_entry":true,"ft_order_tag":"","cost":19.49050042062},{"amount":0.00031,"safe_price":62860.01,"ft_order_side":"sell","order_filled_timestamp":1728230700000,"ft_is_entry":false,"ft_order_tag":"custom_exit","cost":19.49050042062}],"funding_fees":0.0},{"pair":"BTC/USDT","stake_amount":19.49962,"max_stake_amount":19.49962,"amount":0.00031,"open_date":"2024-10-06 16:06:00+00:00","close_date":"2024-10-06 18:11:00+00:00","open_rate":62902.0,"close_rate":62684.18,"fee_open":0.0002,"fee_close":0.0002,"trade_duration":125,"profit_ratio":-0.003861381960459703,"profit_abs":-0.07531054,"exit_reason":"custom_exit","initial_stop_loss_abs":44031.4,"initial_stop_loss_ratio":-0.3,"stop_loss_abs":44031.4,"stop_loss_ratio":-0.3,"min_rate":62550.0,"max_rate":62927.87,"is_open":false,"enter_tag":"","leverage":1.0,"is_short":false,"open_timestamp":1728230760000,"close_timestamp":1728238260000,"orders":[{"amount":0.00031,"safe_price":62902.0,"ft_order_side":"buy","order_filled_timestamp":1728230760000,"ft_is_entry":true,"ft_order_tag":"","cost":19.503519924},{"amount":0.00031,"safe_price":62684.18,"ft_order_side":"sell","order_filled_timestamp":1728238260000,"ft_is_entry":false,"ft_order_tag":"custom_exit","cost":19.43598221916}],"funding_fees":0.0},{"pair":"BTC/USDT","stake_amount":19.8826312,"max_stake_amount":19.8826312,"amount":0.00031,"open_date":"2024-10-07 14:20:00+00:00","close_date":"2024-10-07 14:20:00+00:00","open_rate":64137.52,"close_rate":64137.52,"fee_open":0.0002,"fee_close":0.0002,"trade_duration":0,"profit_ratio":-0.00039991989128975987,"profit_abs":-0.00795305,"exit_reason":"custom_exit","initial_stop_loss_abs":44896.27,"initial_stop_loss_ratio":-0.3,"stop_loss_abs":44896.27,"stop_loss_ratio":-0.3,"min_rate":64130.01,"max_rate":64213.07,"is_open":false,"enter_tag":"","leverage":1.0,"is_short":false,"open_timestamp":1728310800000,"close_timestamp":1728310800000,"orders":[{"amount":0.00031,"safe_price":64137.52,"ft_order_side":"buy","order_filled_timestamp":1728310800000,"ft_is_entry":true,"ft_order_tag":"","cost":19.886607726239998},{"amount":0.00031,"safe_price":64137.52,"ft_order_side":"sell","order_filled_timestamp":1728310800000,"ft_is_entry":false,"ft_order_tag":"custom_exit","cost":19.886607726239998}],"funding_fees":0.0},{"pair":"BTC/USDT","stake_amount":19.4904719,"max_stake_amount":19.4904719,"amount":0.00031,"open_date":"2024-10-12 10:01:00+00:00","close_date":"2024-10-12 10:10:00+00:00","open_rate":62872.49,"close_rate":62850.0,"fee_open":0.0002,"fee_close":0.0002,"trade_duration":9,"profit_ratio":-0.0007574848535375631,"profit_abs":-0.01476669,"exit_reason":"custom_exit","initial_stop_loss_abs":44010.75,"initial_stop_loss_ratio":-0.3,"stop_loss_abs":44010.75,"stop_loss_ratio":-0.3,"min_rate":62815.03,"max_rate":62890.48,"is_open":false,"enter_tag":"","leverage":1.0,"is_short":false,"open_timestamp":1728727260000,"close_timestamp":1728727800000,"orders":[{"amount":0.00031,"safe_price":62872.49,"ft_order_side":"buy","order_filled_timestamp":1728727260000,"ft_is_entry":true,"ft_order_tag":"","cost":19.494369994379998},{"amount":0.00031,"safe_price":62850.0,"ft_order_side":"sell","order_filled_timestamp":1728727800000,"ft_is_entry":false,"ft_order_tag":"custom_exit","cost":19.487396699999998}],"funding_fees":0.0},{"pair":"BTC/USDT","stake_amount":19.51016,"max_stake_amount":19.51016,"amount":0.00031,"open_date":"2024-10-12 10:12:00+00:00","close_date":"2024-10-12 10:14:00+00:00","open_rate":62936.0,"close_rate":62933.11,"fee_open":0.0002,"fee_close":0.0002,"trade_duration":2,"profit_ratio":-0.0004458210692235029,"profit_abs":-0.00869978,"exit_reason":"custom_exit","initial_stop_loss_abs":44055.2,"initial_stop_loss_ratio":-0.3,"stop_loss_abs":44055.2,"stop_loss_ratio":-0.3,"min_rate":62916.0,"max_rate":62957.99,"is_open":false,"enter_tag":"","leverage":1.0,"is_short":false,"open_timestamp":1728727920000,"close_timestamp":1728728040000,"orders":[{"amount":0.00031,"safe_price":62936.0,"ft_order_side":"buy","order_filled_timestamp":1728727920000,"ft_is_entry":true,"ft_order_tag":"","cost":19.514062032},{"amount":0.00031,"safe_price":62933.11,"ft_order_side":"sell","order_filled_timestamp":1728728040000,"ft_is_entry":false,"ft_order_tag":"custom_exit","cost":19.51316595282}],"funding_fees":0.0},{"pair":"BTC/USDT","stake_amount":19.65152,"max_stake_amount":19.65152,"amount":0.00031,"open_date":"2024-10-12 14:53:00+00:00","close_date":"2024-10-12 15:13:00+00:00","open_rate":63392.0,"close_rate":63369.53,"fee_open":0.0002,"fee_close":0.0002,"trade_duration":20,"profit_ratio":-0.0007542391433781115,"profit_abs":-0.01482491,"exit_reason":"custom_exit","initial_stop_loss_abs":44374.4,"initial_stop_loss_ratio":-0.3,"stop_loss_abs":44374.4,"stop_loss_ratio":-0.3,"min_rate":63151.0,"max_rate":63456.0,"is_open":false,"enter_tag":"","leverage":1.0,"is_short":false,"open_timestamp":1728744780000,"close_timestamp":1728745980000,"orders":[{"amount":0.00031,"safe_price":63392.0,"ft_order_side":"buy","order_filled_timestamp":1728744780000,"ft_is_entry":true,"ft_order_tag":"","cost":19.655450304000002},{"amount":0.00031,"safe_price":63369.53,"ft_order_side":"sell","order_filled_timestamp":1728745980000,"ft_is_entry":false,"ft_order_tag":"custom_exit","cost":19.64848321086}],"funding_fees":0.0},{"pair":"BTC/USDT","stake_amount":19.7005031,"max_stake_amount":19.7005031,"amount":0.00031,"open_date":"2024-10-14 03:35:00+00:00","close_date":"2024-10-14 03:35:00+00:00","open_rate":63550.01,"close_rate":63550.01,"fee_open":0.0002,"fee_close":0.0002,"trade_duration":0,"profit_ratio":-0.00039991995306683166,"profit_abs":-0.0078802,"exit_reason":"custom_exit","initial_stop_loss_abs":44485.01,"initial_stop_loss_ratio":-0.3,"stop_loss_abs":44485.01,"stop_loss_ratio":-0.3,"min_rate":63530.0,"max_rate":63688.98,"is_open":false,"enter_tag":"","leverage":1.0,"is_short":false,"open_timestamp":1728876900000,"close_timestamp":1728876900000,"orders":[{"amount":0.00031,"safe_price":63550.01,"ft_order_side":"buy","order_filled_timestamp":1728876900000,"ft_is_entry":true,"ft_order_tag":"","cost":19.704443200620002},{"amount":0.00031,"safe_price":63550.01,"ft_order_side":"sell","order_filled_timestamp":1728876900000,"ft_is_entry":false,"ft_order_tag":"custom_exit","cost":19.704443200620002}],"funding_fees":0.0},{"pair":"BTC/USDT","stake_amount":19.7184738,"max_stake_amount":19.7184738,"amount":0.00031,"open_date":"2024-10-14 03:36:00+00:00","close_date":"2024-10-14 03:36:00+00:00","open_rate":63607.98,"close_rate":63607.98,"fee_open":0.0002,"fee_close":0.0002,"trade_duration":0,"profit_ratio":-0.00039992004033458784,"profit_abs":-0.00788739,"exit_reason":"custom_exit","initial_stop_loss_abs":44525.59,"initial_stop_loss_ratio":-0.3,"stop_loss_abs":44525.59,"stop_loss_ratio":-0.3,"min_rate":63607.98,"max_rate":63694.19,"is_open":false,"enter_tag":"","leverage":1.0,"is_short":false,"open_timestamp":1728876960000,"close_timestamp":1728876960000,"orders":[{"amount":0.00031,"safe_price":63607.98,"ft_order_side":"buy","order_filled_timestamp":1728876960000,"ft_is_entry":true,"ft_order_tag":"","cost":19.722417494760002},{"amount":0.00031,"safe_price":63607.98,"ft_order_side":"sell","order_filled_timestamp":1728876960000,"ft_is_entry":false,"ft_order_tag":"custom_exit","cost":19.722417494760002}],"funding_fees":0.0},{"pair":"BTC/USDT","stake_amount":19.7725719,"max_stake_amount":19.7725719,"amount":0.00031,"open_date":"2024-10-14 03:38:00+00:00","close_date":"2024-10-14 03:38:00+00:00","open_rate":63782.49,"close_rate":63782.49,"fee_open":0.0002,"fee_close":0.0002,"trade_duration":0,"profit_ratio":-0.0003999200786973969,"profit_abs":-0.00790903,"exit_reason":"custom_exit","initial_stop_loss_abs":44647.75,"initial_stop_loss_ratio":-0.3,"stop_loss_abs":44647.75,"stop_loss_ratio":-0.3,"min_rate":63782.49,"max_rate":63868.32,"is_open":false,"enter_tag":"","leverage":1.0,"is_short":false,"open_timestamp":1728877080000,"close_timestamp":1728877080000,"orders":[{"amount":0.00031,"safe_price":63782.49,"ft_order_side":"buy","order_filled_timestamp":1728877080000,"ft_is_entry":true,"ft_order_tag":"","cost":19.776526414379997},{"amount":0.00031,"safe_price":63782.49,"ft_order_side":"sell","order_filled_timestamp":1728877080000,"ft_is_entry":false,"ft_order_tag":"custom_exit","cost":19.776526414379997}],"funding_fees":0.0},{"pair":"BTC/USDT","stake_amount":19.78482,"max_stake_amount":19.78482,"amount":0.00031,"open_date":"2024-10-14 03:39:00+00:00","close_date":"2024-10-14 03:39:00+00:00","open_rate":63822.0,"close_rate":63822.0,"fee_open":0.0002,"fee_close":0.0002,"trade_duration":0,"profit_ratio":-0.00039992011706418864,"profit_abs":-0.00791393,"exit_reason":"custom_exit","initial_stop_loss_abs":44675.4,"initial_stop_loss_ratio":-0.3,"stop_loss_abs":44675.4,"stop_loss_ratio":-0.3,"min_rate":63799.96,"max_rate":63880.0,"is_open":false,"enter_tag":"","leverage":1.0,"is_short":false,"open_timestamp":1728877140000,"close_timestamp":1728877140000,"orders":[{"amount":0.00031,"safe_price":63822.0,"ft_order_side":"buy","order_filled_timestamp":1728877140000,"ft_is_entry":true,"ft_order_tag":"","cost":19.788776964},{"amount":0.00031,"safe_price":63822.0,"ft_order_side":"sell","order_filled_timestamp":1728877140000,"ft_is_entry":false,"ft_order_tag":"custom_exit","cost":19.788776964}],"funding_fees":0.0},{"pair":"BTC/USDT","stake_amount":19.79102,"max_stake_amount":19.79102,"amount":0.00031,"open_date":"2024-10-14 03:41:00+00:00","close_date":"2024-10-14 03:41:00+00:00","open_rate":63842.0,"close_rate":63842.0,"fee_open":0.0002,"fee_close":0.0002,"trade_duration":0,"profit_ratio":-0.00039992011703252696,"profit_abs":-0.00791641,"exit_reason":"custom_exit","initial_stop_loss_abs":44689.4,"initial_stop_loss_ratio":-0.3,"stop_loss_abs":44689.4,"stop_loss_ratio":-0.3,"min_rate":63831.53,"max_rate":63948.0,"is_open":false,"enter_tag":"","leverage":1.0,"is_short":false,"open_timestamp":1728877260000,"close_timestamp":1728877260000,"orders":[{"amount":0.00031,"safe_price":63842.0,"ft_order_side":"buy","order_filled_timestamp":1728877260000,"ft_is_entry":true,"ft_order_tag":"","cost":19.794978204},{"amount":0.00031,"safe_price":63842.0,"ft_order_side":"sell","order_filled_timestamp":1728877260000,"ft_is_entry":false,"ft_order_tag":"custom_exit","cost":19.794978204}],"funding_fees":0.0},{"pair":"BTC/USDT","stake_amount":19.8199337,"max_stake_amount":19.8199337,"amount":0.00031,"open_date":"2024-10-14 03:42:00+00:00","close_date":"2024-10-14 03:42:00+00:00","open_rate":63935.27,"close_rate":63935.27,"fee_open":0.0002,"fee_close":0.0002,"trade_duration":0,"profit_ratio":-0.0003999198404511004,"profit_abs":-0.00792797,"exit_reason":"custom_exit","initial_stop_loss_abs":44754.69,"initial_stop_loss_ratio":-0.3,"stop_loss_abs":44754.69,"stop_loss_ratio":-0.3,"min_rate":63899.99,"max_rate":64000.0,"is_open":false,"enter_tag":"","leverage":1.0,"is_short":false,"open_timestamp":1728877320000,"close_timestamp":1728877320000,"orders":[{"amount":0.00031,"safe_price":63935.27,"ft_order_side":"buy","order_filled_timestamp":1728877320000,"ft_is_entry":true,"ft_order_tag":"","cost":19.82389768674},{"amount":0.00031,"safe_price":63935.27,"ft_order_side":"sell","order_filled_timestamp":1728877320000,"ft_is_entry":false,"ft_order_tag":"custom_exit","cost":19.82389768674}],"funding_fees":0.0},{"pair":"BTC/USDT","stake_amount":19.84,"max_stake_amount":19.84,"amount":0.00031,"open_date":"2024-10-14 03:43:00+00:00","close_date":"2024-10-14 03:43:00+00:00","open_rate":64000.0,"close_rate":64000.0,"fee_open":0.0002,"fee_close":0.0002,"trade_duration":0,"profit_ratio":-0.0003999200159968007,"profit_abs":-0.007936,"exit_reason":"custom_exit","initial_stop_loss_abs":44800.0,"initial_stop_loss_ratio":-0.3,"stop_loss_abs":44800.0,"stop_loss_ratio":-0.3,"min_rate":63999.99,"max_rate":64133.71,"is_open":false,"enter_tag":"","leverage":1.0,"is_short":false,"open_timestamp":1728877380000,"close_timestamp":1728877380000,"orders":[{"amount":0.00031,"safe_price":64000.0,"ft_order_side":"buy","order_filled_timestamp":1728877380000,"ft_is_entry":true,"ft_order_tag":"","cost":19.843968},{"amount":0.00031,"safe_price":64000.0,"ft_order_side":"sell","order_filled_timestamp":1728877380000,"ft_is_entry":false,"ft_order_tag":"custom_exit","cost":19.843968}],"funding_fees":0.0},{"pair":"BTC/USDT","stake_amount":19.380861,"max_stake_amount":19.380861,"amount":0.0003,"open_date":"2024-10-14 07:51:00+00:00","close_date":"2024-10-14 07:55:00+00:00","open_rate":64602.87,"close_rate":64618.27,"fee_open":0.0002,"fee_close":0.0002,"trade_duration":4,"profit_ratio":-0.00016163592893554825,"profit_abs":-0.00313327,"exit_reason":"custom_exit","initial_stop_loss_abs":45222.01,"initial_stop_loss_ratio":-0.3,"stop_loss_abs":45222.01,"stop_loss_ratio":-0.3,"min_rate":64490.02,"max_rate":64670.9,"is_open":false,"enter_tag":"","leverage":1.0,"is_short":false,"open_timestamp":1728892260000,"close_timestamp":1728892500000,"orders":[{"amount":0.0003,"safe_price":64602.87,"ft_order_side":"buy","order_filled_timestamp":1728892260000,"ft_is_entry":true,"ft_order_tag":"","cost":19.384737172199998},{"amount":0.0003,"safe_price":64618.27,"ft_order_side":"sell","order_filled_timestamp":1728892500000,"ft_is_entry":false,"ft_order_tag":"custom_exit","cost":19.3893580962}],"funding_fees":0.0},{"pair":"BTC/USDT","stake_amount":19.458,"max_stake_amount":19.458,"amount":0.0003,"open_date":"2024-10-14 08:02:00+00:00","close_date":"2024-10-14 10:15:00+00:00","open_rate":64860.0,"close_rate":64896.0,"fee_open":0.0002,"fee_close":0.0002,"trade_duration":133,"profit_ratio":0.00015489963986851102,"profit_abs":0.00301464,"exit_reason":"custom_exit","initial_stop_loss_abs":45402.0,"initial_stop_loss_ratio":-0.3,"stop_loss_abs":45402.0,"stop_loss_ratio":-0.3,"min_rate":64340.98,"max_rate":64911.24,"is_open":false,"enter_tag":"","leverage":1.0,"is_short":false,"open_timestamp":1728892920000,"close_timestamp":1728900900000,"orders":[{"amount":0.0003,"safe_price":64860.0,"ft_order_side":"buy","order_filled_timestamp":1728892920000,"ft_is_entry":true,"ft_order_tag":"","cost":19.461891599999998},{"amount":0.0003,"safe_price":64896.0,"ft_order_side":"sell","order_filled_timestamp":1728900900000,"ft_is_entry":false,"ft_order_tag":"custom_exit","cost":19.47269376}],"funding_fees":0.0},{"pair":"BTC/USDT","stake_amount":19.81545,"max_stake_amount":19.81545,"amount":0.0003,"open_date":"2024-10-14 14:30:00+00:00","close_date":"2024-10-14 14:41:00+00:00","open_rate":66051.5,"close_rate":66024.38,"fee_open":0.0002,"fee_close":0.0002,"trade_duration":11,"profit_ratio":-0.0008103443793753632,"profit_abs":-0.01606055,"exit_reason":"custom_exit","initial_stop_loss_abs":46236.05,"initial_stop_loss_ratio":-0.3,"stop_loss_abs":46236.05,"stop_loss_ratio":-0.3,"min_rate":65834.53,"max_rate":66200.0,"is_open":false,"enter_tag":"","leverage":1.0,"is_short":false,"open_timestamp":1728916200000,"close_timestamp":1728916860000,"orders":[{"amount":0.0003,"safe_price":66051.5,"ft_order_side":"buy","order_filled_timestamp":1728916200000,"ft_is_entry":true,"ft_order_tag":"","cost":19.819413089999998},{"amount":0.0003,"safe_price":66024.38,"ft_order_side":"sell","order_filled_timestamp":1728916860000,"ft_is_entry":false,"ft_order_tag":"custom_exit","cost":19.811275462799998}],"funding_fees":0.0},{"pair":"BTC/USDT","stake_amount":19.4455904,"max_stake_amount":19.4455904,"amount":0.00029,"open_date":"2024-10-15 13:52:00+00:00","close_date":"2024-10-15 13:52:00+00:00","open_rate":67053.76,"close_rate":67053.76,"fee_open":0.0002,"fee_close":0.0002,"trade_duration":0,"profit_ratio":-0.00039992021343138986,"profit_abs":-0.00777824,"exit_reason":"custom_exit","initial_stop_loss_abs":46937.64,"initial_stop_loss_ratio":-0.3,"stop_loss_abs":46937.64,"stop_loss_ratio":-0.3,"min_rate":67053.76,"max_rate":67174.45,"is_open":false,"enter_tag":"","leverage":1.0,"is_short":false,"open_timestamp":1729000320000,"close_timestamp":1729000320000,"orders":[{"amount":0.00029,"safe_price":67053.76,"ft_order_side":"buy","order_filled_timestamp":1729000320000,"ft_is_entry":true,"ft_order_tag":"","cost":19.449479518079997},{"amount":0.00029,"safe_price":67053.76,"ft_order_side":"sell","order_filled_timestamp":1729000320000,"ft_is_entry":false,"ft_order_tag":"custom_exit","cost":19.449479518079997}],"funding_fees":0.0},{"pair":"BTC/USDT","stake_amount":19.6366685,"max_stake_amount":19.6366685,"amount":0.00029,"open_date":"2024-10-18 01:30:00+00:00","close_date":"2024-10-18 01:43:00+00:00","open_rate":67712.65,"close_rate":67702.0,"fee_open":0.0002,"fee_close":0.0002,"trade_duration":13,"profit_ratio":-0.00055713941128122,"profit_abs":-0.01094255,"exit_reason":"custom_exit","initial_stop_loss_abs":47398.86,"initial_stop_loss_ratio":-0.3,"stop_loss_abs":47398.86,"stop_loss_ratio":-0.3,"min_rate":67562.15,"max_rate":67770.0,"is_open":false,"enter_tag":"","leverage":1.0,"is_short":false,"open_timestamp":1729215000000,"close_timestamp":1729215780000,"orders":[{"amount":0.00029,"safe_price":67712.65,"ft_order_side":"buy","order_filled_timestamp":1729215000000,"ft_is_entry":true,"ft_order_tag":"","cost":19.640595833699997},{"amount":0.00029,"safe_price":67702.0,"ft_order_side":"sell","order_filled_timestamp":1729215780000,"ft_is_entry":false,"ft_order_tag":"custom_exit","cost":19.637506715999997}],"funding_fees":0.0},{"pair":"BTC/USDT","stake_amount":19.7020171,"max_stake_amount":19.7020171,"amount":0.00029,"open_date":"2024-10-18 01:47:00+00:00","close_date":"2024-10-18 01:54:00+00:00","open_rate":67937.99,"close_rate":67922.0,"fee_open":0.0002,"fee_close":0.0002,"trade_duration":7,"profit_ratio":-0.0006351876074952288,"profit_abs":-0.01251698,"exit_reason":"custom_exit","initial_stop_loss_abs":47556.6,"initial_stop_loss_ratio":-0.3,"stop_loss_abs":47556.6,"stop_loss_ratio":-0.3,"min_rate":67868.13,"max_rate":67988.0,"is_open":false,"enter_tag":"","leverage":1.0,"is_short":false,"open_timestamp":1729216020000,"close_timestamp":1729216440000,"orders":[{"amount":0.00029,"safe_price":67937.99,"ft_order_side":"buy","order_filled_timestamp":1729216020000,"ft_is_entry":true,"ft_order_tag":"","cost":19.705957503420002},{"amount":0.00029,"safe_price":67922.0,"ft_order_side":"sell","order_filled_timestamp":1729216440000,"ft_is_entry":false,"ft_order_tag":"custom_exit","cost":19.701319476}],"funding_fees":0.0},{"pair":"BTC/USDT","stake_amount":19.7165171,"max_stake_amount":19.7165171,"amount":0.00029,"open_date":"2024-10-18 01:55:00+00:00","close_date":"2024-10-18 01:56:00+00:00","open_rate":67987.99,"close_rate":67977.12,"fee_open":0.0002,"fee_close":0.0002,"trade_duration":1,"profit_ratio":-0.0005597374388929428,"profit_abs":-0.01103828,"exit_reason":"custom_exit","initial_stop_loss_abs":47591.6,"initial_stop_loss_ratio":-0.3,"stop_loss_abs":47591.6,"stop_loss_ratio":-0.3,"min_rate":67967.39,"max_rate":68173.02,"is_open":false,"enter_tag":"","leverage":1.0,"is_short":false,"open_timestamp":1729216500000,"close_timestamp":1729216560000,"orders":[{"amount":0.00029,"safe_price":67987.99,"ft_order_side":"buy","order_filled_timestamp":1729216500000,"ft_is_entry":true,"ft_order_tag":"","cost":19.72046040342},{"amount":0.00029,"safe_price":67977.12,"ft_order_side":"sell","order_filled_timestamp":1729216560000,"ft_is_entry":false,"ft_order_tag":"custom_exit","cost":19.717307472959998}],"funding_fees":0.0},{"pair":"BTC/USDT","stake_amount":19.7635,"max_stake_amount":19.7635,"amount":0.00029,"open_date":"2024-10-18 01:57:00+00:00","close_date":"2024-10-18 01:57:00+00:00","open_rate":68150.0,"close_rate":68150.0,"fee_open":0.0002,"fee_close":0.0002,"trade_duration":0,"profit_ratio":-0.0003999200159968006,"profit_abs":-0.0079054,"exit_reason":"custom_exit","initial_stop_loss_abs":47705.0,"initial_stop_loss_ratio":-0.3,"stop_loss_abs":47705.0,"stop_loss_ratio":-0.3,"min_rate":68150.0,"max_rate":68260.92,"is_open":false,"enter_tag":"","leverage":1.0,"is_short":false,"open_timestamp":1729216620000,"close_timestamp":1729216620000,"orders":[{"amount":0.00029,"safe_price":68150.0,"ft_order_side":"buy","order_filled_timestamp":1729216620000,"ft_is_entry":true,"ft_order_tag":"","cost":19.7674527},{"amount":0.00029,"safe_price":68150.0,"ft_order_side":"sell","order_filled_timestamp":1729216620000,"ft_is_entry":false,"ft_order_tag":"custom_exit","cost":19.7674527}],"funding_fees":0.0},{"pair":"BTC/USDT","stake_amount":19.5706056,"max_stake_amount":19.5706056,"amount":0.00028,"open_date":"2024-10-28 22:05:00+00:00","close_date":"2024-10-28 22:05:00+00:00","open_rate":69895.02,"close_rate":69895.02,"fee_open":0.0002,"fee_close":0.0002,"trade_duration":0,"profit_ratio":-0.0003999199015623199,"profit_abs":-0.00782824,"exit_reason":"custom_exit","initial_stop_loss_abs":48926.52,"initial_stop_loss_ratio":-0.3,"stop_loss_abs":48926.52,"stop_loss_ratio":-0.3,"min_rate":69891.86,"max_rate":69963.91,"is_open":false,"enter_tag":"","leverage":1.0,"is_short":false,"open_timestamp":1730153100000,"close_timestamp":1730153100000,"orders":[{"amount":0.00028,"safe_price":69895.02,"ft_order_side":"buy","order_filled_timestamp":1730153100000,"ft_is_entry":true,"ft_order_tag":"","cost":19.57451972112},{"amount":0.00028,"safe_price":69895.02,"ft_order_side":"sell","order_filled_timestamp":1730153100000,"ft_is_entry":false,"ft_order_tag":"custom_exit","cost":19.57451972112}],"funding_fees":0.0},{"pair":"BTC/USDT","stake_amount":19.583382,"max_stake_amount":19.583382,"amount":0.00028,"open_date":"2024-10-28 22:06:00+00:00","close_date":"2024-10-28 22:07:00+00:00","open_rate":69940.65,"close_rate":69963.91,"fee_open":0.0002,"fee_close":0.0002,"trade_duration":1,"profit_ratio":-6.748556918635542e-05,"profit_abs":-0.00132186,"exit_reason":"custom_exit","initial_stop_loss_abs":48958.46,"initial_stop_loss_ratio":-0.3,"stop_loss_abs":48958.46,"stop_loss_ratio":-0.3,"min_rate":69926.01,"max_rate":70045.53,"is_open":false,"enter_tag":"","leverage":1.0,"is_short":false,"open_timestamp":1730153160000,"close_timestamp":1730153220000,"orders":[{"amount":0.00028,"safe_price":69940.65,"ft_order_side":"buy","order_filled_timestamp":1730153160000,"ft_is_entry":true,"ft_order_tag":"","cost":19.587298676399996},{"amount":0.00028,"safe_price":69963.91,"ft_order_side":"sell","order_filled_timestamp":1730153220000,"ft_is_entry":false,"ft_order_tag":"custom_exit","cost":19.59381277896}],"funding_fees":0.0},{"pair":"BTC/USDT","stake_amount":19.6127456,"max_stake_amount":19.6127456,"amount":0.00028,"open_date":"2024-10-28 22:08:00+00:00","close_date":"2024-10-28 22:08:00+00:00","open_rate":70045.52,"close_rate":70045.52,"fee_open":0.0002,"fee_close":0.0002,"trade_duration":0,"profit_ratio":-0.0003999201057164201,"profit_abs":-0.0078451,"exit_reason":"custom_exit","initial_stop_loss_abs":49031.87,"initial_stop_loss_ratio":-0.3,"stop_loss_abs":49031.87,"stop_loss_ratio":-0.3,"min_rate":70040.8,"max_rate":70222.03,"is_open":false,"enter_tag":"","leverage":1.0,"is_short":false,"open_timestamp":1730153280000,"close_timestamp":1730153280000,"orders":[{"amount":0.00028,"safe_price":70045.52,"ft_order_side":"buy","order_filled_timestamp":1730153280000,"ft_is_entry":true,"ft_order_tag":"","cost":19.61666814912},{"amount":0.00028,"safe_price":70045.52,"ft_order_side":"sell","order_filled_timestamp":1730153280000,"ft_is_entry":false,"ft_order_tag":"custom_exit","cost":19.61666814912}],"funding_fees":0.0},{"pair":"BTC/USDT","stake_amount":19.6474376,"max_stake_amount":19.6474376,"amount":0.00028,"open_date":"2024-10-28 22:09:00+00:00","close_date":"2024-10-28 22:09:00+00:00","open_rate":70169.42,"close_rate":70169.42,"fee_open":0.0002,"fee_close":0.0002,"trade_duration":0,"profit_ratio":-0.0003999202683965435,"profit_abs":-0.00785898,"exit_reason":"custom_exit","initial_stop_loss_abs":49118.6,"initial_stop_loss_ratio":-0.3,"stop_loss_abs":49118.6,"stop_loss_ratio":-0.3,"min_rate":70095.5,"max_rate":70270.0,"is_open":false,"enter_tag":"","leverage":1.0,"is_short":false,"open_timestamp":1730153340000,"close_timestamp":1730153340000,"orders":[{"amount":0.00028,"safe_price":70169.42,"ft_order_side":"buy","order_filled_timestamp":1730153340000,"ft_is_entry":true,"ft_order_tag":"","cost":19.651367087519997},{"amount":0.00028,"safe_price":70169.42,"ft_order_side":"sell","order_filled_timestamp":1730153340000,"ft_is_entry":false,"ft_order_tag":"custom_exit","cost":19.651367087519997}],"funding_fees":0.0},{"pair":"BTC/USDT","stake_amount":19.777268,"max_stake_amount":19.777268,"amount":0.00028,"open_date":"2024-10-29 02:10:00+00:00","close_date":"2024-10-29 02:10:00+00:00","open_rate":70633.1,"close_rate":70633.1,"fee_open":0.0002,"fee_close":0.0002,"trade_duration":0,"profit_ratio":-0.00039992015754517385,"profit_abs":-0.00791091,"exit_reason":"custom_exit","initial_stop_loss_abs":49443.17,"initial_stop_loss_ratio":-0.3,"stop_loss_abs":49443.17,"stop_loss_ratio":-0.3,"min_rate":70633.1,"max_rate":70795.39,"is_open":false,"enter_tag":"","leverage":1.0,"is_short":false,"open_timestamp":1730167800000,"close_timestamp":1730167800000,"orders":[{"amount":0.00028,"safe_price":70633.1,"ft_order_side":"buy","order_filled_timestamp":1730167800000,"ft_is_entry":true,"ft_order_tag":"","cost":19.7812234536},{"amount":0.00028,"safe_price":70633.1,"ft_order_side":"sell","order_filled_timestamp":1730167800000,"ft_is_entry":false,"ft_order_tag":"custom_exit","cost":19.7812234536}],"funding_fees":0.0},{"pair":"BTC/USDT","stake_amount":19.857978,"max_stake_amount":19.857978,"amount":0.00028,"open_date":"2024-10-29 02:13:00+00:00","close_date":"2024-10-29 02:14:00+00:00","open_rate":70921.35,"close_rate":70898.32,"fee_open":0.0002,"fee_close":0.0002,"trade_duration":1,"profit_ratio":-0.0007245159862447678,"profit_abs":-0.0143903,"exit_reason":"custom_exit","initial_stop_loss_abs":49644.95,"initial_stop_loss_ratio":-0.3,"stop_loss_abs":49644.95,"stop_loss_ratio":-0.3,"min_rate":70823.25,"max_rate":71004.0,"is_open":false,"enter_tag":"","leverage":1.0,"is_short":false,"open_timestamp":1730167980000,"close_timestamp":1730168040000,"orders":[{"amount":0.00028,"safe_price":70921.35,"ft_order_side":"buy","order_filled_timestamp":1730167980000,"ft_is_entry":true,"ft_order_tag":"","cost":19.8619495956},{"amount":0.00028,"safe_price":70898.32,"ft_order_side":"sell","order_filled_timestamp":1730168040000,"ft_is_entry":false,"ft_order_tag":"custom_exit","cost":19.85549990592}],"funding_fees":0.0},{"pair":"BTC/USDT","stake_amount":19.88112,"max_stake_amount":19.88112,"amount":0.00028,"open_date":"2024-10-29 02:15:00+00:00","close_date":"2024-10-29 02:15:00+00:00","open_rate":71004.0,"close_rate":71004.0,"fee_open":0.0002,"fee_close":0.0002,"trade_duration":0,"profit_ratio":-0.00039992011657463927,"profit_abs":-0.00795245,"exit_reason":"custom_exit","initial_stop_loss_abs":49702.8,"initial_stop_loss_ratio":-0.3,"stop_loss_abs":49702.8,"stop_loss_ratio":-0.3,"min_rate":70864.34,"max_rate":71160.0,"is_open":false,"enter_tag":"","leverage":1.0,"is_short":false,"open_timestamp":1730168100000,"close_timestamp":1730168100000,"orders":[{"amount":0.00028,"safe_price":71004.0,"ft_order_side":"buy","order_filled_timestamp":1730168100000,"ft_is_entry":true,"ft_order_tag":"","cost":19.885096223999998},{"amount":0.00028,"safe_price":71004.0,"ft_order_side":"sell","order_filled_timestamp":1730168100000,"ft_is_entry":false,"ft_order_tag":"custom_exit","cost":19.885096223999998}],"funding_fees":0.0},{"pair":"BTC/USDT","stake_amount":19.30635,"max_stake_amount":19.30635,"amount":0.00027,"open_date":"2024-10-29 11:36:00+00:00","close_date":"2024-10-29 11:42:00+00:00","open_rate":71505.0,"close_rate":71497.61,"fee_open":0.0002,"fee_close":0.0002,"trade_duration":6,"profit_ratio":-0.0005032280519424893,"profit_abs":-0.00971744,"exit_reason":"custom_exit","initial_stop_loss_abs":50053.5,"initial_stop_loss_ratio":-0.3,"stop_loss_abs":50053.5,"stop_loss_ratio":-0.3,"min_rate":71397.48,"max_rate":71538.17,"is_open":false,"enter_tag":"","leverage":1.0,"is_short":false,"open_timestamp":1730201760000,"close_timestamp":1730202120000,"orders":[{"amount":0.00027,"safe_price":71505.0,"ft_order_side":"buy","order_filled_timestamp":1730201760000,"ft_is_entry":true,"ft_order_tag":"","cost":19.31021127},{"amount":0.00027,"safe_price":71497.61,"ft_order_side":"sell","order_filled_timestamp":1730202120000,"ft_is_entry":false,"ft_order_tag":"custom_exit","cost":19.30821557094}],"funding_fees":0.0}],"locks":[],"best_pair":{"key":"BTC/USDT","trades":36,"profit_mean":-0.0006020569743569503,"profit_mean_pct":-0.06,"profit_sum":-0.02167405107685021,"profit_sum_pct":-2.17,"profit_total_abs":-0.42658080000000004,"profit_total":-0.00042658080000000003,"profit_total_pct":-0.04,"duration_avg":"0:22:00","wins":1,"draws":0,"losses":35,"winrate":0.027777777777777776,"cagr":-0.005177722849339705,"expectancy":-0.011849466666666668,"expectancy_ratio":-0.9653997568813424,"sortino":-20.27433147666145,"sharpe":-20.199907789585197,"calmar":-63.68324391514107,"sqn":-5.2126,"profit_factor":0.007017392922047775,"max_drawdown_account":0.00042658080000001065,"max_drawdown_abs":0.42658080000000004},"worst_pair":{"key":"BTC/USDT","trades":36,"profit_mean":-0.0006020569743569503,"profit_mean_pct":-0.06,"profit_sum":-0.02167405107685021,"profit_sum_pct":-2.17,"profit_total_abs":-0.42658080000000004,"profit_total":-0.00042658080000000003,"profit_total_pct":-0.04,"duration_avg":"0:22:00","wins":1,"draws":0,"losses":35,"winrate":0.027777777777777776,"cagr":-0.005177722849339705,"expectancy":-0.011849466666666668,"expectancy_ratio":-0.9653997568813424,"sortino":-20.27433147666145,"sharpe":-20.199907789585197,"calmar":-63.68324391514107,"sqn":-5.2126,"profit_factor":0.007017392922047775,"max_drawdown_account":0.00042658080000001065,"max_drawdown_abs":0.42658080000000004},"results_per_pair":[{"key":"BTC/USDT","trades":36,"profit_mean":-0.0006020569743569503,"profit_mean_pct":-0.06,"profit_sum":-0.02167405107685021,"profit_sum_pct":-2.17,"profit_total_abs":-0.42658080000000004,"profit_total":-0.00042658080000000003,"profit_total_pct":-0.04,"duration_avg":"0:22:00","wins":1,"draws":0,"losses":35,"winrate":0.027777777777777776,"cagr":-0.005177722849339705,"expectancy":-0.011849466666666668,"expectancy_ratio":-0.9653997568813424,"sortino":-20.27433147666145,"sharpe":-20.199907789585197,"calmar":-63.68324391514107,"sqn":-5.2126,"profit_factor":0.007017392922047775,"max_drawdown_account":0.00042658080000001065,"max_drawdown_abs":0.42658080000000004},{"key":"TOTAL","trades":36,"profit_mean":-0.0006020569743569503,"profit_mean_pct":-0.06,"profit_sum":-0.02167405107685021,"profit_sum_pct":-2.17,"profit_total_abs":-0.42658080000000004,"profit_total":-0.00042658080000000003,"profit_total_pct":-0.04,"duration_avg":"0:22:00","wins":1,"draws":0,"losses":35,"winrate":0.027777777777777776,"cagr":-0.005177722849339705,"expectancy":-0.011849466666666668,"expectancy_ratio":-0.9653997568813424,"sortino":-20.27433147666145,"sharpe":-20.199907789585197,"calmar":-63.68324391514107,"sqn":-5.2126,"profit_factor":0.007017392922047775,"max_drawdown_account":0.00042658080000001065,"max_drawdown_abs":0.42658080000000004}],"results_per_enter_tag":[{"key":"","trades":36,"profit_mean":-0.0006020569743569503,"profit_mean_pct":-0.06,"profit_sum":-0.02167405107685021,"profit_sum_pct":-2.17,"profit_total_abs":-0.42658080000000004,"profit_total":-0.00042658080000000003,"profit_total_pct":-0.04,"duration_avg":"0:22:00","wins":1,"draws":0,"losses":35,"winrate":0.027777777777777776,"cagr":-0.005177722849339705,"expectancy":-0.011849466666666668,"expectancy_ratio":-0.9653997568813424,"sortino":-20.27433147666145,"sharpe":-20.199907789585197,"calmar":-63.68324391514107,"sqn":-5.2126,"profit_factor":0.007017392922047775,"max_drawdown_account":0.00042658080000001065,"max_drawdown_abs":0.42658080000000004},{"key":"TOTAL","trades":36,"profit_mean":-0.0006020569743569503,"profit_mean_pct":-0.06,"profit_sum":-0.02167405107685021,"profit_sum_pct":-2.17,"profit_total_abs":-0.42658080000000004,"profit_total":-0.00042658080000000003,"profit_total_pct":-0.04,"duration_avg":"0:22:00","wins":1,"draws":0,"losses":35,"winrate":0.027777777777777776,"cagr":-0.005177722849339705,"expectancy":-0.011849466666666668,"expectancy_ratio":-0.9653997568813424,"sortino":-20.27433147666145,"sharpe":-20.199907789585197,"calmar":-63.68324391514107,"sqn":-5.2126,"profit_factor":0.007017392922047775,"max_drawdown_account":0.00042658080000001065,"max_drawdown_abs":0.42658080000000004}],"exit_reason_summary":[{"key":"custom_exit","trades":36,"profit_mean":-0.0006020569743569503,"profit_mean_pct":-0.06,"profit_sum":-0.02167405107685021,"profit_sum_pct":-2.17,"profit_total_abs":-0.42658080000000004,"profit_total":-0.00042658080000000003,"profit_total_pct":-0.04,"duration_avg":"0:22:00","wins":1,"draws":0,"losses":35,"winrate":0.027777777777777776,"cagr":-0.005177722849339705,"expectancy":-0.011849466666666668,"expectancy_ratio":-0.9653997568813424,"sortino":-20.27433147666145,"sharpe":-20.199907789585197,"calmar":-63.68324391514107,"sqn":-5.2126,"profit_factor":0.007017392922047775,"max_drawdown_account":0.00042658080000001065,"max_drawdown_abs":0.42658080000000004},{"key":"TOTAL","trades":36,"profit_mean":-0.0006020569743569503,"profit_mean_pct":-0.06,"profit_sum":-0.02167405107685021,"profit_sum_pct":-2.17,"profit_total_abs":-0.42658080000000004,"profit_total":-0.00042658080000000003,"profit_total_pct":-0.04,"duration_avg":"0:22:00","wins":1,"draws":0,"losses":35,"winrate":0.027777777777777776,"cagr":-0.005177722849339705,"expectancy":-0.011849466666666668,"expectancy_ratio":-0.9653997568813424,"sortino":-20.27433147666145,"sharpe":-20.199907789585197,"calmar":-63.68324391514107,"sqn":-5.2126,"profit_factor":0.007017392922047775,"max_drawdown_account":0.00042658080000001065,"max_drawdown_abs":0.42658080000000004}],"mix_tag_stats":[{"key":["","custom_exit"],"trades":36,"profit_mean":-0.0006020569743569503,"profit_mean_pct":-0.06,"profit_sum":-0.02167405107685021,"profit_sum_pct":-2.17,"profit_total_abs":-0.42658080000000004,"profit_total":-0.00042658080000000003,"profit_total_pct":-0.04,"duration_avg":"0:22:00","wins":1,"draws":0,"losses":35,"winrate":0.027777777777777776,"cagr":-0.005177722849339705,"expectancy":-0.011849466666666668,"expectancy_ratio":-0.9653997568813424,"sortino":-20.27433147666145,"sharpe":-20.199907789585197,"calmar":-63.68324391514107,"sqn":-5.2126,"profit_factor":0.007017392922047775,"max_drawdown_account":0.00042658080000001065,"max_drawdown_abs":0.42658080000000004},{"key":"TOTAL","trades":36,"profit_mean":-0.0006020569743569503,"profit_mean_pct":-0.06,"profit_sum":-0.02167405107685021,"profit_sum_pct":-2.17,"profit_total_abs":-0.42658080000000004,"profit_total":-0.00042658080000000003,"profit_total_pct":-0.04,"duration_avg":"0:22:00","wins":1,"draws":0,"losses":35,"winrate":0.027777777777777776,"cagr":-0.005177722849339705,"expectancy":-0.011849466666666668,"expectancy_ratio":-0.9653997568813424,"sortino":-20.27433147666145,"sharpe":-20.199907789585197,"calmar":-63.68324391514107,"sqn":-5.2126,"profit_factor":0.007017392922047775,"max_drawdown_account":0.00042658080000001065,"max_drawdown_abs":0.42658080000000004}],"left_open_trades":[{"key":"TOTAL","trades":0,"profit_mean":0.0,"profit_mean_pct":0.0,"profit_sum":0.0,"profit_sum_pct":0.0,"profit_total_abs":0.0,"profit_total":0.0,"profit_total_pct":0.0,"duration_avg":"0:00","wins":0,"draws":0,"losses":0,"winrate":0.0,"cagr":0.0,"expectancy":0.0,"expectancy_ratio":100.0,"sortino":0,"sharpe":0,"calmar":0,"sqn":0.0,"profit_factor":0.0,"max_drawdown_account":0.0,"max_drawdown_abs":0.0}],"total_trades":36,"trade_count_long":36,"trade_count_short":0,"total_volume":1417.01986140282,"avg_stake_amount":19.678885383333338,"profit_mean":-0.0006020569743569503,"profit_median":-0.0003999201170483578,"profit_total":-0.00042658080000000003,"profit_total_long":-0.00042658080000000003,"profit_total_short":0.0,"profit_total_abs":-0.42658080000000004,"profit_total_long_abs":-0.42658080000000004,"profit_total_short_abs":0.0,"cagr":-0.005177722849339705,"expectancy":-0.011849466666666668,"expectancy_ratio":-0.9653997568813424,"sortino":-20.27433147666145,"sharpe":-20.199907789585197,"calmar":-63.68324391514107,"sqn":-5.2126,"profit_factor":0.007017392922047775,"backtest_start":"2024-10-01 00:00:00","backtest_start_ts":1727740800000,"backtest_end":"2024-10-31 00:00:00","backtest_end_ts":1730332800000,"backtest_days":30,"backtest_run_start_ts":1752179067,"backtest_run_end_ts":1752179069,"trades_per_day":1.2,"market_change":0.14095809283702596,"pairlist":["BTC/USDT"],"stake_amount":20,"stake_currency":"USDT","stake_currency_decimals":3,"starting_balance":1000,"dry_run_wallet":1000,"final_balance":999.5734192,"rejected_signals":0,"timedout_entry_orders":0,"timedout_exit_orders":0,"canceled_trade_entries":0,"canceled_entry_orders":0,"replaced_entry_orders":0,"max_open_trades":1,"max_open_trades_setting":5,"timeframe":"1m","timeframe_detail":"","timerange":"20241001-20241031","enable_protections":false,"strategy_name":"MultiHorizonMomentum","stoploss":-0.3,"trailing_stop":false,"trailing_stop_positive":null,"trailing_stop_positive_offset":0.0,"trailing_only_offset_is_reached":false,"use_custom_stoploss":false,"minimal_roi":{},"use_exit_signal":true,"exit_profit_only":false,"exit_profit_offset":0.0,"ignore_roi_if_entry_signal":false,"trading_mode":"spot","margin_mode":"","periodic_breakdown":{"day":[{"date":"06/10/2024","date_ts":1728172800000,"profit_abs":-0.19377953,"wins":0,"draws":0,"losses":9,"trades":9,"profit_factor":0.0},{"date":"07/10/2024","date_ts":1728259200000,"profit_abs":-0.00795305,"wins":0,"draws":0,"losses":1,"trades":1,"profit_factor":0.0},{"date":"08/10/2024","date_ts":1728345600000,"profit_abs":0.0,"wins":0,"draws":0,"losses":0,"trades":0,"profit_factor":0.0},{"date":"09/10/2024","date_ts":1728432000000,"profit_abs":0.0,"wins":0,"draws":0,"losses":0,"trades":0,"profit_factor":0.0},{"date":"10/10/2024","date_ts":1728518400000,"profit_abs":0.0,"wins":0,"draws":0,"losses":0,"trades":0,"profit_factor":0.0},{"date":"11/10/2024","date_ts":1728604800000,"profit_abs":0.0,"wins":0,"draws":0,"losses":0,"trades":0,"profit_factor":0.0},{"date":"12/10/2024","date_ts":1728691200000,"profit_abs":-0.03829138,"wins":0,"draws":0,"losses":3,"trades":3,"profit_factor":0.0},{"date":"13/10/2024","date_ts":1728777600000,"profit_abs":0.0,"wins":0,"draws":0,"losses":0,"trades":0,"profit_factor":0.0},{"date":"14/10/2024","date_ts":1728864000000,"profit_abs":-0.07155011,"wins":1,"draws":0,"losses":9,"trades":10,"profit_factor":0.04042983},{"date":"15/10/2024","date_ts":1728950400000,"profit_abs":-0.00777824,"wins":0,"draws":0,"losses":1,"trades":1,"profit_factor":0.0},{"date":"16/10/2024","date_ts":1729036800000,"profit_abs":0.0,"wins":0,"draws":0,"losses":0,"trades":0,"profit_factor":0.0},{"date":"17/10/2024","date_ts":1729123200000,"profit_abs":0.0,"wins":0,"draws":0,"losses":0,"trades":0,"profit_factor":0.0},{"date":"18/10/2024","date_ts":1729209600000,"profit_abs":-0.04240321,"wins":0,"draws":0,"losses":4,"trades":4,"profit_factor":0.0},{"date":"19/10/2024","date_ts":1729296000000,"profit_abs":0.0,"wins":0,"draws":0,"losses":0,"trades":0,"profit_factor":0.0},{"date":"20/10/2024","date_ts":1729382400000,"profit_abs":0.0,"wins":0,"draws":0,"losses":0,"trades":0,"profit_factor":0.0},{"date":"21/10/2024","date_ts":1729468800000,"profit_abs":0.0,"wins":0,"draws":0,"losses":0,"trades":0,"profit_factor":0.0},{"date":"22/10/2024","date_ts":1729555200000,"profit_abs":0.0,"wins":0,"draws":0,"losses":0,"trades":0,"profit_factor":0.0},{"date":"23/10/2024","date_ts":1729641600000,"profit_abs":0.0,"wins":0,"draws":0,"losses":0,"trades":0,"profit_factor":0.0},{"date":"24/10/2024","date_ts":1729728000000,"profit_abs":0.0,"wins":0,"draws":0,"losses":0,"trades":0,"profit_factor":0.0},{"date":"25/10/2024","date_ts":1729814400000,"profit_abs":0.0,"wins":0,"draws":0,"losses":0,"trades":0,"profit_factor":0.0},{"date":"26/10/2024","date_ts":1729900800000,"profit_abs":0.0,"wins":0,"draws":0,"losses":0,"trades":0,"profit_factor":0.0},{"date":"27/10/2024","date_ts":1729987200000,"profit_abs":0.0,"wins":0,"draws":0,"losses":0,"trades":0,"profit_factor":0.0},{"date":"28/10/2024","date_ts":1730073600000,"profit_abs":-0.02485418,"wins":0,"draws":0,"losses":4,"trades":4,"profit_factor":0.0},{"date":"29/10/2024","date_ts":1730160000000,"profit_abs":-0.0399711,"wins":0,"draws":0,"losses":4,"trades":4,"profit_factor":0.0}],"week":[{"date":"07/10/2024","date_ts":1728259200000,"profit_abs":-0.20173258,"wins":0,"draws":0,"losses":10,"trades":10,"profit_factor":0.0},{"date":"14/10/2024","date_ts":1728864000000,"profit_abs":-0.10984149,"wins":1,"draws":0,"losses":12,"trades":13,"profit_factor":0.02671224},{"date":"21/10/2024","date_ts":1729468800000,"profit_abs":-0.05018145,"wins":0,"draws":0,"losses":5,"trades":5,"profit_factor":0.0},{"date":"28/10/2024","date_ts":1730073600000,"profit_abs":-0.02485418,"wins":0,"draws":0,"losses":4,"trades":4,"profit_factor":0.0},{"date":"04/11/2024","date_ts":1730678400000,"profit_abs":-0.0399711,"wins":0,"draws":0,"losses":4,"trades":4,"profit_factor":0.0}],"month":[{"date":"31/10/2024","date_ts":1730332800000,"profit_abs":-0.4265808,"wins":1,"draws":0,"losses":35,"trades":36,"profit_factor":0.00701739}],"year":[{"date":"31/12/2024","date_ts":1735603200000,"profit_abs":-0.4265808,"wins":1,"draws":0,"losses":35,"trades":36,"profit_factor":0.00701739}]},"backtest_best_day":0.0,"backtest_worst_day":-0.009853330444069146,"backtest_best_day_abs":0.0,"backtest_worst_day_abs":-0.19377953,"winning_days":0,"draw_days":16,"losing_days":8,"daily_profit":[["2024-10-06",-0.19377953],["2024-10-07",-0.00795305],["2024-10-08",0.0],["2024-10-09",0.0],["2024-10-10",0.0],["2024-10-11",0.0],["2024-10-12",-0.03829138],["2024-10-13",0.0],["2024-10-14",-0.07155011],["2024-10-15",-0.00777824],["2024-10-16",0.0],["2024-10-17",0.0],["2024-10-18",-0.04240321],["2024-10-19",0.0],["2024-10-20",0.0],["2024-10-21",0.0],["2024-10-22",0.0],["2024-10-23",0.0],["2024-10-24",0.0],["2024-10-25",0.0],["2024-10-26",0.0],["2024-10-27",0.0],["2024-10-28",-0.02485418],["2024-10-29",-0.0399711]],"wins":1,"losses":35,"draws":0,"winrate":0.027777777777777776,"holding_avg":"0:22:00","holding_avg_s":1320.0,"winner_holding_min":"0d 02:13","winner_holding_min_s":7980.0,"winner_holding_max":"0d 02:13","winner_holding_max_s":7980.0,"winner_holding_avg":"0d 02:13","winner_holding_avg_s":7980.0,"loser_holding_min":"0d 00:00","loser_holding_min_s":0.0,"loser_holding_max":"0d 05:19","loser_holding_max_s":19140.0,"loser_holding_avg":"0d 00:19","loser_holding_avg_s":1140.0,"max_consecutive_wins":1,"max_consecutive_losses":21,"max_drawdown_account":0.00042658080000001065,"max_relative_drawdown":0.00042658080000001065,"max_drawdown_abs":0.42658080000000004,"drawdown_start":"2024-10-06 06:46:00","drawdown_start_ts":1728197160000.0,"drawdown_end":"2024-10-29 11:42:00","drawdown_end_ts":1730202120000.0,"max_drawdown_low":-0.42658080000000004,"max_drawdown_high":-0.05326977,"csum_min":999.5734192,"csum_max":999.94673023}},"strategy_comparison":[{"key":"MultiHorizonMomentum","trades":36,"profit_mean":-0.0006020569743569503,"profit_mean_pct":-0.06,"profit_sum":-0.02167405107685021,"profit_sum_pct":-2.17,"profit_total_abs":-0.42658080000000004,"profit_total":-0.00042658080000000003,"profit_total_pct":-0.04,"duration_avg":"0:22:00","wins":1,"draws":0,"losses":35,"winrate":0.027777777777777776,"cagr":-0.005177722849339705,"expectancy":-0.011849466666666668,"expectancy_ratio":-0.9653997568813424,"sortino":-20.27433147666145,"sharpe":-20.199907789585197,"calmar":-63.68324391514107,"sqn":-5.2126,"profit_factor":0.007017392922047775,"max_drawdown_account":0.00042658080000001065,"max_drawdown_abs":"0.427"}]}