{"strategy":{"MultiHorizonMomentum":{"trades":[{"pair":"BTC/USDT","stake_amount":19.383202,"max_stake_amount":19.383202,"amount":0.0002,"open_date":"2024-12-01 09:50:00+00:00","close_date":"2024-12-01 09:55:00+00:00","open_rate":96916.01,"close_rate":96943.58,"fee_open":0.0004,"fee_close":0.0004,"trade_duration":5,"profit_ratio":-0.0005154346371937821,"profit_abs":-0.00999477,"exit_reason":"custom_exit","initial_stop_loss_abs":67841.21,"initial_stop_loss_ratio":-0.3,"stop_loss_abs":67841.21,"stop_loss_ratio":-0.3,"min_rate":96916.0,"max_rate":97000.0,"is_open":false,"enter_tag":"","leverage":1.0,"is_short":false,"open_timestamp":1733046600000,"close_timestamp":1733046900000,"orders":[{"amount":0.0002,"safe_price":96916.01,"ft_order_side":"buy","order_filled_timestamp":1733046600000,"ft_is_entry":true,"ft_order_tag":"","cost":19.3909552808},{"amount":0.0002,"safe_price":96943.58,"ft_order_side":"sell","order_filled_timestamp":1733046900000,"ft_is_entry":false,"ft_order_tag":"custom_exit","cost":19.396471486400003}],"funding_fees":0.0},{"pair":"BTC/USDT","stake_amount":19.397602,"max_stake_amount":19.397602,"amount":0.0002,"open_date":"2024-12-01 10:01:00+00:00","close_date":"2024-12-01 10:35:00+00:00","open_rate":96988.01,"close_rate":96661.95,"fee_open":0.0004,"fee_close":0.0004,"trade_duration":34,"profit_ratio":-0.004158850733584338,"profit_abs":-0.080704,"exit_reason":"exit_signal","initial_stop_loss_abs":67891.61,"initial_stop_loss_ratio":-0.3,"stop_loss_abs":67891.61,"stop_loss_ratio":-0.3,"min_rate":96652.94,"max_rate":97010.09,"is_open":false,"enter_tag":"","leverage":1.0,"is_short":false,"open_timestamp":1733047260000,"close_timestamp":1733049300000,"orders":[{"amount":0.0002,"safe_price":96988.01,"ft_order_side":"buy","order_filled_timestamp":1733047260000,"ft_is_entry":true,"ft_order_tag":"","cost":19.4053610408},{"amount":0.0002,"safe_price":96661.95,"ft_order_side":"sell","order_filled_timestamp":1733049300000,"ft_is_entry":false,"ft_order_tag":"exit_signal","cost":19.340122956}],"funding_fees":0.0},{"pair":"BTC/USDT","stake_amount":19.387026,"max_stake_amount":19.387026,"amount":0.0002,"open_date":"2024-12-01 11:10:00+00:00","close_date":"2024-12-01 11:25:00+00:00","open_rate":96935.13,"close_rate":96916.02,"fee_open":0.0004,"fee_close":0.0004,"trade_duration":15,"profit_ratio":-0.0009966645248001302,"profit_abs":-0.01933009,"exit_reason":"custom_exit","initial_stop_loss_abs":67854.6,"initial_stop_loss_ratio":-0.3,"stop_loss_abs":67854.6,"stop_loss_ratio":-0.3,"min_rate":96916.01,"max_rate":96978.0,"is_open":false,"enter_tag":"","leverage":1.0,"is_short":false,"open_timestamp":1733051400000,"close_timestamp":1733052300000,"orders":[{"amount":0.0002,"safe_price":96935.13,"ft_order_side":"buy","order_filled_timestamp":1733051400000,"ft_is_entry":true,"ft_order_tag":"","cost":19.3947808104},{"amount":0.0002,"safe_price":96916.02,"ft_order_side":"sell","order_filled_timestamp":1733052300000,"ft_is_entry":false,"ft_order_tag":"custom_exit","cost":19.390957281600002}],"funding_fees":0.0},{"pair":"BTC/USDT","stake_amount":19.387998,"max_stake_amount":19.387998,"amount":0.0002,"open_date":"2024-12-01 11:27:00+00:00","close_date":"2024-12-01 11:30:00+00:00","open_rate":96939.99,"close_rate":96975.58,"fee_open":0.0004,"fee_close":0.0004,"trade_duration":3,"profit_ratio":-0.0004328395970900615,"profit_abs":-0.00839525,"exit_reason":"custom_exit","initial_stop_loss_abs":67858.0,"initial_stop_loss_ratio":-0.3,"stop_loss_abs":67858.0,"stop_loss_ratio":-0.3,"min_rate":96939.99,"max_rate":97000.0,"is_open":false,"enter_tag":"","leverage":1.0,"is_short":false,"open_timestamp":1733052420000,"close_timestamp":1733052600000,"orders":[{"amount":0.0002,"safe_price":96939.99,"ft_order_side":"buy","order_filled_timestamp":1733052420000,"ft_is_entry":true,"ft_order_tag":"","cost":19.3957531992},{"amount":0.0002,"safe_price":96975.58,"ft_order_side":"sell","order_filled_timestamp":1733052600000,"ft_is_entry":false,"ft_order_tag":"custom_exit","cost":19.4028740464}],"funding_fees":0.0},{"pair":"BTC/USDT","stake_amount":19.39706,"max_stake_amount":19.39706,"amount":0.0002,"open_date":"2024-12-01 11:35:00+00:00","close_date":"2024-12-01 11:36:00+00:00","open_rate":96985.3,"close_rate":96985.29,"fee_open":0.0004,"fee_close":0.0004,"trade_duration":1,"profit_ratio":-0.0007997832981983424,"profit_abs":-0.01551965,"exit_reason":"custom_exit","initial_stop_loss_abs":67889.71,"initial_stop_loss_ratio":-0.3,"stop_loss_abs":67889.71,"stop_loss_ratio":-0.3,"min_rate":96985.29,"max_rate":97085.39,"is_open":false,"enter_tag":"","leverage":1.0,"is_short":false,"open_timestamp":1733052900000,"close_timestamp":1733052960000,"orders":[{"amount":0.0002,"safe_price":96985.3,"ft_order_side":"buy","order_filled_timestamp":1733052900000,"ft_is_entry":true,"ft_order_tag":"","cost":19.404818824},{"amount":0.0002,"safe_price":96985.29,"ft_order_side":"sell","order_filled_timestamp":1733052960000,"ft_is_entry":false,"ft_order_tag":"custom_exit","cost":19.4048168232}],"funding_fees":0.0},{"pair":"BTC/USDT","stake_amount":19.400402,"max_stake_amount":19.400402,"amount":0.0002,"open_date":"2024-12-01 11:37:00+00:00","close_date":"2024-12-01 11:38:00+00:00","open_rate":97002.01,"close_rate":97035.23,"fee_open":0.0004,"fee_close":0.0004,"trade_duration":1,"profit_ratio":-0.000457486903006895,"profit_abs":-0.00887898,"exit_reason":"custom_exit","initial_stop_loss_abs":67901.41,"initial_stop_loss_ratio":-0.3,"stop_loss_abs":67901.41,"stop_loss_ratio":-0.3,"min_rate":96981.87,"max_rate":97048.0,"is_open":false,"enter_tag":"","leverage":1.0,"is_short":false,"open_timestamp":1733053020000,"close_timestamp":1733053080000,"orders":[{"amount":0.0002,"safe_price":97002.01,"ft_order_side":"buy","order_filled_timestamp":1733053020000,"ft_is_entry":true,"ft_order_tag":"","cost":19.4081621608},{"amount":0.0002,"safe_price":97035.23,"ft_order_side":"sell","order_filled_timestamp":1733053080000,"ft_is_entry":false,"ft_order_tag":"custom_exit","cost":19.4148088184}],"funding_fees":0.0},{"pair":"BTC/USDT","stake_amount":19.412396,"max_stake_amount":19.412396,"amount":0.0002,"open_date":"2024-12-01 11:40:00+00:00","close_date":"2024-12-01 11:41:00+00:00","open_rate":97061.98,"close_rate":97070.0,"fee_open":0.0004,"fee_close":0.0004,"trade_duration":1,"profit_ratio":-0.0007171186701197861,"profit_abs":-0.01392656,"exit_reason":"custom_exit","initial_stop_loss_abs":67943.39,"initial_stop_loss_ratio":-0.3,"stop_loss_abs":67943.39,"stop_loss_ratio":-0.3,"min_rate":97061.97,"max_rate":97121.0,"is_open":false,"enter_tag":"","leverage":1.0,"is_short":false,"open_timestamp":1733053200000,"close_timestamp":1733053260000,"orders":[{"amount":0.0002,"safe_price":97061.98,"ft_order_side":"buy","order_filled_timestamp":1733053200000,"ft_is_entry":true,"ft_order_tag":"","cost":19.4201609584},{"amount":0.0002,"safe_price":97070.0,"ft_order_side":"sell","order_filled_timestamp":1733053260000,"ft_is_entry":false,"ft_order_tag":"custom_exit","cost":19.4217656}],"funding_fees":0.0},{"pair":"BTC/USDT","stake_amount":19.424198,"max_stake_amount":19.424198,"amount":0.0002,"open_date":"2024-12-01 11:42:00+00:00","close_date":"2024-12-01 12:44:00+00:00","open_rate":97120.99,"close_rate":96922.16,"fee_open":0.0004,"fee_close":0.0004,"trade_duration":62,"profit_ratio":-0.002845283139245949,"profit_abs":-0.05528945,"exit_reason":"exit_signal","initial_stop_loss_abs":67984.7,"initial_stop_loss_ratio":-0.3,"stop_loss_abs":67984.7,"stop_loss_ratio":-0.3,"min_rate":96862.8,"max_rate":97140.0,"is_open":false,"enter_tag":"","leverage":1.0,"is_short":false,"open_timestamp":1733053320000,"close_timestamp":1733057040000,"orders":[{"amount":0.0002,"safe_price":97120.99,"ft_order_side":"buy","order_filled_timestamp":1733053320000,"ft_is_entry":true,"ft_order_tag":"","cost":19.4319676792},{"amount":0.0002,"safe_price":96922.16,"ft_order_side":"sell","order_filled_timestamp":1733057040000,"ft_is_entry":false,"ft_order_tag":"exit_signal","cost":19.392185772799998}],"funding_fees":0.0},{"pair":"BTC/USDT","stake_amount":19.43,"max_stake_amount":19.43,"amount":0.0002,"open_date":"2024-12-01 13:19:00+00:00","close_date":"2024-12-01 13:21:00+00:00","open_rate":97150.0,"close_rate":97164.88,"fee_open":0.0004,"fee_close":0.0004,"trade_duration":2,"profit_ratio":-0.0006466373821032575,"profit_abs":-0.01256919,"exit_reason":"custom_exit","initial_stop_loss_abs":68005.0,"initial_stop_loss_ratio":-0.3,"stop_loss_abs":68005.0,"stop_loss_ratio":-0.3,"min_rate":97144.0,"max_rate":97319.88,"is_open":false,"enter_tag":"","leverage":1.0,"is_short":false,"open_timestamp":1733059140000,"close_timestamp":1733059260000,"orders":[{"amount":0.0002,"safe_price":97150.0,"ft_order_side":"buy","order_filled_timestamp":1733059140000,"ft_is_entry":true,"ft_order_tag":"","cost":19.437772},{"amount":0.0002,"safe_price":97164.88,"ft_order_side":"sell","order_filled_timestamp":1733059260000,"ft_is_entry":false,"ft_order_tag":"custom_exit","cost":19.440749190400002}],"funding_fees":0.0},{"pair":"BTC/USDT","stake_amount":19.452002,"max_stake_amount":19.452002,"amount":0.0002,"open_date":"2024-12-01 13:22:00+00:00","close_date":"2024-12-01 13:23:00+00:00","open_rate":97260.01,"close_rate":97282.24,"fee_open":0.0004,"fee_close":0.0004,"trade_duration":1,"profit_ratio":-0.0005713003127425945,"profit_abs":-0.01111738,"exit_reason":"custom_exit","initial_stop_loss_abs":68082.01,"initial_stop_loss_ratio":-0.3,"stop_loss_abs":68082.01,"stop_loss_ratio":-0.3,"min_rate":97237.85,"max_rate":97388.78,"is_open":false,"enter_tag":"","leverage":1.0,"is_short":false,"open_timestamp":1733059320000,"close_timestamp":1733059380000,"orders":[{"amount":0.0002,"safe_price":97260.01,"ft_order_side":"buy","order_filled_timestamp":1733059320000,"ft_is_entry":true,"ft_order_tag":"","cost":19.4597828008},{"amount":0.0002,"safe_price":97282.24,"ft_order_side":"sell","order_filled_timestamp":1733059380000,"ft_is_entry":false,"ft_order_tag":"custom_exit","cost":19.464230579200002}],"funding_fees":0.0},{"pair":"BTC/USDT","stake_amount":19.472002,"max_stake_amount":19.472002,"amount":0.0002,"open_date":"2024-12-01 13:24:00+00:00","close_date":"2024-12-01 15:40:00+00:00","open_rate":97360.01,"close_rate":97047.98,"fee_open":0.0004,"fee_close":0.0004,"trade_duration":136,"profit_ratio":-0.004002026551373353,"profit_abs":-0.07795864,"exit_reason":"exit_signal","initial_stop_loss_abs":68152.01,"initial_stop_loss_ratio":-0.3,"stop_loss_abs":68152.01,"stop_loss_ratio":-0.3,"min_rate":96968.25,"max_rate":97360.01,"is_open":false,"enter_tag":"","leverage":1.0,"is_short":false,"open_timestamp":1733059440000,"close_timestamp":1733067600000,"orders":[{"amount":0.0002,"safe_price":97360.01,"ft_order_side":"buy","order_filled_timestamp":1733059440000,"ft_is_entry":true,"ft_order_tag":"","cost":19.4797908008},{"amount":0.0002,"safe_price":97047.98,"ft_order_side":"sell","order_filled_timestamp":1733067600000,"ft_is_entry":false,"ft_order_tag":"exit_signal","cost":19.4173598384}],"funding_fees":0.0},{"pair":"BTC/USDT","stake_amount":19.4666,"max_stake_amount":19.4666,"amount":0.0002,"open_date":"2024-12-01 16:43:00+00:00","close_date":"2024-12-01 17:11:00+00:00","open_rate":97333.0,"close_rate":97092.01,"fee_open":0.0004,"fee_close":0.0004,"trade_duration":28,"profit_ratio":-0.0032736332690989443,"profit_abs":-0.063752,"exit_reason":"exit_signal","initial_stop_loss_abs":68133.1,"initial_stop_loss_ratio":-0.3,"stop_loss_abs":68133.1,"stop_loss_ratio":-0.3,"min_rate":97052.48,"max_rate":97333.0,"is_open":false,"enter_tag":"","leverage":1.0,"is_short":false,"open_timestamp":1733071380000,"close_timestamp":1733073060000,"orders":[{"amount":0.0002,"safe_price":97333.0,"ft_order_side":"buy","order_filled_timestamp":1733071380000,"ft_is_entry":true,"ft_order_tag":"","cost":19.47438664},{"amount":0.0002,"safe_price":97092.01,"ft_order_side":"sell","order_filled_timestamp":1733073060000,"ft_is_entry":false,"ft_order_tag":"exit_signal","cost":19.4261693608}],"funding_fees":0.0},{"pair":"BTC/USDT","stake_amount":19.458056,"max_stake_amount":19.458056,"amount":0.0002,"open_date":"2024-12-01 18:01:00+00:00","close_date":"2024-12-01 18:01:00+00:00","open_rate":97290.28,"close_rate":97290.28,"fee_open":0.0004,"fee_close":0.0004,"trade_duration":0,"profit_ratio":-0.0007996798813629968,"profit_abs":-0.01556644,"exit_reason":"custom_exit","initial_stop_loss_abs":68103.2,"initial_stop_loss_ratio":-0.3,"stop_loss_abs":68103.2,"stop_loss_ratio":-0.3,"min_rate":97290.24,"max_rate":97340.0,"is_open":false,"enter_tag":"","leverage":1.0,"is_short":false,"open_timestamp":1733076060000,"close_timestamp":1733076060000,"orders":[{"amount":0.0002,"safe_price":97290.28,"ft_order_side":"buy","order_filled_timestamp":1733076060000,"ft_is_entry":true,"ft_order_tag":"","cost":19.4658392224},{"amount":0.0002,"safe_price":97290.28,"ft_order_side":"sell","order_filled_timestamp":1733076060000,"ft_is_entry":false,"ft_order_tag":"custom_exit","cost":19.4658392224}],"funding_fees":0.0},{"pair":"BTC/USDT","stake_amount":19.468,"max_stake_amount":19.468,"amount":0.0002,"open_date":"2024-12-01 18:02:00+00:00","close_date":"2024-12-01 18:07:00+00:00","open_rate":97340.0,"close_rate":97375.55,"fee_open":0.0004,"fee_close":0.0004,"trade_duration":5,"profit_ratio":-0.0004347572661915303,"profit_abs":-0.00846724,"exit_reason":"custom_exit","initial_stop_loss_abs":68138.0,"initial_stop_loss_ratio":-0.3,"stop_loss_abs":68138.0,"stop_loss_ratio":-0.3,"min_rate":97332.0,"max_rate":97393.41,"is_open":false,"enter_tag":"","leverage":1.0,"is_short":false,"open_timestamp":1733076120000,"close_timestamp":1733076420000,"orders":[{"amount":0.0002,"safe_price":97340.0,"ft_order_side":"buy","order_filled_timestamp":1733076120000,"ft_is_entry":true,"ft_order_tag":"","cost":19.4757872},{"amount":0.0002,"safe_price":97375.55,"ft_order_side":"sell","order_filled_timestamp":1733076420000,"ft_is_entry":false,"ft_order_tag":"custom_exit","cost":19.482900044}],"funding_fees":0.0},{"pair":"BTC/USDT","stake_amount":19.47887,"max_stake_amount":19.47887,"amount":0.0002,"open_date":"2024-12-01 18:09:00+00:00","close_date":"2024-12-01 18:13:00+00:00","open_rate":97394.35,"close_rate":97399.99,"fee_open":0.0004,"fee_close":0.0004,"trade_duration":4,"profit_ratio":-0.0007418176768962067,"profit_abs":-0.01445555,"exit_reason":"custom_exit","initial_stop_loss_abs":68176.05,"initial_stop_loss_ratio":-0.3,"stop_loss_abs":68176.05,"stop_loss_ratio":-0.3,"min_rate":97394.35,"max_rate":97453.74,"is_open":false,"enter_tag":"","leverage":1.0,"is_short":false,"open_timestamp":1733076540000,"close_timestamp":1733076780000,"orders":[{"amount":0.0002,"safe_price":97394.35,"ft_order_side":"buy","order_filled_timestamp":1733076540000,"ft_is_entry":true,"ft_order_tag":"","cost":19.486661548},{"amount":0.0002,"safe_price":97399.99,"ft_order_side":"sell","order_filled_timestamp":1733076780000,"ft_is_entry":false,"ft_order_tag":"custom_exit","cost":19.4877899992}],"funding_fees":0.0},{"pair":"BTC/USDT","stake_amount":19.490746,"max_stake_amount":19.490746,"amount":0.0002,"open_date":"2024-12-01 18:14:00+00:00","close_date":"2024-12-01 18:14:00+00:00","open_rate":97453.73,"close_rate":97453.73,"fee_open":0.0004,"fee_close":0.0004,"trade_duration":0,"profit_ratio":-0.0007996802920636528,"profit_abs":-0.0155926,"exit_reason":"custom_exit","initial_stop_loss_abs":68217.62,"initial_stop_loss_ratio":-0.3,"stop_loss_abs":68217.62,"stop_loss_ratio":-0.3,"min_rate":97453.73,"max_rate":97516.08,"is_open":false,"enter_tag":"","leverage":1.0,"is_short":false,"open_timestamp":1733076840000,"close_timestamp":1733076840000,"orders":[{"amount":0.0002,"safe_price":97453.73,"ft_order_side":"buy","order_filled_timestamp":1733076840000,"ft_is_entry":true,"ft_order_tag":"","cost":19.4985422984},{"amount":0.0002,"safe_price":97453.73,"ft_order_side":"sell","order_filled_timestamp":1733076840000,"ft_is_entry":false,"ft_order_tag":"custom_exit","cost":19.4985422984}],"funding_fees":0.0},{"pair":"BTC/USDT","stake_amount":19.501586,"max_stake_amount":19.501586,"amount":0.0002,"open_date":"2024-12-01 18:15:00+00:00","close_date":"2024-12-01 18:56:00+00:00","open_rate":97507.93,"close_rate":97112.03,"fee_open":0.0004,"fee_close":0.0004,"trade_duration":41,"profit_ratio":-0.004856616036966146,"profit_abs":-0.0947496,"exit_reason":"exit_signal","initial_stop_loss_abs":68255.56,"initial_stop_loss_ratio":-0.3,"stop_loss_abs":68255.56,"stop_loss_ratio":-0.3,"min_rate":97095.23,"max_rate":97523.41,"is_open":false,"enter_tag":"","leverage":1.0,"is_short":false,"open_timestamp":1733076900000,"close_timestamp":1733079360000,"orders":[{"amount":0.0002,"safe_price":97507.93,"ft_order_side":"buy","order_filled_timestamp":1733076900000,"ft_is_entry":true,"ft_order_tag":"","cost":19.5093866344},{"amount":0.0002,"safe_price":97112.03,"ft_order_side":"sell","order_filled_timestamp":1733079360000,"ft_is_entry":false,"ft_order_tag":"exit_signal","cost":19.430174962400002}],"funding_fees":0.0},{"pair":"BTC/USDT","stake_amount":19.46984,"max_stake_amount":19.46984,"amount":0.0002,"open_date":"2024-12-01 21:39:00+00:00","close_date":"2024-12-01 21:41:00+00:00","open_rate":97349.2,"close_rate":97380.4,"fee_open":0.0004,"fee_close":0.0004,"trade_duration":2,"profit_ratio":-0.00047944082465709953,"profit_abs":-0.00933837,"exit_reason":"custom_exit","initial_stop_loss_abs":68144.44,"initial_stop_loss_ratio":-0.3,"stop_loss_abs":68144.44,"stop_loss_ratio":-0.3,"min_rate":97349.2,"max_rate":97400.0,"is_open":false,"enter_tag":"","leverage":1.0,"is_short":false,"open_timestamp":1733089140000,"close_timestamp":1733089260000,"orders":[{"amount":0.0002,"safe_price":97349.2,"ft_order_side":"buy","order_filled_timestamp":1733089140000,"ft_is_entry":true,"ft_order_tag":"","cost":19.477627936},{"amount":0.0002,"safe_price":97380.4,"ft_order_side":"sell","order_filled_timestamp":1733089260000,"ft_is_entry":false,"ft_order_tag":"custom_exit","cost":19.483870432}],"funding_fees":0.0},{"pair":"BTC/USDT","stake_amount":19.48469,"max_stake_amount":19.48469,"amount":0.0002,"open_date":"2024-12-01 21:43:00+00:00","close_date":"2024-12-01 21:47:00+00:00","open_rate":97423.45,"close_rate":97457.62,"fee_open":0.0004,"fee_close":0.0004,"trade_duration":4,"profit_ratio":-0.0004492239191117851,"profit_abs":-0.00875649,"exit_reason":"custom_exit","initial_stop_loss_abs":68196.42,"initial_stop_loss_ratio":-0.3,"stop_loss_abs":68196.42,"stop_loss_ratio":-0.3,"min_rate":97423.44,"max_rate":97473.52,"is_open":false,"enter_tag":"","leverage":1.0,"is_short":false,"open_timestamp":1733089380000,"close_timestamp":1733089620000,"orders":[{"amount":0.0002,"safe_price":97423.45,"ft_order_side":"buy","order_filled_timestamp":1733089380000,"ft_is_entry":true,"ft_order_tag":"","cost":19.492483875999998},{"amount":0.0002,"safe_price":97457.62,"ft_order_side":"sell","order_filled_timestamp":1733089620000,"ft_is_entry":false,"ft_order_tag":"custom_exit","cost":19.499320609599998}],"funding_fees":0.0},{"pair":"BTC/USDT","stake_amount":19.519744,"max_stake_amount":19.519744,"amount":0.0002,"open_date":"2024-12-01 21:50:00+00:00","close_date":"2024-12-01 21:50:00+00:00","open_rate":97598.72,"close_rate":97598.72,"fee_open":0.0004,"fee_close":0.0004,"trade_duration":0,"profit_ratio":-0.0007996803737553623,"profit_abs":-0.0156158,"exit_reason":"custom_exit","initial_stop_loss_abs":68319.11,"initial_stop_loss_ratio":-0.3,"stop_loss_abs":68319.11,"stop_loss_ratio":-0.3,"min_rate":97589.2,"max_rate":97750.0,"is_open":false,"enter_tag":"","leverage":1.0,"is_short":false,"open_timestamp":1733089800000,"close_timestamp":1733089800000,"orders":[{"amount":0.0002,"safe_price":97598.72,"ft_order_side":"buy","order_filled_timestamp":1733089800000,"ft_is_entry":true,"ft_order_tag":"","cost":19.527551897600002},{"amount":0.0002,"safe_price":97598.72,"ft_order_side":"sell","order_filled_timestamp":1733089800000,"ft_is_entry":false,"ft_order_tag":"custom_exit","cost":19.527551897600002}],"funding_fees":0.0},{"pair":"BTC/USDT","stake_amount":19.543204,"max_stake_amount":19.543204,"amount":0.0002,"open_date":"2024-12-01 21:51:00+00:00","close_date":"2024-12-01 21:59:00+00:00","open_rate":97716.02,"close_rate":97756.7,"fee_open":0.0004,"fee_close":0.0004,"trade_duration":8,"profit_ratio":-0.0003837047636514092,"profit_abs":-0.00750182,"exit_reason":"custom_exit","initial_stop_loss_abs":68401.22,"initial_stop_loss_ratio":-0.3,"stop_loss_abs":68401.22,"stop_loss_ratio":-0.3,"min_rate":97623.33,"max_rate":97780.0,"is_open":false,"enter_tag":"","leverage":1.0,"is_short":false,"open_timestamp":1733089860000,"close_timestamp":1733090340000,"orders":[{"amount":0.0002,"safe_price":97716.02,"ft_order_side":"buy","order_filled_timestamp":1733089860000,"ft_is_entry":true,"ft_order_tag":"","cost":19.5510212816},{"amount":0.0002,"safe_price":97756.7,"ft_order_side":"sell","order_filled_timestamp":1733090340000,"ft_is_entry":false,"ft_order_tag":"custom_exit","cost":19.559160536}],"funding_fees":0.0},{"pair":"BTC/USDT","stake_amount":19.554496,"max_stake_amount":19.554496,"amount":0.0002,"open_date":"2024-12-01 22:01:00+00:00","close_date":"2024-12-01 23:47:00+00:00","open_rate":97772.48,"close_rate":97360.22,"fee_open":0.0004,"fee_close":0.0004,"trade_duration":106,"profit_ratio":-0.005012832375518434,"profit_abs":-0.09806262,"exit_reason":"exit_signal","initial_stop_loss_abs":68440.74,"initial_stop_loss_ratio":-0.3,"stop_loss_abs":68440.74,"stop_loss_ratio":-0.3,"min_rate":97320.7,"max_rate":97814.7,"is_open":false,"enter_tag":"","leverage":1.0,"is_short":false,"open_timestamp":1733090460000,"close_timestamp":1733096820000,"orders":[{"amount":0.0002,"safe_price":97772.48,"ft_order_side":"buy","order_filled_timestamp":1733090460000,"ft_is_entry":true,"ft_order_tag":"","cost":19.5623177984},{"amount":0.0002,"safe_price":97360.22,"ft_order_side":"sell","order_filled_timestamp":1733096820000,"ft_is_entry":false,"ft_order_tag":"exit_signal","cost":19.4798328176}],"funding_fees":0.0}],"locks":[],"best_pair":{"key":"BTC/USDT","trades":22,"profit_mean":-0.0015533860194878208,"profit_mean_pct":-0.16,"profit_sum":-0.03417449242873206,"profit_sum_pct":-3.42,"profit_total_abs":-0.66554249,"profit_total":-0.00066554249,"profit_total_pct":-0.07,"duration_avg":"0:21:00","wins":0,"draws":0,"losses":22,"winrate":0.0,"cagr":-0.21573153117813648,"expectancy":-0.030251931363636363,"expectancy_ratio":-1.0,"sortino":-414.1117581106494,"sharpe":-414.1117581106494,"calmar":-1910.4973174542592,"sqn":-4.515,"profit_factor":0.0,"max_drawdown_account":0.0006655424900000071,"max_drawdown_abs":0.66554249},"worst_pair":{"key":"BTC/USDT","trades":22,"profit_mean":-0.0015533860194878208,"profit_mean_pct":-0.16,"profit_sum":-0.03417449242873206,"profit_sum_pct":-3.42,"profit_total_abs":-0.66554249,"profit_total":-0.00066554249,"profit_total_pct":-0.07,"duration_avg":"0:21:00","wins":0,"draws":0,"losses":22,"winrate":0.0,"cagr":-0.21573153117813648,"expectancy":-0.030251931363636363,"expectancy_ratio":-1.0,"sortino":-414.1117581106494,"sharpe":-414.1117581106494,"calmar":-1910.4973174542592,"sqn":-4.515,"profit_factor":0.0,"max_drawdown_account":0.0006655424900000071,"max_drawdown_abs":0.66554249},"results_per_pair":[{"key":"BTC/USDT","trades":22,"profit_mean":-0.0015533860194878208,"profit_mean_pct":-0.16,"profit_sum":-0.03417449242873206,"profit_sum_pct":-3.42,"profit_total_abs":-0.66554249,"profit_total":-0.00066554249,"profit_total_pct":-0.07,"duration_avg":"0:21:00","wins":0,"draws":0,"losses":22,"winrate":0.0,"cagr":-0.21573153117813648,"expectancy":-0.030251931363636363,"expectancy_ratio":-1.0,"sortino":-414.1117581106494,"sharpe":-414.1117581106494,"calmar":-1910.4973174542592,"sqn":-4.515,"profit_factor":0.0,"max_drawdown_account":0.0006655424900000071,"max_drawdown_abs":0.66554249},{"key":"TOTAL","trades":22,"profit_mean":-0.0015533860194878208,"profit_mean_pct":-0.16,"profit_sum":-0.03417449242873206,"profit_sum_pct":-3.42,"profit_total_abs":-0.66554249,"profit_total":-0.00066554249,"profit_total_pct":-0.07,"duration_avg":"0:21:00","wins":0,"draws":0,"losses":22,"winrate":0.0,"cagr":-0.21573153117813648,"expectancy":-0.030251931363636363,"expectancy_ratio":-1.0,"sortino":-414.1117581106494,"sharpe":-414.1117581106494,"calmar":-1910.4973174542592,"sqn":-4.515,"profit_factor":0.0,"max_drawdown_account":0.0006655424900000071,"max_drawdown_abs":0.66554249}],"results_per_enter_tag":[{"key":"","trades":22,"profit_mean":-0.0015533860194878208,"profit_mean_pct":-0.16,"profit_sum":-0.03417449242873206,"profit_sum_pct":-3.42,"profit_total_abs":-0.66554249,"profit_total":-0.00066554249,"profit_total_pct":-0.07,"duration_avg":"0:21:00","wins":0,"draws":0,"losses":22,"winrate":0.0,"cagr":-0.21573153117813648,"expectancy":-0.030251931363636363,"expectancy_ratio":-1.0,"sortino":-414.1117581106494,"sharpe":-414.1117581106494,"calmar":-1910.4973174542592,"sqn":-4.515,"profit_factor":0.0,"max_drawdown_account":0.0006655424900000071,"max_drawdown_abs":0.66554249},{"key":"TOTAL","trades":22,"profit_mean":-0.0015533860194878208,"profit_mean_pct":-0.16,"profit_sum":-0.03417449242873206,"profit_sum_pct":-3.42,"profit_total_abs":-0.66554249,"profit_total":-0.00066554249,"profit_total_pct":-0.07,"duration_avg":"0:21:00","wins":0,"draws":0,"losses":22,"winrate":0.0,"cagr":-0.21573153117813648,"expectancy":-0.030251931363636363,"expectancy_ratio":-1.0,"sortino":-414.1117581106494,"sharpe":-414.1117581106494,"calmar":-1910.4973174542592,"sqn":-4.515,"profit_factor":0.0,"max_drawdown_account":0.0006655424900000071,"max_drawdown_abs":0.66554249}],"exit_reason_summary":[{"key":"custom_exit","trades":16,"profit_mean":-0.0006265781451840558,"profit_mean_pct":-0.06,"profit_sum":-0.010025250322944892,"profit_sum_pct":-1.0,"profit_total_abs":-0.19502618,"profit_total":-0.00019502617999999998,"profit_total_pct":-0.02,"duration_avg":"0:03:00","wins":0,"draws":0,"losses":16,"winrate":0.0,"cagr":-0.06871646391053055,"expectancy":-0.01218913625,"expectancy_ratio":-1.0,"sortino":-1075.1329673134626,"sharpe":-1075.1329673134626,"calmar":-1910.4973174541476,"sqn":-13.622,"profit_factor":0.0,"max_drawdown_account":0.00019502618000001348,"max_drawdown_abs":0.19502618000000002},{"key":"exit_signal","trades":6,"profit_mean":-0.0040248736842978606,"profit_mean_pct":-0.4,"profit_sum":-0.02414924210578716,"profit_sum_pct":-2.41,"profit_total_abs":-0.47051630999999994,"profit_total":-0.00047051630999999993,"profit_total_pct":-0.05,"duration_avg":"1:08:00","wins":0,"draws":0,"losses":6,"winrate":0.0,"cagr":-0.15783461829448353,"expectancy":-0.078419385,"expectancy_ratio":-1.0,"sortino":-586.7883276699072,"sharpe":-586.7883276699072,"calmar":-1910.4973174543056,"sqn":-11.4464,"profit_factor":0.0,"max_drawdown_account":0.0004705163099999936,"max_drawdown_abs":0.47051630999999994},{"key":"TOTAL","trades":22,"profit_mean":-0.0015533860194878208,"profit_mean_pct":-0.16,"profit_sum":-0.03417449242873206,"profit_sum_pct":-3.42,"profit_total_abs":-0.66554249,"profit_total":-0.00066554249,"profit_total_pct":-0.07,"duration_avg":"0:21:00","wins":0,"draws":0,"losses":22,"winrate":0.0,"cagr":-0.21573153117813648,"expectancy":-0.030251931363636363,"expectancy_ratio":-1.0,"sortino":-414.1117581106494,"sharpe":-414.1117581106494,"calmar":-1910.4973174542592,"sqn":-4.515,"profit_factor":0.0,"max_drawdown_account":0.0006655424900000071,"max_drawdown_abs":0.66554249}],"mix_tag_stats":[{"key":["","custom_exit"],"trades":16,"profit_mean":-0.0006265781451840558,"profit_mean_pct":-0.06,"profit_sum":-0.010025250322944892,"profit_sum_pct":-1.0,"profit_total_abs":-0.19502618,"profit_total":-0.00019502617999999998,"profit_total_pct":-0.02,"duration_avg":"0:03:00","wins":0,"draws":0,"losses":16,"winrate":0.0,"cagr":-0.06871646391053055,"expectancy":-0.01218913625,"expectancy_ratio":-1.0,"sortino":-1075.1329673134626,"sharpe":-1075.1329673134626,"calmar":-1910.4973174541476,"sqn":-13.622,"profit_factor":0.0,"max_drawdown_account":0.00019502618000001348,"max_drawdown_abs":0.19502618000000002},{"key":["","exit_signal"],"trades":6,"profit_mean":-0.0040248736842978606,"profit_mean_pct":-0.4,"profit_sum":-0.02414924210578716,"profit_sum_pct":-2.41,"profit_total_abs":-0.47051630999999994,"profit_total":-0.00047051630999999993,"profit_total_pct":-0.05,"duration_avg":"1:08:00","wins":0,"draws":0,"losses":6,"winrate":0.0,"cagr":-0.15783461829448353,"expectancy":-0.078419385,"expectancy_ratio":-1.0,"sortino":-586.7883276699072,"sharpe":-586.7883276699072,"calmar":-1910.4973174543056,"sqn":-11.4464,"profit_factor":0.0,"max_drawdown_account":0.0004705163099999936,"max_drawdown_abs":0.47051630999999994},{"key":"TOTAL","trades":22,"profit_mean":-0.0015533860194878208,"profit_mean_pct":-0.16,"profit_sum":-0.03417449242873206,"profit_sum_pct":-3.42,"profit_total_abs":-0.66554249,"profit_total":-0.00066554249,"profit_total_pct":-0.07,"duration_avg":"0:21:00","wins":0,"draws":0,"losses":22,"winrate":0.0,"cagr":-0.21573153117813648,"expectancy":-0.030251931363636363,"expectancy_ratio":-1.0,"sortino":-414.1117581106494,"sharpe":-414.1117581106494,"calmar":-1910.4973174542592,"sqn":-4.515,"profit_factor":0.0,"max_drawdown_account":0.0006655424900000071,"max_drawdown_abs":0.66554249}],"left_open_trades":[{"key":"TOTAL","trades":0,"profit_mean":0.0,"profit_mean_pct":0.0,"profit_sum":0.0,"profit_sum_pct":0.0,"profit_total_abs":0.0,"profit_total":0.0,"profit_total_pct":0.0,"duration_avg":"0:00","wins":0,"draws":0,"losses":0,"winrate":0.0,"cagr":0.0,"expectancy":0.0,"expectancy_ratio":100.0,"sortino":0,"sharpe":0,"calmar":0,"sqn":0.0,"profit_factor":0.0,"max_drawdown_account":0.0,"max_drawdown_abs":0.0}],"total_trades":22,"trade_count_long":22,"trade_count_short":0,"total_volume":855.9784064608,"avg_stake_amount":19.453623636363634,"profit_mean":-0.0015533860194878208,"profit_median":-0.0007707487791296017,"profit_total":-0.00066554249,"profit_total_long":-0.00066554249,"profit_total_short":0.0,"profit_total_abs":-0.66554249,"profit_total_long_abs":-0.66554249,"profit_total_short_abs":0.0,"cagr":-0.21573153117813648,"expectancy":-0.030251931363636363,"expectancy_ratio":-1.0,"sortino":-414.1117581106494,"sharpe":-414.1117581106494,"calmar":-1910.4973174542592,"sqn":-4.515,"profit_factor":0.0,"backtest_start":"2024-12-01 00:00:00","backtest_start_ts":1733011200000,"backtest_end":"2024-12-02 00:00:00","backtest_end_ts":1733097600000,"backtest_days":1,"backtest_run_start_ts":1752170248,"backtest_run_end_ts":1752170248,"trades_per_day":22.0,"market_change":0.00873547356188262,"pairlist":["BTC/USDT"],"stake_amount":20,"stake_currency":"USDT","stake_currency_decimals":3,"starting_balance":1000,"dry_run_wallet":1000,"final_balance":999.33445751,"rejected_signals":0,"timedout_entry_orders":0,"timedout_exit_orders":0,"canceled_trade_entries":0,"canceled_entry_orders":0,"replaced_entry_orders":0,"max_open_trades":1,"max_open_trades_setting":5,"timeframe":"1m","timeframe_detail":"","timerange":"20241201-20241202","enable_protections":false,"strategy_name":"MultiHorizonMomentum","stoploss":-0.3,"trailing_stop":false,"trailing_stop_positive":null,"trailing_stop_positive_offset":0.0,"trailing_only_offset_is_reached":false,"use_custom_stoploss":false,"minimal_roi":{},"use_exit_signal":true,"exit_profit_only":false,"exit_profit_offset":0.0,"ignore_roi_if_entry_signal":false,"trading_mode":"spot","margin_mode":"","periodic_breakdown":{"day":[{"date":"01/12/2024","date_ts":1733011200000,"profit_abs":-0.66554249,"wins":0,"draws":0,"losses":22,"trades":22,"profit_factor":0.0}],"week":[{"date":"02/12/2024","date_ts":1733097600000,"profit_abs":-0.66554249,"wins":0,"draws":0,"losses":22,"trades":22,"profit_factor":0.0}],"month":[{"date":"31/12/2024","date_ts":1735603200000,"profit_abs":-0.66554249,"wins":0,"draws":0,"losses":22,"trades":22,"profit_factor":0.0}],"year":[{"date":"31/12/2024","date_ts":1735603200000,"profit_abs":-0.66554249,"wins":0,"draws":0,"losses":22,"trades":22,"profit_factor":0.0}]},"backtest_best_day":-0.03417449242873206,"backtest_worst_day":-0.03417449242873206,"backtest_best_day_abs":-0.66554249,"backtest_worst_day_abs":-0.66554249,"winning_days":0,"draw_days":0,"losing_days":1,"daily_profit":[["2024-12-01",-0.66554249]],"wins":0,"losses":22,"draws":0,"winrate":0.0,"holding_avg":"0:21:00","holding_avg_s":1260.0,"winner_holding_min":"0d 00:00","winner_holding_min_s":0.0,"winner_holding_max":"0d 00:00","winner_holding_max_s":0.0,"winner_holding_avg":"0d 00:00","winner_holding_avg_s":0.0,"loser_holding_min":"0d 00:00","loser_holding_min_s":0.0,"loser_holding_max":"0d 02:16","loser_holding_max_s":8160.0,"loser_holding_avg":"0d 00:21","loser_holding_avg_s":1260.0,"max_consecutive_wins":0,"max_consecutive_losses":22,"max_drawdown_account":0.0006655424900000071,"max_relative_drawdown":0.0006655424900000071,"max_drawdown_abs":0.66554249,"drawdown_start":"2024-12-01 09:55:00","drawdown_start_ts":1733046900000.0,"drawdown_end":"2024-12-01 23:47:00","drawdown_end_ts":1733096820000.0,"max_drawdown_low":-0.66554249,"max_drawdown_high":-0.00999477,"csum_min":999.33445751,"csum_max":999.99000523}},"strategy_comparison":[{"key":"MultiHorizonMomentum","trades":22,"profit_mean":-0.0015533860194878208,"profit_mean_pct":-0.16,"profit_sum":-0.03417449242873206,"profit_sum_pct":-3.42,"profit_total_abs":-0.66554249,"profit_total":-0.00066554249,"profit_total_pct":-0.07,"duration_avg":"0:21:00","wins":0,"draws":0,"losses":22,"winrate":0.0,"cagr":-0.21573153117813648,"expectancy":-0.030251931363636363,"expectancy_ratio":-1.0,"sortino":-414.1117581106494,"sharpe":-414.1117581106494,"calmar":-1910.4973174542592,"sqn":-4.515,"profit_factor":0.0,"max_drawdown_account":0.0006655424900000071,"max_drawdown_abs":"0.666"}]}