{"strategy":{"MultiHorizonMomentum":{"trades":[{"pair":"BTC/USDT","stake_amount":19.8792736,"max_stake_amount":19.8792736,"amount":0.00032,"open_date":"2024-10-06 09:47:00+00:00","close_date":"2024-10-06 09:47:00+00:00","open_rate":62122.73,"close_rate":62122.73,"fee_open":0.0002,"fee_close":0.0002,"trade_duration":0,"profit_ratio":-0.00039992004416121115,"profit_abs":-0.00795171,"exit_reason":"custom_exit","initial_stop_loss_abs":43485.92,"initial_stop_loss_ratio":-0.3,"stop_loss_abs":43485.92,"stop_loss_ratio":-0.3,"min_rate":62120.0,"max_rate":62176.75,"is_open":false,"enter_tag":"","leverage":1.0,"is_short":false,"open_timestamp":1728208020000,"close_timestamp":1728208020000,"orders":[{"amount":0.00032,"safe_price":62122.73,"ft_order_side":"buy","order_filled_timestamp":1728208020000,"ft_is_entry":true,"ft_order_tag":"","cost":19.88324945472},{"amount":0.00032,"safe_price":62122.73,"ft_order_side":"sell","order_filled_timestamp":1728208020000,"ft_is_entry":false,"ft_order_tag":"custom_exit","cost":19.88324945472}],"funding_fees":0.0},{"pair":"BTC/USDT","stake_amount":19.8853824,"max_stake_amount":19.8853824,"amount":0.00032,"open_date":"2024-10-06 09:48:00+00:00","close_date":"2024-10-06 12:07:00+00:00","open_rate":62141.82,"close_rate":62134.85,"fee_open":0.0002,"fee_close":0.0002,"trade_duration":139,"profit_ratio":-0.0005120381082177703,"profit_abs":-0.01018411,"exit_reason":"custom_exit","initial_stop_loss_abs":43499.28,"initial_stop_loss_ratio":-0.3,"stop_loss_abs":43499.28,"stop_loss_ratio":-0.3,"min_rate":62006.55,"max_rate":62174.76,"is_open":false,"enter_tag":"","leverage":1.0,"is_short":false,"open_timestamp":1728208080000,"close_timestamp":1728216420000,"orders":[{"amount":0.00032,"safe_price":62141.82,"ft_order_side":"buy","order_filled_timestamp":1728208080000,"ft_is_entry":true,"ft_order_tag":"","cost":19.88935947648},{"amount":0.00032,"safe_price":62134.85,"ft_order_side":"sell","order_filled_timestamp":1728216420000,"ft_is_entry":false,"ft_order_tag":"custom_exit","cost":19.887128630400003}],"funding_fees":0.0},{"pair":"BTC/USDT","stake_amount":19.3937488,"max_stake_amount":19.3937488,"amount":0.00031,"open_date":"2024-10-06 14:42:00+00:00","close_date":"2024-10-06 14:45:00+00:00","open_rate":62560.48,"close_rate":62545.45,"fee_open":0.0002,"fee_close":0.0002,"trade_duration":3,"profit_ratio":-0.0006400715741216311,"profit_abs":-0.01241587,"exit_reason":"custom_exit","initial_stop_loss_abs":43792.34,"initial_stop_loss_ratio":-0.3,"stop_loss_abs":43792.34,"stop_loss_ratio":-0.3,"min_rate":62480.42,"max_rate":62599.0,"is_open":false,"enter_tag":"","leverage":1.0,"is_short":false,"open_timestamp":1728225720000,"close_timestamp":1728225900000,"orders":[{"amount":0.00031,"safe_price":62560.48,"ft_order_side":"buy","order_filled_timestamp":1728225720000,"ft_is_entry":true,"ft_order_tag":"","cost":19.39762754976},{"amount":0.00031,"safe_price":62545.45,"ft_order_side":"sell","order_filled_timestamp":1728225900000,"ft_is_entry":false,"ft_order_tag":"custom_exit","cost":19.392967317900002}],"funding_fees":0.0},{"pair":"BTC/USDT","stake_amount":19.422523,"max_stake_amount":19.422523,"amount":0.00031,"open_date":"2024-10-06 14:48:00+00:00","close_date":"2024-10-06 14:55:00+00:00","open_rate":62653.3,"close_rate":62642.15,"fee_open":0.0002,"fee_close":0.0002,"trade_duration":7,"profit_ratio":-0.0005778124440837588,"profit_abs":-0.01122482,"exit_reason":"custom_exit","initial_stop_loss_abs":43857.31,"initial_stop_loss_ratio":-0.3,"stop_loss_abs":43857.31,"stop_loss_ratio":-0.3,"min_rate":62594.97,"max_rate":62739.58,"is_open":false,"enter_tag":"","leverage":1.0,"is_short":false,"open_timestamp":1728226080000,"close_timestamp":1728226500000,"orders":[{"amount":0.00031,"safe_price":62653.3,"ft_order_side":"buy","order_filled_timestamp":1728226080000,"ft_is_entry":true,"ft_order_tag":"","cost":19.4264075046},{"amount":0.00031,"safe_price":62642.15,"ft_order_side":"sell","order_filled_timestamp":1728226500000,"ft_is_entry":false,"ft_order_tag":"custom_exit","cost":19.4229503133}],"funding_fees":0.0},{"pair":"BTC/USDT","stake_amount":19.8826312,"max_stake_amount":19.8826312,"amount":0.00031,"open_date":"2024-10-07 14:20:00+00:00","close_date":"2024-10-07 14:20:00+00:00","open_rate":64137.52,"close_rate":64137.52,"fee_open":0.0002,"fee_close":0.0002,"trade_duration":0,"profit_ratio":-0.00039991989128975987,"profit_abs":-0.00795305,"exit_reason":"custom_exit","initial_stop_loss_abs":44896.27,"initial_stop_loss_ratio":-0.3,"stop_loss_abs":44896.27,"stop_loss_ratio":-0.3,"min_rate":64130.01,"max_rate":64213.07,"is_open":false,"enter_tag":"","leverage":1.0,"is_short":false,"open_timestamp":1728310800000,"close_timestamp":1728310800000,"orders":[{"amount":0.00031,"safe_price":64137.52,"ft_order_side":"buy","order_filled_timestamp":1728310800000,"ft_is_entry":true,"ft_order_tag":"","cost":19.886607726239998},{"amount":0.00031,"safe_price":64137.52,"ft_order_side":"sell","order_filled_timestamp":1728310800000,"ft_is_entry":false,"ft_order_tag":"custom_exit","cost":19.886607726239998}],"funding_fees":0.0},{"pair":"BTC/USDT","stake_amount":19.4838968,"max_stake_amount":19.4838968,"amount":0.00031,"open_date":"2024-10-12 10:03:00+00:00","close_date":"2024-10-12 10:10:00+00:00","open_rate":62851.28,"close_rate":62850.0,"fee_open":0.0002,"fee_close":0.0002,"trade_duration":7,"profit_ratio":-0.00042027744016513626,"profit_abs":-0.00819028,"exit_reason":"custom_exit","initial_stop_loss_abs":43995.9,"initial_stop_loss_ratio":-0.3,"stop_loss_abs":43995.9,"stop_loss_ratio":-0.3,"min_rate":62815.03,"max_rate":62890.48,"is_open":false,"enter_tag":"","leverage":1.0,"is_short":false,"open_timestamp":1728727380000,"close_timestamp":1728727800000,"orders":[{"amount":0.00031,"safe_price":62851.28,"ft_order_side":"buy","order_filled_timestamp":1728727380000,"ft_is_entry":true,"ft_order_tag":"","cost":19.487793579359998},{"amount":0.00031,"safe_price":62850.0,"ft_order_side":"sell","order_filled_timestamp":1728727800000,"ft_is_entry":false,"ft_order_tag":"custom_exit","cost":19.487396699999998}],"funding_fees":0.0},{"pair":"BTC/USDT","stake_amount":19.65152,"max_stake_amount":19.65152,"amount":0.00031,"open_date":"2024-10-12 14:53:00+00:00","close_date":"2024-10-12 15:13:00+00:00","open_rate":63392.0,"close_rate":63369.53,"fee_open":0.0002,"fee_close":0.0002,"trade_duration":20,"profit_ratio":-0.0007542391433781115,"profit_abs":-0.01482491,"exit_reason":"custom_exit","initial_stop_loss_abs":44374.4,"initial_stop_loss_ratio":-0.3,"stop_loss_abs":44374.4,"stop_loss_ratio":-0.3,"min_rate":63151.0,"max_rate":63456.0,"is_open":false,"enter_tag":"","leverage":1.0,"is_short":false,"open_timestamp":1728744780000,"close_timestamp":1728745980000,"orders":[{"amount":0.00031,"safe_price":63392.0,"ft_order_side":"buy","order_filled_timestamp":1728744780000,"ft_is_entry":true,"ft_order_tag":"","cost":19.655450304000002},{"amount":0.00031,"safe_price":63369.53,"ft_order_side":"sell","order_filled_timestamp":1728745980000,"ft_is_entry":false,"ft_order_tag":"custom_exit","cost":19.64848321086}],"funding_fees":0.0},{"pair":"BTC/USDT","stake_amount":19.7005031,"max_stake_amount":19.7005031,"amount":0.00031,"open_date":"2024-10-14 03:35:00+00:00","close_date":"2024-10-14 03:35:00+00:00","open_rate":63550.01,"close_rate":63550.01,"fee_open":0.0002,"fee_close":0.0002,"trade_duration":0,"profit_ratio":-0.00039991995306683166,"profit_abs":-0.0078802,"exit_reason":"custom_exit","initial_stop_loss_abs":44485.01,"initial_stop_loss_ratio":-0.3,"stop_loss_abs":44485.01,"stop_loss_ratio":-0.3,"min_rate":63530.0,"max_rate":63688.98,"is_open":false,"enter_tag":"","leverage":1.0,"is_short":false,"open_timestamp":1728876900000,"close_timestamp":1728876900000,"orders":[{"amount":0.00031,"safe_price":63550.01,"ft_order_side":"buy","order_filled_timestamp":1728876900000,"ft_is_entry":true,"ft_order_tag":"","cost":19.704443200620002},{"amount":0.00031,"safe_price":63550.01,"ft_order_side":"sell","order_filled_timestamp":1728876900000,"ft_is_entry":false,"ft_order_tag":"custom_exit","cost":19.704443200620002}],"funding_fees":0.0},{"pair":"BTC/USDT","stake_amount":19.7184738,"max_stake_amount":19.7184738,"amount":0.00031,"open_date":"2024-10-14 03:36:00+00:00","close_date":"2024-10-14 03:36:00+00:00","open_rate":63607.98,"close_rate":63607.98,"fee_open":0.0002,"fee_close":0.0002,"trade_duration":0,"profit_ratio":-0.00039992004033458784,"profit_abs":-0.00788739,"exit_reason":"custom_exit","initial_stop_loss_abs":44525.59,"initial_stop_loss_ratio":-0.3,"stop_loss_abs":44525.59,"stop_loss_ratio":-0.3,"min_rate":63607.98,"max_rate":63694.19,"is_open":false,"enter_tag":"","leverage":1.0,"is_short":false,"open_timestamp":1728876960000,"close_timestamp":1728876960000,"orders":[{"amount":0.00031,"safe_price":63607.98,"ft_order_side":"buy","order_filled_timestamp":1728876960000,"ft_is_entry":true,"ft_order_tag":"","cost":19.722417494760002},{"amount":0.00031,"safe_price":63607.98,"ft_order_side":"sell","order_filled_timestamp":1728876960000,"ft_is_entry":false,"ft_order_tag":"custom_exit","cost":19.722417494760002}],"funding_fees":0.0},{"pair":"BTC/USDT","stake_amount":19.7725719,"max_stake_amount":19.7725719,"amount":0.00031,"open_date":"2024-10-14 03:38:00+00:00","close_date":"2024-10-14 03:38:00+00:00","open_rate":63782.49,"close_rate":63782.49,"fee_open":0.0002,"fee_close":0.0002,"trade_duration":0,"profit_ratio":-0.0003999200786973969,"profit_abs":-0.00790903,"exit_reason":"custom_exit","initial_stop_loss_abs":44647.75,"initial_stop_loss_ratio":-0.3,"stop_loss_abs":44647.75,"stop_loss_ratio":-0.3,"min_rate":63782.49,"max_rate":63868.32,"is_open":false,"enter_tag":"","leverage":1.0,"is_short":false,"open_timestamp":1728877080000,"close_timestamp":1728877080000,"orders":[{"amount":0.00031,"safe_price":63782.49,"ft_order_side":"buy","order_filled_timestamp":1728877080000,"ft_is_entry":true,"ft_order_tag":"","cost":19.776526414379997},{"amount":0.00031,"safe_price":63782.49,"ft_order_side":"sell","order_filled_timestamp":1728877080000,"ft_is_entry":false,"ft_order_tag":"custom_exit","cost":19.776526414379997}],"funding_fees":0.0},{"pair":"BTC/USDT","stake_amount":19.78482,"max_stake_amount":19.78482,"amount":0.00031,"open_date":"2024-10-14 03:39:00+00:00","close_date":"2024-10-14 03:39:00+00:00","open_rate":63822.0,"close_rate":63822.0,"fee_open":0.0002,"fee_close":0.0002,"trade_duration":0,"profit_ratio":-0.00039992011706418864,"profit_abs":-0.00791393,"exit_reason":"custom_exit","initial_stop_loss_abs":44675.4,"initial_stop_loss_ratio":-0.3,"stop_loss_abs":44675.4,"stop_loss_ratio":-0.3,"min_rate":63799.96,"max_rate":63880.0,"is_open":false,"enter_tag":"","leverage":1.0,"is_short":false,"open_timestamp":1728877140000,"close_timestamp":1728877140000,"orders":[{"amount":0.00031,"safe_price":63822.0,"ft_order_side":"buy","order_filled_timestamp":1728877140000,"ft_is_entry":true,"ft_order_tag":"","cost":19.788776964},{"amount":0.00031,"safe_price":63822.0,"ft_order_side":"sell","order_filled_timestamp":1728877140000,"ft_is_entry":false,"ft_order_tag":"custom_exit","cost":19.788776964}],"funding_fees":0.0},{"pair":"BTC/USDT","stake_amount":19.79102,"max_stake_amount":19.79102,"amount":0.00031,"open_date":"2024-10-14 03:41:00+00:00","close_date":"2024-10-14 03:41:00+00:00","open_rate":63842.0,"close_rate":63842.0,"fee_open":0.0002,"fee_close":0.0002,"trade_duration":0,"profit_ratio":-0.00039992011703252696,"profit_abs":-0.00791641,"exit_reason":"custom_exit","initial_stop_loss_abs":44689.4,"initial_stop_loss_ratio":-0.3,"stop_loss_abs":44689.4,"stop_loss_ratio":-0.3,"min_rate":63831.53,"max_rate":63948.0,"is_open":false,"enter_tag":"","leverage":1.0,"is_short":false,"open_timestamp":1728877260000,"close_timestamp":1728877260000,"orders":[{"amount":0.00031,"safe_price":63842.0,"ft_order_side":"buy","order_filled_timestamp":1728877260000,"ft_is_entry":true,"ft_order_tag":"","cost":19.794978204},{"amount":0.00031,"safe_price":63842.0,"ft_order_side":"sell","order_filled_timestamp":1728877260000,"ft_is_entry":false,"ft_order_tag":"custom_exit","cost":19.794978204}],"funding_fees":0.0},{"pair":"BTC/USDT","stake_amount":19.8199337,"max_stake_amount":19.8199337,"amount":0.00031,"open_date":"2024-10-14 03:42:00+00:00","close_date":"2024-10-14 03:42:00+00:00","open_rate":63935.27,"close_rate":63935.27,"fee_open":0.0002,"fee_close":0.0002,"trade_duration":0,"profit_ratio":-0.0003999198404511004,"profit_abs":-0.00792797,"exit_reason":"custom_exit","initial_stop_loss_abs":44754.69,"initial_stop_loss_ratio":-0.3,"stop_loss_abs":44754.69,"stop_loss_ratio":-0.3,"min_rate":63899.99,"max_rate":64000.0,"is_open":false,"enter_tag":"","leverage":1.0,"is_short":false,"open_timestamp":1728877320000,"close_timestamp":1728877320000,"orders":[{"amount":0.00031,"safe_price":63935.27,"ft_order_side":"buy","order_filled_timestamp":1728877320000,"ft_is_entry":true,"ft_order_tag":"","cost":19.82389768674},{"amount":0.00031,"safe_price":63935.27,"ft_order_side":"sell","order_filled_timestamp":1728877320000,"ft_is_entry":false,"ft_order_tag":"custom_exit","cost":19.82389768674}],"funding_fees":0.0},{"pair":"BTC/USDT","stake_amount":19.84,"max_stake_amount":19.84,"amount":0.00031,"open_date":"2024-10-14 03:43:00+00:00","close_date":"2024-10-14 03:43:00+00:00","open_rate":64000.0,"close_rate":64000.0,"fee_open":0.0002,"fee_close":0.0002,"trade_duration":0,"profit_ratio":-0.0003999200159968007,"profit_abs":-0.007936,"exit_reason":"custom_exit","initial_stop_loss_abs":44800.0,"initial_stop_loss_ratio":-0.3,"stop_loss_abs":44800.0,"stop_loss_ratio":-0.3,"min_rate":63999.99,"max_rate":64133.71,"is_open":false,"enter_tag":"","leverage":1.0,"is_short":false,"open_timestamp":1728877380000,"close_timestamp":1728877380000,"orders":[{"amount":0.00031,"safe_price":64000.0,"ft_order_side":"buy","order_filled_timestamp":1728877380000,"ft_is_entry":true,"ft_order_tag":"","cost":19.843968},{"amount":0.00031,"safe_price":64000.0,"ft_order_side":"sell","order_filled_timestamp":1728877380000,"ft_is_entry":false,"ft_order_tag":"custom_exit","cost":19.843968}],"funding_fees":0.0},{"pair":"BTC/USDT","stake_amount":19.458,"max_stake_amount":19.458,"amount":0.0003,"open_date":"2024-10-14 08:02:00+00:00","close_date":"2024-10-14 10:15:00+00:00","open_rate":64860.0,"close_rate":64896.0,"fee_open":0.0002,"fee_close":0.0002,"trade_duration":133,"profit_ratio":0.00015489963986851102,"profit_abs":0.00301464,"exit_reason":"custom_exit","initial_stop_loss_abs":45402.0,"initial_stop_loss_ratio":-0.3,"stop_loss_abs":45402.0,"stop_loss_ratio":-0.3,"min_rate":64340.98,"max_rate":64911.24,"is_open":false,"enter_tag":"","leverage":1.0,"is_short":false,"open_timestamp":1728892920000,"close_timestamp":1728900900000,"orders":[{"amount":0.0003,"safe_price":64860.0,"ft_order_side":"buy","order_filled_timestamp":1728892920000,"ft_is_entry":true,"ft_order_tag":"","cost":19.461891599999998},{"amount":0.0003,"safe_price":64896.0,"ft_order_side":"sell","order_filled_timestamp":1728900900000,"ft_is_entry":false,"ft_order_tag":"custom_exit","cost":19.47269376}],"funding_fees":0.0},{"pair":"BTC/USDT","stake_amount":19.81545,"max_stake_amount":19.81545,"amount":0.0003,"open_date":"2024-10-14 14:30:00+00:00","close_date":"2024-10-14 14:41:00+00:00","open_rate":66051.5,"close_rate":66024.38,"fee_open":0.0002,"fee_close":0.0002,"trade_duration":11,"profit_ratio":-0.0008103443793753632,"profit_abs":-0.01606055,"exit_reason":"custom_exit","initial_stop_loss_abs":46236.05,"initial_stop_loss_ratio":-0.3,"stop_loss_abs":46236.05,"stop_loss_ratio":-0.3,"min_rate":65834.53,"max_rate":66200.0,"is_open":false,"enter_tag":"","leverage":1.0,"is_short":false,"open_timestamp":1728916200000,"close_timestamp":1728916860000,"orders":[{"amount":0.0003,"safe_price":66051.5,"ft_order_side":"buy","order_filled_timestamp":1728916200000,"ft_is_entry":true,"ft_order_tag":"","cost":19.819413089999998},{"amount":0.0003,"safe_price":66024.38,"ft_order_side":"sell","order_filled_timestamp":1728916860000,"ft_is_entry":false,"ft_order_tag":"custom_exit","cost":19.811275462799998}],"funding_fees":0.0},{"pair":"BTC/USDT","stake_amount":19.7165171,"max_stake_amount":19.7165171,"amount":0.00029,"open_date":"2024-10-18 01:55:00+00:00","close_date":"2024-10-18 01:56:00+00:00","open_rate":67987.99,"close_rate":67977.12,"fee_open":0.0002,"fee_close":0.0002,"trade_duration":1,"profit_ratio":-0.0005597374388929428,"profit_abs":-0.01103828,"exit_reason":"custom_exit","initial_stop_loss_abs":47591.6,"initial_stop_loss_ratio":-0.3,"stop_loss_abs":47591.6,"stop_loss_ratio":-0.3,"min_rate":67967.39,"max_rate":68173.02,"is_open":false,"enter_tag":"","leverage":1.0,"is_short":false,"open_timestamp":1729216500000,"close_timestamp":1729216560000,"orders":[{"amount":0.00029,"safe_price":67987.99,"ft_order_side":"buy","order_filled_timestamp":1729216500000,"ft_is_entry":true,"ft_order_tag":"","cost":19.72046040342},{"amount":0.00029,"safe_price":67977.12,"ft_order_side":"sell","order_filled_timestamp":1729216560000,"ft_is_entry":false,"ft_order_tag":"custom_exit","cost":19.717307472959998}],"funding_fees":0.0},{"pair":"BTC/USDT","stake_amount":19.7635,"max_stake_amount":19.7635,"amount":0.00029,"open_date":"2024-10-18 01:57:00+00:00","close_date":"2024-10-18 01:57:00+00:00","open_rate":68150.0,"close_rate":68150.0,"fee_open":0.0002,"fee_close":0.0002,"trade_duration":0,"profit_ratio":-0.0003999200159968006,"profit_abs":-0.0079054,"exit_reason":"custom_exit","initial_stop_loss_abs":47705.0,"initial_stop_loss_ratio":-0.3,"stop_loss_abs":47705.0,"stop_loss_ratio":-0.3,"min_rate":68150.0,"max_rate":68260.92,"is_open":false,"enter_tag":"","leverage":1.0,"is_short":false,"open_timestamp":1729216620000,"close_timestamp":1729216620000,"orders":[{"amount":0.00029,"safe_price":68150.0,"ft_order_side":"buy","order_filled_timestamp":1729216620000,"ft_is_entry":true,"ft_order_tag":"","cost":19.7674527},{"amount":0.00029,"safe_price":68150.0,"ft_order_side":"sell","order_filled_timestamp":1729216620000,"ft_is_entry":false,"ft_order_tag":"custom_exit","cost":19.7674527}],"funding_fees":0.0},{"pair":"BTC/USDT","stake_amount":19.6474376,"max_stake_amount":19.6474376,"amount":0.00028,"open_date":"2024-10-28 22:09:00+00:00","close_date":"2024-10-28 22:09:00+00:00","open_rate":70169.42,"close_rate":70169.42,"fee_open":0.0002,"fee_close":0.0002,"trade_duration":0,"profit_ratio":-0.0003999202683965435,"profit_abs":-0.00785898,"exit_reason":"custom_exit","initial_stop_loss_abs":49118.6,"initial_stop_loss_ratio":-0.3,"stop_loss_abs":49118.6,"stop_loss_ratio":-0.3,"min_rate":70095.5,"max_rate":70270.0,"is_open":false,"enter_tag":"","leverage":1.0,"is_short":false,"open_timestamp":1730153340000,"close_timestamp":1730153340000,"orders":[{"amount":0.00028,"safe_price":70169.42,"ft_order_side":"buy","order_filled_timestamp":1730153340000,"ft_is_entry":true,"ft_order_tag":"","cost":19.651367087519997},{"amount":0.00028,"safe_price":70169.42,"ft_order_side":"sell","order_filled_timestamp":1730153340000,"ft_is_entry":false,"ft_order_tag":"custom_exit","cost":19.651367087519997}],"funding_fees":0.0},{"pair":"BTC/USDT","stake_amount":19.777268,"max_stake_amount":19.777268,"amount":0.00028,"open_date":"2024-10-29 02:10:00+00:00","close_date":"2024-10-29 02:10:00+00:00","open_rate":70633.1,"close_rate":70633.1,"fee_open":0.0002,"fee_close":0.0002,"trade_duration":0,"profit_ratio":-0.00039992015754517385,"profit_abs":-0.00791091,"exit_reason":"custom_exit","initial_stop_loss_abs":49443.17,"initial_stop_loss_ratio":-0.3,"stop_loss_abs":49443.17,"stop_loss_ratio":-0.3,"min_rate":70633.1,"max_rate":70795.39,"is_open":false,"enter_tag":"","leverage":1.0,"is_short":false,"open_timestamp":1730167800000,"close_timestamp":1730167800000,"orders":[{"amount":0.00028,"safe_price":70633.1,"ft_order_side":"buy","order_filled_timestamp":1730167800000,"ft_is_entry":true,"ft_order_tag":"","cost":19.7812234536},{"amount":0.00028,"safe_price":70633.1,"ft_order_side":"sell","order_filled_timestamp":1730167800000,"ft_is_entry":false,"ft_order_tag":"custom_exit","cost":19.7812234536}],"funding_fees":0.0},{"pair":"BTC/USDT","stake_amount":19.857978,"max_stake_amount":19.857978,"amount":0.00028,"open_date":"2024-10-29 02:13:00+00:00","close_date":"2024-10-29 02:14:00+00:00","open_rate":70921.35,"close_rate":70898.32,"fee_open":0.0002,"fee_close":0.0002,"trade_duration":1,"profit_ratio":-0.0007245159862447678,"profit_abs":-0.0143903,"exit_reason":"custom_exit","initial_stop_loss_abs":49644.95,"initial_stop_loss_ratio":-0.3,"stop_loss_abs":49644.95,"stop_loss_ratio":-0.3,"min_rate":70823.25,"max_rate":71004.0,"is_open":false,"enter_tag":"","leverage":1.0,"is_short":false,"open_timestamp":1730167980000,"close_timestamp":1730168040000,"orders":[{"amount":0.00028,"safe_price":70921.35,"ft_order_side":"buy","order_filled_timestamp":1730167980000,"ft_is_entry":true,"ft_order_tag":"","cost":19.8619495956},{"amount":0.00028,"safe_price":70898.32,"ft_order_side":"sell","order_filled_timestamp":1730168040000,"ft_is_entry":false,"ft_order_tag":"custom_exit","cost":19.85549990592}],"funding_fees":0.0},{"pair":"BTC/USDT","stake_amount":19.88112,"max_stake_amount":19.88112,"amount":0.00028,"open_date":"2024-10-29 02:15:00+00:00","close_date":"2024-10-29 02:15:00+00:00","open_rate":71004.0,"close_rate":71004.0,"fee_open":0.0002,"fee_close":0.0002,"trade_duration":0,"profit_ratio":-0.00039992011657463927,"profit_abs":-0.00795245,"exit_reason":"custom_exit","initial_stop_loss_abs":49702.8,"initial_stop_loss_ratio":-0.3,"stop_loss_abs":49702.8,"stop_loss_ratio":-0.3,"min_rate":70864.34,"max_rate":71160.0,"is_open":false,"enter_tag":"","leverage":1.0,"is_short":false,"open_timestamp":1730168100000,"close_timestamp":1730168100000,"orders":[{"amount":0.00028,"safe_price":71004.0,"ft_order_side":"buy","order_filled_timestamp":1730168100000,"ft_is_entry":true,"ft_order_tag":"","cost":19.885096223999998},{"amount":0.00028,"safe_price":71004.0,"ft_order_side":"sell","order_filled_timestamp":1730168100000,"ft_is_entry":false,"ft_order_tag":"custom_exit","cost":19.885096223999998}],"funding_fees":0.0},{"pair":"BTC/USDT","stake_amount":19.348735,"max_stake_amount":19.348735,"amount":0.00025,"open_date":"2024-11-10 02:27:00+00:00","close_date":"2024-11-10 02:27:00+00:00","open_rate":77394.94,"close_rate":77394.94,"fee_open":0.0002,"fee_close":0.0002,"trade_duration":0,"profit_ratio":-0.0003999198093062774,"profit_abs":-0.00773949,"exit_reason":"custom_exit","initial_stop_loss_abs":54176.46,"initial_stop_loss_ratio":-0.3,"stop_loss_abs":54176.46,"stop_loss_ratio":-0.3,"min_rate":77326.01,"max_rate":77498.0,"is_open":false,"enter_tag":"","leverage":1.0,"is_short":false,"open_timestamp":1731205620000,"close_timestamp":1731205620000,"orders":[{"amount":0.00025,"safe_price":77394.94,"ft_order_side":"buy","order_filled_timestamp":1731205620000,"ft_is_entry":true,"ft_order_tag":"","cost":19.352604747},{"amount":0.00025,"safe_price":77394.94,"ft_order_side":"sell","order_filled_timestamp":1731205620000,"ft_is_entry":false,"ft_order_tag":"custom_exit","cost":19.352604747}],"funding_fees":0.0},{"pair":"BTC/USDT","stake_amount":19.505325,"max_stake_amount":19.505325,"amount":0.00025,"open_date":"2024-11-10 04:50:00+00:00","close_date":"2024-11-10 04:50:00+00:00","open_rate":78021.3,"close_rate":78021.3,"fee_open":0.0002,"fee_close":0.0002,"trade_duration":0,"profit_ratio":-0.0003999200159968006,"profit_abs":-0.00780213,"exit_reason":"custom_exit","initial_stop_loss_abs":54614.91,"initial_stop_loss_ratio":-0.3,"stop_loss_abs":54614.91,"stop_loss_ratio":-0.3,"min_rate":78021.28,"max_rate":78146.0,"is_open":false,"enter_tag":"","leverage":1.0,"is_short":false,"open_timestamp":1731214200000,"close_timestamp":1731214200000,"orders":[{"amount":0.00025,"safe_price":78021.3,"ft_order_side":"buy","order_filled_timestamp":1731214200000,"ft_is_entry":true,"ft_order_tag":"","cost":19.509226065000004},{"amount":0.00025,"safe_price":78021.3,"ft_order_side":"sell","order_filled_timestamp":1731214200000,"ft_is_entry":false,"ft_order_tag":"custom_exit","cost":19.509226065000004}],"funding_fees":0.0},{"pair":"BTC/USDT","stake_amount":19.74763,"max_stake_amount":19.74763,"amount":0.00025,"open_date":"2024-11-10 04:54:00+00:00","close_date":"2024-11-10 04:54:00+00:00","open_rate":78990.52,"close_rate":78990.52,"fee_open":0.0002,"fee_close":0.0002,"trade_duration":0,"profit_ratio":-0.00039991991473907603,"profit_abs":-0.00789905,"exit_reason":"custom_exit","initial_stop_loss_abs":55293.37,"initial_stop_loss_ratio":-0.3,"stop_loss_abs":55293.37,"stop_loss_ratio":-0.3,"min_rate":78438.19,"max_rate":79255.0,"is_open":false,"enter_tag":"","leverage":1.0,"is_short":false,"open_timestamp":1731214440000,"close_timestamp":1731214440000,"orders":[{"amount":0.00025,"safe_price":78990.52,"ft_order_side":"buy","order_filled_timestamp":1731214440000,"ft_is_entry":true,"ft_order_tag":"","cost":19.751579526},{"amount":0.00025,"safe_price":78990.52,"ft_order_side":"sell","order_filled_timestamp":1731214440000,"ft_is_entry":false,"ft_order_tag":"custom_exit","cost":19.751579526}],"funding_fees":0.0},{"pair":"BTC/USDT","stake_amount":19.7491275,"max_stake_amount":19.7491275,"amount":0.00025,"open_date":"2024-11-10 04:55:00+00:00","close_date":"2024-11-10 04:58:00+00:00","open_rate":78996.51,"close_rate":78879.18,"fee_open":0.0002,"fee_close":0.0002,"trade_duration":3,"profit_ratio":-0.0018845812926547487,"profit_abs":-0.03722628,"exit_reason":"custom_exit","initial_stop_loss_abs":55297.56,"initial_stop_loss_ratio":-0.3,"stop_loss_abs":55297.56,"stop_loss_ratio":-0.3,"min_rate":78505.59,"max_rate":79323.74,"is_open":false,"enter_tag":"","leverage":1.0,"is_short":false,"open_timestamp":1731214500000,"close_timestamp":1731214680000,"orders":[{"amount":0.00025,"safe_price":78996.51,"ft_order_side":"buy","order_filled_timestamp":1731214500000,"ft_is_entry":true,"ft_order_tag":"","cost":19.7530773255},{"amount":0.00025,"safe_price":78879.18,"ft_order_side":"sell","order_filled_timestamp":1731214680000,"ft_is_entry":false,"ft_order_tag":"custom_exit","cost":19.723738959}],"funding_fees":0.0},{"pair":"BTC/USDT","stake_amount":19.5337944,"max_stake_amount":19.5337944,"amount":0.00024,"open_date":"2024-11-10 22:23:00+00:00","close_date":"2024-11-11 01:53:00+00:00","open_rate":81390.81,"close_rate":81500.0,"fee_open":0.0002,"fee_close":0.0002,"trade_duration":210,"profit_ratio":0.0009410953648271498,"profit_abs":0.01838684,"exit_reason":"custom_exit","initial_stop_loss_abs":56973.57,"initial_stop_loss_ratio":-0.3,"stop_loss_abs":56973.57,"stop_loss_ratio":-0.3,"min_rate":79945.23,"max_rate":81730.0,"is_open":false,"enter_tag":"","leverage":1.0,"is_short":false,"open_timestamp":1731277380000,"close_timestamp":1731289980000,"orders":[{"amount":0.00024,"safe_price":81390.81,"ft_order_side":"buy","order_filled_timestamp":1731277380000,"ft_is_entry":true,"ft_order_tag":"","cost":19.53770115888},{"amount":0.00024,"safe_price":81500.0,"ft_order_side":"sell","order_filled_timestamp":1731289980000,"ft_is_entry":false,"ft_order_tag":"custom_exit","cost":19.563912}],"funding_fees":0.0},{"pair":"BTC/USDT","stake_amount":19.7141832,"max_stake_amount":19.7141832,"amount":0.00024,"open_date":"2024-11-11 10:11:00+00:00","close_date":"2024-11-11 10:16:00+00:00","open_rate":82142.43,"close_rate":82171.99,"fee_open":0.0002,"fee_close":0.0002,"trade_duration":5,"profit_ratio":-4.020108191453043e-05,"profit_abs":-0.00079269,"exit_reason":"custom_exit","initial_stop_loss_abs":57499.71,"initial_stop_loss_ratio":-0.3,"stop_loss_abs":57499.71,"stop_loss_ratio":-0.3,"min_rate":81824.01,"max_rate":82235.99,"is_open":false,"enter_tag":"","leverage":1.0,"is_short":false,"open_timestamp":1731319860000,"close_timestamp":1731320160000,"orders":[{"amount":0.00024,"safe_price":82142.43,"ft_order_side":"buy","order_filled_timestamp":1731319860000,"ft_is_entry":true,"ft_order_tag":"","cost":19.718126036639998},{"amount":0.00024,"safe_price":82171.99,"ft_order_side":"sell","order_filled_timestamp":1731320160000,"ft_is_entry":false,"ft_order_tag":"custom_exit","cost":19.72522185552}],"funding_fees":0.0},{"pair":"BTC/USDT","stake_amount":19.7155156,"max_stake_amount":19.7155156,"amount":0.00022,"open_date":"2024-11-13 13:49:00+00:00","close_date":"2024-11-13 14:21:00+00:00","open_rate":89615.98,"close_rate":89728.95,"fee_open":0.0002,"fee_close":0.0002,"trade_duration":32,"profit_ratio":0.0008601767551213892,"profit_abs":0.01696222,"exit_reason":"custom_exit","initial_stop_loss_abs":62731.19,"initial_stop_loss_ratio":-0.3,"stop_loss_abs":62731.19,"stop_loss_ratio":-0.3,"min_rate":88623.64,"max_rate":89780.0,"is_open":false,"enter_tag":"","leverage":1.0,"is_short":false,"open_timestamp":1731505740000,"close_timestamp":1731507660000,"orders":[{"amount":0.00022,"safe_price":89615.98,"ft_order_side":"buy","order_filled_timestamp":1731505740000,"ft_is_entry":true,"ft_order_tag":"","cost":19.71945870312},{"amount":0.00022,"safe_price":89728.95,"ft_order_side":"sell","order_filled_timestamp":1731507660000,"ft_is_entry":false,"ft_order_tag":"custom_exit","cost":19.7443170738}],"funding_fees":0.0},{"pair":"BTC/USDT","stake_amount":19.623578,"max_stake_amount":19.623578,"amount":0.0002,"open_date":"2024-12-04 20:14:00+00:00","close_date":"2024-12-04 20:16:00+00:00","open_rate":98117.89,"close_rate":98200.0,"fee_open":0.0002,"fee_close":0.0002,"trade_duration":2,"profit_ratio":0.00043659553251209645,"profit_abs":0.00856928,"exit_reason":"custom_exit","initial_stop_loss_abs":68682.53,"initial_stop_loss_ratio":-0.3,"stop_loss_abs":68682.53,"stop_loss_ratio":-0.3,"min_rate":97973.19,"max_rate":98323.63,"is_open":false,"enter_tag":"","leverage":1.0,"is_short":false,"open_timestamp":1733343240000,"close_timestamp":1733343360000,"orders":[{"amount":0.0002,"safe_price":98117.89,"ft_order_side":"buy","order_filled_timestamp":1733343240000,"ft_is_entry":true,"ft_order_tag":"","cost":19.627502715600002},{"amount":0.0002,"safe_price":98200.0,"ft_order_side":"sell","order_filled_timestamp":1733343360000,"ft_is_entry":false,"ft_order_tag":"custom_exit","cost":19.643928}],"funding_fees":0.0},{"pair":"BTC/USDT","stake_amount":19.962098,"max_stake_amount":19.962098,"amount":0.0002,"open_date":"2024-12-05 02:37:00+00:00","close_date":"2024-12-05 02:38:00+00:00","open_rate":99810.49,"close_rate":99876.0,"fee_open":0.0002,"fee_close":0.0002,"trade_duration":1,"profit_ratio":0.0002561613161372463,"profit_abs":0.00511454,"exit_reason":"custom_exit","initial_stop_loss_abs":69867.35,"initial_stop_loss_ratio":-0.3,"stop_loss_abs":69867.35,"stop_loss_ratio":-0.3,"min_rate":99632.01,"max_rate":100100.0,"is_open":false,"enter_tag":"","leverage":1.0,"is_short":false,"open_timestamp":1733366220000,"close_timestamp":1733366280000,"orders":[{"amount":0.0002,"safe_price":99810.49,"ft_order_side":"buy","order_filled_timestamp":1733366220000,"ft_is_entry":true,"ft_order_tag":"","cost":19.9660904196},{"amount":0.0002,"safe_price":99876.0,"ft_order_side":"sell","order_filled_timestamp":1733366280000,"ft_is_entry":false,"ft_order_tag":"custom_exit","cost":19.97919504}],"funding_fees":0.0},{"pair":"BTC/USDT","stake_amount":19.0129219,"max_stake_amount":19.0129219,"amount":0.00019,"open_date":"2024-12-05 02:39:00+00:00","close_date":"2024-12-05 02:41:00+00:00","open_rate":100068.01,"close_rate":100168.97,"fee_open":0.0002,"fee_close":0.0002,"trade_duration":2,"profit_ratio":0.0006085900865580809,"profit_abs":0.01157339,"exit_reason":"custom_exit","initial_stop_loss_abs":70047.61,"initial_stop_loss_ratio":-0.3,"stop_loss_abs":70047.61,"stop_loss_ratio":-0.3,"min_rate":99781.25,"max_rate":101180.0,"is_open":false,"enter_tag":"","leverage":1.0,"is_short":false,"open_timestamp":1733366340000,"close_timestamp":1733366460000,"orders":[{"amount":0.00019,"safe_price":100068.01,"ft_order_side":"buy","order_filled_timestamp":1733366340000,"ft_is_entry":true,"ft_order_tag":"","cost":19.01672448438},{"amount":0.00019,"safe_price":100168.97,"ft_order_side":"sell","order_filled_timestamp":1733366460000,"ft_is_entry":false,"ft_order_tag":"custom_exit","cost":19.03591072086}],"funding_fees":0.0},{"pair":"BTC/USDT","stake_amount":19.1458972,"max_stake_amount":19.1458972,"amount":0.00019,"open_date":"2024-12-05 02:42:00+00:00","close_date":"2024-12-05 02:42:00+00:00","open_rate":100767.88,"close_rate":100767.88,"fee_open":0.0002,"fee_close":0.0002,"trade_duration":0,"profit_ratio":-0.000399920074483276,"profit_abs":-0.00765836,"exit_reason":"custom_exit","initial_stop_loss_abs":70537.52,"initial_stop_loss_ratio":-0.3,"stop_loss_abs":70537.52,"stop_loss_ratio":-0.3,"min_rate":100631.18,"max_rate":101616.22,"is_open":false,"enter_tag":"","leverage":1.0,"is_short":false,"open_timestamp":1733366520000,"close_timestamp":1733366520000,"orders":[{"amount":0.00019,"safe_price":100767.88,"ft_order_side":"buy","order_filled_timestamp":1733366520000,"ft_is_entry":true,"ft_order_tag":"","cost":19.14972637944},{"amount":0.00019,"safe_price":100767.88,"ft_order_side":"sell","order_filled_timestamp":1733366520000,"ft_is_entry":false,"ft_order_tag":"custom_exit","cost":19.14972637944}],"funding_fees":0.0},{"pair":"BTC/USDT","stake_amount":19.2317981,"max_stake_amount":19.2317981,"amount":0.00019,"open_date":"2024-12-06 17:51:00+00:00","close_date":"2024-12-06 18:07:00+00:00","open_rate":101219.99,"close_rate":101132.01,"fee_open":0.0002,"fee_close":0.0002,"trade_duration":16,"profit_ratio":-0.001268768512083537,"profit_abs":-0.02440558,"exit_reason":"custom_exit","initial_stop_loss_abs":70854.0,"initial_stop_loss_ratio":-0.3,"stop_loss_abs":70854.0,"stop_loss_ratio":-0.3,"min_rate":100588.23,"max_rate":101428.52,"is_open":false,"enter_tag":"","leverage":1.0,"is_short":false,"open_timestamp":1733507460000,"close_timestamp":1733508420000,"orders":[{"amount":0.00019,"safe_price":101219.99,"ft_order_side":"buy","order_filled_timestamp":1733507460000,"ft_is_entry":true,"ft_order_tag":"","cost":19.23564445962},{"amount":0.00019,"safe_price":101132.01,"ft_order_side":"sell","order_filled_timestamp":1733508420000,"ft_is_entry":false,"ft_order_tag":"custom_exit","cost":19.21892491638}],"funding_fees":0.0}],"locks":[],"best_pair":{"key":"BTC/USDT","trades":34,"profit_mean":-0.0003451090934482593,"profit_mean_pct":-0.03,"profit_sum":-0.011733709177240816,"profit_sum_pct":-1.17,"profit_total_abs":-0.23113522000000003,"profit_total":-0.00023113522000000003,"profit_total_pct":-0.02,"duration_avg":"0:17:00","wins":6,"draws":0,"losses":28,"winrate":0.17647058823529413,"cagr":-0.0012046182440907938,"expectancy":-0.00679809470588235,"expectancy_ratio":-0.6457767367372678,"sortino":-9.663862198568081,"sharpe":-6.13642931756048,"calmar":-24.367325623294025,"sqn":-3.7988,"profit_factor":0.21584253396188915,"max_drawdown_account":0.00025888485999996645,"max_drawdown_abs":0.25888486},"worst_pair":{"key":"BTC/USDT","trades":34,"profit_mean":-0.0003451090934482593,"profit_mean_pct":-0.03,"profit_sum":-0.011733709177240816,"profit_sum_pct":-1.17,"profit_total_abs":-0.23113522000000003,"profit_total":-0.00023113522000000003,"profit_total_pct":-0.02,"duration_avg":"0:17:00","wins":6,"draws":0,"losses":28,"winrate":0.17647058823529413,"cagr":-0.0012046182440907938,"expectancy":-0.00679809470588235,"expectancy_ratio":-0.6457767367372678,"sortino":-9.663862198568081,"sharpe":-6.13642931756048,"calmar":-24.367325623294025,"sqn":-3.7988,"profit_factor":0.21584253396188915,"max_drawdown_account":0.00025888485999996645,"max_drawdown_abs":0.25888486},"results_per_pair":[{"key":"BTC/USDT","trades":34,"profit_mean":-0.0003451090934482593,"profit_mean_pct":-0.03,"profit_sum":-0.011733709177240816,"profit_sum_pct":-1.17,"profit_total_abs":-0.23113522000000003,"profit_total":-0.00023113522000000003,"profit_total_pct":-0.02,"duration_avg":"0:17:00","wins":6,"draws":0,"losses":28,"winrate":0.17647058823529413,"cagr":-0.0012046182440907938,"expectancy":-0.00679809470588235,"expectancy_ratio":-0.6457767367372678,"sortino":-9.663862198568081,"sharpe":-6.13642931756048,"calmar":-24.367325623294025,"sqn":-3.7988,"profit_factor":0.21584253396188915,"max_drawdown_account":0.00025888485999996645,"max_drawdown_abs":0.25888486},{"key":"TOTAL","trades":34,"profit_mean":-0.0003451090934482593,"profit_mean_pct":-0.03,"profit_sum":-0.011733709177240816,"profit_sum_pct":-1.17,"profit_total_abs":-0.23113522000000003,"profit_total":-0.00023113522000000003,"profit_total_pct":-0.02,"duration_avg":"0:17:00","wins":6,"draws":0,"losses":28,"winrate":0.17647058823529413,"cagr":-0.0012046182440907938,"expectancy":-0.00679809470588235,"expectancy_ratio":-0.6457767367372678,"sortino":-9.663862198568081,"sharpe":-6.13642931756048,"calmar":-24.367325623294025,"sqn":-3.7988,"profit_factor":0.21584253396188915,"max_drawdown_account":0.00025888485999996645,"max_drawdown_abs":0.25888486}],"results_per_enter_tag":[{"key":"","trades":34,"profit_mean":-0.0003451090934482593,"profit_mean_pct":-0.03,"profit_sum":-0.011733709177240816,"profit_sum_pct":-1.17,"profit_total_abs":-0.23113522000000003,"profit_total":-0.00023113522000000003,"profit_total_pct":-0.02,"duration_avg":"0:17:00","wins":6,"draws":0,"losses":28,"winrate":0.17647058823529413,"cagr":-0.0012046182440907938,"expectancy":-0.00679809470588235,"expectancy_ratio":-0.6457767367372678,"sortino":-9.663862198568081,"sharpe":-6.13642931756048,"calmar":-24.367325623294025,"sqn":-3.7988,"profit_factor":0.21584253396188915,"max_drawdown_account":0.00025888485999996645,"max_drawdown_abs":0.25888486},{"key":"TOTAL","trades":34,"profit_mean":-0.0003451090934482593,"profit_mean_pct":-0.03,"profit_sum":-0.011733709177240816,"profit_sum_pct":-1.17,"profit_total_abs":-0.23113522000000003,"profit_total":-0.00023113522000000003,"profit_total_pct":-0.02,"duration_avg":"0:17:00","wins":6,"draws":0,"losses":28,"winrate":0.17647058823529413,"cagr":-0.0012046182440907938,"expectancy":-0.00679809470588235,"expectancy_ratio":-0.6457767367372678,"sortino":-9.663862198568081,"sharpe":-6.13642931756048,"calmar":-24.367325623294025,"sqn":-3.7988,"profit_factor":0.21584253396188915,"max_drawdown_account":0.00025888485999996645,"max_drawdown_abs":0.25888486}],"exit_reason_summary":[{"key":"custom_exit","trades":34,"profit_mean":-0.0003451090934482593,"profit_mean_pct":-0.03,"profit_sum":-0.011733709177240816,"profit_sum_pct":-1.17,"profit_total_abs":-0.23113522000000003,"profit_total":-0.00023113522000000003,"profit_total_pct":-0.02,"duration_avg":"0:17:00","wins":6,"draws":0,"losses":28,"winrate":0.17647058823529413,"cagr":-0.0012046182440907938,"expectancy":-0.00679809470588235,"expectancy_ratio":-0.6457767367372678,"sortino":-9.663862198568081,"sharpe":-6.13642931756048,"calmar":-24.367325623294025,"sqn":-3.7988,"profit_factor":0.21584253396188915,"max_drawdown_account":0.00025888485999996645,"max_drawdown_abs":0.25888486},{"key":"TOTAL","trades":34,"profit_mean":-0.0003451090934482593,"profit_mean_pct":-0.03,"profit_sum":-0.011733709177240816,"profit_sum_pct":-1.17,"profit_total_abs":-0.23113522000000003,"profit_total":-0.00023113522000000003,"profit_total_pct":-0.02,"duration_avg":"0:17:00","wins":6,"draws":0,"losses":28,"winrate":0.17647058823529413,"cagr":-0.0012046182440907938,"expectancy":-0.00679809470588235,"expectancy_ratio":-0.6457767367372678,"sortino":-9.663862198568081,"sharpe":-6.13642931756048,"calmar":-24.367325623294025,"sqn":-3.7988,"profit_factor":0.21584253396188915,"max_drawdown_account":0.00025888485999996645,"max_drawdown_abs":0.25888486}],"mix_tag_stats":[{"key":["","custom_exit"],"trades":34,"profit_mean":-0.0003451090934482593,"profit_mean_pct":-0.03,"profit_sum":-0.011733709177240816,"profit_sum_pct":-1.17,"profit_total_abs":-0.23113522000000003,"profit_total":-0.00023113522000000003,"profit_total_pct":-0.02,"duration_avg":"0:17:00","wins":6,"draws":0,"losses":28,"winrate":0.17647058823529413,"cagr":-0.0012046182440907938,"expectancy":-0.00679809470588235,"expectancy_ratio":-0.6457767367372678,"sortino":-9.663862198568081,"sharpe":-6.13642931756048,"calmar":-24.367325623294025,"sqn":-3.7988,"profit_factor":0.21584253396188915,"max_drawdown_account":0.00025888485999996645,"max_drawdown_abs":0.25888486},{"key":"TOTAL","trades":34,"profit_mean":-0.0003451090934482593,"profit_mean_pct":-0.03,"profit_sum":-0.011733709177240816,"profit_sum_pct":-1.17,"profit_total_abs":-0.23113522000000003,"profit_total":-0.00023113522000000003,"profit_total_pct":-0.02,"duration_avg":"0:17:00","wins":6,"draws":0,"losses":28,"winrate":0.17647058823529413,"cagr":-0.0012046182440907938,"expectancy":-0.00679809470588235,"expectancy_ratio":-0.6457767367372678,"sortino":-9.663862198568081,"sharpe":-6.13642931756048,"calmar":-24.367325623294025,"sqn":-3.7988,"profit_factor":0.21584253396188915,"max_drawdown_account":0.00025888485999996645,"max_drawdown_abs":0.25888486}],"left_open_trades":[{"key":"TOTAL","trades":0,"profit_mean":0.0,"profit_mean_pct":0.0,"profit_sum":0.0,"profit_sum_pct":0.0,"profit_total_abs":0.0,"profit_total":0.0,"profit_total_pct":0.0,"duration_avg":"0:00","wins":0,"draws":0,"losses":0,"winrate":0.0,"cagr":0.0,"expectancy":0.0,"expectancy_ratio":100.0,"sortino":0,"sharpe":0,"calmar":0,"sqn":0.0,"profit_factor":0.0,"max_drawdown_account":0.0,"max_drawdown_abs":0.0}],"total_trades":34,"trade_count_long":34,"trade_count_short":0,"total_volume":1336.7718124023,"avg_stake_amount":19.65394626176471,"profit_mean":-0.0003451090934482593,"profit_median":-0.0003999200593222436,"profit_total":-0.00023113522000000003,"profit_total_long":-0.00023113522000000003,"profit_total_short":0.0,"profit_total_abs":-0.23113522000000003,"profit_total_long_abs":-0.23113522000000003,"profit_total_short_abs":0.0,"cagr":-0.0012046182440907938,"expectancy":-0.00679809470588235,"expectancy_ratio":-0.6457767367372678,"sortino":-9.663862198568081,"sharpe":-6.13642931756048,"calmar":-24.367325623294025,"sqn":-3.7988,"profit_factor":0.21584253396188915,"backtest_start":"2024-10-01 00:00:00","backtest_start_ts":1727740800000,"backtest_end":"2024-12-10 00:00:00","backtest_end_ts":1733788800000,"backtest_days":70,"backtest_run_start_ts":1752178396,"backtest_run_end_ts":1752178397,"trades_per_day":0.49,"market_change":0.5337942203332631,"pairlist":["BTC/USDT"],"stake_amount":20,"stake_currency":"USDT","stake_currency_decimals":3,"starting_balance":1000,"dry_run_wallet":1000,"final_balance":999.76886478,"rejected_signals":0,"timedout_entry_orders":0,"timedout_exit_orders":0,"canceled_trade_entries":0,"canceled_entry_orders":0,"replaced_entry_orders":0,"max_open_trades":1,"max_open_trades_setting":5,"timeframe":"1m","timeframe_detail":"","timerange":"20241001-20241210","enable_protections":false,"strategy_name":"MultiHorizonMomentum","stoploss":-0.3,"trailing_stop":false,"trailing_stop_positive":null,"trailing_stop_positive_offset":0.0,"trailing_only_offset_is_reached":false,"use_custom_stoploss":false,"minimal_roi":{},"use_exit_signal":true,"exit_profit_only":false,"exit_profit_offset":0.0,"ignore_roi_if_entry_signal":false,"trading_mode":"spot","margin_mode":"","periodic_breakdown":{"day":[{"date":"06/10/2024","date_ts":1728172800000,"profit_abs":-0.04177651,"wins":0,"draws":0,"losses":4,"trades":4,"profit_factor":0.0},{"date":"07/10/2024","date_ts":1728259200000,"profit_abs":-0.00795305,"wins":0,"draws":0,"losses":1,"trades":1,"profit_factor":0.0},{"date":"08/10/2024","date_ts":1728345600000,"profit_abs":0.0,"wins":0,"draws":0,"losses":0,"trades":0,"profit_factor":0.0},{"date":"09/10/2024","date_ts":1728432000000,"profit_abs":0.0,"wins":0,"draws":0,"losses":0,"trades":0,"profit_factor":0.0},{"date":"10/10/2024","date_ts":1728518400000,"profit_abs":0.0,"wins":0,"draws":0,"losses":0,"trades":0,"profit_factor":0.0},{"date":"11/10/2024","date_ts":1728604800000,"profit_abs":0.0,"wins":0,"draws":0,"losses":0,"trades":0,"profit_factor":0.0},{"date":"12/10/2024","date_ts":1728691200000,"profit_abs":-0.02301519,"wins":0,"draws":0,"losses":2,"trades":2,"profit_factor":0.0},{"date":"13/10/2024","date_ts":1728777600000,"profit_abs":0.0,"wins":0,"draws":0,"losses":0,"trades":0,"profit_factor":0.0},{"date":"14/10/2024","date_ts":1728864000000,"profit_abs":-0.06841684,"wins":1,"draws":0,"losses":8,"trades":9,"profit_factor":0.04220324},{"date":"15/10/2024","date_ts":1728950400000,"profit_abs":0.0,"wins":0,"draws":0,"losses":0,"trades":0,"profit_factor":0.0},{"date":"16/10/2024","date_ts":1729036800000,"profit_abs":0.0,"wins":0,"draws":0,"losses":0,"trades":0,"profit_factor":0.0},{"date":"17/10/2024","date_ts":1729123200000,"profit_abs":0.0,"wins":0,"draws":0,"losses":0,"trades":0,"profit_factor":0.0},{"date":"18/10/2024","date_ts":1729209600000,"profit_abs":-0.01894368,"wins":0,"draws":0,"losses":2,"trades":2,"profit_factor":0.0},{"date":"19/10/2024","date_ts":1729296000000,"profit_abs":0.0,"wins":0,"draws":0,"losses":0,"trades":0,"profit_factor":0.0},{"date":"20/10/2024","date_ts":1729382400000,"profit_abs":0.0,"wins":0,"draws":0,"losses":0,"trades":0,"profit_factor":0.0},{"date":"21/10/2024","date_ts":1729468800000,"profit_abs":0.0,"wins":0,"draws":0,"losses":0,"trades":0,"profit_factor":0.0},{"date":"22/10/2024","date_ts":1729555200000,"profit_abs":0.0,"wins":0,"draws":0,"losses":0,"trades":0,"profit_factor":0.0},{"date":"23/10/2024","date_ts":1729641600000,"profit_abs":0.0,"wins":0,"draws":0,"losses":0,"trades":0,"profit_factor":0.0},{"date":"24/10/2024","date_ts":1729728000000,"profit_abs":0.0,"wins":0,"draws":0,"losses":0,"trades":0,"profit_factor":0.0},{"date":"25/10/2024","date_ts":1729814400000,"profit_abs":0.0,"wins":0,"draws":0,"losses":0,"trades":0,"profit_factor":0.0},{"date":"26/10/2024","date_ts":1729900800000,"profit_abs":0.0,"wins":0,"draws":0,"losses":0,"trades":0,"profit_factor":0.0},{"date":"27/10/2024","date_ts":1729987200000,"profit_abs":0.0,"wins":0,"draws":0,"losses":0,"trades":0,"profit_factor":0.0},{"date":"28/10/2024","date_ts":1730073600000,"profit_abs":-0.00785898,"wins":0,"draws":0,"losses":1,"trades":1,"profit_factor":0.0},{"date":"29/10/2024","date_ts":1730160000000,"profit_abs":-0.03025366,"wins":0,"draws":0,"losses":3,"trades":3,"profit_factor":0.0},{"date":"30/10/2024","date_ts":1730246400000,"profit_abs":0.0,"wins":0,"draws":0,"losses":0,"trades":0,"profit_factor":0.0},{"date":"31/10/2024","date_ts":1730332800000,"profit_abs":0.0,"wins":0,"draws":0,"losses":0,"trades":0,"profit_factor":0.0},{"date":"01/11/2024","date_ts":1730419200000,"profit_abs":0.0,"wins":0,"draws":0,"losses":0,"trades":0,"profit_factor":0.0},{"date":"02/11/2024","date_ts":1730505600000,"profit_abs":0.0,"wins":0,"draws":0,"losses":0,"trades":0,"profit_factor":0.0},{"date":"03/11/2024","date_ts":1730592000000,"profit_abs":0.0,"wins":0,"draws":0,"losses":0,"trades":0,"profit_factor":0.0},{"date":"04/11/2024","date_ts":1730678400000,"profit_abs":0.0,"wins":0,"draws":0,"losses":0,"trades":0,"profit_factor":0.0},{"date":"05/11/2024","date_ts":1730764800000,"profit_abs":0.0,"wins":0,"draws":0,"losses":0,"trades":0,"profit_factor":0.0},{"date":"06/11/2024","date_ts":1730851200000,"profit_abs":0.0,"wins":0,"draws":0,"losses":0,"trades":0,"profit_factor":0.0},{"date":"07/11/2024","date_ts":1730937600000,"profit_abs":0.0,"wins":0,"draws":0,"losses":0,"trades":0,"profit_factor":0.0},{"date":"08/11/2024","date_ts":1731024000000,"profit_abs":0.0,"wins":0,"draws":0,"losses":0,"trades":0,"profit_factor":0.0},{"date":"09/11/2024","date_ts":1731110400000,"profit_abs":0.0,"wins":0,"draws":0,"losses":0,"trades":0,"profit_factor":0.0},{"date":"10/11/2024","date_ts":1731196800000,"profit_abs":-0.06066695,"wins":0,"draws":0,"losses":4,"trades":4,"profit_factor":0.0},{"date":"11/11/2024","date_ts":1731283200000,"profit_abs":0.01759415,"wins":1,"draws":0,"losses":1,"trades":2,"profit_factor":23.19549887},{"date":"12/11/2024","date_ts":1731369600000,"profit_abs":0.0,"wins":0,"draws":0,"losses":0,"trades":0,"profit_factor":0.0},{"date":"13/11/2024","date_ts":1731456000000,"profit_abs":0.01696222,"wins":1,"draws":0,"losses":0,"trades":1,"profit_factor":0.0},{"date":"14/11/2024","date_ts":1731542400000,"profit_abs":0.0,"wins":0,"draws":0,"losses":0,"trades":0,"profit_factor":0.0},{"date":"15/11/2024","date_ts":1731628800000,"profit_abs":0.0,"wins":0,"draws":0,"losses":0,"trades":0,"profit_factor":0.0},{"date":"16/11/2024","date_ts":1731715200000,"profit_abs":0.0,"wins":0,"draws":0,"losses":0,"trades":0,"profit_factor":0.0},{"date":"17/11/2024","date_ts":1731801600000,"profit_abs":0.0,"wins":0,"draws":0,"losses":0,"trades":0,"profit_factor":0.0},{"date":"18/11/2024","date_ts":1731888000000,"profit_abs":0.0,"wins":0,"draws":0,"losses":0,"trades":0,"profit_factor":0.0},{"date":"19/11/2024","date_ts":1731974400000,"profit_abs":0.0,"wins":0,"draws":0,"losses":0,"trades":0,"profit_factor":0.0},{"date":"20/11/2024","date_ts":1732060800000,"profit_abs":0.0,"wins":0,"draws":0,"losses":0,"trades":0,"profit_factor":0.0},{"date":"21/11/2024","date_ts":1732147200000,"profit_abs":0.0,"wins":0,"draws":0,"losses":0,"trades":0,"profit_factor":0.0},{"date":"22/11/2024","date_ts":1732233600000,"profit_abs":0.0,"wins":0,"draws":0,"losses":0,"trades":0,"profit_factor":0.0},{"date":"23/11/2024","date_ts":1732320000000,"profit_abs":0.0,"wins":0,"draws":0,"losses":0,"trades":0,"profit_factor":0.0},{"date":"24/11/2024","date_ts":1732406400000,"profit_abs":0.0,"wins":0,"draws":0,"losses":0,"trades":0,"profit_factor":0.0},{"date":"25/11/2024","date_ts":1732492800000,"profit_abs":0.0,"wins":0,"draws":0,"losses":0,"trades":0,"profit_factor":0.0},{"date":"26/11/2024","date_ts":1732579200000,"profit_abs":0.0,"wins":0,"draws":0,"losses":0,"trades":0,"profit_factor":0.0},{"date":"27/11/2024","date_ts":1732665600000,"profit_abs":0.0,"wins":0,"draws":0,"losses":0,"trades":0,"profit_factor":0.0},{"date":"28/11/2024","date_ts":1732752000000,"profit_abs":0.0,"wins":0,"draws":0,"losses":0,"trades":0,"profit_factor":0.0},{"date":"29/11/2024","date_ts":1732838400000,"profit_abs":0.0,"wins":0,"draws":0,"losses":0,"trades":0,"profit_factor":0.0},{"date":"30/11/2024","date_ts":1732924800000,"profit_abs":0.0,"wins":0,"draws":0,"losses":0,"trades":0,"profit_factor":0.0},{"date":"01/12/2024","date_ts":1733011200000,"profit_abs":0.0,"wins":0,"draws":0,"losses":0,"trades":0,"profit_factor":0.0},{"date":"02/12/2024","date_ts":1733097600000,"profit_abs":0.0,"wins":0,"draws":0,"losses":0,"trades":0,"profit_factor":0.0},{"date":"03/12/2024","date_ts":1733184000000,"profit_abs":0.0,"wins":0,"draws":0,"losses":0,"trades":0,"profit_factor":0.0},{"date":"04/12/2024","date_ts":1733270400000,"profit_abs":0.00856928,"wins":1,"draws":0,"losses":0,"trades":1,"profit_factor":0.0},{"date":"05/12/2024","date_ts":1733356800000,"profit_abs":0.00902957,"wins":2,"draws":0,"losses":1,"trades":3,"profit_factor":2.17904747},{"date":"06/12/2024","date_ts":1733443200000,"profit_abs":-0.02440558,"wins":0,"draws":0,"losses":1,"trades":1,"profit_factor":0.0}],"week":[{"date":"07/10/2024","date_ts":1728259200000,"profit_abs":-0.04972956,"wins":0,"draws":0,"losses":5,"trades":5,"profit_factor":0.0},{"date":"14/10/2024","date_ts":1728864000000,"profit_abs":-0.09143203,"wins":1,"draws":0,"losses":10,"trades":11,"profit_factor":0.03191897},{"date":"21/10/2024","date_ts":1729468800000,"profit_abs":-0.01894368,"wins":0,"draws":0,"losses":2,"trades":2,"profit_factor":0.0},{"date":"28/10/2024","date_ts":1730073600000,"profit_abs":-0.00785898,"wins":0,"draws":0,"losses":1,"trades":1,"profit_factor":0.0},{"date":"04/11/2024","date_ts":1730678400000,"profit_abs":-0.03025366,"wins":0,"draws":0,"losses":3,"trades":3,"profit_factor":0.0},{"date":"11/11/2024","date_ts":1731283200000,"profit_abs":-0.0430728,"wins":1,"draws":0,"losses":5,"trades":6,"profit_factor":0.29916934},{"date":"18/11/2024","date_ts":1731888000000,"profit_abs":0.01696222,"wins":1,"draws":0,"losses":0,"trades":1,"profit_factor":0.0},{"date":"25/11/2024","date_ts":1732492800000,"profit_abs":0.0,"wins":0,"draws":0,"losses":0,"trades":0,"profit_factor":0.0},{"date":"02/12/2024","date_ts":1733097600000,"profit_abs":0.0,"wins":0,"draws":0,"losses":0,"trades":0,"profit_factor":0.0},{"date":"09/12/2024","date_ts":1733702400000,"profit_abs":-0.00680673,"wins":3,"draws":0,"losses":2,"trades":5,"profit_factor":0.78771386}],"month":[{"date":"31/10/2024","date_ts":1730332800000,"profit_abs":-0.19821791,"wins":1,"draws":0,"losses":21,"trades":22,"profit_factor":0.01498088},{"date":"30/11/2024","date_ts":1732924800000,"profit_abs":-0.02611058,"wins":2,"draws":0,"losses":5,"trades":7,"profit_factor":0.57515892},{"date":"31/12/2024","date_ts":1735603200000,"profit_abs":-0.00680673,"wins":3,"draws":0,"losses":2,"trades":5,"profit_factor":0.78771386}],"year":[{"date":"31/12/2024","date_ts":1735603200000,"profit_abs":-0.23113522,"wins":6,"draws":0,"losses":28,"trades":34,"profit_factor":0.21584253}]},"backtest_best_day":0.0009008942829126194,"backtest_worst_day":-0.003454884902150285,"backtest_best_day_abs":0.01759415,"backtest_worst_day_abs":-0.06841684,"winning_days":4,"draw_days":49,"losing_days":9,"daily_profit":[["2024-10-06",-0.04177651],["2024-10-07",-0.00795305],["2024-10-08",0.0],["2024-10-09",0.0],["2024-10-10",0.0],["2024-10-11",0.0],["2024-10-12",-0.02301519],["2024-10-13",0.0],["2024-10-14",-0.06841684],["2024-10-15",0.0],["2024-10-16",0.0],["2024-10-17",0.0],["2024-10-18",-0.01894368],["2024-10-19",0.0],["2024-10-20",0.0],["2024-10-21",0.0],["2024-10-22",0.0],["2024-10-23",0.0],["2024-10-24",0.0],["2024-10-25",0.0],["2024-10-26",0.0],["2024-10-27",0.0],["2024-10-28",-0.00785898],["2024-10-29",-0.03025366],["2024-10-30",0.0],["2024-10-31",0.0],["2024-11-01",0.0],["2024-11-02",0.0],["2024-11-03",0.0],["2024-11-04",0.0],["2024-11-05",0.0],["2024-11-06",0.0],["2024-11-07",0.0],["2024-11-08",0.0],["2024-11-09",0.0],["2024-11-10",-0.06066695],["2024-11-11",0.01759415],["2024-11-12",0.0],["2024-11-13",0.01696222],["2024-11-14",0.0],["2024-11-15",0.0],["2024-11-16",0.0],["2024-11-17",0.0],["2024-11-18",0.0],["2024-11-19",0.0],["2024-11-20",0.0],["2024-11-21",0.0],["2024-11-22",0.0],["2024-11-23",0.0],["2024-11-24",0.0],["2024-11-25",0.0],["2024-11-26",0.0],["2024-11-27",0.0],["2024-11-28",0.0],["2024-11-29",0.0],["2024-11-30",0.0],["2024-12-01",0.0],["2024-12-02",0.0],["2024-12-03",0.0],["2024-12-04",0.00856928],["2024-12-05",0.00902957],["2024-12-06",-0.02440558]],"wins":6,"losses":28,"draws":0,"winrate":0.17647058823529413,"holding_avg":"0:17:00","holding_avg_s":1020.0,"winner_holding_min":"0d 00:01","winner_holding_min_s":60.0,"winner_holding_max":"0d 03:30","winner_holding_max_s":12600.0,"winner_holding_avg":"0d 01:03","winner_holding_avg_s":3780.0,"loser_holding_min":"0d 00:00","loser_holding_min_s":0.0,"loser_holding_max":"0d 02:19","loser_holding_max_s":8340.0,"loser_holding_avg":"0d 00:08","loser_holding_avg_s":480.0,"max_consecutive_wins":4,"max_consecutive_losses":14,"max_drawdown_account":0.00025888485999996645,"max_relative_drawdown":0.00025888485999996645,"max_drawdown_abs":0.25888486,"drawdown_start":"2024-10-06 09:47:00","drawdown_start_ts":1728208020000.0,"drawdown_end":"2024-11-10 04:58:00","drawdown_end_ts":1731214680000.0,"max_drawdown_low":-0.25888486,"max_drawdown_high":-0.00795171,"csum_min":999.74111514,"csum_max":999.99204829}},"strategy_comparison":[{"key":"MultiHorizonMomentum","trades":34,"profit_mean":-0.0003451090934482593,"profit_mean_pct":-0.03,"profit_sum":-0.011733709177240816,"profit_sum_pct":-1.17,"profit_total_abs":-0.23113522000000003,"profit_total":-0.00023113522000000003,"profit_total_pct":-0.02,"duration_avg":"0:17:00","wins":6,"draws":0,"losses":28,"winrate":0.17647058823529413,"cagr":-0.0012046182440907938,"expectancy":-0.00679809470588235,"expectancy_ratio":-0.6457767367372678,"sortino":-9.663862198568081,"sharpe":-6.13642931756048,"calmar":-24.367325623294025,"sqn":-3.7988,"profit_factor":0.21584253396188915,"max_drawdown_account":0.00025888485999996645,"max_drawdown_abs":"0.259"}]}