{"strategy":{"MultiHorizonMomentum":{"trades":[{"pair":"BTC/USDT","stake_amount":19.6435085,"max_stake_amount":19.6435085,"amount":0.00035,"open_date":"2024-09-09 16:21:00+00:00","close_date":"2024-09-09 16:22:00+00:00","open_rate":56124.31,"close_rate":56181.11,"fee_open":0.0002,"fee_close":0.0002,"trade_duration":1,"profit_ratio":0.0006117143867985025,"profit_abs":0.01201862,"exit_reason":"custom_exit","initial_stop_loss_abs":39287.02,"initial_stop_loss_ratio":-0.3,"stop_loss_abs":39287.02,"stop_loss_ratio":-0.3,"min_rate":56124.31,"max_rate":56258.0,"is_open":false,"enter_tag":"","leverage":1.0,"is_short":false,"open_timestamp":1725898860000,"close_timestamp":1725898920000,"orders":[{"amount":0.00035,"safe_price":56124.31,"ft_order_side":"buy","order_filled_timestamp":1725898860000,"ft_is_entry":true,"ft_order_tag":"","cost":19.647437201699997},{"amount":0.00035,"safe_price":56181.11,"ft_order_side":"sell","order_filled_timestamp":1725898920000,"ft_is_entry":false,"ft_order_tag":"custom_exit","cost":19.6673211777}],"funding_fees":0.0},{"pair":"BTC/USDT","stake_amount":19.8790368,"max_stake_amount":19.8790368,"amount":0.00032,"open_date":"2024-09-19 00:03:00+00:00","close_date":"2024-09-19 00:21:00+00:00","open_rate":62121.99,"close_rate":62091.4,"fee_open":0.0002,"fee_close":0.0002,"trade_duration":18,"profit_ratio":-0.0008921414651939535,"profit_abs":-0.01773846,"exit_reason":"custom_exit","initial_stop_loss_abs":43485.4,"initial_stop_loss_ratio":-0.3,"stop_loss_abs":43485.4,"stop_loss_ratio":-0.3,"min_rate":61746.0,"max_rate":62352.33,"is_open":false,"enter_tag":"","leverage":1.0,"is_short":false,"open_timestamp":1726704180000,"close_timestamp":1726705260000,"orders":[{"amount":0.00032,"safe_price":62121.99,"ft_order_side":"buy","order_filled_timestamp":1726704180000,"ft_is_entry":true,"ft_order_tag":"","cost":19.88301260736},{"amount":0.00032,"safe_price":62091.4,"ft_order_side":"sell","order_filled_timestamp":1726705260000,"ft_is_entry":false,"ft_order_tag":"custom_exit","cost":19.873221849600004}],"funding_fees":0.0},{"pair":"BTC/USDT","stake_amount":19.8522171,"max_stake_amount":19.8522171,"amount":0.00031,"open_date":"2024-09-20 04:09:00+00:00","close_date":"2024-09-20 04:09:00+00:00","open_rate":64039.41,"close_rate":64039.41,"fee_open":0.0002,"fee_close":0.0002,"trade_duration":0,"profit_ratio":-0.0003999201751411477,"profit_abs":-0.00794089,"exit_reason":"custom_exit","initial_stop_loss_abs":44827.59,"initial_stop_loss_ratio":-0.3,"stop_loss_abs":44827.59,"stop_loss_ratio":-0.3,"min_rate":64006.88,"max_rate":64133.32,"is_open":false,"enter_tag":"","leverage":1.0,"is_short":false,"open_timestamp":1726805340000,"close_timestamp":1726805340000,"orders":[{"amount":0.00031,"safe_price":64039.41,"ft_order_side":"buy","order_filled_timestamp":1726805340000,"ft_is_entry":true,"ft_order_tag":"","cost":19.85618754342},{"amount":0.00031,"safe_price":64039.41,"ft_order_side":"sell","order_filled_timestamp":1726805340000,"ft_is_entry":false,"ft_order_tag":"custom_exit","cost":19.85618754342}],"funding_fees":0.0}],"locks":[],"best_pair":{"key":"BTC/USDT","trades":3,"profit_mean":-0.0002267824178455329,"profit_mean_pct":-0.02,"profit_sum":-0.0006803472535365987,"profit_sum_pct":-0.07,"profit_total_abs":-0.013660730000000001,"profit_total":-1.3660730000000002e-05,"profit_total_pct":-0.0,"duration_avg":"0:06:00","wins":1,"draws":0,"losses":2,"winrate":0.3333333333333333,"cagr":-0.00017192316805725305,"expectancy":-0.004553576666666668,"expectancy_ratio":-0.3546489040156131,"sortino":-1.8371049302384874,"sharpe":-0.7268191527201138,"calmar":-35.046409812666525,"sqn":-0.5201,"profit_factor":0.4680266439765804,"max_drawdown_account":2.5679041373378298e-05,"max_drawdown_abs":0.025679350000000004},"worst_pair":{"key":"BTC/USDT","trades":3,"profit_mean":-0.0002267824178455329,"profit_mean_pct":-0.02,"profit_sum":-0.0006803472535365987,"profit_sum_pct":-0.07,"profit_total_abs":-0.013660730000000001,"profit_total":-1.3660730000000002e-05,"profit_total_pct":-0.0,"duration_avg":"0:06:00","wins":1,"draws":0,"losses":2,"winrate":0.3333333333333333,"cagr":-0.00017192316805725305,"expectancy":-0.004553576666666668,"expectancy_ratio":-0.3546489040156131,"sortino":-1.8371049302384874,"sharpe":-0.7268191527201138,"calmar":-35.046409812666525,"sqn":-0.5201,"profit_factor":0.4680266439765804,"max_drawdown_account":2.5679041373378298e-05,"max_drawdown_abs":0.025679350000000004},"results_per_pair":[{"key":"BTC/USDT","trades":3,"profit_mean":-0.0002267824178455329,"profit_mean_pct":-0.02,"profit_sum":-0.0006803472535365987,"profit_sum_pct":-0.07,"profit_total_abs":-0.013660730000000001,"profit_total":-1.3660730000000002e-05,"profit_total_pct":-0.0,"duration_avg":"0:06:00","wins":1,"draws":0,"losses":2,"winrate":0.3333333333333333,"cagr":-0.00017192316805725305,"expectancy":-0.004553576666666668,"expectancy_ratio":-0.3546489040156131,"sortino":-1.8371049302384874,"sharpe":-0.7268191527201138,"calmar":-35.046409812666525,"sqn":-0.5201,"profit_factor":0.4680266439765804,"max_drawdown_account":2.5679041373378298e-05,"max_drawdown_abs":0.025679350000000004},{"key":"TOTAL","trades":3,"profit_mean":-0.0002267824178455329,"profit_mean_pct":-0.02,"profit_sum":-0.0006803472535365987,"profit_sum_pct":-0.07,"profit_total_abs":-0.013660730000000001,"profit_total":-1.3660730000000002e-05,"profit_total_pct":-0.0,"duration_avg":"0:06:00","wins":1,"draws":0,"losses":2,"winrate":0.3333333333333333,"cagr":-0.00017192316805725305,"expectancy":-0.004553576666666668,"expectancy_ratio":-0.3546489040156131,"sortino":-1.8371049302384874,"sharpe":-0.7268191527201138,"calmar":-35.046409812666525,"sqn":-0.5201,"profit_factor":0.4680266439765804,"max_drawdown_account":2.5679041373378298e-05,"max_drawdown_abs":0.025679350000000004}],"results_per_enter_tag":[{"key":"","trades":3,"profit_mean":-0.0002267824178455329,"profit_mean_pct":-0.02,"profit_sum":-0.0006803472535365987,"profit_sum_pct":-0.07,"profit_total_abs":-0.013660730000000001,"profit_total":-1.3660730000000002e-05,"profit_total_pct":-0.0,"duration_avg":"0:06:00","wins":1,"draws":0,"losses":2,"winrate":0.3333333333333333,"cagr":-0.00017192316805725305,"expectancy":-0.004553576666666668,"expectancy_ratio":-0.3546489040156131,"sortino":-1.8371049302384874,"sharpe":-0.7268191527201138,"calmar":-35.046409812666525,"sqn":-0.5201,"profit_factor":0.4680266439765804,"max_drawdown_account":2.5679041373378298e-05,"max_drawdown_abs":0.025679350000000004},{"key":"TOTAL","trades":3,"profit_mean":-0.0002267824178455329,"profit_mean_pct":-0.02,"profit_sum":-0.0006803472535365987,"profit_sum_pct":-0.07,"profit_total_abs":-0.013660730000000001,"profit_total":-1.3660730000000002e-05,"profit_total_pct":-0.0,"duration_avg":"0:06:00","wins":1,"draws":0,"losses":2,"winrate":0.3333333333333333,"cagr":-0.00017192316805725305,"expectancy":-0.004553576666666668,"expectancy_ratio":-0.3546489040156131,"sortino":-1.8371049302384874,"sharpe":-0.7268191527201138,"calmar":-35.046409812666525,"sqn":-0.5201,"profit_factor":0.4680266439765804,"max_drawdown_account":2.5679041373378298e-05,"max_drawdown_abs":0.025679350000000004}],"exit_reason_summary":[{"key":"custom_exit","trades":3,"profit_mean":-0.0002267824178455329,"profit_mean_pct":-0.02,"profit_sum":-0.0006803472535365987,"profit_sum_pct":-0.07,"profit_total_abs":-0.013660730000000001,"profit_total":-1.3660730000000002e-05,"profit_total_pct":-0.0,"duration_avg":"0:06:00","wins":1,"draws":0,"losses":2,"winrate":0.3333333333333333,"cagr":-0.00017192316805725305,"expectancy":-0.004553576666666668,"expectancy_ratio":-0.3546489040156131,"sortino":-1.8371049302384874,"sharpe":-0.7268191527201138,"calmar":-35.046409812666525,"sqn":-0.5201,"profit_factor":0.4680266439765804,"max_drawdown_account":2.5679041373378298e-05,"max_drawdown_abs":0.025679350000000004},{"key":"TOTAL","trades":3,"profit_mean":-0.0002267824178455329,"profit_mean_pct":-0.02,"profit_sum":-0.0006803472535365987,"profit_sum_pct":-0.07,"profit_total_abs":-0.013660730000000001,"profit_total":-1.3660730000000002e-05,"profit_total_pct":-0.0,"duration_avg":"0:06:00","wins":1,"draws":0,"losses":2,"winrate":0.3333333333333333,"cagr":-0.00017192316805725305,"expectancy":-0.004553576666666668,"expectancy_ratio":-0.3546489040156131,"sortino":-1.8371049302384874,"sharpe":-0.7268191527201138,"calmar":-35.046409812666525,"sqn":-0.5201,"profit_factor":0.4680266439765804,"max_drawdown_account":2.5679041373378298e-05,"max_drawdown_abs":0.025679350000000004}],"mix_tag_stats":[{"key":["","custom_exit"],"trades":3,"profit_mean":-0.0002267824178455329,"profit_mean_pct":-0.02,"profit_sum":-0.0006803472535365987,"profit_sum_pct":-0.07,"profit_total_abs":-0.013660730000000001,"profit_total":-1.3660730000000002e-05,"profit_total_pct":-0.0,"duration_avg":"0:06:00","wins":1,"draws":0,"losses":2,"winrate":0.3333333333333333,"cagr":-0.00017192316805725305,"expectancy":-0.004553576666666668,"expectancy_ratio":-0.3546489040156131,"sortino":-1.8371049302384874,"sharpe":-0.7268191527201138,"calmar":-35.046409812666525,"sqn":-0.5201,"profit_factor":0.4680266439765804,"max_drawdown_account":2.5679041373378298e-05,"max_drawdown_abs":0.025679350000000004},{"key":"TOTAL","trades":3,"profit_mean":-0.0002267824178455329,"profit_mean_pct":-0.02,"profit_sum":-0.0006803472535365987,"profit_sum_pct":-0.07,"profit_total_abs":-0.013660730000000001,"profit_total":-1.3660730000000002e-05,"profit_total_pct":-0.0,"duration_avg":"0:06:00","wins":1,"draws":0,"losses":2,"winrate":0.3333333333333333,"cagr":-0.00017192316805725305,"expectancy":-0.004553576666666668,"expectancy_ratio":-0.3546489040156131,"sortino":-1.8371049302384874,"sharpe":-0.7268191527201138,"calmar":-35.046409812666525,"sqn":-0.5201,"profit_factor":0.4680266439765804,"max_drawdown_account":2.5679041373378298e-05,"max_drawdown_abs":0.025679350000000004}],"left_open_trades":[{"key":"TOTAL","trades":0,"profit_mean":0.0,"profit_mean_pct":0.0,"profit_sum":0.0,"profit_sum_pct":0.0,"profit_total_abs":0.0,"profit_total":0.0,"profit_total_pct":0.0,"duration_avg":"0:00","wins":0,"draws":0,"losses":0,"winrate":0.0,"cagr":0.0,"expectancy":0.0,"expectancy_ratio":100.0,"sortino":0,"sharpe":0,"calmar":0,"sqn":0.0,"profit_factor":0.0,"max_drawdown_account":0.0,"max_drawdown_abs":0.0}],"total_trades":3,"trade_count_long":3,"trade_count_short":0,"total_volume":118.78336792319999,"avg_stake_amount":19.79158746666667,"profit_mean":-0.0002267824178455329,"profit_median":-0.0003999201751411477,"profit_total":-1.3660730000000002e-05,"profit_total_long":-1.3660730000000002e-05,"profit_total_short":0.0,"profit_total_abs":-0.013660730000000001,"profit_total_long_abs":-0.013660730000000001,"profit_total_short_abs":0.0,"cagr":-0.00017192316805725305,"expectancy":-0.004553576666666668,"expectancy_ratio":-0.3546489040156131,"sortino":-1.8371049302384874,"sharpe":-0.7268191527201138,"calmar":-35.046409812666525,"sqn":-0.5201,"profit_factor":0.4680266439765804,"backtest_start":"2024-09-01 00:00:00","backtest_start_ts":1725148800000,"backtest_end":"2024-09-30 00:00:00","backtest_end_ts":1727654400000,"backtest_days":29,"backtest_run_start_ts":1752178110,"backtest_run_end_ts":1752178110,"trades_per_day":0.1,"market_change":0.11249559499530426,"pairlist":["BTC/USDT"],"stake_amount":20,"stake_currency":"USDT","stake_currency_decimals":3,"starting_balance":1000,"dry_run_wallet":1000,"final_balance":999.98633927,"rejected_signals":0,"timedout_entry_orders":0,"timedout_exit_orders":0,"canceled_trade_entries":0,"canceled_entry_orders":0,"replaced_entry_orders":0,"max_open_trades":1,"max_open_trades_setting":5,"timeframe":"1m","timeframe_detail":"","timerange":"20240901-20240930","enable_protections":false,"strategy_name":"MultiHorizonMomentum","stoploss":-0.3,"trailing_stop":false,"trailing_stop_positive":null,"trailing_stop_positive_offset":0.0,"trailing_only_offset_is_reached":false,"use_custom_stoploss":false,"minimal_roi":{},"use_exit_signal":true,"exit_profit_only":false,"exit_profit_offset":0.0,"ignore_roi_if_entry_signal":false,"trading_mode":"spot","margin_mode":"","periodic_breakdown":{"day":[{"date":"09/09/2024","date_ts":1725840000000,"profit_abs":0.01201862,"wins":1,"draws":0,"losses":0,"trades":1,"profit_factor":0.0},{"date":"10/09/2024","date_ts":1725926400000,"profit_abs":0.0,"wins":0,"draws":0,"losses":0,"trades":0,"profit_factor":0.0},{"date":"11/09/2024","date_ts":1726012800000,"profit_abs":0.0,"wins":0,"draws":0,"losses":0,"trades":0,"profit_factor":0.0},{"date":"12/09/2024","date_ts":1726099200000,"profit_abs":0.0,"wins":0,"draws":0,"losses":0,"trades":0,"profit_factor":0.0},{"date":"13/09/2024","date_ts":1726185600000,"profit_abs":0.0,"wins":0,"draws":0,"losses":0,"trades":0,"profit_factor":0.0},{"date":"14/09/2024","date_ts":1726272000000,"profit_abs":0.0,"wins":0,"draws":0,"losses":0,"trades":0,"profit_factor":0.0},{"date":"15/09/2024","date_ts":1726358400000,"profit_abs":0.0,"wins":0,"draws":0,"losses":0,"trades":0,"profit_factor":0.0},{"date":"16/09/2024","date_ts":1726444800000,"profit_abs":0.0,"wins":0,"draws":0,"losses":0,"trades":0,"profit_factor":0.0},{"date":"17/09/2024","date_ts":1726531200000,"profit_abs":0.0,"wins":0,"draws":0,"losses":0,"trades":0,"profit_factor":0.0},{"date":"18/09/2024","date_ts":1726617600000,"profit_abs":0.0,"wins":0,"draws":0,"losses":0,"trades":0,"profit_factor":0.0},{"date":"19/09/2024","date_ts":1726704000000,"profit_abs":-0.01773846,"wins":0,"draws":0,"losses":1,"trades":1,"profit_factor":0.0},{"date":"20/09/2024","date_ts":1726790400000,"profit_abs":-0.00794089,"wins":0,"draws":0,"losses":1,"trades":1,"profit_factor":0.0}],"week":[{"date":"09/09/2024","date_ts":1725840000000,"profit_abs":0.01201862,"wins":1,"draws":0,"losses":0,"trades":1,"profit_factor":0.0},{"date":"16/09/2024","date_ts":1726444800000,"profit_abs":0.0,"wins":0,"draws":0,"losses":0,"trades":0,"profit_factor":0.0},{"date":"23/09/2024","date_ts":1727049600000,"profit_abs":-0.02567935,"wins":0,"draws":0,"losses":2,"trades":2,"profit_factor":0.0}],"month":[{"date":"30/09/2024","date_ts":1727654400000,"profit_abs":-0.01366073,"wins":1,"draws":0,"losses":2,"trades":3,"profit_factor":0.46802664}],"year":[{"date":"31/12/2024","date_ts":1735603200000,"profit_abs":-0.01366073,"wins":1,"draws":0,"losses":2,"trades":3,"profit_factor":0.46802664}]},"backtest_best_day":0.0006117143867985025,"backtest_worst_day":-0.0008921414651939535,"backtest_best_day_abs":0.01201862,"backtest_worst_day_abs":-0.01773846,"winning_days":1,"draw_days":9,"losing_days":2,"daily_profit":[["2024-09-09",0.01201862],["2024-09-10",0.0],["2024-09-11",0.0],["2024-09-12",0.0],["2024-09-13",0.0],["2024-09-14",0.0],["2024-09-15",0.0],["2024-09-16",0.0],["2024-09-17",0.0],["2024-09-18",0.0],["2024-09-19",-0.01773846],["2024-09-20",-0.00794089]],"wins":1,"losses":2,"draws":0,"winrate":0.3333333333333333,"holding_avg":"0:06:00","holding_avg_s":360.0,"winner_holding_min":"0d 00:01","winner_holding_min_s":60.0,"winner_holding_max":"0d 00:01","winner_holding_max_s":60.0,"winner_holding_avg":"0d 00:01","winner_holding_avg_s":60.0,"loser_holding_min":"0d 00:00","loser_holding_min_s":0.0,"loser_holding_max":"0d 00:18","loser_holding_max_s":1080.0,"loser_holding_avg":"0d 00:09","loser_holding_avg_s":540.0,"max_consecutive_wins":1,"max_consecutive_losses":2,"max_drawdown_account":2.5679041373378298e-05,"max_relative_drawdown":2.5679041373378298e-05,"max_drawdown_abs":0.025679350000000004,"drawdown_start":"2024-09-09 16:22:00","drawdown_start_ts":1725898920000.0,"drawdown_end":"2024-09-20 04:09:00","drawdown_end_ts":1726805340000.0,"max_drawdown_low":-0.013660730000000001,"max_drawdown_high":0.01201862,"csum_min":999.98633927,"csum_max":1000.01201862}},"strategy_comparison":[{"key":"MultiHorizonMomentum","trades":3,"profit_mean":-0.0002267824178455329,"profit_mean_pct":-0.02,"profit_sum":-0.0006803472535365987,"profit_sum_pct":-0.07,"profit_total_abs":-0.013660730000000001,"profit_total":-1.3660730000000002e-05,"profit_total_pct":-0.0,"duration_avg":"0:06:00","wins":1,"draws":0,"losses":2,"winrate":0.3333333333333333,"cagr":-0.00017192316805725305,"expectancy":-0.004553576666666668,"expectancy_ratio":-0.3546489040156131,"sortino":-1.8371049302384874,"sharpe":-0.7268191527201138,"calmar":-35.046409812666525,"sqn":-0.5201,"profit_factor":0.4680266439765804,"max_drawdown_account":2.5679041373378298e-05,"max_drawdown_abs":"0.026"}]}