{"strategy":{"MultiHorizonMomentum":{"trades":[{"pair":"BTC/USDT","stake_amount":19.383202,"max_stake_amount":19.383202,"amount":0.0002,"open_date":"2024-12-01 09:50:00+00:00","close_date":"2024-12-01 09:55:00+00:00","open_rate":96916.01,"close_rate":96943.58,"fee_open":0.0002,"fee_close":0.0002,"trade_duration":5,"profit_ratio":-0.00011556047414649451,"profit_abs":-0.00224038,"exit_reason":"custom_exit","initial_stop_loss_abs":67841.21,"initial_stop_loss_ratio":-0.3,"stop_loss_abs":67841.21,"stop_loss_ratio":-0.3,"min_rate":96916.0,"max_rate":97000.0,"is_open":false,"enter_tag":"","leverage":1.0,"is_short":false,"open_timestamp":1733046600000,"close_timestamp":1733046900000,"orders":[{"amount":0.0002,"safe_price":96916.01,"ft_order_side":"buy","order_filled_timestamp":1733046600000,"ft_is_entry":true,"ft_order_tag":"","cost":19.3870786404},{"amount":0.0002,"safe_price":96943.58,"ft_order_side":"sell","order_filled_timestamp":1733046900000,"ft_is_entry":false,"ft_order_tag":"custom_exit","cost":19.392593743200003}],"funding_fees":0.0},{"pair":"BTC/USDT","stake_amount":19.397602,"max_stake_amount":19.397602,"amount":0.0002,"open_date":"2024-12-01 10:01:00+00:00","close_date":"2024-12-01 10:35:00+00:00","open_rate":96988.01,"close_rate":96661.95,"fee_open":0.0002,"fee_close":0.0002,"trade_duration":34,"profit_ratio":-0.0037604344762685845,"profit_abs":-0.072958,"exit_reason":"exit_signal","initial_stop_loss_abs":67891.61,"initial_stop_loss_ratio":-0.3,"stop_loss_abs":67891.61,"stop_loss_ratio":-0.3,"min_rate":96652.94,"max_rate":97010.09,"is_open":false,"enter_tag":"","leverage":1.0,"is_short":false,"open_timestamp":1733047260000,"close_timestamp":1733049300000,"orders":[{"amount":0.0002,"safe_price":96988.01,"ft_order_side":"buy","order_filled_timestamp":1733047260000,"ft_is_entry":true,"ft_order_tag":"","cost":19.401481520399997},{"amount":0.0002,"safe_price":96661.95,"ft_order_side":"sell","order_filled_timestamp":1733049300000,"ft_is_entry":false,"ft_order_tag":"exit_signal","cost":19.336256478}],"funding_fees":0.0},{"pair":"BTC/USDT","stake_amount":19.387026,"max_stake_amount":19.387026,"amount":0.0002,"open_date":"2024-12-01 11:10:00+00:00","close_date":"2024-12-01 11:25:00+00:00","open_rate":96935.13,"close_rate":96916.02,"fee_open":0.0002,"fee_close":0.0002,"trade_duration":15,"profit_ratio":-0.0005969835318191356,"profit_abs":-0.01157605,"exit_reason":"custom_exit","initial_stop_loss_abs":67854.6,"initial_stop_loss_ratio":-0.3,"stop_loss_abs":67854.6,"stop_loss_ratio":-0.3,"min_rate":96916.01,"max_rate":96978.0,"is_open":false,"enter_tag":"","leverage":1.0,"is_short":false,"open_timestamp":1733051400000,"close_timestamp":1733052300000,"orders":[{"amount":0.0002,"safe_price":96935.13,"ft_order_side":"buy","order_filled_timestamp":1733051400000,"ft_is_entry":true,"ft_order_tag":"","cost":19.390903405200003},{"amount":0.0002,"safe_price":96916.02,"ft_order_side":"sell","order_filled_timestamp":1733052300000,"ft_is_entry":false,"ft_order_tag":"custom_exit","cost":19.3870806408}],"funding_fees":0.0},{"pair":"BTC/USDT","stake_amount":19.395116,"max_stake_amount":19.395116,"amount":0.0002,"open_date":"2024-12-01 11:30:00+00:00","close_date":"2024-12-01 11:31:00+00:00","open_rate":96975.58,"close_rate":97000.0,"fee_open":0.0002,"fee_close":0.0002,"trade_duration":1,"profit_ratio":-0.00014820458464789816,"profit_abs":-0.00287502,"exit_reason":"custom_exit","initial_stop_loss_abs":67882.91,"initial_stop_loss_ratio":-0.3,"stop_loss_abs":67882.91,"stop_loss_ratio":-0.3,"min_rate":96975.57,"max_rate":97026.54,"is_open":false,"enter_tag":"","leverage":1.0,"is_short":false,"open_timestamp":1733052600000,"close_timestamp":1733052660000,"orders":[{"amount":0.0002,"safe_price":96975.58,"ft_order_side":"buy","order_filled_timestamp":1733052600000,"ft_is_entry":true,"ft_order_tag":"","cost":19.3989950232},{"amount":0.0002,"safe_price":97000.0,"ft_order_side":"sell","order_filled_timestamp":1733052660000,"ft_is_entry":false,"ft_order_tag":"custom_exit","cost":19.40388}],"funding_fees":0.0},{"pair":"BTC/USDT","stake_amount":19.39706,"max_stake_amount":19.39706,"amount":0.0002,"open_date":"2024-12-01 11:35:00+00:00","close_date":"2024-12-01 11:36:00+00:00","open_rate":96985.3,"close_rate":96985.29,"fee_open":0.0002,"fee_close":0.0002,"trade_duration":1,"profit_ratio":-0.00040002289761287155,"profit_abs":-0.00776082,"exit_reason":"custom_exit","initial_stop_loss_abs":67889.71,"initial_stop_loss_ratio":-0.3,"stop_loss_abs":67889.71,"stop_loss_ratio":-0.3,"min_rate":96985.29,"max_rate":97085.39,"is_open":false,"enter_tag":"","leverage":1.0,"is_short":false,"open_timestamp":1733052900000,"close_timestamp":1733052960000,"orders":[{"amount":0.0002,"safe_price":96985.3,"ft_order_side":"buy","order_filled_timestamp":1733052900000,"ft_is_entry":true,"ft_order_tag":"","cost":19.400939412},{"amount":0.0002,"safe_price":96985.29,"ft_order_side":"sell","order_filled_timestamp":1733052960000,"ft_is_entry":false,"ft_order_tag":"custom_exit","cost":19.4009374116}],"funding_fees":0.0},{"pair":"BTC/USDT","stake_amount":19.400402,"max_stake_amount":19.400402,"amount":0.0002,"open_date":"2024-12-01 11:37:00+00:00","close_date":"2024-12-01 11:38:00+00:00","open_rate":97002.01,"close_rate":97035.23,"fee_open":0.0002,"fee_close":0.0002,"trade_duration":1,"profit_ratio":-5.758986575075413e-05,"profit_abs":-0.00111749,"exit_reason":"custom_exit","initial_stop_loss_abs":67901.41,"initial_stop_loss_ratio":-0.3,"stop_loss_abs":67901.41,"stop_loss_ratio":-0.3,"min_rate":96981.87,"max_rate":97048.0,"is_open":false,"enter_tag":"","leverage":1.0,"is_short":false,"open_timestamp":1733053020000,"close_timestamp":1733053080000,"orders":[{"amount":0.0002,"safe_price":97002.01,"ft_order_side":"buy","order_filled_timestamp":1733053020000,"ft_is_entry":true,"ft_order_tag":"","cost":19.404282080399998},{"amount":0.0002,"safe_price":97035.23,"ft_order_side":"sell","order_filled_timestamp":1733053080000,"ft_is_entry":false,"ft_order_tag":"custom_exit","cost":19.4109274092}],"funding_fees":0.0},{"pair":"BTC/USDT","stake_amount":19.414,"max_stake_amount":19.414,"amount":0.0002,"open_date":"2024-12-01 11:41:00+00:00","close_date":"2024-12-01 11:41:00+00:00","open_rate":97070.0,"close_rate":97070.0,"fee_open":0.0002,"fee_close":0.0002,"trade_duration":0,"profit_ratio":-0.0003999200159968006,"profit_abs":-0.0077656,"exit_reason":"custom_exit","initial_stop_loss_abs":67949.0,"initial_stop_loss_ratio":-0.3,"stop_loss_abs":67949.0,"stop_loss_ratio":-0.3,"min_rate":97069.99,"max_rate":97121.0,"is_open":false,"enter_tag":"","leverage":1.0,"is_short":false,"open_timestamp":1733053260000,"close_timestamp":1733053260000,"orders":[{"amount":0.0002,"safe_price":97070.0,"ft_order_side":"buy","order_filled_timestamp":1733053260000,"ft_is_entry":true,"ft_order_tag":"","cost":19.4178828},{"amount":0.0002,"safe_price":97070.0,"ft_order_side":"sell","order_filled_timestamp":1733053260000,"ft_is_entry":false,"ft_order_tag":"custom_exit","cost":19.4178828}],"funding_fees":0.0},{"pair":"BTC/USDT","stake_amount":19.424198,"max_stake_amount":19.424198,"amount":0.0002,"open_date":"2024-12-01 11:42:00+00:00","close_date":"2024-12-01 12:44:00+00:00","open_rate":97120.99,"close_rate":96922.16,"fee_open":0.0002,"fee_close":0.0002,"trade_duration":62,"profit_ratio":-0.002446341741096804,"profit_abs":-0.04752773,"exit_reason":"exit_signal","initial_stop_loss_abs":67984.7,"initial_stop_loss_ratio":-0.3,"stop_loss_abs":67984.7,"stop_loss_ratio":-0.3,"min_rate":96862.8,"max_rate":97140.0,"is_open":false,"enter_tag":"","leverage":1.0,"is_short":false,"open_timestamp":1733053320000,"close_timestamp":1733057040000,"orders":[{"amount":0.0002,"safe_price":97120.99,"ft_order_side":"buy","order_filled_timestamp":1733053320000,"ft_is_entry":true,"ft_order_tag":"","cost":19.428082839600002},{"amount":0.0002,"safe_price":96922.16,"ft_order_side":"sell","order_filled_timestamp":1733057040000,"ft_is_entry":false,"ft_order_tag":"exit_signal","cost":19.3883088864}],"funding_fees":0.0},{"pair":"BTC/USDT","stake_amount":19.43,"max_stake_amount":19.43,"amount":0.0002,"open_date":"2024-12-01 13:19:00+00:00","close_date":"2024-12-01 13:21:00+00:00","open_rate":97150.0,"close_rate":97164.88,"fee_open":0.0002,"fee_close":0.0002,"trade_duration":2,"profit_ratio":-0.00024681630838011497,"profit_abs":-0.0047966,"exit_reason":"custom_exit","initial_stop_loss_abs":68005.0,"initial_stop_loss_ratio":-0.3,"stop_loss_abs":68005.0,"stop_loss_ratio":-0.3,"min_rate":97144.0,"max_rate":97319.88,"is_open":false,"enter_tag":"","leverage":1.0,"is_short":false,"open_timestamp":1733059140000,"close_timestamp":1733059260000,"orders":[{"amount":0.0002,"safe_price":97150.0,"ft_order_side":"buy","order_filled_timestamp":1733059140000,"ft_is_entry":true,"ft_order_tag":"","cost":19.433885999999998},{"amount":0.0002,"safe_price":97164.88,"ft_order_side":"sell","order_filled_timestamp":1733059260000,"ft_is_entry":false,"ft_order_tag":"custom_exit","cost":19.436862595200004}],"funding_fees":0.0},{"pair":"BTC/USDT","stake_amount":19.452002,"max_stake_amount":19.452002,"amount":0.0002,"open_date":"2024-12-01 13:22:00+00:00","close_date":"2024-12-01 13:23:00+00:00","open_rate":97260.01,"close_rate":97282.24,"fee_open":0.0002,"fee_close":0.0002,"trade_duration":1,"profit_ratio":-0.000171448830583141,"profit_abs":-0.00333569,"exit_reason":"custom_exit","initial_stop_loss_abs":68082.01,"initial_stop_loss_ratio":-0.3,"stop_loss_abs":68082.01,"stop_loss_ratio":-0.3,"min_rate":97237.85,"max_rate":97388.78,"is_open":false,"enter_tag":"","leverage":1.0,"is_short":false,"open_timestamp":1733059320000,"close_timestamp":1733059380000,"orders":[{"amount":0.0002,"safe_price":97260.01,"ft_order_side":"buy","order_filled_timestamp":1733059320000,"ft_is_entry":true,"ft_order_tag":"","cost":19.4558924004},{"amount":0.0002,"safe_price":97282.24,"ft_order_side":"sell","order_filled_timestamp":1733059380000,"ft_is_entry":false,"ft_order_tag":"custom_exit","cost":19.4603392896}],"funding_fees":0.0},{"pair":"BTC/USDT","stake_amount":19.472002,"max_stake_amount":19.472002,"amount":0.0002,"open_date":"2024-12-01 13:24:00+00:00","close_date":"2024-12-01 15:40:00+00:00","open_rate":97360.01,"close_rate":97047.98,"fee_open":0.0002,"fee_close":0.0002,"trade_duration":136,"profit_ratio":-0.0036035476137857556,"profit_abs":-0.07018232,"exit_reason":"exit_signal","initial_stop_loss_abs":68152.01,"initial_stop_loss_ratio":-0.3,"stop_loss_abs":68152.01,"stop_loss_ratio":-0.3,"min_rate":96968.25,"max_rate":97360.01,"is_open":false,"enter_tag":"","leverage":1.0,"is_short":false,"open_timestamp":1733059440000,"close_timestamp":1733067600000,"orders":[{"amount":0.0002,"safe_price":97360.01,"ft_order_side":"buy","order_filled_timestamp":1733059440000,"ft_is_entry":true,"ft_order_tag":"","cost":19.4758964004},{"amount":0.0002,"safe_price":97047.98,"ft_order_side":"sell","order_filled_timestamp":1733067600000,"ft_is_entry":false,"ft_order_tag":"exit_signal","cost":19.4134779192}],"funding_fees":0.0},{"pair":"BTC/USDT","stake_amount":19.444604,"max_stake_amount":19.444604,"amount":0.0002,"open_date":"2024-12-01 16:52:00+00:00","close_date":"2024-12-01 17:11:00+00:00","open_rate":97223.02,"close_rate":97092.01,"fee_open":0.0002,"fee_close":0.0002,"trade_duration":19,"profit_ratio":-0.001746901425131222,"profit_abs":-0.0339746,"exit_reason":"exit_signal","initial_stop_loss_abs":68056.12,"initial_stop_loss_ratio":-0.3,"stop_loss_abs":68056.12,"stop_loss_ratio":-0.3,"min_rate":97052.48,"max_rate":97259.18,"is_open":false,"enter_tag":"","leverage":1.0,"is_short":false,"open_timestamp":1733071920000,"close_timestamp":1733073060000,"orders":[{"amount":0.0002,"safe_price":97223.02,"ft_order_side":"buy","order_filled_timestamp":1733071920000,"ft_is_entry":true,"ft_order_tag":"","cost":19.4484929208},{"amount":0.0002,"safe_price":97092.01,"ft_order_side":"sell","order_filled_timestamp":1733073060000,"ft_is_entry":false,"ft_order_tag":"exit_signal","cost":19.4222856804}],"funding_fees":0.0},{"pair":"BTC/USDT","stake_amount":19.468,"max_stake_amount":19.468,"amount":0.0002,"open_date":"2024-12-01 18:02:00+00:00","close_date":"2024-12-01 18:07:00+00:00","open_rate":97340.0,"close_rate":97375.55,"fee_open":0.0002,"fee_close":0.0002,"trade_duration":5,"profit_ratio":-3.485125863670496e-05,"profit_abs":-0.00067862,"exit_reason":"custom_exit","initial_stop_loss_abs":68138.0,"initial_stop_loss_ratio":-0.3,"stop_loss_abs":68138.0,"stop_loss_ratio":-0.3,"min_rate":97332.0,"max_rate":97393.41,"is_open":false,"enter_tag":"","leverage":1.0,"is_short":false,"open_timestamp":1733076120000,"close_timestamp":1733076420000,"orders":[{"amount":0.0002,"safe_price":97340.0,"ft_order_side":"buy","order_filled_timestamp":1733076120000,"ft_is_entry":true,"ft_order_tag":"","cost":19.471893599999998},{"amount":0.0002,"safe_price":97375.55,"ft_order_side":"sell","order_filled_timestamp":1733076420000,"ft_is_entry":false,"ft_order_tag":"custom_exit","cost":19.479005022}],"funding_fees":0.0},{"pair":"BTC/USDT","stake_amount":19.47887,"max_stake_amount":19.47887,"amount":0.0002,"open_date":"2024-12-01 18:09:00+00:00","close_date":"2024-12-01 18:13:00+00:00","open_rate":97394.35,"close_rate":97399.99,"fee_open":0.0002,"fee_close":0.0002,"trade_duration":4,"profit_ratio":-0.000342034086807782,"profit_abs":-0.00666377,"exit_reason":"custom_exit","initial_stop_loss_abs":68176.05,"initial_stop_loss_ratio":-0.3,"stop_loss_abs":68176.05,"stop_loss_ratio":-0.3,"min_rate":97394.35,"max_rate":97453.74,"is_open":false,"enter_tag":"","leverage":1.0,"is_short":false,"open_timestamp":1733076540000,"close_timestamp":1733076780000,"orders":[{"amount":0.0002,"safe_price":97394.35,"ft_order_side":"buy","order_filled_timestamp":1733076540000,"ft_is_entry":true,"ft_order_tag":"","cost":19.482765774},{"amount":0.0002,"safe_price":97399.99,"ft_order_side":"sell","order_filled_timestamp":1733076780000,"ft_is_entry":false,"ft_order_tag":"custom_exit","cost":19.483893999600003}],"funding_fees":0.0},{"pair":"BTC/USDT","stake_amount":19.490746,"max_stake_amount":19.490746,"amount":0.0002,"open_date":"2024-12-01 18:14:00+00:00","close_date":"2024-12-01 18:14:00+00:00","open_rate":97453.73,"close_rate":97453.73,"fee_open":0.0002,"fee_close":0.0002,"trade_duration":0,"profit_ratio":-0.00039992009807062503,"profit_abs":-0.0077963,"exit_reason":"custom_exit","initial_stop_loss_abs":68217.62,"initial_stop_loss_ratio":-0.3,"stop_loss_abs":68217.62,"stop_loss_ratio":-0.3,"min_rate":97453.73,"max_rate":97516.08,"is_open":false,"enter_tag":"","leverage":1.0,"is_short":false,"open_timestamp":1733076840000,"close_timestamp":1733076840000,"orders":[{"amount":0.0002,"safe_price":97453.73,"ft_order_side":"buy","order_filled_timestamp":1733076840000,"ft_is_entry":true,"ft_order_tag":"","cost":19.494644149200003},{"amount":0.0002,"safe_price":97453.73,"ft_order_side":"sell","order_filled_timestamp":1733076840000,"ft_is_entry":false,"ft_order_tag":"custom_exit","cost":19.494644149200003}],"funding_fees":0.0},{"pair":"BTC/USDT","stake_amount":19.501586,"max_stake_amount":19.501586,"amount":0.0002,"open_date":"2024-12-01 18:15:00+00:00","close_date":"2024-12-01 18:56:00+00:00","open_rate":97507.93,"close_rate":97112.03,"fee_open":0.0002,"fee_close":0.0002,"trade_duration":41,"profit_ratio":-0.004458478942066375,"profit_abs":-0.0869648,"exit_reason":"exit_signal","initial_stop_loss_abs":68255.56,"initial_stop_loss_ratio":-0.3,"stop_loss_abs":68255.56,"stop_loss_ratio":-0.3,"min_rate":97095.23,"max_rate":97523.41,"is_open":false,"enter_tag":"","leverage":1.0,"is_short":false,"open_timestamp":1733076900000,"close_timestamp":1733079360000,"orders":[{"amount":0.0002,"safe_price":97507.93,"ft_order_side":"buy","order_filled_timestamp":1733076900000,"ft_is_entry":true,"ft_order_tag":"","cost":19.5054863172},{"amount":0.0002,"safe_price":97112.03,"ft_order_side":"sell","order_filled_timestamp":1733079360000,"ft_is_entry":false,"ft_order_tag":"exit_signal","cost":19.426290481200002}],"funding_fees":0.0},{"pair":"BTC/USDT","stake_amount":19.47608,"max_stake_amount":19.47608,"amount":0.0002,"open_date":"2024-12-01 21:41:00+00:00","close_date":"2024-12-01 21:42:00+00:00","open_rate":97380.4,"close_rate":97400.0,"fee_open":0.0002,"fee_close":0.0002,"trade_duration":1,"profit_ratio":-0.0001987281789157693,"profit_abs":-0.00387122,"exit_reason":"custom_exit","initial_stop_loss_abs":68166.28,"initial_stop_loss_ratio":-0.3,"stop_loss_abs":68166.28,"stop_loss_ratio":-0.3,"min_rate":97380.4,"max_rate":97432.0,"is_open":false,"enter_tag":"","leverage":1.0,"is_short":false,"open_timestamp":1733089260000,"close_timestamp":1733089320000,"orders":[{"amount":0.0002,"safe_price":97380.4,"ft_order_side":"buy","order_filled_timestamp":1733089260000,"ft_is_entry":true,"ft_order_tag":"","cost":19.479975216},{"amount":0.0002,"safe_price":97400.0,"ft_order_side":"sell","order_filled_timestamp":1733089320000,"ft_is_entry":false,"ft_order_tag":"custom_exit","cost":19.483896}],"funding_fees":0.0},{"pair":"BTC/USDT","stake_amount":19.48469,"max_stake_amount":19.48469,"amount":0.0002,"open_date":"2024-12-01 21:43:00+00:00","close_date":"2024-12-01 21:47:00+00:00","open_rate":97423.45,"close_rate":97457.62,"fee_open":0.0002,"fee_close":0.0002,"trade_duration":4,"profit_ratio":-4.932322713073247e-05,"profit_abs":-0.00096124,"exit_reason":"custom_exit","initial_stop_loss_abs":68196.42,"initial_stop_loss_ratio":-0.3,"stop_loss_abs":68196.42,"stop_loss_ratio":-0.3,"min_rate":97423.44,"max_rate":97473.52,"is_open":false,"enter_tag":"","leverage":1.0,"is_short":false,"open_timestamp":1733089380000,"close_timestamp":1733089620000,"orders":[{"amount":0.0002,"safe_price":97423.45,"ft_order_side":"buy","order_filled_timestamp":1733089380000,"ft_is_entry":true,"ft_order_tag":"","cost":19.488586938},{"amount":0.0002,"safe_price":97457.62,"ft_order_side":"sell","order_filled_timestamp":1733089620000,"ft_is_entry":false,"ft_order_tag":"custom_exit","cost":19.495422304799998}],"funding_fees":0.0},{"pair":"BTC/USDT","stake_amount":19.519744,"max_stake_amount":19.519744,"amount":0.0002,"open_date":"2024-12-01 21:50:00+00:00","close_date":"2024-12-01 21:50:00+00:00","open_rate":97598.72,"close_rate":97598.72,"fee_open":0.0002,"fee_close":0.0002,"trade_duration":0,"profit_ratio":-0.00039992013892464724,"profit_abs":-0.0078079,"exit_reason":"custom_exit","initial_stop_loss_abs":68319.11,"initial_stop_loss_ratio":-0.3,"stop_loss_abs":68319.11,"stop_loss_ratio":-0.3,"min_rate":97589.2,"max_rate":97750.0,"is_open":false,"enter_tag":"","leverage":1.0,"is_short":false,"open_timestamp":1733089800000,"close_timestamp":1733089800000,"orders":[{"amount":0.0002,"safe_price":97598.72,"ft_order_side":"buy","order_filled_timestamp":1733089800000,"ft_is_entry":true,"ft_order_tag":"","cost":19.5236479488},{"amount":0.0002,"safe_price":97598.72,"ft_order_side":"sell","order_filled_timestamp":1733089800000,"ft_is_entry":false,"ft_order_tag":"custom_exit","cost":19.5236479488}],"funding_fees":0.0},{"pair":"BTC/USDT","stake_amount":19.543204,"max_stake_amount":19.543204,"amount":0.0002,"open_date":"2024-12-01 21:51:00+00:00","close_date":"2024-12-01 21:59:00+00:00","open_rate":97716.02,"close_rate":97756.7,"fee_open":0.0002,"fee_close":0.0002,"trade_duration":8,"profit_ratio":1.622183315903901e-05,"profit_abs":0.00031709,"exit_reason":"custom_exit","initial_stop_loss_abs":68401.22,"initial_stop_loss_ratio":-0.3,"stop_loss_abs":68401.22,"stop_loss_ratio":-0.3,"min_rate":97623.33,"max_rate":97780.0,"is_open":false,"enter_tag":"","leverage":1.0,"is_short":false,"open_timestamp":1733089860000,"close_timestamp":1733090340000,"orders":[{"amount":0.0002,"safe_price":97716.02,"ft_order_side":"buy","order_filled_timestamp":1733089860000,"ft_is_entry":true,"ft_order_tag":"","cost":19.5471126408},{"amount":0.0002,"safe_price":97756.7,"ft_order_side":"sell","order_filled_timestamp":1733090340000,"ft_is_entry":false,"ft_order_tag":"custom_exit","cost":19.555250267999998}],"funding_fees":0.0},{"pair":"BTC/USDT","stake_amount":19.554496,"max_stake_amount":19.554496,"amount":0.0002,"open_date":"2024-12-01 22:01:00+00:00","close_date":"2024-12-01 23:47:00+00:00","open_rate":97772.48,"close_rate":97360.22,"fee_open":0.0002,"fee_close":0.0002,"trade_duration":106,"profit_ratio":-0.004614757759421183,"profit_abs":-0.09025731,"exit_reason":"exit_signal","initial_stop_loss_abs":68440.74,"initial_stop_loss_ratio":-0.3,"stop_loss_abs":68440.74,"stop_loss_ratio":-0.3,"min_rate":97320.7,"max_rate":97814.7,"is_open":false,"enter_tag":"","leverage":1.0,"is_short":false,"open_timestamp":1733090460000,"close_timestamp":1733096820000,"orders":[{"amount":0.0002,"safe_price":97772.48,"ft_order_side":"buy","order_filled_timestamp":1733090460000,"ft_is_entry":true,"ft_order_tag":"","cost":19.5584068992},{"amount":0.0002,"safe_price":97360.22,"ft_order_side":"sell","order_filled_timestamp":1733096820000,"ft_is_entry":false,"ft_order_tag":"exit_signal","cost":19.4759384088}],"funding_fees":0.0}],"locks":[],"best_pair":{"key":"BTC/USDT","trades":21,"profit_mean":-0.0011512173153349695,"profit_mean_pct":-0.12,"profit_sum":-0.02417556362203436,"profit_sum_pct":-2.42,"profit_total_abs":-0.4707943699999999,"profit_total":-0.0004707943699999999,"profit_total_pct":-0.05,"duration_avg":"0:21:00","wins":1,"draws":0,"losses":20,"winrate":0.047619047619047616,"cagr":-0.15792012716509896,"expectancy":-0.02241877952380952,"expectancy_ratio":-0.9517399353354522,"sortino":-293.686964932881,"sharpe":-296.6782655736747,"calmar":-1910.4973174541922,"sqn":-3.307,"profit_factor":0.000673067897775189,"max_drawdown_account":0.00047079437000002147,"max_drawdown_abs":0.47079436999999996},"worst_pair":{"key":"BTC/USDT","trades":21,"profit_mean":-0.0011512173153349695,"profit_mean_pct":-0.12,"profit_sum":-0.02417556362203436,"profit_sum_pct":-2.42,"profit_total_abs":-0.4707943699999999,"profit_total":-0.0004707943699999999,"profit_total_pct":-0.05,"duration_avg":"0:21:00","wins":1,"draws":0,"losses":20,"winrate":0.047619047619047616,"cagr":-0.15792012716509896,"expectancy":-0.02241877952380952,"expectancy_ratio":-0.9517399353354522,"sortino":-293.686964932881,"sharpe":-296.6782655736747,"calmar":-1910.4973174541922,"sqn":-3.307,"profit_factor":0.000673067897775189,"max_drawdown_account":0.00047079437000002147,"max_drawdown_abs":0.47079436999999996},"results_per_pair":[{"key":"BTC/USDT","trades":21,"profit_mean":-0.0011512173153349695,"profit_mean_pct":-0.12,"profit_sum":-0.02417556362203436,"profit_sum_pct":-2.42,"profit_total_abs":-0.4707943699999999,"profit_total":-0.0004707943699999999,"profit_total_pct":-0.05,"duration_avg":"0:21:00","wins":1,"draws":0,"losses":20,"winrate":0.047619047619047616,"cagr":-0.15792012716509896,"expectancy":-0.02241877952380952,"expectancy_ratio":-0.9517399353354522,"sortino":-293.686964932881,"sharpe":-296.6782655736747,"calmar":-1910.4973174541922,"sqn":-3.307,"profit_factor":0.000673067897775189,"max_drawdown_account":0.00047079437000002147,"max_drawdown_abs":0.47079436999999996},{"key":"TOTAL","trades":21,"profit_mean":-0.0011512173153349695,"profit_mean_pct":-0.12,"profit_sum":-0.02417556362203436,"profit_sum_pct":-2.42,"profit_total_abs":-0.4707943699999999,"profit_total":-0.0004707943699999999,"profit_total_pct":-0.05,"duration_avg":"0:21:00","wins":1,"draws":0,"losses":20,"winrate":0.047619047619047616,"cagr":-0.15792012716509896,"expectancy":-0.02241877952380952,"expectancy_ratio":-0.9517399353354522,"sortino":-293.686964932881,"sharpe":-296.6782655736747,"calmar":-1910.4973174541922,"sqn":-3.307,"profit_factor":0.000673067897775189,"max_drawdown_account":0.00047079437000002147,"max_drawdown_abs":0.47079436999999996}],"results_per_enter_tag":[{"key":"","trades":21,"profit_mean":-0.0011512173153349695,"profit_mean_pct":-0.12,"profit_sum":-0.02417556362203436,"profit_sum_pct":-2.42,"profit_total_abs":-0.4707943699999999,"profit_total":-0.0004707943699999999,"profit_total_pct":-0.05,"duration_avg":"0:21:00","wins":1,"draws":0,"losses":20,"winrate":0.047619047619047616,"cagr":-0.15792012716509896,"expectancy":-0.02241877952380952,"expectancy_ratio":-0.9517399353354522,"sortino":-293.686964932881,"sharpe":-296.6782655736747,"calmar":-1910.4973174541922,"sqn":-3.307,"profit_factor":0.000673067897775189,"max_drawdown_account":0.00047079437000002147,"max_drawdown_abs":0.47079436999999996},{"key":"TOTAL","trades":21,"profit_mean":-0.0011512173153349695,"profit_mean_pct":-0.12,"profit_sum":-0.02417556362203436,"profit_sum_pct":-2.42,"profit_total_abs":-0.4707943699999999,"profit_total":-0.0004707943699999999,"profit_total_pct":-0.05,"duration_avg":"0:21:00","wins":1,"draws":0,"losses":20,"winrate":0.047619047619047616,"cagr":-0.15792012716509896,"expectancy":-0.02241877952380952,"expectancy_ratio":-0.9517399353354522,"sortino":-293.686964932881,"sharpe":-296.6782655736747,"calmar":-1910.4973174541922,"sqn":-3.307,"profit_factor":0.000673067897775189,"max_drawdown_account":0.00047079437000002147,"max_drawdown_abs":0.47079436999999996}],"exit_reason_summary":[{"key":"custom_exit","trades":15,"profit_mean":-0.00023634011095096218,"profit_mean_pct":-0.02,"profit_sum":-0.0035451016642644327,"profit_sum_pct":-0.35,"profit_total_abs":-0.06892960999999999,"profit_total":-6.892960999999999e-05,"profit_total_pct":-0.01,"duration_avg":"0:03:00","wins":1,"draws":0,"losses":14,"winrate":0.06666666666666667,"cagr":-0.02484629553165818,"expectancy":-0.004595307333333334,"expectancy_ratio":-0.9290594738329288,"sortino":-411.7281226370997,"sharpe":-392.24231646520207,"calmar":-1901.748891978314,"sqn":-5.1213,"profit_factor":0.004579135179004921,"max_drawdown_account":6.924670000000788e-05,"max_drawdown_abs":0.0692467},{"key":"exit_signal","trades":6,"profit_mean":-0.003438410326294987,"profit_mean_pct":-0.34,"profit_sum":-0.02063046195776992,"profit_sum_pct":-2.06,"profit_total_abs":-0.40186475999999993,"profit_total":-0.00040186475999999993,"profit_total_pct":-0.04,"duration_avg":"1:06:00","wins":0,"draws":0,"losses":6,"winrate":0.0,"cagr":-0.1364557330857875,"expectancy":-0.06697745999999999,"expectancy_ratio":-1.0,"sortino":-379.5591137339042,"sharpe":-379.5591137339042,"calmar":-1910.4973174544377,"sqn":-7.404,"profit_factor":0.0,"max_drawdown_account":0.00040186475999996675,"max_drawdown_abs":0.40186475999999993},{"key":"TOTAL","trades":21,"profit_mean":-0.0011512173153349695,"profit_mean_pct":-0.12,"profit_sum":-0.02417556362203436,"profit_sum_pct":-2.42,"profit_total_abs":-0.4707943699999999,"profit_total":-0.0004707943699999999,"profit_total_pct":-0.05,"duration_avg":"0:21:00","wins":1,"draws":0,"losses":20,"winrate":0.047619047619047616,"cagr":-0.15792012716509896,"expectancy":-0.02241877952380952,"expectancy_ratio":-0.9517399353354522,"sortino":-293.686964932881,"sharpe":-296.6782655736747,"calmar":-1910.4973174541922,"sqn":-3.307,"profit_factor":0.000673067897775189,"max_drawdown_account":0.00047079437000002147,"max_drawdown_abs":0.47079436999999996}],"mix_tag_stats":[{"key":["","custom_exit"],"trades":15,"profit_mean":-0.00023634011095096218,"profit_mean_pct":-0.02,"profit_sum":-0.0035451016642644327,"profit_sum_pct":-0.35,"profit_total_abs":-0.06892960999999999,"profit_total":-6.892960999999999e-05,"profit_total_pct":-0.01,"duration_avg":"0:03:00","wins":1,"draws":0,"losses":14,"winrate":0.06666666666666667,"cagr":-0.02484629553165818,"expectancy":-0.004595307333333334,"expectancy_ratio":-0.9290594738329288,"sortino":-411.7281226370997,"sharpe":-392.24231646520207,"calmar":-1901.748891978314,"sqn":-5.1213,"profit_factor":0.004579135179004921,"max_drawdown_account":6.924670000000788e-05,"max_drawdown_abs":0.0692467},{"key":["","exit_signal"],"trades":6,"profit_mean":-0.003438410326294987,"profit_mean_pct":-0.34,"profit_sum":-0.02063046195776992,"profit_sum_pct":-2.06,"profit_total_abs":-0.40186475999999993,"profit_total":-0.00040186475999999993,"profit_total_pct":-0.04,"duration_avg":"1:06:00","wins":0,"draws":0,"losses":6,"winrate":0.0,"cagr":-0.1364557330857875,"expectancy":-0.06697745999999999,"expectancy_ratio":-1.0,"sortino":-379.5591137339042,"sharpe":-379.5591137339042,"calmar":-1910.4973174544377,"sqn":-7.404,"profit_factor":0.0,"max_drawdown_account":0.00040186475999996675,"max_drawdown_abs":0.40186475999999993},{"key":"TOTAL","trades":21,"profit_mean":-0.0011512173153349695,"profit_mean_pct":-0.12,"profit_sum":-0.02417556362203436,"profit_sum_pct":-2.42,"profit_total_abs":-0.4707943699999999,"profit_total":-0.0004707943699999999,"profit_total_pct":-0.05,"duration_avg":"0:21:00","wins":1,"draws":0,"losses":20,"winrate":0.047619047619047616,"cagr":-0.15792012716509896,"expectancy":-0.02241877952380952,"expectancy_ratio":-0.9517399353354522,"sortino":-293.686964932881,"sharpe":-296.6782655736747,"calmar":-1910.4973174541922,"sqn":-3.307,"profit_factor":0.000673067897775189,"max_drawdown_account":0.00047079437000002147,"max_drawdown_abs":0.47079436999999996}],"left_open_trades":[{"key":"TOTAL","trades":0,"profit_mean":0.0,"profit_mean_pct":0.0,"profit_sum":0.0,"profit_sum_pct":0.0,"profit_total_abs":0.0,"profit_total":0.0,"profit_total_pct":0.0,"duration_avg":"0:00","wins":0,"draws":0,"losses":0,"winrate":0.0,"cagr":0.0,"expectancy":0.0,"expectancy_ratio":100.0,"sortino":0,"sharpe":0,"calmar":0,"sqn":0.0,"profit_factor":0.0,"max_drawdown_account":0.0,"max_drawdown_abs":0.0}],"total_trades":21,"trade_count_long":21,"trade_count_short":0,"total_volume":816.885154362,"avg_stake_amount":19.45307761904762,"profit_mean":-0.0011512173153349695,"profit_median":-0.0003999200159968006,"profit_total":-0.0004707943699999999,"profit_total_long":-0.0004707943699999999,"profit_total_short":0.0,"profit_total_abs":-0.4707943699999999,"profit_total_long_abs":-0.4707943699999999,"profit_total_short_abs":0.0,"cagr":-0.15792012716509896,"expectancy":-0.02241877952380952,"expectancy_ratio":-0.9517399353354522,"sortino":-293.686964932881,"sharpe":-296.6782655736747,"calmar":-1910.4973174541922,"sqn":-3.307,"profit_factor":0.000673067897775189,"backtest_start":"2024-12-01 00:00:00","backtest_start_ts":1733011200000,"backtest_end":"2024-12-02 00:00:00","backtest_end_ts":1733097600000,"backtest_days":1,"backtest_run_start_ts":1752170628,"backtest_run_end_ts":1752170628,"trades_per_day":21.0,"market_change":0.00873547356188262,"pairlist":["BTC/USDT"],"stake_amount":20,"stake_currency":"USDT","stake_currency_decimals":3,"starting_balance":1000,"dry_run_wallet":1000,"final_balance":999.52920563,"rejected_signals":0,"timedout_entry_orders":0,"timedout_exit_orders":0,"canceled_trade_entries":0,"canceled_entry_orders":0,"replaced_entry_orders":0,"max_open_trades":1,"max_open_trades_setting":5,"timeframe":"1m","timeframe_detail":"","timerange":"20241201-20241202","enable_protections":false,"strategy_name":"MultiHorizonMomentum","stoploss":-0.3,"trailing_stop":false,"trailing_stop_positive":null,"trailing_stop_positive_offset":0.0,"trailing_only_offset_is_reached":false,"use_custom_stoploss":false,"minimal_roi":{},"use_exit_signal":true,"exit_profit_only":false,"exit_profit_offset":0.0,"ignore_roi_if_entry_signal":false,"trading_mode":"spot","margin_mode":"","periodic_breakdown":{"day":[{"date":"01/12/2024","date_ts":1733011200000,"profit_abs":-0.47079437,"wins":1,"draws":0,"losses":20,"trades":21,"profit_factor":0.00067307}],"week":[{"date":"02/12/2024","date_ts":1733097600000,"profit_abs":-0.47079437,"wins":1,"draws":0,"losses":20,"trades":21,"profit_factor":0.00067307}],"month":[{"date":"31/12/2024","date_ts":1735603200000,"profit_abs":-0.47079437,"wins":1,"draws":0,"losses":20,"trades":21,"profit_factor":0.00067307}],"year":[{"date":"31/12/2024","date_ts":1735603200000,"profit_abs":-0.47079437,"wins":1,"draws":0,"losses":20,"trades":21,"profit_factor":0.00067307}]},"backtest_best_day":-0.024175563622034355,"backtest_worst_day":-0.024175563622034355,"backtest_best_day_abs":-0.47079437,"backtest_worst_day_abs":-0.47079437,"winning_days":0,"draw_days":0,"losing_days":1,"daily_profit":[["2024-12-01",-0.47079437]],"wins":1,"losses":20,"draws":0,"winrate":0.047619047619047616,"holding_avg":"0:21:00","holding_avg_s":1260.0,"winner_holding_min":"0d 00:08","winner_holding_min_s":480.0,"winner_holding_max":"0d 00:08","winner_holding_max_s":480.0,"winner_holding_avg":"0d 00:08","winner_holding_avg_s":480.0,"loser_holding_min":"0d 00:00","loser_holding_min_s":0.0,"loser_holding_max":"0d 02:16","loser_holding_max_s":8160.0,"loser_holding_avg":"0d 00:22","loser_holding_avg_s":1320.0,"max_consecutive_wins":1,"max_consecutive_losses":19,"max_drawdown_account":0.00047079437000002147,"max_relative_drawdown":0.00047079437000002147,"max_drawdown_abs":0.47079436999999996,"drawdown_start":"2024-12-01 09:55:00","drawdown_start_ts":1733046900000.0,"drawdown_end":"2024-12-01 23:47:00","drawdown_end_ts":1733096820000.0,"max_drawdown_low":-0.47079436999999996,"max_drawdown_high":-0.00224038,"csum_min":999.52920563,"csum_max":999.99775962}},"strategy_comparison":[{"key":"MultiHorizonMomentum","trades":21,"profit_mean":-0.0011512173153349695,"profit_mean_pct":-0.12,"profit_sum":-0.02417556362203436,"profit_sum_pct":-2.42,"profit_total_abs":-0.4707943699999999,"profit_total":-0.0004707943699999999,"profit_total_pct":-0.05,"duration_avg":"0:21:00","wins":1,"draws":0,"losses":20,"winrate":0.047619047619047616,"cagr":-0.15792012716509896,"expectancy":-0.02241877952380952,"expectancy_ratio":-0.9517399353354522,"sortino":-293.686964932881,"sharpe":-296.6782655736747,"calmar":-1910.4973174541922,"sqn":-3.307,"profit_factor":0.000673067897775189,"max_drawdown_account":0.00047079437000002147,"max_drawdown_abs":"0.471"}]}