{"strategy":{"MultiHorizonMomentum":{"trades":[{"pair":"BTC/USDT","stake_amount":19.131646,"max_stake_amount":19.131646,"amount":0.0002,"open_date":"2025-01-02 04:39:00+00:00","close_date":"2025-01-02 04:39:00+00:00","open_rate":95658.23,"close_rate":95658.23,"fee_open":0.0002,"fee_close":0.0002,"trade_duration":0,"profit_ratio":-0.0003999200996111465,"profit_abs":-0.00765266,"exit_reason":"custom_exit","initial_stop_loss_abs":66960.77,"initial_stop_loss_ratio":-0.3,"stop_loss_abs":66960.77,"stop_loss_ratio":-0.3,"min_rate":95658.23,"max_rate":95768.79,"is_open":false,"enter_tag":"","leverage":1.0,"is_short":false,"open_timestamp":1735792740000,"close_timestamp":1735792740000,"orders":[{"amount":0.0002,"safe_price":95658.23,"ft_order_side":"buy","order_filled_timestamp":1735792740000,"ft_is_entry":true,"ft_order_tag":"","cost":19.1354723292},{"amount":0.0002,"safe_price":95658.23,"ft_order_side":"sell","order_filled_timestamp":1735792740000,"ft_is_entry":false,"ft_order_tag":"custom_exit","cost":19.1354723292}],"funding_fees":0.0},{"pair":"BTC/USDT","stake_amount":19.17879,"max_stake_amount":19.17879,"amount":0.0002,"open_date":"2025-01-02 04:42:00+00:00","close_date":"2025-01-02 04:42:00+00:00","open_rate":95893.95,"close_rate":95893.95,"fee_open":0.0002,"fee_close":0.0002,"trade_duration":0,"profit_ratio":-0.0003999202245188273,"profit_abs":-0.00767152,"exit_reason":"custom_exit","initial_stop_loss_abs":67125.77,"initial_stop_loss_ratio":-0.3,"stop_loss_abs":67125.77,"stop_loss_ratio":-0.3,"min_rate":95883.11,"max_rate":95970.0,"is_open":false,"enter_tag":"","leverage":1.0,"is_short":false,"open_timestamp":1735792920000,"close_timestamp":1735792920000,"orders":[{"amount":0.0002,"safe_price":95893.95,"ft_order_side":"buy","order_filled_timestamp":1735792920000,"ft_is_entry":true,"ft_order_tag":"","cost":19.182625758},{"amount":0.0002,"safe_price":95893.95,"ft_order_side":"sell","order_filled_timestamp":1735792920000,"ft_is_entry":false,"ft_order_tag":"custom_exit","cost":19.182625758}],"funding_fees":0.0},{"pair":"BTC/USDT","stake_amount":19.66822,"max_stake_amount":19.66822,"amount":0.0002,"open_date":"2025-01-04 07:17:00+00:00","close_date":"2025-01-04 20:00:00+00:00","open_rate":98341.1,"close_rate":98166.26,"fee_open":0.0002,"fee_close":0.0002,"trade_duration":763,"profit_ratio":-0.0021771022519978442,"profit_abs":-0.04282829,"exit_reason":"custom_exit","initial_stop_loss_abs":68838.77,"initial_stop_loss_ratio":-0.3,"stop_loss_abs":68838.77,"stop_loss_ratio":-0.3,"min_rate":97514.79,"max_rate":98490.0,"is_open":false,"enter_tag":"","leverage":1.0,"is_short":false,"open_timestamp":1735975020000,"close_timestamp":1736020800000,"orders":[{"amount":0.0002,"safe_price":98341.1,"ft_order_side":"buy","order_filled_timestamp":1735975020000,"ft_is_entry":true,"ft_order_tag":"","cost":19.672153644},{"amount":0.0002,"safe_price":98166.26,"ft_order_side":"sell","order_filled_timestamp":1736020800000,"ft_is_entry":false,"ft_order_tag":"custom_exit","cost":19.6371786504}],"funding_fees":0.0},{"pair":"BTC/USDT","stake_amount":19.704618,"max_stake_amount":19.704618,"amount":0.0002,"open_date":"2025-01-04 20:37:00+00:00","close_date":"2025-01-04 20:41:00+00:00","open_rate":98523.09,"close_rate":98550.0,"fee_open":0.0002,"fee_close":0.0002,"trade_duration":4,"profit_ratio":-0.0001268951225553724,"profit_abs":-0.00250092,"exit_reason":"custom_exit","initial_stop_loss_abs":68966.17,"initial_stop_loss_ratio":-0.3,"stop_loss_abs":68966.17,"stop_loss_ratio":-0.3,"min_rate":98468.0,"max_rate":98613.27,"is_open":false,"enter_tag":"","leverage":1.0,"is_short":false,"open_timestamp":1736023020000,"close_timestamp":1736023260000,"orders":[{"amount":0.0002,"safe_price":98523.09,"ft_order_side":"buy","order_filled_timestamp":1736023020000,"ft_is_entry":true,"ft_order_tag":"","cost":19.7085589236},{"amount":0.0002,"safe_price":98550.0,"ft_order_side":"sell","order_filled_timestamp":1736023260000,"ft_is_entry":false,"ft_order_tag":"custom_exit","cost":19.713942}],"funding_fees":0.0},{"pair":"BTC/USDT","stake_amount":19.722654,"max_stake_amount":19.722654,"amount":0.0002,"open_date":"2025-01-04 20:42:00+00:00","close_date":"2025-01-04 20:43:00+00:00","open_rate":98613.27,"close_rate":98580.21,"fee_open":0.0002,"fee_close":0.0002,"trade_duration":1,"profit_ratio":-0.0007350349822023763,"profit_abs":-0.01449974,"exit_reason":"custom_exit","initial_stop_loss_abs":69029.29,"initial_stop_loss_ratio":-0.3,"stop_loss_abs":69029.29,"stop_loss_ratio":-0.3,"min_rate":98580.2,"max_rate":98671.02,"is_open":false,"enter_tag":"","leverage":1.0,"is_short":false,"open_timestamp":1736023320000,"close_timestamp":1736023380000,"orders":[{"amount":0.0002,"safe_price":98613.27,"ft_order_side":"buy","order_filled_timestamp":1736023320000,"ft_is_entry":true,"ft_order_tag":"","cost":19.7265985308},{"amount":0.0002,"safe_price":98580.21,"ft_order_side":"sell","order_filled_timestamp":1736023380000,"ft_is_entry":false,"ft_order_tag":"custom_exit","cost":19.7199852084}],"funding_fees":0.0},{"pair":"BTC/USDT","stake_amount":19.720806,"max_stake_amount":19.720806,"amount":0.0002,"open_date":"2025-01-04 20:44:00+00:00","close_date":"2025-01-04 21:00:00+00:00","open_rate":98604.03,"close_rate":98599.02,"fee_open":0.0002,"fee_close":0.0002,"trade_duration":16,"profit_ratio":-0.00045070887729100386,"profit_abs":-0.00889012,"exit_reason":"custom_exit","initial_stop_loss_abs":69022.83,"initial_stop_loss_ratio":-0.3,"stop_loss_abs":69022.83,"stop_loss_ratio":-0.3,"min_rate":98521.98,"max_rate":98710.5,"is_open":false,"enter_tag":"","leverage":1.0,"is_short":false,"open_timestamp":1736023440000,"close_timestamp":1736024400000,"orders":[{"amount":0.0002,"safe_price":98604.03,"ft_order_side":"buy","order_filled_timestamp":1736023440000,"ft_is_entry":true,"ft_order_tag":"","cost":19.7247501612},{"amount":0.0002,"safe_price":98599.02,"ft_order_side":"sell","order_filled_timestamp":1736024400000,"ft_is_entry":false,"ft_order_tag":"custom_exit","cost":19.723747960800004}],"funding_fees":0.0},{"pair":"BTC/USDT","stake_amount":19.743518,"max_stake_amount":19.743518,"amount":0.0002,"open_date":"2025-01-05 22:40:00+00:00","close_date":"2025-01-05 23:02:00+00:00","open_rate":98717.59,"close_rate":98736.32,"fee_open":0.0002,"fee_close":0.0002,"trade_duration":22,"profit_ratio":-0.00021026291940743234,"profit_abs":-0.00415216,"exit_reason":"custom_exit","initial_stop_loss_abs":69102.32,"initial_stop_loss_ratio":-0.3,"stop_loss_abs":69102.32,"stop_loss_ratio":-0.3,"min_rate":98516.27,"max_rate":98836.85,"is_open":false,"enter_tag":"","leverage":1.0,"is_short":false,"open_timestamp":1736116800000,"close_timestamp":1736118120000,"orders":[{"amount":0.0002,"safe_price":98717.59,"ft_order_side":"buy","order_filled_timestamp":1736116800000,"ft_is_entry":true,"ft_order_tag":"","cost":19.7474667036},{"amount":0.0002,"safe_price":98736.32,"ft_order_side":"sell","order_filled_timestamp":1736118120000,"ft_is_entry":false,"ft_order_tag":"custom_exit","cost":19.751213452800002}],"funding_fees":0.0},{"pair":"BTC/USDT","stake_amount":19.778146,"max_stake_amount":19.778146,"amount":0.0002,"open_date":"2025-01-06 02:02:00+00:00","close_date":"2025-01-06 02:05:00+00:00","open_rate":98890.73,"close_rate":98885.59,"fee_open":0.0002,"fee_close":0.0002,"trade_duration":3,"profit_ratio":-0.0004518756483793022,"profit_abs":-0.00893905,"exit_reason":"custom_exit","initial_stop_loss_abs":69223.52,"initial_stop_loss_ratio":-0.3,"stop_loss_abs":69223.52,"stop_loss_ratio":-0.3,"min_rate":98815.24,"max_rate":99254.87,"is_open":false,"enter_tag":"","leverage":1.0,"is_short":false,"open_timestamp":1736128920000,"close_timestamp":1736129100000,"orders":[{"amount":0.0002,"safe_price":98890.73,"ft_order_side":"buy","order_filled_timestamp":1736128920000,"ft_is_entry":true,"ft_order_tag":"","cost":19.7821016292},{"amount":0.0002,"safe_price":98885.59,"ft_order_side":"sell","order_filled_timestamp":1736129100000,"ft_is_entry":false,"ft_order_tag":"custom_exit","cost":19.781073423600002}],"funding_fees":0.0},{"pair":"BTC/USDT","stake_amount":19.824006,"max_stake_amount":19.824006,"amount":0.0002,"open_date":"2025-01-06 02:06:00+00:00","close_date":"2025-01-06 02:06:00+00:00","open_rate":99120.03,"close_rate":99120.03,"fee_open":0.0002,"fee_close":0.0002,"trade_duration":0,"profit_ratio":-0.0003999198949556702,"profit_abs":-0.0079296,"exit_reason":"custom_exit","initial_stop_loss_abs":69384.03,"initial_stop_loss_ratio":-0.3,"stop_loss_abs":69384.03,"stop_loss_ratio":-0.3,"min_rate":99023.01,"max_rate":99238.99,"is_open":false,"enter_tag":"","leverage":1.0,"is_short":false,"open_timestamp":1736129160000,"close_timestamp":1736129160000,"orders":[{"amount":0.0002,"safe_price":99120.03,"ft_order_side":"buy","order_filled_timestamp":1736129160000,"ft_is_entry":true,"ft_order_tag":"","cost":19.8279708012},{"amount":0.0002,"safe_price":99120.03,"ft_order_side":"sell","order_filled_timestamp":1736129160000,"ft_is_entry":false,"ft_order_tag":"custom_exit","cost":19.8279708012}],"funding_fees":0.0},{"pair":"BTC/USDT","stake_amount":19.810016,"max_stake_amount":19.810016,"amount":0.0002,"open_date":"2025-01-06 02:07:00+00:00","close_date":"2025-01-06 02:07:00+00:00","open_rate":99050.08,"close_rate":99050.08,"fee_open":0.0002,"fee_close":0.0002,"trade_duration":0,"profit_ratio":-0.0003999201976867167,"profit_abs":-0.00792401,"exit_reason":"custom_exit","initial_stop_loss_abs":69335.06,"initial_stop_loss_ratio":-0.3,"stop_loss_abs":69335.06,"stop_loss_ratio":-0.3,"min_rate":99005.0,"max_rate":99240.0,"is_open":false,"enter_tag":"","leverage":1.0,"is_short":false,"open_timestamp":1736129220000,"close_timestamp":1736129220000,"orders":[{"amount":0.0002,"safe_price":99050.08,"ft_order_side":"buy","order_filled_timestamp":1736129220000,"ft_is_entry":true,"ft_order_tag":"","cost":19.8139780032},{"amount":0.0002,"safe_price":99050.08,"ft_order_side":"sell","order_filled_timestamp":1736129220000,"ft_is_entry":false,"ft_order_tag":"custom_exit","cost":19.8139780032}],"funding_fees":0.0},{"pair":"BTC/USDT","stake_amount":19.848002,"max_stake_amount":19.848002,"amount":0.0002,"open_date":"2025-01-06 02:09:00+00:00","close_date":"2025-01-06 02:10:00+00:00","open_rate":99240.01,"close_rate":99222.2,"fee_open":0.0002,"fee_close":0.0002,"trade_duration":1,"profit_ratio":-0.0005793122331369987,"profit_abs":-0.01150049,"exit_reason":"custom_exit","initial_stop_loss_abs":69468.01,"initial_stop_loss_ratio":-0.3,"stop_loss_abs":69468.01,"stop_loss_ratio":-0.3,"min_rate":99196.85,"max_rate":99333.0,"is_open":false,"enter_tag":"","leverage":1.0,"is_short":false,"open_timestamp":1736129340000,"close_timestamp":1736129400000,"orders":[{"amount":0.0002,"safe_price":99240.01,"ft_order_side":"buy","order_filled_timestamp":1736129340000,"ft_is_entry":true,"ft_order_tag":"","cost":19.8519716004},{"amount":0.0002,"safe_price":99222.2,"ft_order_side":"sell","order_filled_timestamp":1736129400000,"ft_is_entry":false,"ft_order_tag":"custom_exit","cost":19.848408887999998}],"funding_fees":0.0},{"pair":"BTC/USDT","stake_amount":19.881478,"max_stake_amount":19.881478,"amount":0.0002,"open_date":"2025-01-06 04:20:00+00:00","close_date":"2025-01-06 04:55:00+00:00","open_rate":99407.39,"close_rate":99425.58,"fee_open":0.0002,"fee_close":0.0002,"trade_duration":35,"profit_ratio":-0.00021700887170351645,"profit_abs":-0.00431532,"exit_reason":"custom_exit","initial_stop_loss_abs":69585.18,"initial_stop_loss_ratio":-0.3,"stop_loss_abs":69585.18,"stop_loss_ratio":-0.3,"min_rate":99184.98,"max_rate":99500.88,"is_open":false,"enter_tag":"","leverage":1.0,"is_short":false,"open_timestamp":1736137200000,"close_timestamp":1736139300000,"orders":[{"amount":0.0002,"safe_price":99407.39,"ft_order_side":"buy","order_filled_timestamp":1736137200000,"ft_is_entry":true,"ft_order_tag":"","cost":19.885454295600002},{"amount":0.0002,"safe_price":99425.58,"ft_order_side":"sell","order_filled_timestamp":1736139300000,"ft_is_entry":false,"ft_order_tag":"custom_exit","cost":19.8890930232}],"funding_fees":0.0},{"pair":"BTC/USDT","stake_amount":19.908002,"max_stake_amount":19.908002,"amount":0.0002,"open_date":"2025-01-06 05:07:00+00:00","close_date":"2025-01-06 05:07:00+00:00","open_rate":99540.01,"close_rate":99540.01,"fee_open":0.0002,"fee_close":0.0002,"trade_duration":0,"profit_ratio":-0.00039991997581998974,"profit_abs":-0.0079632,"exit_reason":"custom_exit","initial_stop_loss_abs":69678.01,"initial_stop_loss_ratio":-0.3,"stop_loss_abs":69678.01,"stop_loss_ratio":-0.3,"min_rate":99540.0,"max_rate":99599.99,"is_open":false,"enter_tag":"","leverage":1.0,"is_short":false,"open_timestamp":1736140020000,"close_timestamp":1736140020000,"orders":[{"amount":0.0002,"safe_price":99540.01,"ft_order_side":"buy","order_filled_timestamp":1736140020000,"ft_is_entry":true,"ft_order_tag":"","cost":19.9119836004},{"amount":0.0002,"safe_price":99540.01,"ft_order_side":"sell","order_filled_timestamp":1736140020000,"ft_is_entry":false,"ft_order_tag":"custom_exit","cost":19.9119836004}],"funding_fees":0.0},{"pair":"BTC/USDT","stake_amount":19.96203,"max_stake_amount":19.96203,"amount":0.0002,"open_date":"2025-01-06 05:35:00+00:00","close_date":"2025-01-06 05:47:00+00:00","open_rate":99810.15,"close_rate":99799.99,"fee_open":0.0002,"fee_close":0.0002,"trade_duration":12,"profit_ratio":-0.0005016727817048809,"profit_abs":-0.01001641,"exit_reason":"custom_exit","initial_stop_loss_abs":69867.11,"initial_stop_loss_ratio":-0.3,"stop_loss_abs":69867.11,"stop_loss_ratio":-0.3,"min_rate":99617.16,"max_rate":99892.0,"is_open":false,"enter_tag":"","leverage":1.0,"is_short":false,"open_timestamp":1736141700000,"close_timestamp":1736142420000,"orders":[{"amount":0.0002,"safe_price":99810.15,"ft_order_side":"buy","order_filled_timestamp":1736141700000,"ft_is_entry":true,"ft_order_tag":"","cost":19.966022405999997},{"amount":0.0002,"safe_price":99799.99,"ft_order_side":"sell","order_filled_timestamp":1736142420000,"ft_is_entry":false,"ft_order_tag":"custom_exit","cost":19.963989999600003}],"funding_fees":0.0}],"locks":[],"best_pair":{"key":"BTC/USDT","trades":14,"profit_mean":-0.000532105291497934,"profit_mean_pct":-0.05,"profit_sum":-0.007449474080971076,"profit_sum_pct":-0.74,"profit_total_abs":-0.14678349,"profit_total":-0.00014678349,"profit_total_pct":-0.01,"duration_avg":"1:01:00","wins":0,"draws":0,"losses":14,"winrate":0.0,"cagr":-0.004455038930710753,"expectancy":-0.010484535,"expectancy_ratio":-1.0,"sortino":-24.774278731397963,"sharpe":-24.774278731397963,"calmar":-159.20810978789828,"sqn":-4.0076,"profit_factor":0.0,"max_drawdown_account":0.0001467834899999616,"max_drawdown_abs":0.14678349000000002},"worst_pair":{"key":"BTC/USDT","trades":14,"profit_mean":-0.000532105291497934,"profit_mean_pct":-0.05,"profit_sum":-0.007449474080971076,"profit_sum_pct":-0.74,"profit_total_abs":-0.14678349,"profit_total":-0.00014678349,"profit_total_pct":-0.01,"duration_avg":"1:01:00","wins":0,"draws":0,"losses":14,"winrate":0.0,"cagr":-0.004455038930710753,"expectancy":-0.010484535,"expectancy_ratio":-1.0,"sortino":-24.774278731397963,"sharpe":-24.774278731397963,"calmar":-159.20810978789828,"sqn":-4.0076,"profit_factor":0.0,"max_drawdown_account":0.0001467834899999616,"max_drawdown_abs":0.14678349000000002},"results_per_pair":[{"key":"BTC/USDT","trades":14,"profit_mean":-0.000532105291497934,"profit_mean_pct":-0.05,"profit_sum":-0.007449474080971076,"profit_sum_pct":-0.74,"profit_total_abs":-0.14678349,"profit_total":-0.00014678349,"profit_total_pct":-0.01,"duration_avg":"1:01:00","wins":0,"draws":0,"losses":14,"winrate":0.0,"cagr":-0.004455038930710753,"expectancy":-0.010484535,"expectancy_ratio":-1.0,"sortino":-24.774278731397963,"sharpe":-24.774278731397963,"calmar":-159.20810978789828,"sqn":-4.0076,"profit_factor":0.0,"max_drawdown_account":0.0001467834899999616,"max_drawdown_abs":0.14678349000000002},{"key":"TOTAL","trades":14,"profit_mean":-0.000532105291497934,"profit_mean_pct":-0.05,"profit_sum":-0.007449474080971076,"profit_sum_pct":-0.74,"profit_total_abs":-0.14678349,"profit_total":-0.00014678349,"profit_total_pct":-0.01,"duration_avg":"1:01:00","wins":0,"draws":0,"losses":14,"winrate":0.0,"cagr":-0.004455038930710753,"expectancy":-0.010484535,"expectancy_ratio":-1.0,"sortino":-24.774278731397963,"sharpe":-24.774278731397963,"calmar":-159.20810978789828,"sqn":-4.0076,"profit_factor":0.0,"max_drawdown_account":0.0001467834899999616,"max_drawdown_abs":0.14678349000000002}],"results_per_enter_tag":[{"key":"","trades":14,"profit_mean":-0.000532105291497934,"profit_mean_pct":-0.05,"profit_sum":-0.007449474080971076,"profit_sum_pct":-0.74,"profit_total_abs":-0.14678349,"profit_total":-0.00014678349,"profit_total_pct":-0.01,"duration_avg":"1:01:00","wins":0,"draws":0,"losses":14,"winrate":0.0,"cagr":-0.004455038930710753,"expectancy":-0.010484535,"expectancy_ratio":-1.0,"sortino":-24.774278731397963,"sharpe":-24.774278731397963,"calmar":-159.20810978789828,"sqn":-4.0076,"profit_factor":0.0,"max_drawdown_account":0.0001467834899999616,"max_drawdown_abs":0.14678349000000002},{"key":"TOTAL","trades":14,"profit_mean":-0.000532105291497934,"profit_mean_pct":-0.05,"profit_sum":-0.007449474080971076,"profit_sum_pct":-0.74,"profit_total_abs":-0.14678349,"profit_total":-0.00014678349,"profit_total_pct":-0.01,"duration_avg":"1:01:00","wins":0,"draws":0,"losses":14,"winrate":0.0,"cagr":-0.004455038930710753,"expectancy":-0.010484535,"expectancy_ratio":-1.0,"sortino":-24.774278731397963,"sharpe":-24.774278731397963,"calmar":-159.20810978789828,"sqn":-4.0076,"profit_factor":0.0,"max_drawdown_account":0.0001467834899999616,"max_drawdown_abs":0.14678349000000002}],"exit_reason_summary":[{"key":"custom_exit","trades":14,"profit_mean":-0.000532105291497934,"profit_mean_pct":-0.05,"profit_sum":-0.007449474080971076,"profit_sum_pct":-0.74,"profit_total_abs":-0.14678349,"profit_total":-0.00014678349,"profit_total_pct":-0.01,"duration_avg":"1:01:00","wins":0,"draws":0,"losses":14,"winrate":0.0,"cagr":-0.004455038930710753,"expectancy":-0.010484535,"expectancy_ratio":-1.0,"sortino":-24.774278731397963,"sharpe":-24.774278731397963,"calmar":-159.20810978789828,"sqn":-4.0076,"profit_factor":0.0,"max_drawdown_account":0.0001467834899999616,"max_drawdown_abs":0.14678349000000002},{"key":"TOTAL","trades":14,"profit_mean":-0.000532105291497934,"profit_mean_pct":-0.05,"profit_sum":-0.007449474080971076,"profit_sum_pct":-0.74,"profit_total_abs":-0.14678349,"profit_total":-0.00014678349,"profit_total_pct":-0.01,"duration_avg":"1:01:00","wins":0,"draws":0,"losses":14,"winrate":0.0,"cagr":-0.004455038930710753,"expectancy":-0.010484535,"expectancy_ratio":-1.0,"sortino":-24.774278731397963,"sharpe":-24.774278731397963,"calmar":-159.20810978789828,"sqn":-4.0076,"profit_factor":0.0,"max_drawdown_account":0.0001467834899999616,"max_drawdown_abs":0.14678349000000002}],"mix_tag_stats":[{"key":["","custom_exit"],"trades":14,"profit_mean":-0.000532105291497934,"profit_mean_pct":-0.05,"profit_sum":-0.007449474080971076,"profit_sum_pct":-0.74,"profit_total_abs":-0.14678349,"profit_total":-0.00014678349,"profit_total_pct":-0.01,"duration_avg":"1:01:00","wins":0,"draws":0,"losses":14,"winrate":0.0,"cagr":-0.004455038930710753,"expectancy":-0.010484535,"expectancy_ratio":-1.0,"sortino":-24.774278731397963,"sharpe":-24.774278731397963,"calmar":-159.20810978789828,"sqn":-4.0076,"profit_factor":0.0,"max_drawdown_account":0.0001467834899999616,"max_drawdown_abs":0.14678349000000002},{"key":"TOTAL","trades":14,"profit_mean":-0.000532105291497934,"profit_mean_pct":-0.05,"profit_sum":-0.007449474080971076,"profit_sum_pct":-0.74,"profit_total_abs":-0.14678349,"profit_total":-0.00014678349,"profit_total_pct":-0.01,"duration_avg":"1:01:00","wins":0,"draws":0,"losses":14,"winrate":0.0,"cagr":-0.004455038930710753,"expectancy":-0.010484535,"expectancy_ratio":-1.0,"sortino":-24.774278731397963,"sharpe":-24.774278731397963,"calmar":-159.20810978789828,"sqn":-4.0076,"profit_factor":0.0,"max_drawdown_account":0.0001467834899999616,"max_drawdown_abs":0.14678349000000002}],"left_open_trades":[{"key":"TOTAL","trades":0,"profit_mean":0.0,"profit_mean_pct":0.0,"profit_sum":0.0,"profit_sum_pct":0.0,"profit_total_abs":0.0,"profit_total":0.0,"profit_total_pct":0.0,"duration_avg":"0:00","wins":0,"draws":0,"losses":0,"winrate":0.0,"cagr":0.0,"expectancy":0.0,"expectancy_ratio":100.0,"sortino":0,"sharpe":0,"calmar":0,"sqn":0.0,"profit_factor":0.0,"max_drawdown_account":0.0,"max_drawdown_abs":0.0}],"total_trades":14,"trade_count_long":14,"trade_count_short":0,"total_volume":551.8377714852,"avg_stake_amount":19.705852285714286,"profit_mean":-0.000532105291497934,"profit_median":-0.000399920211102772,"profit_total":-0.00014678349,"profit_total_long":-0.00014678349,"profit_total_short":0.0,"profit_total_abs":-0.14678349,"profit_total_long_abs":-0.14678349,"profit_total_short_abs":0.0,"cagr":-0.004455038930710753,"expectancy":-0.010484535,"expectancy_ratio":-1.0,"sortino":-24.774278731397963,"sharpe":-24.774278731397963,"calmar":-159.20810978789828,"sqn":-4.0076,"profit_factor":0.0,"backtest_start":"2025-01-01 00:00:00","backtest_start_ts":1735689600000,"backtest_end":"2025-01-13 00:00:00","backtest_end_ts":1736726400000,"backtest_days":12,"backtest_run_start_ts":1752179469,"backtest_run_end_ts":1752179469,"trades_per_day":1.17,"market_change":0.010431260537631775,"pairlist":["BTC/USDT"],"stake_amount":20,"stake_currency":"USDT","stake_currency_decimals":3,"starting_balance":1000,"dry_run_wallet":1000,"final_balance":999.85321651,"rejected_signals":0,"timedout_entry_orders":0,"timedout_exit_orders":0,"canceled_trade_entries":0,"canceled_entry_orders":0,"replaced_entry_orders":0,"max_open_trades":1,"max_open_trades_setting":5,"timeframe":"1m","timeframe_detail":"","timerange":"20250101-20250113","enable_protections":false,"strategy_name":"MultiHorizonMomentum","stoploss":-0.3,"trailing_stop":false,"trailing_stop_positive":null,"trailing_stop_positive_offset":0.0,"trailing_only_offset_is_reached":false,"use_custom_stoploss":false,"minimal_roi":{},"use_exit_signal":true,"exit_profit_only":false,"exit_profit_offset":0.0,"ignore_roi_if_entry_signal":false,"trading_mode":"spot","margin_mode":"","periodic_breakdown":{"day":[{"date":"02/01/2025","date_ts":1735776000000,"profit_abs":-0.01532418,"wins":0,"draws":0,"losses":2,"trades":2,"profit_factor":0.0},{"date":"03/01/2025","date_ts":1735862400000,"profit_abs":0.0,"wins":0,"draws":0,"losses":0,"trades":0,"profit_factor":0.0},{"date":"04/01/2025","date_ts":1735948800000,"profit_abs":-0.06871907,"wins":0,"draws":0,"losses":4,"trades":4,"profit_factor":0.0},{"date":"05/01/2025","date_ts":1736035200000,"profit_abs":-0.00415216,"wins":0,"draws":0,"losses":1,"trades":1,"profit_factor":0.0},{"date":"06/01/2025","date_ts":1736121600000,"profit_abs":-0.05858808,"wins":0,"draws":0,"losses":7,"trades":7,"profit_factor":0.0}],"week":[{"date":"06/01/2025","date_ts":1736121600000,"profit_abs":-0.14678349,"wins":0,"draws":0,"losses":14,"trades":14,"profit_factor":0.0}],"month":[{"date":"31/01/2025","date_ts":1738281600000,"profit_abs":-0.14678349,"wins":0,"draws":0,"losses":14,"trades":14,"profit_factor":0.0}],"year":[{"date":"31/12/2025","date_ts":1767139200000,"profit_abs":-0.14678349,"wins":0,"draws":0,"losses":14,"trades":14,"profit_factor":0.0}]},"backtest_best_day":0.0,"backtest_worst_day":-0.0034897412340465965,"backtest_best_day_abs":0.0,"backtest_worst_day_abs":-0.06871907,"winning_days":0,"draw_days":1,"losing_days":4,"daily_profit":[["2025-01-02",-0.01532418],["2025-01-03",0.0],["2025-01-04",-0.06871907],["2025-01-05",-0.00415216],["2025-01-06",-0.05858808]],"wins":0,"losses":14,"draws":0,"winrate":0.0,"holding_avg":"1:01:00","holding_avg_s":3660.0,"winner_holding_min":"0d 00:00","winner_holding_min_s":0.0,"winner_holding_max":"0d 00:00","winner_holding_max_s":0.0,"winner_holding_avg":"0d 00:00","winner_holding_avg_s":0.0,"loser_holding_min":"0d 00:00","loser_holding_min_s":0.0,"loser_holding_max":"0d 12:43","loser_holding_max_s":45780.0,"loser_holding_avg":"0d 01:01","loser_holding_avg_s":3660.0,"max_consecutive_wins":0,"max_consecutive_losses":14,"max_drawdown_account":0.0001467834899999616,"max_relative_drawdown":0.0001467834899999616,"max_drawdown_abs":0.14678349000000002,"drawdown_start":"2025-01-02 04:39:00","drawdown_start_ts":1735792740000.0,"drawdown_end":"2025-01-06 05:47:00","drawdown_end_ts":1736142420000.0,"max_drawdown_low":-0.14678349000000002,"max_drawdown_high":-0.00765266,"csum_min":999.85321651,"csum_max":999.99234734}},"strategy_comparison":[{"key":"MultiHorizonMomentum","trades":14,"profit_mean":-0.000532105291497934,"profit_mean_pct":-0.05,"profit_sum":-0.007449474080971076,"profit_sum_pct":-0.74,"profit_total_abs":-0.14678349,"profit_total":-0.00014678349,"profit_total_pct":-0.01,"duration_avg":"1:01:00","wins":0,"draws":0,"losses":14,"winrate":0.0,"cagr":-0.004455038930710753,"expectancy":-0.010484535,"expectancy_ratio":-1.0,"sortino":-24.774278731397963,"sharpe":-24.774278731397963,"calmar":-159.20810978789828,"sqn":-4.0076,"profit_factor":0.0,"max_drawdown_account":0.0001467834899999616,"max_drawdown_abs":"0.147"}]}