{"strategy":{"MultiHorizonMomentum":{"trades":[{"pair":"BTC/USDT","stake_amount":19.9385886,"max_stake_amount":19.9385886,"amount":0.00021,"open_date":"2025-01-08 22:37:00+00:00","close_date":"2025-01-08 22:38:00+00:00","open_rate":94945.66,"close_rate":94996.87,"fee_open":0.001,"fee_close":0.001,"trade_duration":1,"profit_ratio":-0.0014597184313600447,"profit_abs":-0.02913383,"exit_reason":"custom_exit","initial_stop_loss_abs":66461.97,"initial_stop_loss_ratio":-0.3,"stop_loss_abs":66461.97,"stop_loss_ratio":-0.3,"min_rate":94945.66,"max_rate":95040.01,"is_open":false,"enter_tag":"","leverage":1.0,"is_short":false,"open_timestamp":1736375820000,"close_timestamp":1736375880000,"orders":[{"amount":0.00021,"safe_price":94945.66,"ft_order_side":"buy","order_filled_timestamp":1736375820000,"ft_is_entry":true,"ft_order_tag":"","cost":19.9585271886},{"amount":0.00021,"safe_price":94996.87,"ft_order_side":"sell","order_filled_timestamp":1736375880000,"ft_is_entry":false,"ft_order_tag":"custom_exit","cost":19.969292042699998}],"funding_fees":0.0},{"pair":"BTC/USDT","stake_amount":19.9584021,"max_stake_amount":19.9584021,"amount":0.00021,"open_date":"2025-01-08 22:39:00+00:00","close_date":"2025-01-08 22:41:00+00:00","open_rate":95040.01,"close_rate":95099.99,"fee_open":0.001,"fee_close":0.001,"trade_duration":2,"profit_ratio":-0.0013681603151132879,"profit_abs":-0.0273336,"exit_reason":"custom_exit","initial_stop_loss_abs":66528.01,"initial_stop_loss_ratio":-0.3,"stop_loss_abs":66528.01,"stop_loss_ratio":-0.3,"min_rate":95013.96,"max_rate":95147.01,"is_open":false,"enter_tag":"","leverage":1.0,"is_short":false,"open_timestamp":1736375940000,"close_timestamp":1736376060000,"orders":[{"amount":0.00021,"safe_price":95040.01,"ft_order_side":"buy","order_filled_timestamp":1736375940000,"ft_is_entry":true,"ft_order_tag":"","cost":19.9783605021},{"amount":0.00021,"safe_price":95099.99,"ft_order_side":"sell","order_filled_timestamp":1736376060000,"ft_is_entry":false,"ft_order_tag":"custom_exit","cost":19.990968897899997}],"funding_fees":0.0},{"pair":"BTC/USDT","stake_amount":19.9791942,"max_stake_amount":19.9791942,"amount":0.00021,"open_date":"2025-01-08 22:42:00+00:00","close_date":"2025-01-08 22:43:00+00:00","open_rate":95139.02,"close_rate":95204.78,"fee_open":0.001,"fee_close":0.001,"trade_duration":1,"profit_ratio":-0.0013081840676268885,"profit_abs":-0.0261626,"exit_reason":"custom_exit","initial_stop_loss_abs":66597.32,"initial_stop_loss_ratio":-0.3,"stop_loss_abs":66597.32,"stop_loss_ratio":-0.3,"min_rate":95139.02,"max_rate":95245.08,"is_open":false,"enter_tag":"","leverage":1.0,"is_short":false,"open_timestamp":1736376120000,"close_timestamp":1736376180000,"orders":[{"amount":0.00021,"safe_price":95139.02,"ft_order_side":"buy","order_filled_timestamp":1736376120000,"ft_is_entry":true,"ft_order_tag":"","cost":19.9991733942},{"amount":0.00021,"safe_price":95204.78,"ft_order_side":"sell","order_filled_timestamp":1736376180000,"ft_is_entry":false,"ft_order_tag":"custom_exit","cost":20.012996803799997}],"funding_fees":0.0},{"pair":"BTC/USDT","stake_amount":19.049014,"max_stake_amount":19.049014,"amount":0.0002,"open_date":"2025-01-08 22:44:00+00:00","close_date":"2025-01-09 00:51:00+00:00","open_rate":95245.07,"close_rate":95037.67,"fee_open":0.001,"fee_close":0.001,"trade_duration":127,"profit_ratio":-0.004171191900383553,"profit_abs":-0.07953655,"exit_reason":"custom_exit","initial_stop_loss_abs":66671.55,"initial_stop_loss_ratio":-0.3,"stop_loss_abs":66671.55,"stop_loss_ratio":-0.3,"min_rate":94809.07,"max_rate":95310.94,"is_open":false,"enter_tag":"","leverage":1.0,"is_short":false,"open_timestamp":1736376240000,"close_timestamp":1736383860000,"orders":[{"amount":0.0002,"safe_price":95245.07,"ft_order_side":"buy","order_filled_timestamp":1736376240000,"ft_is_entry":true,"ft_order_tag":"","cost":19.068063014},{"amount":0.0002,"safe_price":95037.67,"ft_order_side":"sell","order_filled_timestamp":1736383860000,"ft_is_entry":false,"ft_order_tag":"custom_exit","cost":19.026541533999996}],"funding_fees":0.0},{"pair":"BTC/USDT","stake_amount":19.978413,"max_stake_amount":19.978413,"amount":0.00021,"open_date":"2025-01-09 01:00:00+00:00","close_date":"2025-01-09 01:00:00+00:00","open_rate":95135.3,"close_rate":95135.3,"fee_open":0.001,"fee_close":0.001,"trade_duration":0,"profit_ratio":-0.001998002198018085,"profit_abs":-0.03995683,"exit_reason":"custom_exit","initial_stop_loss_abs":66594.71,"initial_stop_loss_ratio":-0.3,"stop_loss_abs":66594.71,"stop_loss_ratio":-0.3,"min_rate":95090.9,"max_rate":95200.0,"is_open":false,"enter_tag":"","leverage":1.0,"is_short":false,"open_timestamp":1736384400000,"close_timestamp":1736384400000,"orders":[{"amount":0.00021,"safe_price":95135.3,"ft_order_side":"buy","order_filled_timestamp":1736384400000,"ft_is_entry":true,"ft_order_tag":"","cost":19.998391412999997},{"amount":0.00021,"safe_price":95135.3,"ft_order_side":"sell","order_filled_timestamp":1736384400000,"ft_is_entry":false,"ft_order_tag":"custom_exit","cost":19.998391412999997}],"funding_fees":0.0},{"pair":"BTC/USDT","stake_amount":19.9738035,"max_stake_amount":19.9738035,"amount":0.00021,"open_date":"2025-01-09 01:01:00+00:00","close_date":"2025-01-09 01:01:00+00:00","open_rate":95113.35,"close_rate":95113.35,"fee_open":0.001,"fee_close":0.001,"trade_duration":0,"profit_ratio":-0.0019980021480486827,"profit_abs":-0.03994761,"exit_reason":"custom_exit","initial_stop_loss_abs":66579.35,"initial_stop_loss_ratio":-0.3,"stop_loss_abs":66579.35,"stop_loss_ratio":-0.3,"min_rate":95113.34,"max_rate":95178.47,"is_open":false,"enter_tag":"","leverage":1.0,"is_short":false,"open_timestamp":1736384460000,"close_timestamp":1736384460000,"orders":[{"amount":0.00021,"safe_price":95113.35,"ft_order_side":"buy","order_filled_timestamp":1736384460000,"ft_is_entry":true,"ft_order_tag":"","cost":19.9937773035},{"amount":0.00021,"safe_price":95113.35,"ft_order_side":"sell","order_filled_timestamp":1736384460000,"ft_is_entry":false,"ft_order_tag":"custom_exit","cost":19.9937773035}],"funding_fees":0.0},{"pair":"BTC/USDT","stake_amount":19.9886505,"max_stake_amount":19.9886505,"amount":0.00021,"open_date":"2025-01-09 01:04:00+00:00","close_date":"2025-01-09 01:22:00+00:00","open_rate":95184.05,"close_rate":95214.99,"fee_open":0.001,"fee_close":0.001,"trade_duration":18,"profit_ratio":-0.0016735970771487078,"profit_abs":-0.0334864,"exit_reason":"custom_exit","initial_stop_loss_abs":66628.84,"initial_stop_loss_ratio":-0.3,"stop_loss_abs":66628.84,"stop_loss_ratio":-0.3,"min_rate":94973.78,"max_rate":95258.65,"is_open":false,"enter_tag":"","leverage":1.0,"is_short":false,"open_timestamp":1736384640000,"close_timestamp":1736385720000,"orders":[{"amount":0.00021,"safe_price":95184.05,"ft_order_side":"buy","order_filled_timestamp":1736384640000,"ft_is_entry":true,"ft_order_tag":"","cost":20.0086391505},{"amount":0.00021,"safe_price":95214.99,"ft_order_side":"sell","order_filled_timestamp":1736385720000,"ft_is_entry":false,"ft_order_tag":"custom_exit","cost":20.0151430479}],"funding_fees":0.0},{"pair":"BTC/USDT","stake_amount":19.051498,"max_stake_amount":19.051498,"amount":0.0002,"open_date":"2025-01-09 01:23:00+00:00","close_date":"2025-01-09 01:24:00+00:00","open_rate":95257.49,"close_rate":95276.81,"fee_open":0.001,"fee_close":0.001,"trade_duration":1,"profit_ratio":-0.001795588533177357,"profit_abs":-0.03424286,"exit_reason":"custom_exit","initial_stop_loss_abs":66680.25,"initial_stop_loss_ratio":-0.3,"stop_loss_abs":66680.25,"stop_loss_ratio":-0.3,"min_rate":95249.0,"max_rate":95382.32,"is_open":false,"enter_tag":"","leverage":1.0,"is_short":false,"open_timestamp":1736385780000,"close_timestamp":1736385840000,"orders":[{"amount":0.0002,"safe_price":95257.49,"ft_order_side":"buy","order_filled_timestamp":1736385780000,"ft_is_entry":true,"ft_order_tag":"","cost":19.070549498000002},{"amount":0.0002,"safe_price":95276.81,"ft_order_side":"sell","order_filled_timestamp":1736385840000,"ft_is_entry":false,"ft_order_tag":"custom_exit","cost":19.074417362}],"funding_fees":0.0},{"pair":"BTC/USDT","stake_amount":19.068822,"max_stake_amount":19.068822,"amount":0.0002,"open_date":"2025-01-09 01:25:00+00:00","close_date":"2025-01-09 02:03:00+00:00","open_rate":95344.11,"close_rate":94939.97,"fee_open":0.001,"fee_close":0.001,"trade_duration":38,"profit_ratio":-0.006228284785817077,"profit_abs":-0.11888482,"exit_reason":"exit_signal","initial_stop_loss_abs":66740.88,"initial_stop_loss_ratio":-0.3,"stop_loss_abs":66740.88,"stop_loss_ratio":-0.3,"min_rate":94913.04,"max_rate":95361.84,"is_open":false,"enter_tag":"","leverage":1.0,"is_short":false,"open_timestamp":1736385900000,"close_timestamp":1736388180000,"orders":[{"amount":0.0002,"safe_price":95344.11,"ft_order_side":"buy","order_filled_timestamp":1736385900000,"ft_is_entry":true,"ft_order_tag":"","cost":19.087890822},{"amount":0.0002,"safe_price":94939.97,"ft_order_side":"sell","order_filled_timestamp":1736388180000,"ft_is_entry":false,"ft_order_tag":"exit_signal","cost":19.006981993999997}],"funding_fees":0.0},{"pair":"BTC/USDT","stake_amount":19.86075,"max_stake_amount":19.86075,"amount":0.00021,"open_date":"2025-01-09 15:55:00+00:00","close_date":"2025-01-09 17:05:00+00:00","open_rate":94575.0,"close_rate":94145.1,"fee_open":0.001,"fee_close":0.001,"trade_duration":70,"profit_ratio":-0.006534518563520489,"profit_abs":-0.12991022,"exit_reason":"custom_exit","initial_stop_loss_abs":66202.5,"initial_stop_loss_ratio":-0.3,"stop_loss_abs":66202.5,"stop_loss_ratio":-0.3,"min_rate":93846.15,"max_rate":94685.25,"is_open":false,"enter_tag":"","leverage":1.0,"is_short":false,"open_timestamp":1736438100000,"close_timestamp":1736442300000,"orders":[{"amount":0.00021,"safe_price":94575.0,"ft_order_side":"buy","order_filled_timestamp":1736438100000,"ft_is_entry":true,"ft_order_tag":"","cost":19.88061075},{"amount":0.00021,"safe_price":94145.1,"ft_order_side":"sell","order_filled_timestamp":1736442300000,"ft_is_entry":false,"ft_order_tag":"custom_exit","cost":19.790241470999998}],"funding_fees":0.0},{"pair":"BTC/USDT","stake_amount":19.791891,"max_stake_amount":19.791891,"amount":0.00021,"open_date":"2025-01-09 17:06:00+00:00","close_date":"2025-01-09 17:35:00+00:00","open_rate":94247.1,"close_rate":93604.46,"fee_open":0.001,"fee_close":0.001,"trade_duration":29,"profit_ratio":-0.008803049743907795,"profit_abs":-0.17440323,"exit_reason":"exit_signal","initial_stop_loss_abs":65972.97,"initial_stop_loss_ratio":-0.3,"stop_loss_abs":65972.97,"stop_loss_ratio":-0.3,"min_rate":93484.63,"max_rate":94247.99,"is_open":false,"enter_tag":"","leverage":1.0,"is_short":false,"open_timestamp":1736442360000,"close_timestamp":1736444100000,"orders":[{"amount":0.00021,"safe_price":94247.1,"ft_order_side":"buy","order_filled_timestamp":1736442360000,"ft_is_entry":true,"ft_order_tag":"","cost":19.811682891},{"amount":0.00021,"safe_price":93604.46,"ft_order_side":"sell","order_filled_timestamp":1736444100000,"ft_is_entry":false,"ft_order_tag":"exit_signal","cost":19.6765935366}],"funding_fees":0.0}],"locks":[],"best_pair":{"key":"BTC/USDT","trades":11,"profit_mean":-0.00339439070582927,"profit_mean_pct":-0.34,"profit_sum":-0.037338297764121973,"profit_sum_pct":-3.73,"profit_total_abs":-0.73299855,"profit_total":-0.00073299855,"profit_total_pct":-0.07,"duration_avg":"0:26:00","wins":0,"draws":0,"losses":11,"winrate":0.0,"cagr":-0.08535035729652063,"expectancy":-0.06663623181818182,"expectancy_ratio":-1.0,"sortino":-94.79178121188411,"sharpe":-94.79178121188411,"calmar":-636.8324391513854,"sqn":-4.2791,"profit_factor":0.0,"max_drawdown_account":0.0007329985500000476,"max_drawdown_abs":0.73299855},"worst_pair":{"key":"BTC/USDT","trades":11,"profit_mean":-0.00339439070582927,"profit_mean_pct":-0.34,"profit_sum":-0.037338297764121973,"profit_sum_pct":-3.73,"profit_total_abs":-0.73299855,"profit_total":-0.00073299855,"profit_total_pct":-0.07,"duration_avg":"0:26:00","wins":0,"draws":0,"losses":11,"winrate":0.0,"cagr":-0.08535035729652063,"expectancy":-0.06663623181818182,"expectancy_ratio":-1.0,"sortino":-94.79178121188411,"sharpe":-94.79178121188411,"calmar":-636.8324391513854,"sqn":-4.2791,"profit_factor":0.0,"max_drawdown_account":0.0007329985500000476,"max_drawdown_abs":0.73299855},"results_per_pair":[{"key":"BTC/USDT","trades":11,"profit_mean":-0.00339439070582927,"profit_mean_pct":-0.34,"profit_sum":-0.037338297764121973,"profit_sum_pct":-3.73,"profit_total_abs":-0.73299855,"profit_total":-0.00073299855,"profit_total_pct":-0.07,"duration_avg":"0:26:00","wins":0,"draws":0,"losses":11,"winrate":0.0,"cagr":-0.08535035729652063,"expectancy":-0.06663623181818182,"expectancy_ratio":-1.0,"sortino":-94.79178121188411,"sharpe":-94.79178121188411,"calmar":-636.8324391513854,"sqn":-4.2791,"profit_factor":0.0,"max_drawdown_account":0.0007329985500000476,"max_drawdown_abs":0.73299855},{"key":"TOTAL","trades":11,"profit_mean":-0.00339439070582927,"profit_mean_pct":-0.34,"profit_sum":-0.037338297764121973,"profit_sum_pct":-3.73,"profit_total_abs":-0.73299855,"profit_total":-0.00073299855,"profit_total_pct":-0.07,"duration_avg":"0:26:00","wins":0,"draws":0,"losses":11,"winrate":0.0,"cagr":-0.08535035729652063,"expectancy":-0.06663623181818182,"expectancy_ratio":-1.0,"sortino":-94.79178121188411,"sharpe":-94.79178121188411,"calmar":-636.8324391513854,"sqn":-4.2791,"profit_factor":0.0,"max_drawdown_account":0.0007329985500000476,"max_drawdown_abs":0.73299855}],"results_per_enter_tag":[{"key":"","trades":11,"profit_mean":-0.00339439070582927,"profit_mean_pct":-0.34,"profit_sum":-0.037338297764121973,"profit_sum_pct":-3.73,"profit_total_abs":-0.73299855,"profit_total":-0.00073299855,"profit_total_pct":-0.07,"duration_avg":"0:26:00","wins":0,"draws":0,"losses":11,"winrate":0.0,"cagr":-0.08535035729652063,"expectancy":-0.06663623181818182,"expectancy_ratio":-1.0,"sortino":-94.79178121188411,"sharpe":-94.79178121188411,"calmar":-636.8324391513854,"sqn":-4.2791,"profit_factor":0.0,"max_drawdown_account":0.0007329985500000476,"max_drawdown_abs":0.73299855},{"key":"TOTAL","trades":11,"profit_mean":-0.00339439070582927,"profit_mean_pct":-0.34,"profit_sum":-0.037338297764121973,"profit_sum_pct":-3.73,"profit_total_abs":-0.73299855,"profit_total":-0.00073299855,"profit_total_pct":-0.07,"duration_avg":"0:26:00","wins":0,"draws":0,"losses":11,"winrate":0.0,"cagr":-0.08535035729652063,"expectancy":-0.06663623181818182,"expectancy_ratio":-1.0,"sortino":-94.79178121188411,"sharpe":-94.79178121188411,"calmar":-636.8324391513854,"sqn":-4.2791,"profit_factor":0.0,"max_drawdown_account":0.0007329985500000476,"max_drawdown_abs":0.73299855}],"exit_reason_summary":[{"key":"exit_signal","trades":2,"profit_mean":-0.007515667264862436,"profit_mean_pct":-0.75,"profit_sum":-0.015031334529724872,"profit_sum_pct":-1.5,"profit_total_abs":-0.29328805,"profit_total":-0.00029328805,"profit_total_pct":-0.03,"duration_avg":"0:34:00","wins":0,"draws":0,"losses":2,"winrate":0.0,"cagr":-0.03505928348588483,"expectancy":-0.146644025,"expectancy_ratio":-1.0,"sortino":-67.28411143455499,"sharpe":-67.28411143455499,"calmar":-636.8324391514244,"sqn":-5.2827,"profit_factor":0.0,"max_drawdown_account":0.00029328805000000105,"max_drawdown_abs":0.29328805},{"key":"custom_exit","trades":9,"profit_mean":-0.0024785514704885664,"profit_mean_pct":-0.25,"profit_sum":-0.022306963234397098,"profit_sum_pct":-2.23,"profit_total_abs":-0.4397105,"profit_total":-0.0004397105,"profit_total_pct":-0.04,"duration_avg":"0:24:00","wins":0,"draws":0,"losses":9,"winrate":0.0,"cagr":-0.0521034205855162,"expectancy":-0.048856722222222225,"expectancy_ratio":-1.0,"sortino":-86.24989420466778,"sharpe":-86.24989420466778,"calmar":-636.8324391513593,"sqn":-4.2563,"profit_factor":0.0,"max_drawdown_account":0.0004397105000000465,"max_drawdown_abs":0.4397105},{"key":"TOTAL","trades":11,"profit_mean":-0.00339439070582927,"profit_mean_pct":-0.34,"profit_sum":-0.037338297764121973,"profit_sum_pct":-3.73,"profit_total_abs":-0.73299855,"profit_total":-0.00073299855,"profit_total_pct":-0.07,"duration_avg":"0:26:00","wins":0,"draws":0,"losses":11,"winrate":0.0,"cagr":-0.08535035729652063,"expectancy":-0.06663623181818182,"expectancy_ratio":-1.0,"sortino":-94.79178121188411,"sharpe":-94.79178121188411,"calmar":-636.8324391513854,"sqn":-4.2791,"profit_factor":0.0,"max_drawdown_account":0.0007329985500000476,"max_drawdown_abs":0.73299855}],"mix_tag_stats":[{"key":["","exit_signal"],"trades":2,"profit_mean":-0.007515667264862436,"profit_mean_pct":-0.75,"profit_sum":-0.015031334529724872,"profit_sum_pct":-1.5,"profit_total_abs":-0.29328805,"profit_total":-0.00029328805,"profit_total_pct":-0.03,"duration_avg":"0:34:00","wins":0,"draws":0,"losses":2,"winrate":0.0,"cagr":-0.03505928348588483,"expectancy":-0.146644025,"expectancy_ratio":-1.0,"sortino":-67.28411143455499,"sharpe":-67.28411143455499,"calmar":-636.8324391514244,"sqn":-5.2827,"profit_factor":0.0,"max_drawdown_account":0.00029328805000000105,"max_drawdown_abs":0.29328805},{"key":["","custom_exit"],"trades":9,"profit_mean":-0.0024785514704885664,"profit_mean_pct":-0.25,"profit_sum":-0.022306963234397098,"profit_sum_pct":-2.23,"profit_total_abs":-0.4397105,"profit_total":-0.0004397105,"profit_total_pct":-0.04,"duration_avg":"0:24:00","wins":0,"draws":0,"losses":9,"winrate":0.0,"cagr":-0.0521034205855162,"expectancy":-0.048856722222222225,"expectancy_ratio":-1.0,"sortino":-86.24989420466778,"sharpe":-86.24989420466778,"calmar":-636.8324391513593,"sqn":-4.2563,"profit_factor":0.0,"max_drawdown_account":0.0004397105000000465,"max_drawdown_abs":0.4397105},{"key":"TOTAL","trades":11,"profit_mean":-0.00339439070582927,"profit_mean_pct":-0.34,"profit_sum":-0.037338297764121973,"profit_sum_pct":-3.73,"profit_total_abs":-0.73299855,"profit_total":-0.00073299855,"profit_total_pct":-0.07,"duration_avg":"0:26:00","wins":0,"draws":0,"losses":11,"winrate":0.0,"cagr":-0.08535035729652063,"expectancy":-0.06663623181818182,"expectancy_ratio":-1.0,"sortino":-94.79178121188411,"sharpe":-94.79178121188411,"calmar":-636.8324391513854,"sqn":-4.2791,"profit_factor":0.0,"max_drawdown_account":0.0007329985500000476,"max_drawdown_abs":0.73299855}],"left_open_trades":[{"key":"TOTAL","trades":0,"profit_mean":0.0,"profit_mean_pct":0.0,"profit_sum":0.0,"profit_sum_pct":0.0,"profit_total_abs":0.0,"profit_total":0.0,"profit_total_pct":0.0,"duration_avg":"0:00","wins":0,"draws":0,"losses":0,"winrate":0.0,"cagr":0.0,"expectancy":0.0,"expectancy_ratio":100.0,"sortino":0,"sharpe":0,"calmar":0,"sqn":0.0,"profit_factor":0.0,"max_drawdown_account":0.0,"max_drawdown_abs":0.0}],"total_trades":11,"trade_count_long":11,"trade_count_short":0,"total_volume":433.41101133329994,"avg_stake_amount":19.694456990909092,"profit_mean":-0.00339439070582927,"profit_median":-0.0019980021480486827,"profit_total":-0.00073299855,"profit_total_long":-0.00073299855,"profit_total_short":0.0,"profit_total_abs":-0.73299855,"profit_total_long_abs":-0.73299855,"profit_total_short_abs":0.0,"cagr":-0.08535035729652063,"expectancy":-0.06663623181818182,"expectancy_ratio":-1.0,"sortino":-94.79178121188411,"sharpe":-94.79178121188411,"calmar":-636.8324391513854,"sqn":-4.2791,"profit_factor":0.0,"backtest_start":"2025-01-07 00:00:00","backtest_start_ts":1736208000000,"backtest_end":"2025-01-10 00:00:00","backtest_end_ts":1736467200000,"backtest_days":3,"backtest_run_start_ts":1752169606,"backtest_run_end_ts":1752169606,"trades_per_day":3.67,"market_change":-0.0944513948953425,"pairlist":["BTC/USDT"],"stake_amount":20,"stake_currency":"USDT","stake_currency_decimals":3,"starting_balance":1000,"dry_run_wallet":1000,"final_balance":999.26700145,"rejected_signals":0,"timedout_entry_orders":0,"timedout_exit_orders":0,"canceled_trade_entries":0,"canceled_entry_orders":0,"replaced_entry_orders":0,"max_open_trades":1,"max_open_trades_setting":5,"timeframe":"1m","timeframe_detail":"","timerange":"20250107-20250110","enable_protections":false,"strategy_name":"MultiHorizonMomentum","stoploss":-0.3,"trailing_stop":false,"trailing_stop_positive":null,"trailing_stop_positive_offset":0.0,"trailing_only_offset_is_reached":false,"use_custom_stoploss":false,"minimal_roi":{},"use_exit_signal":true,"exit_profit_only":false,"exit_profit_offset":0.0,"ignore_roi_if_entry_signal":false,"trading_mode":"spot","margin_mode":"","periodic_breakdown":{"day":[{"date":"08/01/2025","date_ts":1736294400000,"profit_abs":-0.08263003,"wins":0,"draws":0,"losses":3,"trades":3,"profit_factor":0.0},{"date":"09/01/2025","date_ts":1736380800000,"profit_abs":-0.65036852,"wins":0,"draws":0,"losses":8,"trades":8,"profit_factor":0.0}],"week":[{"date":"13/01/2025","date_ts":1736726400000,"profit_abs":-0.73299855,"wins":0,"draws":0,"losses":11,"trades":11,"profit_factor":0.0}],"month":[{"date":"31/01/2025","date_ts":1738281600000,"profit_abs":-0.73299855,"wins":0,"draws":0,"losses":11,"trades":11,"profit_factor":0.0}],"year":[{"date":"31/12/2025","date_ts":1767139200000,"profit_abs":-0.73299855,"wins":0,"draws":0,"losses":11,"trades":11,"profit_factor":0.0}]},"backtest_best_day":-0.004136062814100221,"backtest_worst_day":-0.033202234950021746,"backtest_best_day_abs":-0.08263003,"backtest_worst_day_abs":-0.65036852,"winning_days":0,"draw_days":0,"losing_days":2,"daily_profit":[["2025-01-08",-0.08263003],["2025-01-09",-0.65036852]],"wins":0,"losses":11,"draws":0,"winrate":0.0,"holding_avg":"0:26:00","holding_avg_s":1560.0,"winner_holding_min":"0d 00:00","winner_holding_min_s":0.0,"winner_holding_max":"0d 00:00","winner_holding_max_s":0.0,"winner_holding_avg":"0d 00:00","winner_holding_avg_s":0.0,"loser_holding_min":"0d 00:00","loser_holding_min_s":0.0,"loser_holding_max":"0d 02:07","loser_holding_max_s":7620.0,"loser_holding_avg":"0d 00:26","loser_holding_avg_s":1560.0,"max_consecutive_wins":0,"max_consecutive_losses":11,"max_drawdown_account":0.0007329985500000476,"max_relative_drawdown":0.0007329985500000476,"max_drawdown_abs":0.73299855,"drawdown_start":"2025-01-08 22:38:00","drawdown_start_ts":1736375880000.0,"drawdown_end":"2025-01-09 17:35:00","drawdown_end_ts":1736444100000.0,"max_drawdown_low":-0.73299855,"max_drawdown_high":-0.02913383,"csum_min":999.26700145,"csum_max":999.97086617}},"strategy_comparison":[{"key":"MultiHorizonMomentum","trades":11,"profit_mean":-0.00339439070582927,"profit_mean_pct":-0.34,"profit_sum":-0.037338297764121973,"profit_sum_pct":-3.73,"profit_total_abs":-0.73299855,"profit_total":-0.00073299855,"profit_total_pct":-0.07,"duration_avg":"0:26:00","wins":0,"draws":0,"losses":11,"winrate":0.0,"cagr":-0.08535035729652063,"expectancy":-0.06663623181818182,"expectancy_ratio":-1.0,"sortino":-94.79178121188411,"sharpe":-94.79178121188411,"calmar":-636.8324391513854,"sqn":-4.2791,"profit_factor":0.0,"max_drawdown_account":0.0007329985500000476,"max_drawdown_abs":"0.733"}]}