{"strategy":{"MultiHorizonMomentum":{"trades":[{"pair":"BTC/USDT","stake_amount":99.8434701,"max_stake_amount":99.8434701,"amount":0.00099,"open_date":"2025-01-16 00:02:00+00:00","close_date":"2025-01-17 01:36:00+00:00","open_rate":100851.99,"close_rate":100760.33,"fee_open":0.1,"fee_close":0.1,"trade_duration":1534,"profit_ratio":-0.1825617917901273,"profit_abs":-20.05036308,"exit_reason":"custom_exit","initial_stop_loss_abs":70596.4,"initial_stop_loss_ratio":-0.3,"stop_loss_abs":70596.4,"stop_loss_ratio":-0.3,"min_rate":97335.13,"max_rate":100999.0,"is_open":false,"enter_tag":"","leverage":1.0,"is_short":false,"open_timestamp":1736985720000,"close_timestamp":1737077760000,"orders":[{"amount":0.00099,"safe_price":100851.99,"ft_order_side":"buy","order_filled_timestamp":1736985720000,"ft_is_entry":true,"ft_order_tag":"","cost":109.82781711000001},{"amount":0.00099,"safe_price":100760.33,"ft_order_side":"sell","order_filled_timestamp":1737077760000,"ft_is_entry":false,"ft_order_tag":"custom_exit","cost":109.72799937}],"funding_fees":0.0},{"pair":"BTC/USDT","stake_amount":99.9559539,"max_stake_amount":99.9559539,"amount":0.00099,"open_date":"2025-01-17 01:38:00+00:00","close_date":"2025-01-17 01:38:00+00:00","open_rate":100965.61,"close_rate":100965.61,"fee_open":0.1,"fee_close":0.1,"trade_duration":0,"profit_ratio":-0.18181818181818182,"profit_abs":-19.99119078,"exit_reason":"custom_exit","initial_stop_loss_abs":70675.93,"initial_stop_loss_ratio":-0.3,"stop_loss_abs":70675.93,"stop_loss_ratio":-0.3,"min_rate":100873.76,"max_rate":101111.0,"is_open":false,"enter_tag":"","leverage":1.0,"is_short":false,"open_timestamp":1737077880000,"close_timestamp":1737077880000,"orders":[{"amount":0.00099,"safe_price":100965.61,"ft_order_side":"buy","order_filled_timestamp":1737077880000,"ft_is_entry":true,"ft_order_tag":"","cost":109.95154929},{"amount":0.00099,"safe_price":100965.61,"ft_order_side":"sell","order_filled_timestamp":1737077880000,"ft_is_entry":false,"ft_order_tag":"custom_exit","cost":109.95154929}],"funding_fees":0.0},{"pair":"BTC/USDT","stake_amount":99.0701796,"max_stake_amount":99.0701796,"amount":0.00098,"open_date":"2025-01-17 01:39:00+00:00","close_date":"2025-01-17 01:39:00+00:00","open_rate":101092.02,"close_rate":101092.02,"fee_open":0.1,"fee_close":0.1,"trade_duration":0,"profit_ratio":-0.18181818181818182,"profit_abs":-19.81403592,"exit_reason":"custom_exit","initial_stop_loss_abs":70764.42,"initial_stop_loss_ratio":-0.3,"stop_loss_abs":70764.42,"stop_loss_ratio":-0.3,"min_rate":101082.46,"max_rate":101208.26,"is_open":false,"enter_tag":"","leverage":1.0,"is_short":false,"open_timestamp":1737077940000,"close_timestamp":1737077940000,"orders":[{"amount":0.00098,"safe_price":101092.02,"ft_order_side":"buy","order_filled_timestamp":1737077940000,"ft_is_entry":true,"ft_order_tag":"","cost":108.97719756000001},{"amount":0.00098,"safe_price":101092.02,"ft_order_side":"sell","order_filled_timestamp":1737077940000,"ft_is_entry":false,"ft_order_tag":"custom_exit","cost":108.97719756000001}],"funding_fees":0.0},{"pair":"BTC/USDT","stake_amount":99.1407102,"max_stake_amount":99.1407102,"amount":0.00098,"open_date":"2025-01-17 01:40:00+00:00","close_date":"2025-01-17 01:40:00+00:00","open_rate":101163.99,"close_rate":101163.99,"fee_open":0.1,"fee_close":0.1,"trade_duration":0,"profit_ratio":-0.18181818181818182,"profit_abs":-19.82814204,"exit_reason":"custom_exit","initial_stop_loss_abs":70814.8,"initial_stop_loss_ratio":-0.3,"stop_loss_abs":70814.8,"stop_loss_ratio":-0.3,"min_rate":101163.99,"max_rate":101421.71,"is_open":false,"enter_tag":"","leverage":1.0,"is_short":false,"open_timestamp":1737078000000,"close_timestamp":1737078000000,"orders":[{"amount":0.00098,"safe_price":101163.99,"ft_order_side":"buy","order_filled_timestamp":1737078000000,"ft_is_entry":true,"ft_order_tag":"","cost":109.05478122000001},{"amount":0.00098,"safe_price":101163.99,"ft_order_side":"sell","order_filled_timestamp":1737078000000,"ft_is_entry":false,"ft_order_tag":"custom_exit","cost":109.05478122000001}],"funding_fees":0.0},{"pair":"BTC/USDT","stake_amount":99.3701772,"max_stake_amount":99.3701772,"amount":0.00098,"open_date":"2025-01-17 01:41:00+00:00","close_date":"2025-01-17 01:41:00+00:00","open_rate":101398.14,"close_rate":101398.14,"fee_open":0.1,"fee_close":0.1,"trade_duration":0,"profit_ratio":-0.18181818181818182,"profit_abs":-19.87403544,"exit_reason":"custom_exit","initial_stop_loss_abs":70978.7,"initial_stop_loss_ratio":-0.3,"stop_loss_abs":70978.7,"stop_loss_ratio":-0.3,"min_rate":101370.23,"max_rate":101605.72,"is_open":false,"enter_tag":"","leverage":1.0,"is_short":false,"open_timestamp":1737078060000,"close_timestamp":1737078060000,"orders":[{"amount":0.00098,"safe_price":101398.14,"ft_order_side":"buy","order_filled_timestamp":1737078060000,"ft_is_entry":true,"ft_order_tag":"","cost":109.30719492000001},{"amount":0.00098,"safe_price":101398.14,"ft_order_side":"sell","order_filled_timestamp":1737078060000,"ft_is_entry":false,"ft_order_tag":"custom_exit","cost":109.30719492000001}],"funding_fees":0.0},{"pair":"BTC/USDT","stake_amount":99.512042,"max_stake_amount":99.512042,"amount":0.00098,"open_date":"2025-01-17 01:42:00+00:00","close_date":"2025-01-17 01:43:00+00:00","open_rate":101542.9,"close_rate":101536.83,"fee_open":0.1,"fee_close":0.1,"trade_duration":1,"profit_ratio":-0.18186709083728964,"profit_abs":-19.90776214,"exit_reason":"custom_exit","initial_stop_loss_abs":71080.03,"initial_stop_loss_ratio":-0.3,"stop_loss_abs":71080.03,"stop_loss_ratio":-0.3,"min_rate":101400.0,"max_rate":101574.6,"is_open":false,"enter_tag":"","leverage":1.0,"is_short":false,"open_timestamp":1737078120000,"close_timestamp":1737078180000,"orders":[{"amount":0.00098,"safe_price":101542.9,"ft_order_side":"buy","order_filled_timestamp":1737078120000,"ft_is_entry":true,"ft_order_tag":"","cost":109.4632462},{"amount":0.00098,"safe_price":101536.83,"ft_order_side":"sell","order_filled_timestamp":1737078180000,"ft_is_entry":false,"ft_order_tag":"custom_exit","cost":109.45670274000001}],"funding_fees":0.0},{"pair":"BTC/USDT","stake_amount":99.6799846,"max_stake_amount":99.6799846,"amount":0.00098,"open_date":"2025-01-17 05:13:00+00:00","close_date":"2025-01-17 05:15:00+00:00","open_rate":101714.27,"close_rate":101668.52,"fee_open":0.1,"fee_close":0.1,"trade_duration":2,"profit_ratio":-0.18218619132345398,"profit_abs":-19.97634842,"exit_reason":"custom_exit","initial_stop_loss_abs":71199.99,"initial_stop_loss_ratio":-0.3,"stop_loss_abs":71199.99,"stop_loss_ratio":-0.3,"min_rate":101668.51,"max_rate":101782.02,"is_open":false,"enter_tag":"","leverage":1.0,"is_short":false,"open_timestamp":1737090780000,"close_timestamp":1737090900000,"orders":[{"amount":0.00098,"safe_price":101714.27,"ft_order_side":"buy","order_filled_timestamp":1737090780000,"ft_is_entry":true,"ft_order_tag":"","cost":109.64798306},{"amount":0.00098,"safe_price":101668.52,"ft_order_side":"sell","order_filled_timestamp":1737090900000,"ft_is_entry":false,"ft_order_tag":"custom_exit","cost":109.59866456000002}],"funding_fees":0.0},{"pair":"BTC/USDT","stake_amount":99.9827556,"max_stake_amount":99.9827556,"amount":0.00098,"open_date":"2025-01-17 08:32:00+00:00","close_date":"2025-01-17 08:35:00+00:00","open_rate":102023.22,"close_rate":102044.51,"fee_open":0.1,"fee_close":0.1,"trade_duration":3,"profit_ratio":-0.18164744528478194,"profit_abs":-19.97777334,"exit_reason":"custom_exit","initial_stop_loss_abs":71416.26,"initial_stop_loss_ratio":-0.3,"stop_loss_abs":71416.26,"stop_loss_ratio":-0.3,"min_rate":101928.6,"max_rate":102123.4,"is_open":false,"enter_tag":"","leverage":1.0,"is_short":false,"open_timestamp":1737102720000,"close_timestamp":1737102900000,"orders":[{"amount":0.00098,"safe_price":102023.22,"ft_order_side":"buy","order_filled_timestamp":1737102720000,"ft_is_entry":true,"ft_order_tag":"","cost":109.98103116000001},{"amount":0.00098,"safe_price":102044.51,"ft_order_side":"sell","order_filled_timestamp":1737102900000,"ft_is_entry":false,"ft_order_tag":"custom_exit","cost":110.00398178}],"funding_fees":0.0},{"pair":"BTC/USDT","stake_amount":99.5471133,"max_stake_amount":99.5471133,"amount":0.00097,"open_date":"2025-01-17 12:20:00+00:00","close_date":"2025-01-17 12:20:00+00:00","open_rate":102625.89,"close_rate":102625.89,"fee_open":0.1,"fee_close":0.1,"trade_duration":0,"profit_ratio":-0.18181818181818182,"profit_abs":-19.90942266,"exit_reason":"custom_exit","initial_stop_loss_abs":71838.13,"initial_stop_loss_ratio":-0.3,"stop_loss_abs":71838.13,"stop_loss_ratio":-0.3,"min_rate":102556.67,"max_rate":102666.0,"is_open":false,"enter_tag":"","leverage":1.0,"is_short":false,"open_timestamp":1737116400000,"close_timestamp":1737116400000,"orders":[{"amount":0.00097,"safe_price":102625.89,"ft_order_side":"buy","order_filled_timestamp":1737116400000,"ft_is_entry":true,"ft_order_tag":"","cost":109.50182463000002},{"amount":0.00097,"safe_price":102625.89,"ft_order_side":"sell","order_filled_timestamp":1737116400000,"ft_is_entry":false,"ft_order_tag":"custom_exit","cost":109.50182463000002}],"funding_fees":0.0},{"pair":"BTC/USDT","stake_amount":99.7962336,"max_stake_amount":99.7962336,"amount":0.00096,"open_date":"2025-01-18 13:43:00+00:00","close_date":"2025-01-18 13:56:00+00:00","open_rate":103954.41,"close_rate":103923.03,"fee_open":0.1,"fee_close":0.1,"trade_duration":13,"profit_ratio":-0.18206516071455134,"profit_abs":-19.98635904,"exit_reason":"custom_exit","initial_stop_loss_abs":72768.09,"initial_stop_loss_ratio":-0.3,"stop_loss_abs":72768.09,"stop_loss_ratio":-0.3,"min_rate":103793.31,"max_rate":104074.97,"is_open":false,"enter_tag":"","leverage":1.0,"is_short":false,"open_timestamp":1737207780000,"close_timestamp":1737208560000,"orders":[{"amount":0.00096,"safe_price":103954.41,"ft_order_side":"buy","order_filled_timestamp":1737207780000,"ft_is_entry":true,"ft_order_tag":"","cost":109.77585696000001},{"amount":0.00096,"safe_price":103923.03,"ft_order_side":"sell","order_filled_timestamp":1737208560000,"ft_is_entry":false,"ft_order_tag":"custom_exit","cost":109.74271968000001}],"funding_fees":0.0},{"pair":"BTC/USDT","stake_amount":99.0755,"max_stake_amount":99.0755,"amount":0.00095,"open_date":"2025-01-18 13:58:00+00:00","close_date":"2025-01-18 13:58:00+00:00","open_rate":104290.0,"close_rate":104290.0,"fee_open":0.1,"fee_close":0.1,"trade_duration":0,"profit_ratio":-0.18181818181818182,"profit_abs":-19.8151,"exit_reason":"custom_exit","initial_stop_loss_abs":73003.0,"initial_stop_loss_ratio":-0.3,"stop_loss_abs":73003.0,"stop_loss_ratio":-0.3,"min_rate":104233.54,"max_rate":104395.92,"is_open":false,"enter_tag":"","leverage":1.0,"is_short":false,"open_timestamp":1737208680000,"close_timestamp":1737208680000,"orders":[{"amount":0.00095,"safe_price":104290.0,"ft_order_side":"buy","order_filled_timestamp":1737208680000,"ft_is_entry":true,"ft_order_tag":"","cost":108.98305000000002},{"amount":0.00095,"safe_price":104290.0,"ft_order_side":"sell","order_filled_timestamp":1737208680000,"ft_is_entry":false,"ft_order_tag":"custom_exit","cost":108.98305000000002}],"funding_fees":0.0},{"pair":"BTC/USDT","stake_amount":99.171013,"max_stake_amount":99.171013,"amount":0.00095,"open_date":"2025-01-18 13:59:00+00:00","close_date":"2025-01-18 14:01:00+00:00","open_rate":104390.54,"close_rate":104291.16,"fee_open":0.1,"fee_close":0.1,"trade_duration":2,"profit_ratio":-0.18259709252303025,"profit_abs":-19.9191725,"exit_reason":"custom_exit","initial_stop_loss_abs":73073.38,"initial_stop_loss_ratio":-0.3,"stop_loss_abs":73073.38,"stop_loss_ratio":-0.3,"min_rate":104223.44,"max_rate":104562.5,"is_open":false,"enter_tag":"","leverage":1.0,"is_short":false,"open_timestamp":1737208740000,"close_timestamp":1737208860000,"orders":[{"amount":0.00095,"safe_price":104390.54,"ft_order_side":"buy","order_filled_timestamp":1737208740000,"ft_is_entry":true,"ft_order_tag":"","cost":109.0881143},{"amount":0.00095,"safe_price":104291.16,"ft_order_side":"sell","order_filled_timestamp":1737208860000,"ft_is_entry":false,"ft_order_tag":"custom_exit","cost":108.98426220000002}],"funding_fees":0.0},{"pair":"BTC/USDT","stake_amount":99.256304,"max_stake_amount":99.256304,"amount":0.00095,"open_date":"2025-01-18 23:06:00+00:00","close_date":"2025-01-18 23:09:00+00:00","open_rate":104480.32,"close_rate":104500.0,"fee_open":0.1,"fee_close":0.1,"trade_duration":3,"profit_ratio":-0.18166406841020394,"profit_abs":-19.8344344,"exit_reason":"custom_exit","initial_stop_loss_abs":73136.23,"initial_stop_loss_ratio":-0.3,"stop_loss_abs":73136.23,"stop_loss_ratio":-0.3,"min_rate":104471.81,"max_rate":104560.0,"is_open":false,"enter_tag":"","leverage":1.0,"is_short":false,"open_timestamp":1737241560000,"close_timestamp":1737241740000,"orders":[{"amount":0.00095,"safe_price":104480.32,"ft_order_side":"buy","order_filled_timestamp":1737241560000,"ft_is_entry":true,"ft_order_tag":"","cost":109.1819344},{"amount":0.00095,"safe_price":104500.0,"ft_order_side":"sell","order_filled_timestamp":1737241740000,"ft_is_entry":false,"ft_order_tag":"custom_exit","cost":109.20250000000001}],"funding_fees":0.0},{"pair":"BTC/USDT","stake_amount":99.267362,"max_stake_amount":99.267362,"amount":0.00095,"open_date":"2025-01-18 23:11:00+00:00","close_date":"2025-01-18 23:11:00+00:00","open_rate":104491.96,"close_rate":104491.96,"fee_open":0.1,"fee_close":0.1,"trade_duration":0,"profit_ratio":-0.18181818181818182,"profit_abs":-19.8534724,"exit_reason":"custom_exit","initial_stop_loss_abs":73144.38,"initial_stop_loss_ratio":-0.3,"stop_loss_abs":73144.38,"stop_loss_ratio":-0.3,"min_rate":104491.96,"max_rate":104541.14,"is_open":false,"enter_tag":"","leverage":1.0,"is_short":false,"open_timestamp":1737241860000,"close_timestamp":1737241860000,"orders":[{"amount":0.00095,"safe_price":104491.96,"ft_order_side":"buy","order_filled_timestamp":1737241860000,"ft_is_entry":true,"ft_order_tag":"","cost":109.19409820000001},{"amount":0.00095,"safe_price":104491.96,"ft_order_side":"sell","order_filled_timestamp":1737241860000,"ft_is_entry":false,"ft_order_tag":"custom_exit","cost":109.19409820000001}],"funding_fees":0.0},{"pair":"BTC/USDT","stake_amount":99.460934,"max_stake_amount":99.460934,"amount":0.00095,"open_date":"2025-01-18 23:17:00+00:00","close_date":"2025-01-19 02:06:00+00:00","open_rate":104695.72,"close_rate":104692.71,"fee_open":0.1,"fee_close":0.1,"trade_duration":169,"profit_ratio":-0.18184170453021556,"profit_abs":-19.89476035,"exit_reason":"custom_exit","initial_stop_loss_abs":73287.01,"initial_stop_loss_ratio":-0.3,"stop_loss_abs":73287.01,"stop_loss_ratio":-0.3,"min_rate":104013.51,"max_rate":104750.0,"is_open":false,"enter_tag":"","leverage":1.0,"is_short":false,"open_timestamp":1737242220000,"close_timestamp":1737252360000,"orders":[{"amount":0.00095,"safe_price":104695.72,"ft_order_side":"buy","order_filled_timestamp":1737242220000,"ft_is_entry":true,"ft_order_tag":"","cost":109.4070274},{"amount":0.00095,"safe_price":104692.71,"ft_order_side":"sell","order_filled_timestamp":1737252360000,"ft_is_entry":false,"ft_order_tag":"custom_exit","cost":109.40388195000001}],"funding_fees":0.0},{"pair":"BTC/USDT","stake_amount":99.7025095,"max_stake_amount":99.7025095,"amount":0.00095,"open_date":"2025-01-19 02:22:00+00:00","close_date":"2025-01-19 02:24:00+00:00","open_rate":104950.01,"close_rate":104908.79,"fee_open":0.1,"fee_close":0.1,"trade_duration":2,"profit_ratio":-0.1821395296155327,"profit_abs":-19.975745,"exit_reason":"custom_exit","initial_stop_loss_abs":73465.01,"initial_stop_loss_ratio":-0.3,"stop_loss_abs":73465.01,"stop_loss_ratio":-0.3,"min_rate":104908.79,"max_rate":105070.43,"is_open":false,"enter_tag":"","leverage":1.0,"is_short":false,"open_timestamp":1737253320000,"close_timestamp":1737253440000,"orders":[{"amount":0.00095,"safe_price":104950.01,"ft_order_side":"buy","order_filled_timestamp":1737253320000,"ft_is_entry":true,"ft_order_tag":"","cost":109.67276045},{"amount":0.00095,"safe_price":104908.79,"ft_order_side":"sell","order_filled_timestamp":1737253440000,"ft_is_entry":false,"ft_order_tag":"custom_exit","cost":109.62968555}],"funding_fees":0.0},{"pair":"BTC/USDT","stake_amount":99.786518,"max_stake_amount":99.786518,"amount":0.00095,"open_date":"2025-01-19 02:25:00+00:00","close_date":"2025-01-19 02:25:00+00:00","open_rate":105038.44,"close_rate":105038.44,"fee_open":0.1,"fee_close":0.1,"trade_duration":0,"profit_ratio":-0.18181818181818182,"profit_abs":-19.9573036,"exit_reason":"custom_exit","initial_stop_loss_abs":73526.91,"initial_stop_loss_ratio":-0.3,"stop_loss_abs":73526.91,"stop_loss_ratio":-0.3,"min_rate":105038.43,"max_rate":105100.0,"is_open":false,"enter_tag":"","leverage":1.0,"is_short":false,"open_timestamp":1737253500000,"close_timestamp":1737253500000,"orders":[{"amount":0.00095,"safe_price":105038.44,"ft_order_side":"buy","order_filled_timestamp":1737253500000,"ft_is_entry":true,"ft_order_tag":"","cost":109.76516980000001},{"amount":0.00095,"safe_price":105038.44,"ft_order_side":"sell","order_filled_timestamp":1737253500000,"ft_is_entry":false,"ft_order_tag":"custom_exit","cost":109.76516980000001}],"funding_fees":0.0},{"pair":"BTC/USDT","stake_amount":99.8929655,"max_stake_amount":99.8929655,"amount":0.00095,"open_date":"2025-01-19 02:27:00+00:00","close_date":"2025-01-19 02:27:00+00:00","open_rate":105150.49,"close_rate":105150.49,"fee_open":0.1,"fee_close":0.1,"trade_duration":0,"profit_ratio":-0.18181818181818185,"profit_abs":-19.9785931,"exit_reason":"custom_exit","initial_stop_loss_abs":73605.35,"initial_stop_loss_ratio":-0.3,"stop_loss_abs":73605.35,"stop_loss_ratio":-0.3,"min_rate":105131.06,"max_rate":105299.07,"is_open":false,"enter_tag":"","leverage":1.0,"is_short":false,"open_timestamp":1737253620000,"close_timestamp":1737253620000,"orders":[{"amount":0.00095,"safe_price":105150.49,"ft_order_side":"buy","order_filled_timestamp":1737253620000,"ft_is_entry":true,"ft_order_tag":"","cost":109.88226205000001},{"amount":0.00095,"safe_price":105150.49,"ft_order_side":"sell","order_filled_timestamp":1737253620000,"ft_is_entry":false,"ft_order_tag":"custom_exit","cost":109.88226205000001}],"funding_fees":0.0},{"pair":"BTC/USDT","stake_amount":99.404906,"max_stake_amount":99.404906,"amount":0.00094,"open_date":"2025-01-19 19:53:00+00:00","close_date":"2025-01-19 19:53:00+00:00","open_rate":105749.9,"close_rate":105749.9,"fee_open":0.1,"fee_close":0.1,"trade_duration":0,"profit_ratio":-0.18181818181818182,"profit_abs":-19.8809812,"exit_reason":"custom_exit","initial_stop_loss_abs":74024.93,"initial_stop_loss_ratio":-0.3,"stop_loss_abs":74024.93,"stop_loss_ratio":-0.3,"min_rate":105686.95,"max_rate":105777.91,"is_open":false,"enter_tag":"","leverage":1.0,"is_short":false,"open_timestamp":1737316380000,"close_timestamp":1737316380000,"orders":[{"amount":0.00094,"safe_price":105749.9,"ft_order_side":"buy","order_filled_timestamp":1737316380000,"ft_is_entry":true,"ft_order_tag":"","cost":109.3453966},{"amount":0.00094,"safe_price":105749.9,"ft_order_side":"sell","order_filled_timestamp":1737316380000,"ft_is_entry":false,"ft_order_tag":"custom_exit","cost":109.3453966}],"funding_fees":0.0},{"pair":"BTC/USDT","stake_amount":99.640047,"max_stake_amount":99.640047,"amount":0.00094,"open_date":"2025-01-19 19:59:00+00:00","close_date":"2025-01-19 19:59:00+00:00","open_rate":106000.05,"close_rate":106000.05,"fee_open":0.1,"fee_close":0.1,"trade_duration":0,"profit_ratio":-0.18181818181818182,"profit_abs":-19.9280094,"exit_reason":"custom_exit","initial_stop_loss_abs":74200.04,"initial_stop_loss_ratio":-0.3,"stop_loss_abs":74200.04,"stop_loss_ratio":-0.3,"min_rate":106000.05,"max_rate":106200.74,"is_open":false,"enter_tag":"","leverage":1.0,"is_short":false,"open_timestamp":1737316740000,"close_timestamp":1737316740000,"orders":[{"amount":0.00094,"safe_price":106000.05,"ft_order_side":"buy","order_filled_timestamp":1737316740000,"ft_is_entry":true,"ft_order_tag":"","cost":109.6040517},{"amount":0.00094,"safe_price":106000.05,"ft_order_side":"sell","order_filled_timestamp":1737316740000,"ft_is_entry":false,"ft_order_tag":"custom_exit","cost":109.6040517}],"funding_fees":0.0}],"locks":[],"best_pair":{"key":"BTC/USDT","trades":20,"profit_mean":-0.1819285037514593,"profit_mean_pct":-18.19,"profit_sum":-3.638570075029186,"profit_sum_pct":-363.86,"profit_total_abs":-398.35300481,"profit_total":-0.39835300481,"profit_total_pct":-39.84,"duration_avg":"1:26:00","wins":0,"draws":0,"losses":20,"winrate":0.0,"cagr":-0.999995727822389,"expectancy":-19.917650240500002,"expectancy_ratio":-1.0,"sortino":-7656.817382927321,"sharpe":-7656.817382927321,"calmar":-127.36648783028534,"sqn":-1310.207,"profit_factor":0.0,"max_drawdown_account":0.39835300481,"max_drawdown_abs":398.35300481},"worst_pair":{"key":"BTC/USDT","trades":20,"profit_mean":-0.1819285037514593,"profit_mean_pct":-18.19,"profit_sum":-3.638570075029186,"profit_sum_pct":-363.86,"profit_total_abs":-398.35300481,"profit_total":-0.39835300481,"profit_total_pct":-39.84,"duration_avg":"1:26:00","wins":0,"draws":0,"losses":20,"winrate":0.0,"cagr":-0.999995727822389,"expectancy":-19.917650240500002,"expectancy_ratio":-1.0,"sortino":-7656.817382927321,"sharpe":-7656.817382927321,"calmar":-127.36648783028534,"sqn":-1310.207,"profit_factor":0.0,"max_drawdown_account":0.39835300481,"max_drawdown_abs":398.35300481},"results_per_pair":[{"key":"BTC/USDT","trades":20,"profit_mean":-0.1819285037514593,"profit_mean_pct":-18.19,"profit_sum":-3.638570075029186,"profit_sum_pct":-363.86,"profit_total_abs":-398.35300481,"profit_total":-0.39835300481,"profit_total_pct":-39.84,"duration_avg":"1:26:00","wins":0,"draws":0,"losses":20,"winrate":0.0,"cagr":-0.999995727822389,"expectancy":-19.917650240500002,"expectancy_ratio":-1.0,"sortino":-7656.817382927321,"sharpe":-7656.817382927321,"calmar":-127.36648783028534,"sqn":-1310.207,"profit_factor":0.0,"max_drawdown_account":0.39835300481,"max_drawdown_abs":398.35300481},{"key":"TOTAL","trades":20,"profit_mean":-0.1819285037514593,"profit_mean_pct":-18.19,"profit_sum":-3.638570075029186,"profit_sum_pct":-363.86,"profit_total_abs":-398.35300481,"profit_total":-0.39835300481,"profit_total_pct":-39.84,"duration_avg":"1:26:00","wins":0,"draws":0,"losses":20,"winrate":0.0,"cagr":-0.999995727822389,"expectancy":-19.917650240500002,"expectancy_ratio":-1.0,"sortino":-7656.817382927321,"sharpe":-7656.817382927321,"calmar":-127.36648783028534,"sqn":-1310.207,"profit_factor":0.0,"max_drawdown_account":0.39835300481,"max_drawdown_abs":398.35300481}],"results_per_enter_tag":[{"key":"","trades":20,"profit_mean":-0.1819285037514593,"profit_mean_pct":-18.19,"profit_sum":-3.638570075029186,"profit_sum_pct":-363.86,"profit_total_abs":-398.35300481,"profit_total":-0.39835300481,"profit_total_pct":-39.84,"duration_avg":"1:26:00","wins":0,"draws":0,"losses":20,"winrate":0.0,"cagr":-0.999995727822389,"expectancy":-19.917650240500002,"expectancy_ratio":-1.0,"sortino":-7656.817382927321,"sharpe":-7656.817382927321,"calmar":-127.36648783028534,"sqn":-1310.207,"profit_factor":0.0,"max_drawdown_account":0.39835300481,"max_drawdown_abs":398.35300481},{"key":"TOTAL","trades":20,"profit_mean":-0.1819285037514593,"profit_mean_pct":-18.19,"profit_sum":-3.638570075029186,"profit_sum_pct":-363.86,"profit_total_abs":-398.35300481,"profit_total":-0.39835300481,"profit_total_pct":-39.84,"duration_avg":"1:26:00","wins":0,"draws":0,"losses":20,"winrate":0.0,"cagr":-0.999995727822389,"expectancy":-19.917650240500002,"expectancy_ratio":-1.0,"sortino":-7656.817382927321,"sharpe":-7656.817382927321,"calmar":-127.36648783028534,"sqn":-1310.207,"profit_factor":0.0,"max_drawdown_account":0.39835300481,"max_drawdown_abs":398.35300481}],"exit_reason_summary":[{"key":"custom_exit","trades":20,"profit_mean":-0.1819285037514593,"profit_mean_pct":-18.19,"profit_sum":-3.638570075029186,"profit_sum_pct":-363.86,"profit_total_abs":-398.35300481,"profit_total":-0.39835300481,"profit_total_pct":-39.84,"duration_avg":"1:26:00","wins":0,"draws":0,"losses":20,"winrate":0.0,"cagr":-0.999995727822389,"expectancy":-19.917650240500002,"expectancy_ratio":-1.0,"sortino":-7656.817382927321,"sharpe":-7656.817382927321,"calmar":-127.36648783028534,"sqn":-1310.207,"profit_factor":0.0,"max_drawdown_account":0.39835300481,"max_drawdown_abs":398.35300481},{"key":"TOTAL","trades":20,"profit_mean":-0.1819285037514593,"profit_mean_pct":-18.19,"profit_sum":-3.638570075029186,"profit_sum_pct":-363.86,"profit_total_abs":-398.35300481,"profit_total":-0.39835300481,"profit_total_pct":-39.84,"duration_avg":"1:26:00","wins":0,"draws":0,"losses":20,"winrate":0.0,"cagr":-0.999995727822389,"expectancy":-19.917650240500002,"expectancy_ratio":-1.0,"sortino":-7656.817382927321,"sharpe":-7656.817382927321,"calmar":-127.36648783028534,"sqn":-1310.207,"profit_factor":0.0,"max_drawdown_account":0.39835300481,"max_drawdown_abs":398.35300481}],"mix_tag_stats":[{"key":["","custom_exit"],"trades":20,"profit_mean":-0.1819285037514593,"profit_mean_pct":-18.19,"profit_sum":-3.638570075029186,"profit_sum_pct":-363.86,"profit_total_abs":-398.35300481,"profit_total":-0.39835300481,"profit_total_pct":-39.84,"duration_avg":"1:26:00","wins":0,"draws":0,"losses":20,"winrate":0.0,"cagr":-0.999995727822389,"expectancy":-19.917650240500002,"expectancy_ratio":-1.0,"sortino":-7656.817382927321,"sharpe":-7656.817382927321,"calmar":-127.36648783028534,"sqn":-1310.207,"profit_factor":0.0,"max_drawdown_account":0.39835300481,"max_drawdown_abs":398.35300481},{"key":"TOTAL","trades":20,"profit_mean":-0.1819285037514593,"profit_mean_pct":-18.19,"profit_sum":-3.638570075029186,"profit_sum_pct":-363.86,"profit_total_abs":-398.35300481,"profit_total":-0.39835300481,"profit_total_pct":-39.84,"duration_avg":"1:26:00","wins":0,"draws":0,"losses":20,"winrate":0.0,"cagr":-0.999995727822389,"expectancy":-19.917650240500002,"expectancy_ratio":-1.0,"sortino":-7656.817382927321,"sharpe":-7656.817382927321,"calmar":-127.36648783028534,"sqn":-1310.207,"profit_factor":0.0,"max_drawdown_account":0.39835300481,"max_drawdown_abs":398.35300481}],"left_open_trades":[{"key":"TOTAL","trades":0,"profit_mean":0.0,"profit_mean_pct":0.0,"profit_sum":0.0,"profit_sum_pct":0.0,"profit_total_abs":0.0,"profit_total":0.0,"profit_total_pct":0.0,"duration_avg":"0:00","wins":0,"draws":0,"losses":0,"winrate":0.0,"cagr":0.0,"expectancy":0.0,"expectancy_ratio":100.0,"sortino":0,"sharpe":0,"calmar":0,"sqn":0.0,"profit_factor":0.0,"max_drawdown_account":0.0,"max_drawdown_abs":0.0}],"total_trades":20,"trade_count_long":20,"trade_count_short":0,"total_volume":4378.929320810001,"avg_stake_amount":99.52783395499999,"profit_mean":-0.1819285037514593,"profit_median":-0.18181818181818182,"profit_total":-0.39835300481,"profit_total_long":-0.39835300481,"profit_total_short":0.0,"profit_total_abs":-398.35300481,"profit_total_long_abs":-398.35300481,"profit_total_short_abs":0.0,"cagr":-0.999995727822389,"expectancy":-19.917650240500002,"expectancy_ratio":-1.0,"sortino":-7656.817382927321,"sharpe":-7656.817382927321,"calmar":-127.36648783028534,"sqn":-1310.207,"profit_factor":0.0,"backtest_start":"2025-01-16 00:00:00","backtest_start_ts":1736985600000,"backtest_end":"2025-01-31 00:00:00","backtest_end_ts":1738281600000,"backtest_days":15,"backtest_run_start_ts":1752202408,"backtest_run_end_ts":1752202408,"trades_per_day":1.33,"market_change":0.04192471824214004,"pairlist":["BTC/USDT"],"stake_amount":100,"stake_currency":"USDT","stake_currency_decimals":3,"starting_balance":1000,"dry_run_wallet":1000,"final_balance":601.64699519,"rejected_signals":0,"timedout_entry_orders":0,"timedout_exit_orders":0,"canceled_trade_entries":0,"canceled_entry_orders":0,"replaced_entry_orders":0,"max_open_trades":1,"max_open_trades_setting":10,"timeframe":"1m","timeframe_detail":"","timerange":"20250116-20250131","enable_protections":true,"strategy_name":"MultiHorizonMomentum","stoploss":-0.3,"trailing_stop":false,"trailing_stop_positive":null,"trailing_stop_positive_offset":0.0,"trailing_only_offset_is_reached":false,"use_custom_stoploss":false,"minimal_roi":{"0":0.003},"use_exit_signal":true,"exit_profit_only":false,"exit_profit_offset":0.0,"ignore_roi_if_entry_signal":false,"trading_mode":"spot","margin_mode":"","periodic_breakdown":{"day":[{"date":"17/01/2025","date_ts":1737072000000,"profit_abs":-179.32907382,"wins":0,"draws":0,"losses":9,"trades":9,"profit_factor":0.0},{"date":"18/01/2025","date_ts":1737158400000,"profit_abs":-99.40853834,"wins":0,"draws":0,"losses":5,"trades":5,"profit_factor":0.0},{"date":"19/01/2025","date_ts":1737244800000,"profit_abs":-119.61539265,"wins":0,"draws":0,"losses":6,"trades":6,"profit_factor":0.0}],"week":[{"date":"20/01/2025","date_ts":1737331200000,"profit_abs":-398.35300481,"wins":0,"draws":0,"losses":20,"trades":20,"profit_factor":0.0}],"month":[{"date":"31/01/2025","date_ts":1738281600000,"profit_abs":-398.35300481,"wins":0,"draws":0,"losses":20,"trades":20,"profit_factor":0.0}],"year":[{"date":"31/12/2025","date_ts":1767139200000,"profit_abs":-398.35300481,"wins":0,"draws":0,"losses":20,"trades":20,"profit_factor":0.0}]},"backtest_best_day":-0.9099626852841491,"backtest_worst_day":-1.637353428326562,"backtest_best_day_abs":-99.40853834,"backtest_worst_day_abs":-179.32907382,"winning_days":0,"draw_days":0,"losing_days":3,"daily_profit":[["2025-01-17",-179.32907382],["2025-01-18",-99.40853834],["2025-01-19",-119.61539265]],"wins":0,"losses":20,"draws":0,"winrate":0.0,"holding_avg":"1:26:00","holding_avg_s":5160.0,"winner_holding_min":"0d 00:00","winner_holding_min_s":0.0,"winner_holding_max":"0d 00:00","winner_holding_max_s":0.0,"winner_holding_avg":"0d 00:00","winner_holding_avg_s":0.0,"loser_holding_min":"0d 00:00","loser_holding_min_s":0.0,"loser_holding_max":"1d 01:34","loser_holding_max_s":92040.0,"loser_holding_avg":"0d 01:26","loser_holding_avg_s":5160.0,"max_consecutive_wins":0,"max_consecutive_losses":20,"max_drawdown_account":0.39835300481,"max_relative_drawdown":0.39835300481,"max_drawdown_abs":398.35300481,"drawdown_start":"2025-01-17 01:36:00","drawdown_start_ts":1737077760000.0,"drawdown_end":"2025-01-19 19:59:00","drawdown_end_ts":1737316740000.0,"max_drawdown_low":-398.35300481,"max_drawdown_high":-20.05036308,"csum_min":601.64699519,"csum_max":979.94963692}},"strategy_comparison":[{"key":"MultiHorizonMomentum","trades":20,"profit_mean":-0.1819285037514593,"profit_mean_pct":-18.19,"profit_sum":-3.638570075029186,"profit_sum_pct":-363.86,"profit_total_abs":-398.35300481,"profit_total":-0.39835300481,"profit_total_pct":-39.84,"duration_avg":"1:26:00","wins":0,"draws":0,"losses":20,"winrate":0.0,"cagr":-0.999995727822389,"expectancy":-19.917650240500002,"expectancy_ratio":-1.0,"sortino":-7656.817382927321,"sharpe":-7656.817382927321,"calmar":-127.36648783028534,"sqn":-1310.207,"profit_factor":0.0,"max_drawdown_account":0.39835300481,"max_drawdown_abs":"398.353"}]}