{"strategy":{"MultiHorizonMomentum":{"trades":[{"pair":"BTC/USDT","stake_amount":19.400402,"max_stake_amount":19.400402,"amount":0.0002,"open_date":"2024-12-01 11:37:00+00:00","close_date":"2024-12-15 00:00:00+00:00","open_rate":97002.01,"close_rate":101420.0,"fee_open":0.025,"fee_close":0.025,"trade_duration":19463,"profit_ratio":-0.005456867060494228,"profit_abs":-0.10851205,"exit_reason":"force_exit","initial_stop_loss_abs":67901.41,"initial_stop_loss_ratio":-0.3,"stop_loss_abs":67901.41,"stop_loss_ratio":-0.3,"min_rate":90500.0,"max_rate":104088.0,"is_open":false,"enter_tag":"","leverage":1.0,"is_short":false,"open_timestamp":1733053020000,"close_timestamp":1734220800000,"orders":[{"amount":0.0002,"safe_price":97002.01,"ft_order_side":"buy","order_filled_timestamp":1733053020000,"ft_is_entry":true,"ft_order_tag":"","cost":19.88541205},{"amount":0.0002,"safe_price":101420.0,"ft_order_side":"sell","order_filled_timestamp":1734220800000,"ft_is_entry":false,"ft_order_tag":"force_exit","cost":20.7911}],"funding_fees":0.0}],"locks":[],"best_pair":{"key":"BTC/USDT","trades":1,"profit_mean":-0.005456867060494228,"profit_mean_pct":-0.55,"profit_sum":-0.005456867060494228,"profit_sum_pct":-0.55,"profit_total_abs":-0.10851205,"profit_total":-0.00010851205,"profit_total_pct":-0.01,"duration_avg":"13 days, 12:23:00","wins":0,"draws":0,"losses":1,"winrate":0.0,"cagr":-0.0028252192010251864,"expectancy":-0.10851205,"expectancy_ratio":-1.0,"sortino":-100,"sharpe":-100,"calmar":-136.46409410394656,"sqn":-100.0,"profit_factor":0.0,"max_drawdown_account":0.0001085120499999448,"max_drawdown_abs":0.10851205},"worst_pair":{"key":"BTC/USDT","trades":1,"profit_mean":-0.005456867060494228,"profit_mean_pct":-0.55,"profit_sum":-0.005456867060494228,"profit_sum_pct":-0.55,"profit_total_abs":-0.10851205,"profit_total":-0.00010851205,"profit_total_pct":-0.01,"duration_avg":"13 days, 12:23:00","wins":0,"draws":0,"losses":1,"winrate":0.0,"cagr":-0.0028252192010251864,"expectancy":-0.10851205,"expectancy_ratio":-1.0,"sortino":-100,"sharpe":-100,"calmar":-136.46409410394656,"sqn":-100.0,"profit_factor":0.0,"max_drawdown_account":0.0001085120499999448,"max_drawdown_abs":0.10851205},"results_per_pair":[{"key":"BTC/USDT","trades":1,"profit_mean":-0.005456867060494228,"profit_mean_pct":-0.55,"profit_sum":-0.005456867060494228,"profit_sum_pct":-0.55,"profit_total_abs":-0.10851205,"profit_total":-0.00010851205,"profit_total_pct":-0.01,"duration_avg":"13 days, 12:23:00","wins":0,"draws":0,"losses":1,"winrate":0.0,"cagr":-0.0028252192010251864,"expectancy":-0.10851205,"expectancy_ratio":-1.0,"sortino":-100,"sharpe":-100,"calmar":-136.46409410394656,"sqn":-100.0,"profit_factor":0.0,"max_drawdown_account":0.0001085120499999448,"max_drawdown_abs":0.10851205},{"key":"TOTAL","trades":1,"profit_mean":-0.005456867060494228,"profit_mean_pct":-0.55,"profit_sum":-0.005456867060494228,"profit_sum_pct":-0.55,"profit_total_abs":-0.10851205,"profit_total":-0.00010851205,"profit_total_pct":-0.01,"duration_avg":"13 days, 12:23:00","wins":0,"draws":0,"losses":1,"winrate":0.0,"cagr":-0.0028252192010251864,"expectancy":-0.10851205,"expectancy_ratio":-1.0,"sortino":-100,"sharpe":-100,"calmar":-136.46409410394656,"sqn":-100.0,"profit_factor":0.0,"max_drawdown_account":0.0001085120499999448,"max_drawdown_abs":0.10851205}],"results_per_enter_tag":[{"key":"","trades":1,"profit_mean":-0.005456867060494228,"profit_mean_pct":-0.55,"profit_sum":-0.005456867060494228,"profit_sum_pct":-0.55,"profit_total_abs":-0.10851205,"profit_total":-0.00010851205,"profit_total_pct":-0.01,"duration_avg":"13 days, 12:23:00","wins":0,"draws":0,"losses":1,"winrate":0.0,"cagr":-0.0028252192010251864,"expectancy":-0.10851205,"expectancy_ratio":-1.0,"sortino":-100,"sharpe":-100,"calmar":-136.46409410394656,"sqn":-100.0,"profit_factor":0.0,"max_drawdown_account":0.0001085120499999448,"max_drawdown_abs":0.10851205},{"key":"TOTAL","trades":1,"profit_mean":-0.005456867060494228,"profit_mean_pct":-0.55,"profit_sum":-0.005456867060494228,"profit_sum_pct":-0.55,"profit_total_abs":-0.10851205,"profit_total":-0.00010851205,"profit_total_pct":-0.01,"duration_avg":"13 days, 12:23:00","wins":0,"draws":0,"losses":1,"winrate":0.0,"cagr":-0.0028252192010251864,"expectancy":-0.10851205,"expectancy_ratio":-1.0,"sortino":-100,"sharpe":-100,"calmar":-136.46409410394656,"sqn":-100.0,"profit_factor":0.0,"max_drawdown_account":0.0001085120499999448,"max_drawdown_abs":0.10851205}],"exit_reason_summary":[{"key":"force_exit","trades":1,"profit_mean":-0.005456867060494228,"profit_mean_pct":-0.55,"profit_sum":-0.005456867060494228,"profit_sum_pct":-0.55,"profit_total_abs":-0.10851205,"profit_total":-0.00010851205,"profit_total_pct":-0.01,"duration_avg":"13 days, 12:23:00","wins":0,"draws":0,"losses":1,"winrate":0.0,"cagr":-0.0028252192010251864,"expectancy":-0.10851205,"expectancy_ratio":-1.0,"sortino":-100,"sharpe":-100,"calmar":-136.46409410394656,"sqn":-100.0,"profit_factor":0.0,"max_drawdown_account":0.0001085120499999448,"max_drawdown_abs":0.10851205},{"key":"TOTAL","trades":1,"profit_mean":-0.005456867060494228,"profit_mean_pct":-0.55,"profit_sum":-0.005456867060494228,"profit_sum_pct":-0.55,"profit_total_abs":-0.10851205,"profit_total":-0.00010851205,"profit_total_pct":-0.01,"duration_avg":"13 days, 12:23:00","wins":0,"draws":0,"losses":1,"winrate":0.0,"cagr":-0.0028252192010251864,"expectancy":-0.10851205,"expectancy_ratio":-1.0,"sortino":-100,"sharpe":-100,"calmar":-136.46409410394656,"sqn":-100.0,"profit_factor":0.0,"max_drawdown_account":0.0001085120499999448,"max_drawdown_abs":0.10851205}],"mix_tag_stats":[{"key":["","force_exit"],"trades":1,"profit_mean":-0.005456867060494228,"profit_mean_pct":-0.55,"profit_sum":-0.005456867060494228,"profit_sum_pct":-0.55,"profit_total_abs":-0.10851205,"profit_total":-0.00010851205,"profit_total_pct":-0.01,"duration_avg":"13 days, 12:23:00","wins":0,"draws":0,"losses":1,"winrate":0.0,"cagr":-0.0028252192010251864,"expectancy":-0.10851205,"expectancy_ratio":-1.0,"sortino":-100,"sharpe":-100,"calmar":-136.46409410394656,"sqn":-100.0,"profit_factor":0.0,"max_drawdown_account":0.0001085120499999448,"max_drawdown_abs":0.10851205},{"key":"TOTAL","trades":1,"profit_mean":-0.005456867060494228,"profit_mean_pct":-0.55,"profit_sum":-0.005456867060494228,"profit_sum_pct":-0.55,"profit_total_abs":-0.10851205,"profit_total":-0.00010851205,"profit_total_pct":-0.01,"duration_avg":"13 days, 12:23:00","wins":0,"draws":0,"losses":1,"winrate":0.0,"cagr":-0.0028252192010251864,"expectancy":-0.10851205,"expectancy_ratio":-1.0,"sortino":-100,"sharpe":-100,"calmar":-136.46409410394656,"sqn":-100.0,"profit_factor":0.0,"max_drawdown_account":0.0001085120499999448,"max_drawdown_abs":0.10851205}],"left_open_trades":[{"key":"BTC/USDT","trades":1,"profit_mean":-0.005456867060494228,"profit_mean_pct":-0.55,"profit_sum":-0.005456867060494228,"profit_sum_pct":-0.55,"profit_total_abs":-0.10851205,"profit_total":-0.00010851205,"profit_total_pct":-0.01,"duration_avg":"13 days, 12:23:00","wins":0,"draws":0,"losses":1,"winrate":0.0,"cagr":-0.0028252192010251864,"expectancy":-0.10851205,"expectancy_ratio":-1.0,"sortino":-100,"sharpe":-100,"calmar":-136.46409410394656,"sqn":-100.0,"profit_factor":0.0,"max_drawdown_account":0.0001085120499999448,"max_drawdown_abs":0.10851205},{"key":"TOTAL","trades":1,"profit_mean":-0.005456867060494228,"profit_mean_pct":-0.55,"profit_sum":-0.005456867060494228,"profit_sum_pct":-0.55,"profit_total_abs":-0.10851205,"profit_total":-0.00010851205,"profit_total_pct":-0.01,"duration_avg":"13 days, 12:23:00","wins":0,"draws":0,"losses":1,"winrate":0.0,"cagr":-0.0028252192010251864,"expectancy":-0.10851205,"expectancy_ratio":-1.0,"sortino":-100,"sharpe":-100,"calmar":-136.46409410394656,"sqn":-100.0,"profit_factor":0.0,"max_drawdown_account":0.0001085120499999448,"max_drawdown_abs":0.10851205}],"total_trades":1,"trade_count_long":1,"trade_count_short":0,"total_volume":40.67651205,"avg_stake_amount":19.400402,"profit_mean":-0.005456867060494228,"profit_median":-0.005456867060494228,"profit_total":-0.00010851205,"profit_total_long":-0.00010851205,"profit_total_short":0.0,"profit_total_abs":-0.10851205,"profit_total_long_abs":-0.10851205,"profit_total_short_abs":0.0,"cagr":-0.0028252192010251864,"expectancy":-0.10851205,"expectancy_ratio":-1.0,"sortino":-100,"sharpe":-100,"calmar":-136.46409410394656,"sqn":-100.0,"profit_factor":0.0,"backtest_start":"2024-12-01 00:00:00","backtest_start_ts":1733011200000,"backtest_end":"2024-12-15 00:00:00","backtest_end_ts":1734220800000,"backtest_days":14,"backtest_run_start_ts":1752175870,"backtest_run_end_ts":1752175872,"trades_per_day":0.07,"market_change":0.051825039428903485,"pairlist":["BTC/USDT"],"stake_amount":20,"stake_currency":"USDT","stake_currency_decimals":3,"starting_balance":1000,"dry_run_wallet":1000,"final_balance":999.89148795,"rejected_signals":0,"timedout_entry_orders":0,"timedout_exit_orders":0,"canceled_trade_entries":0,"canceled_entry_orders":0,"replaced_entry_orders":0,"max_open_trades":1,"max_open_trades_setting":5,"timeframe":"1m","timeframe_detail":"","timerange":"20241201-20241215","enable_protections":false,"strategy_name":"MultiHorizonMomentum","stoploss":-0.3,"trailing_stop":false,"trailing_stop_positive":null,"trailing_stop_positive_offset":0.0,"trailing_only_offset_is_reached":false,"use_custom_stoploss":false,"minimal_roi":{},"use_exit_signal":true,"exit_profit_only":false,"exit_profit_offset":0.0,"ignore_roi_if_entry_signal":false,"trading_mode":"spot","margin_mode":"","periodic_breakdown":{"day":[{"date":"15/12/2024","date_ts":1734220800000,"profit_abs":-0.10851205,"wins":0,"draws":0,"losses":1,"trades":1,"profit_factor":0.0}],"week":[{"date":"16/12/2024","date_ts":1734307200000,"profit_abs":-0.10851205,"wins":0,"draws":0,"losses":1,"trades":1,"profit_factor":0.0}],"month":[{"date":"31/12/2024","date_ts":1735603200000,"profit_abs":-0.10851205,"wins":0,"draws":0,"losses":1,"trades":1,"profit_factor":0.0}],"year":[{"date":"31/12/2024","date_ts":1735603200000,"profit_abs":-0.10851205,"wins":0,"draws":0,"losses":1,"trades":1,"profit_factor":0.0}]},"backtest_best_day":-0.005456867060494228,"backtest_worst_day":-0.005456867060494228,"backtest_best_day_abs":-0.10851205,"backtest_worst_day_abs":-0.10851205,"winning_days":0,"draw_days":0,"losing_days":1,"daily_profit":[["2024-12-15",-0.10851205]],"wins":0,"losses":1,"draws":0,"winrate":0.0,"holding_avg":"13 days, 12:23:00","holding_avg_s":1167780.0,"winner_holding_min":"0d 00:00","winner_holding_min_s":0.0,"winner_holding_max":"0d 00:00","winner_holding_max_s":0.0,"winner_holding_avg":"0d 00:00","winner_holding_avg_s":0.0,"loser_holding_min":"13d 12:23","loser_holding_min_s":1167780.0,"loser_holding_max":"13d 12:23","loser_holding_max_s":1167780.0,"loser_holding_avg":"13d 12:23","loser_holding_avg_s":1167780.0,"max_consecutive_wins":0,"max_consecutive_losses":1,"max_drawdown_account":0.0001085120499999448,"max_relative_drawdown":0.0001085120499999448,"max_drawdown_abs":0.10851205,"drawdown_start":"2024-12-15 00:00:00","drawdown_start_ts":1734220800000.0,"drawdown_end":"2024-12-15 00:00:00","drawdown_end_ts":1734220800000.0,"max_drawdown_low":-0.10851205,"max_drawdown_high":-0.10851205,"csum_min":999.89148795,"csum_max":999.89148795}},"strategy_comparison":[{"key":"MultiHorizonMomentum","trades":1,"profit_mean":-0.005456867060494228,"profit_mean_pct":-0.55,"profit_sum":-0.005456867060494228,"profit_sum_pct":-0.55,"profit_total_abs":-0.10851205,"profit_total":-0.00010851205,"profit_total_pct":-0.01,"duration_avg":"13 days, 12:23:00","wins":0,"draws":0,"losses":1,"winrate":0.0,"cagr":-0.0028252192010251864,"expectancy":-0.10851205,"expectancy_ratio":-1.0,"sortino":-100,"sharpe":-100,"calmar":-136.46409410394656,"sqn":-100.0,"profit_factor":0.0,"max_drawdown_account":0.0001085120499999448,"max_drawdown_abs":"0.109"}]}