{"strategy":{"MultiHorizonMomentum":{"trades":[{"pair":"BTC/USDT","stake_amount":19.400402,"max_stake_amount":19.400402,"amount":0.0002,"open_date":"2024-12-01 11:37:00+00:00","close_date":"2024-12-01 11:38:00+00:00","open_rate":97002.01,"close_rate":97035.23,"fee_open":0.025,"fee_close":0.025,"trade_duration":1,"profit_ratio":-0.04845472638823192,"profit_abs":-0.9635422,"exit_reason":"custom_exit","initial_stop_loss_abs":67901.41,"initial_stop_loss_ratio":-0.3,"stop_loss_abs":67901.41,"stop_loss_ratio":-0.3,"min_rate":96981.87,"max_rate":97048.0,"is_open":false,"enter_tag":"","leverage":1.0,"is_short":false,"open_timestamp":1733053020000,"close_timestamp":1733053080000,"orders":[{"amount":0.0002,"safe_price":97002.01,"ft_order_side":"buy","order_filled_timestamp":1733053020000,"ft_is_entry":true,"ft_order_tag":"","cost":19.88541205},{"amount":0.0002,"safe_price":97035.23,"ft_order_side":"sell","order_filled_timestamp":1733053080000,"ft_is_entry":false,"ft_order_tag":"custom_exit","cost":19.89222215}],"funding_fees":0.0},{"pair":"BTC/USDT","stake_amount":19.414,"max_stake_amount":19.414,"amount":0.0002,"open_date":"2024-12-01 11:41:00+00:00","close_date":"2024-12-01 11:41:00+00:00","open_rate":97070.0,"close_rate":97070.0,"fee_open":0.025,"fee_close":0.025,"trade_duration":0,"profit_ratio":-0.04878048780487805,"profit_abs":-0.9707,"exit_reason":"custom_exit","initial_stop_loss_abs":67949.0,"initial_stop_loss_ratio":-0.3,"stop_loss_abs":67949.0,"stop_loss_ratio":-0.3,"min_rate":97069.99,"max_rate":97121.0,"is_open":false,"enter_tag":"","leverage":1.0,"is_short":false,"open_timestamp":1733053260000,"close_timestamp":1733053260000,"orders":[{"amount":0.0002,"safe_price":97070.0,"ft_order_side":"buy","order_filled_timestamp":1733053260000,"ft_is_entry":true,"ft_order_tag":"","cost":19.89935},{"amount":0.0002,"safe_price":97070.0,"ft_order_side":"sell","order_filled_timestamp":1733053260000,"ft_is_entry":false,"ft_order_tag":"custom_exit","cost":19.89935}],"funding_fees":0.0},{"pair":"BTC/USDT","stake_amount":19.422148,"max_stake_amount":19.422148,"amount":0.0002,"open_date":"2024-12-01 12:01:00+00:00","close_date":"2024-12-01 13:18:00+00:00","open_rate":97110.74,"close_rate":97100.0,"fee_open":0.025,"fee_close":0.025,"trade_duration":77,"profit_ratio":-0.04888568829620347,"profit_abs":-0.9732017,"exit_reason":"custom_exit","initial_stop_loss_abs":67977.52,"initial_stop_loss_ratio":-0.3,"stop_loss_abs":67977.52,"stop_loss_ratio":-0.3,"min_rate":96660.88,"max_rate":97150.0,"is_open":false,"enter_tag":"","leverage":1.0,"is_short":false,"open_timestamp":1733054460000,"close_timestamp":1733059080000,"orders":[{"amount":0.0002,"safe_price":97110.74,"ft_order_side":"buy","order_filled_timestamp":1733054460000,"ft_is_entry":true,"ft_order_tag":"","cost":19.9077017},{"amount":0.0002,"safe_price":97100.0,"ft_order_side":"sell","order_filled_timestamp":1733059080000,"ft_is_entry":false,"ft_order_tag":"custom_exit","cost":19.9055}],"funding_fees":0.0},{"pair":"BTC/USDT","stake_amount":19.43,"max_stake_amount":19.43,"amount":0.0002,"open_date":"2024-12-01 13:19:00+00:00","close_date":"2024-12-01 13:21:00+00:00","open_rate":97150.0,"close_rate":97164.88,"fee_open":0.025,"fee_close":0.025,"trade_duration":2,"profit_ratio":-0.04863479407001996,"profit_abs":-0.9685984,"exit_reason":"custom_exit","initial_stop_loss_abs":68005.0,"initial_stop_loss_ratio":-0.3,"stop_loss_abs":68005.0,"stop_loss_ratio":-0.3,"min_rate":97144.0,"max_rate":97319.88,"is_open":false,"enter_tag":"","leverage":1.0,"is_short":false,"open_timestamp":1733059140000,"close_timestamp":1733059260000,"orders":[{"amount":0.0002,"safe_price":97150.0,"ft_order_side":"buy","order_filled_timestamp":1733059140000,"ft_is_entry":true,"ft_order_tag":"","cost":19.91575},{"amount":0.0002,"safe_price":97164.88,"ft_order_side":"sell","order_filled_timestamp":1733059260000,"ft_is_entry":false,"ft_order_tag":"custom_exit","cost":19.918800400000002}],"funding_fees":0.0},{"pair":"BTC/USDT","stake_amount":19.452002,"max_stake_amount":19.452002,"amount":0.0002,"open_date":"2024-12-01 13:22:00+00:00","close_date":"2024-12-01 13:23:00+00:00","open_rate":97260.01,"close_rate":97282.24,"fee_open":0.025,"fee_close":0.025,"trade_duration":1,"profit_ratio":-0.04856307460744883,"profit_abs":-0.96826525,"exit_reason":"custom_exit","initial_stop_loss_abs":68082.01,"initial_stop_loss_ratio":-0.3,"stop_loss_abs":68082.01,"stop_loss_ratio":-0.3,"min_rate":97237.85,"max_rate":97388.78,"is_open":false,"enter_tag":"","leverage":1.0,"is_short":false,"open_timestamp":1733059320000,"close_timestamp":1733059380000,"orders":[{"amount":0.0002,"safe_price":97260.01,"ft_order_side":"buy","order_filled_timestamp":1733059320000,"ft_is_entry":true,"ft_order_tag":"","cost":19.938302049999997},{"amount":0.0002,"safe_price":97282.24,"ft_order_side":"sell","order_filled_timestamp":1733059380000,"ft_is_entry":false,"ft_order_tag":"custom_exit","cost":19.9428592}],"funding_fees":0.0},{"pair":"BTC/USDT","stake_amount":19.472002,"max_stake_amount":19.472002,"amount":0.0002,"open_date":"2024-12-01 13:24:00+00:00","close_date":"2024-12-01 18:09:00+00:00","open_rate":97360.01,"close_rate":97394.35,"fee_open":0.025,"fee_close":0.025,"trade_duration":285,"profit_ratio":-0.04844498169668455,"profit_abs":-0.9669038,"exit_reason":"custom_exit","initial_stop_loss_abs":68152.01,"initial_stop_loss_ratio":-0.3,"stop_loss_abs":68152.01,"stop_loss_ratio":-0.3,"min_rate":96960.51,"max_rate":97436.65,"is_open":false,"enter_tag":"","leverage":1.0,"is_short":false,"open_timestamp":1733059440000,"close_timestamp":1733076540000,"orders":[{"amount":0.0002,"safe_price":97360.01,"ft_order_side":"buy","order_filled_timestamp":1733059440000,"ft_is_entry":true,"ft_order_tag":"","cost":19.95880205},{"amount":0.0002,"safe_price":97394.35,"ft_order_side":"sell","order_filled_timestamp":1733076540000,"ft_is_entry":false,"ft_order_tag":"custom_exit","cost":19.96584175}],"funding_fees":0.0},{"pair":"BTC/USDT","stake_amount":19.48732,"max_stake_amount":19.48732,"amount":0.0002,"open_date":"2024-12-01 18:10:00+00:00","close_date":"2024-12-01 18:14:00+00:00","open_rate":97436.6,"close_rate":97453.73,"fee_open":0.025,"fee_close":0.025,"trade_duration":4,"profit_ratio":-0.04861325711082774,"profit_abs":-0.97102565,"exit_reason":"custom_exit","initial_stop_loss_abs":68205.62,"initial_stop_loss_ratio":-0.3,"stop_loss_abs":68205.62,"stop_loss_ratio":-0.3,"min_rate":97394.35,"max_rate":97516.08,"is_open":false,"enter_tag":"","leverage":1.0,"is_short":false,"open_timestamp":1733076600000,"close_timestamp":1733076840000,"orders":[{"amount":0.0002,"safe_price":97436.6,"ft_order_side":"buy","order_filled_timestamp":1733076600000,"ft_is_entry":true,"ft_order_tag":"","cost":19.974503},{"amount":0.0002,"safe_price":97453.73,"ft_order_side":"sell","order_filled_timestamp":1733076840000,"ft_is_entry":false,"ft_order_tag":"custom_exit","cost":19.97801465}],"funding_fees":0.0},{"pair":"BTC/USDT","stake_amount":19.501586,"max_stake_amount":19.501586,"amount":0.0002,"open_date":"2024-12-01 18:15:00+00:00","close_date":"2024-12-01 21:49:00+00:00","open_rate":97507.93,"close_rate":97479.99,"fee_open":0.025,"fee_close":0.025,"trade_duration":214,"profit_ratio":-0.049053051002258326,"profit_abs":-0.9805276,"exit_reason":"custom_exit","initial_stop_loss_abs":68255.56,"initial_stop_loss_ratio":-0.3,"stop_loss_abs":68255.56,"stop_loss_ratio":-0.3,"min_rate":96800.01,"max_rate":97598.8,"is_open":false,"enter_tag":"","leverage":1.0,"is_short":false,"open_timestamp":1733076900000,"close_timestamp":1733089740000,"orders":[{"amount":0.0002,"safe_price":97507.93,"ft_order_side":"buy","order_filled_timestamp":1733076900000,"ft_is_entry":true,"ft_order_tag":"","cost":19.98912565},{"amount":0.0002,"safe_price":97479.99,"ft_order_side":"sell","order_filled_timestamp":1733089740000,"ft_is_entry":false,"ft_order_tag":"custom_exit","cost":19.98339795}],"funding_fees":0.0},{"pair":"BTC/USDT","stake_amount":19.519744,"max_stake_amount":19.519744,"amount":0.0002,"open_date":"2024-12-01 21:50:00+00:00","close_date":"2024-12-01 21:50:00+00:00","open_rate":97598.72,"close_rate":97598.72,"fee_open":0.025,"fee_close":0.025,"trade_duration":0,"profit_ratio":-0.04878048780487806,"profit_abs":-0.9759872,"exit_reason":"custom_exit","initial_stop_loss_abs":68319.11,"initial_stop_loss_ratio":-0.3,"stop_loss_abs":68319.11,"stop_loss_ratio":-0.3,"min_rate":97589.2,"max_rate":97750.0,"is_open":false,"enter_tag":"","leverage":1.0,"is_short":false,"open_timestamp":1733089800000,"close_timestamp":1733089800000,"orders":[{"amount":0.0002,"safe_price":97598.72,"ft_order_side":"buy","order_filled_timestamp":1733089800000,"ft_is_entry":true,"ft_order_tag":"","cost":20.007737600000002},{"amount":0.0002,"safe_price":97598.72,"ft_order_side":"sell","order_filled_timestamp":1733089800000,"ft_is_entry":false,"ft_order_tag":"custom_exit","cost":20.007737600000002}],"funding_fees":0.0},{"pair":"BTC/USDT","stake_amount":19.543204,"max_stake_amount":19.543204,"amount":0.0002,"open_date":"2024-12-01 21:51:00+00:00","close_date":"2024-12-01 21:58:00+00:00","open_rate":97716.02,"close_rate":97734.4,"fee_open":0.025,"fee_close":0.025,"trade_duration":7,"profit_ratio":-0.04860156714648298,"profit_abs":-0.9735761,"exit_reason":"custom_exit","initial_stop_loss_abs":68401.22,"initial_stop_loss_ratio":-0.3,"stop_loss_abs":68401.22,"stop_loss_ratio":-0.3,"min_rate":97623.33,"max_rate":97766.0,"is_open":false,"enter_tag":"","leverage":1.0,"is_short":false,"open_timestamp":1733089860000,"close_timestamp":1733090280000,"orders":[{"amount":0.0002,"safe_price":97716.02,"ft_order_side":"buy","order_filled_timestamp":1733089860000,"ft_is_entry":true,"ft_order_tag":"","cost":20.031784100000003},{"amount":0.0002,"safe_price":97734.4,"ft_order_side":"sell","order_filled_timestamp":1733090280000,"ft_is_entry":false,"ft_order_tag":"custom_exit","cost":20.035551999999996}],"funding_fees":0.0},{"pair":"BTC/USDT","stake_amount":19.554496,"max_stake_amount":19.554496,"amount":0.0002,"open_date":"2024-12-01 22:01:00+00:00","close_date":"2024-12-02 01:24:00+00:00","open_rate":97772.48,"close_rate":97828.01,"fee_open":0.025,"fee_close":0.025,"trade_duration":203,"profit_ratio":-0.04824024151561347,"profit_abs":-0.96689645,"exit_reason":"custom_exit","initial_stop_loss_abs":68440.74,"initial_stop_loss_ratio":-0.3,"stop_loss_abs":68440.74,"stop_loss_ratio":-0.3,"min_rate":97068.84,"max_rate":97896.0,"is_open":false,"enter_tag":"","leverage":1.0,"is_short":false,"open_timestamp":1733090460000,"close_timestamp":1733102640000,"orders":[{"amount":0.0002,"safe_price":97772.48,"ft_order_side":"buy","order_filled_timestamp":1733090460000,"ft_is_entry":true,"ft_order_tag":"","cost":20.0433584},{"amount":0.0002,"safe_price":97828.01,"ft_order_side":"sell","order_filled_timestamp":1733102640000,"ft_is_entry":false,"ft_order_tag":"custom_exit","cost":20.054742049999998}],"funding_fees":0.0},{"pair":"BTC/USDT","stake_amount":19.599376,"max_stake_amount":19.599376,"amount":0.0002,"open_date":"2024-12-02 01:27:00+00:00","close_date":"2024-12-02 01:30:00+00:00","open_rate":97996.88,"close_rate":98047.97,"fee_open":0.025,"fee_close":0.025,"trade_duration":3,"profit_ratio":-0.048284576048523674,"profit_abs":-0.97000625,"exit_reason":"custom_exit","initial_stop_loss_abs":68597.82,"initial_stop_loss_ratio":-0.3,"stop_loss_abs":68597.82,"stop_loss_ratio":-0.3,"min_rate":97928.41,"max_rate":98100.0,"is_open":false,"enter_tag":"","leverage":1.0,"is_short":false,"open_timestamp":1733102820000,"close_timestamp":1733103000000,"orders":[{"amount":0.0002,"safe_price":97996.88,"ft_order_side":"buy","order_filled_timestamp":1733102820000,"ft_is_entry":true,"ft_order_tag":"","cost":20.0893604},{"amount":0.0002,"safe_price":98047.97,"ft_order_side":"sell","order_filled_timestamp":1733103000000,"ft_is_entry":false,"ft_order_tag":"custom_exit","cost":20.09983385}],"funding_fees":0.0},{"pair":"BTC/USDT","stake_amount":19.307998,"max_stake_amount":19.307998,"amount":0.0002,"open_date":"2024-12-04 01:39:00+00:00","close_date":"2024-12-04 03:43:00+00:00","open_rate":96539.99,"close_rate":95849.85,"fee_open":0.025,"fee_close":0.025,"trade_duration":124,"profit_ratio":-0.055580515794795414,"profit_abs":-1.0999772,"exit_reason":"custom_exit","initial_stop_loss_abs":67578.0,"initial_stop_loss_ratio":-0.3,"stop_loss_abs":67578.0,"stop_loss_ratio":-0.3,"min_rate":95224.17,"max_rate":96614.16,"is_open":false,"enter_tag":"","leverage":1.0,"is_short":false,"open_timestamp":1733276340000,"close_timestamp":1733283780000,"orders":[{"amount":0.0002,"safe_price":96539.99,"ft_order_side":"buy","order_filled_timestamp":1733276340000,"ft_is_entry":true,"ft_order_tag":"","cost":19.79069795},{"amount":0.0002,"safe_price":95849.85,"ft_order_side":"sell","order_filled_timestamp":1733283780000,"ft_is_entry":false,"ft_order_tag":"custom_exit","cost":19.64921925}],"funding_fees":0.0},{"pair":"BTC/USDT","stake_amount":19.17928,"max_stake_amount":19.17928,"amount":0.0002,"open_date":"2024-12-04 04:24:00+00:00","close_date":"2024-12-04 04:59:00+00:00","open_rate":95896.4,"close_rate":95903.41,"fee_open":0.025,"fee_close":0.025,"trade_duration":35,"profit_ratio":-0.04871095392476901,"profit_abs":-0.95759705,"exit_reason":"custom_exit","initial_stop_loss_abs":67127.48,"initial_stop_loss_ratio":-0.3,"stop_loss_abs":67127.48,"stop_loss_ratio":-0.3,"min_rate":95770.88,"max_rate":96050.1,"is_open":false,"enter_tag":"","leverage":1.0,"is_short":false,"open_timestamp":1733286240000,"close_timestamp":1733288340000,"orders":[{"amount":0.0002,"safe_price":95896.4,"ft_order_side":"buy","order_filled_timestamp":1733286240000,"ft_is_entry":true,"ft_order_tag":"","cost":19.658761999999996},{"amount":0.0002,"safe_price":95903.41,"ft_order_side":"sell","order_filled_timestamp":1733288340000,"ft_is_entry":false,"ft_order_tag":"custom_exit","cost":19.66019905}],"funding_fees":0.0},{"pair":"BTC/USDT","stake_amount":19.20496,"max_stake_amount":19.20496,"amount":0.0002,"open_date":"2024-12-04 05:00:00+00:00","close_date":"2024-12-04 05:01:00+00:00","open_rate":96024.8,"close_rate":96024.13,"fee_open":0.025,"fee_close":0.025,"trade_duration":1,"profit_ratio":-0.048787124809830634,"profit_abs":-0.96037865,"exit_reason":"custom_exit","initial_stop_loss_abs":67217.36,"initial_stop_loss_ratio":-0.3,"stop_loss_abs":67217.36,"stop_loss_ratio":-0.3,"min_rate":96016.68,"max_rate":96097.67,"is_open":false,"enter_tag":"","leverage":1.0,"is_short":false,"open_timestamp":1733288400000,"close_timestamp":1733288460000,"orders":[{"amount":0.0002,"safe_price":96024.8,"ft_order_side":"buy","order_filled_timestamp":1733288400000,"ft_is_entry":true,"ft_order_tag":"","cost":19.685084},{"amount":0.0002,"safe_price":96024.13,"ft_order_side":"sell","order_filled_timestamp":1733288460000,"ft_is_entry":false,"ft_order_tag":"custom_exit","cost":19.68494665}],"funding_fees":0.0},{"pair":"BTC/USDT","stake_amount":19.2336,"max_stake_amount":19.2336,"amount":0.0002,"open_date":"2024-12-04 05:03:00+00:00","close_date":"2024-12-04 05:20:00+00:00","open_rate":96168.0,"close_rate":96211.48,"fee_open":0.025,"fee_close":0.025,"trade_duration":17,"profit_ratio":-0.04835041725760407,"profit_abs":-0.9532014,"exit_reason":"custom_exit","initial_stop_loss_abs":67317.6,"initial_stop_loss_ratio":-0.3,"stop_loss_abs":67317.6,"stop_loss_ratio":-0.3,"min_rate":96022.34,"max_rate":96244.85,"is_open":false,"enter_tag":"","leverage":1.0,"is_short":false,"open_timestamp":1733288580000,"close_timestamp":1733289600000,"orders":[{"amount":0.0002,"safe_price":96168.0,"ft_order_side":"buy","order_filled_timestamp":1733288580000,"ft_is_entry":true,"ft_order_tag":"","cost":19.71444},{"amount":0.0002,"safe_price":96211.48,"ft_order_side":"sell","order_filled_timestamp":1733289600000,"ft_is_entry":false,"ft_order_tag":"custom_exit","cost":19.723353399999997}],"funding_fees":0.0},{"pair":"BTC/USDT","stake_amount":19.271202,"max_stake_amount":19.271202,"amount":0.0002,"open_date":"2024-12-04 05:31:00+00:00","close_date":"2024-12-04 05:38:00+00:00","open_rate":96356.01,"close_rate":96360.0,"fee_open":0.025,"fee_close":0.025,"trade_duration":7,"profit_ratio":-0.04874109881550771,"profit_abs":-0.96278205,"exit_reason":"custom_exit","initial_stop_loss_abs":67449.21,"initial_stop_loss_ratio":-0.3,"stop_loss_abs":67449.21,"stop_loss_ratio":-0.3,"min_rate":96337.04,"max_rate":96407.89,"is_open":false,"enter_tag":"","leverage":1.0,"is_short":false,"open_timestamp":1733290260000,"close_timestamp":1733290680000,"orders":[{"amount":0.0002,"safe_price":96356.01,"ft_order_side":"buy","order_filled_timestamp":1733290260000,"ft_is_entry":true,"ft_order_tag":"","cost":19.752982049999996},{"amount":0.0002,"safe_price":96360.0,"ft_order_side":"sell","order_filled_timestamp":1733290680000,"ft_is_entry":false,"ft_order_tag":"custom_exit","cost":19.753800000000002}],"funding_fees":0.0},{"pair":"BTC/USDT","stake_amount":19.303198,"max_stake_amount":19.303198,"amount":0.0002,"open_date":"2024-12-04 06:01:00+00:00","close_date":"2024-12-04 06:01:00+00:00","open_rate":96515.99,"close_rate":96515.99,"fee_open":0.025,"fee_close":0.025,"trade_duration":0,"profit_ratio":-0.048780487804878044,"profit_abs":-0.9651599,"exit_reason":"custom_exit","initial_stop_loss_abs":67561.2,"initial_stop_loss_ratio":-0.3,"stop_loss_abs":67561.2,"stop_loss_ratio":-0.3,"min_rate":96515.99,"max_rate":96583.99,"is_open":false,"enter_tag":"","leverage":1.0,"is_short":false,"open_timestamp":1733292060000,"close_timestamp":1733292060000,"orders":[{"amount":0.0002,"safe_price":96515.99,"ft_order_side":"buy","order_filled_timestamp":1733292060000,"ft_is_entry":true,"ft_order_tag":"","cost":19.78577795},{"amount":0.0002,"safe_price":96515.99,"ft_order_side":"sell","order_filled_timestamp":1733292060000,"ft_is_entry":false,"ft_order_tag":"custom_exit","cost":19.78577795}],"funding_fees":0.0},{"pair":"BTC/USDT","stake_amount":19.316798,"max_stake_amount":19.316798,"amount":0.0002,"open_date":"2024-12-04 06:02:00+00:00","close_date":"2024-12-04 06:29:00+00:00","open_rate":96583.99,"close_rate":96605.99,"fee_open":0.025,"fee_close":0.025,"trade_duration":27,"profit_ratio":-0.04856381805176169,"profit_abs":-0.9615499,"exit_reason":"custom_exit","initial_stop_loss_abs":67608.8,"initial_stop_loss_ratio":-0.3,"stop_loss_abs":67608.8,"stop_loss_ratio":-0.3,"min_rate":96279.8,"max_rate":96675.1,"is_open":false,"enter_tag":"","leverage":1.0,"is_short":false,"open_timestamp":1733292120000,"close_timestamp":1733293740000,"orders":[{"amount":0.0002,"safe_price":96583.99,"ft_order_side":"buy","order_filled_timestamp":1733292120000,"ft_is_entry":true,"ft_order_tag":"","cost":19.79971795},{"amount":0.0002,"safe_price":96605.99,"ft_order_side":"sell","order_filled_timestamp":1733293740000,"ft_is_entry":false,"ft_order_tag":"custom_exit","cost":19.80422795}],"funding_fees":0.0},{"pair":"BTC/USDT","stake_amount":19.334668,"max_stake_amount":19.334668,"amount":0.0002,"open_date":"2024-12-04 06:30:00+00:00","close_date":"2024-12-04 08:11:00+00:00","open_rate":96673.34,"close_rate":96657.98,"fee_open":0.025,"fee_close":0.025,"trade_duration":101,"profit_ratio":-0.04893162287176741,"profit_abs":-0.9697286,"exit_reason":"custom_exit","initial_stop_loss_abs":67671.34,"initial_stop_loss_ratio":-0.3,"stop_loss_abs":67671.34,"stop_loss_ratio":-0.3,"min_rate":96404.54,"max_rate":96724.0,"is_open":false,"enter_tag":"","leverage":1.0,"is_short":false,"open_timestamp":1733293800000,"close_timestamp":1733299860000,"orders":[{"amount":0.0002,"safe_price":96673.34,"ft_order_side":"buy","order_filled_timestamp":1733293800000,"ft_is_entry":true,"ft_order_tag":"","cost":19.8180347},{"amount":0.0002,"safe_price":96657.98,"ft_order_side":"sell","order_filled_timestamp":1733299860000,"ft_is_entry":false,"ft_order_tag":"custom_exit","cost":19.8148859}],"funding_fees":0.0},{"pair":"BTC/USDT","stake_amount":19.359298,"max_stake_amount":19.359298,"amount":0.0002,"open_date":"2024-12-04 08:13:00+00:00","close_date":"2024-12-04 09:15:00+00:00","open_rate":96796.49,"close_rate":96843.45,"fee_open":0.025,"fee_close":0.025,"trade_duration":62,"profit_ratio":-0.048319011688412634,"profit_abs":-0.9588077,"exit_reason":"custom_exit","initial_stop_loss_abs":67757.55,"initial_stop_loss_ratio":-0.3,"stop_loss_abs":67757.55,"stop_loss_ratio":-0.3,"min_rate":96524.4,"max_rate":96921.7,"is_open":false,"enter_tag":"","leverage":1.0,"is_short":false,"open_timestamp":1733299980000,"close_timestamp":1733303700000,"orders":[{"amount":0.0002,"safe_price":96796.49,"ft_order_side":"buy","order_filled_timestamp":1733299980000,"ft_is_entry":true,"ft_order_tag":"","cost":19.84328045},{"amount":0.0002,"safe_price":96843.45,"ft_order_side":"sell","order_filled_timestamp":1733303700000,"ft_is_entry":false,"ft_order_tag":"custom_exit","cost":19.852907249999998}],"funding_fees":0.0},{"pair":"BTC/USDT","stake_amount":19.38434,"max_stake_amount":19.38434,"amount":0.0002,"open_date":"2024-12-04 09:16:00+00:00","close_date":"2024-12-04 19:55:00+00:00","open_rate":96921.7,"close_rate":97009.5,"fee_open":0.025,"fee_close":0.025,"trade_duration":639,"profit_ratio":-0.04791879147504963,"profit_abs":-0.952096,"exit_reason":"custom_exit","initial_stop_loss_abs":67845.19,"initial_stop_loss_ratio":-0.3,"stop_loss_abs":67845.19,"stop_loss_ratio":-0.3,"min_rate":94587.83,"max_rate":97130.0,"is_open":false,"enter_tag":"","leverage":1.0,"is_short":false,"open_timestamp":1733303760000,"close_timestamp":1733342100000,"orders":[{"amount":0.0002,"safe_price":96921.7,"ft_order_side":"buy","order_filled_timestamp":1733303760000,"ft_is_entry":true,"ft_order_tag":"","cost":19.8689485},{"amount":0.0002,"safe_price":97009.5,"ft_order_side":"sell","order_filled_timestamp":1733342100000,"ft_is_entry":false,"ft_order_tag":"custom_exit","cost":19.886947499999998}],"funding_fees":0.0},{"pair":"BTC/USDT","stake_amount":19.525192,"max_stake_amount":19.525192,"amount":0.0002,"open_date":"2024-12-04 20:07:00+00:00","close_date":"2024-12-04 20:09:00+00:00","open_rate":97625.96,"close_rate":97680.61,"fee_open":0.025,"fee_close":0.025,"trade_duration":2,"profit_ratio":-0.04824800498635864,"profit_abs":-0.96560285,"exit_reason":"custom_exit","initial_stop_loss_abs":68338.18,"initial_stop_loss_ratio":-0.3,"stop_loss_abs":68338.18,"stop_loss_ratio":-0.3,"min_rate":97616.01,"max_rate":97776.74,"is_open":false,"enter_tag":"","leverage":1.0,"is_short":false,"open_timestamp":1733342820000,"close_timestamp":1733342940000,"orders":[{"amount":0.0002,"safe_price":97625.96,"ft_order_side":"buy","order_filled_timestamp":1733342820000,"ft_is_entry":true,"ft_order_tag":"","cost":20.0133218},{"amount":0.0002,"safe_price":97680.61,"ft_order_side":"sell","order_filled_timestamp":1733342940000,"ft_is_entry":false,"ft_order_tag":"custom_exit","cost":20.02452505}],"funding_fees":0.0},{"pair":"BTC/USDT","stake_amount":19.569598,"max_stake_amount":19.569598,"amount":0.0002,"open_date":"2024-12-04 20:11:00+00:00","close_date":"2024-12-04 20:12:00+00:00","open_rate":97847.99,"close_rate":97882.06,"fee_open":0.025,"fee_close":0.025,"trade_duration":1,"profit_ratio":-0.048449279685217256,"profit_abs":-0.97183625,"exit_reason":"custom_exit","initial_stop_loss_abs":68493.6,"initial_stop_loss_ratio":-0.3,"stop_loss_abs":68493.6,"stop_loss_ratio":-0.3,"min_rate":97751.86,"max_rate":97988.0,"is_open":false,"enter_tag":"","leverage":1.0,"is_short":false,"open_timestamp":1733343060000,"close_timestamp":1733343120000,"orders":[{"amount":0.0002,"safe_price":97847.99,"ft_order_side":"buy","order_filled_timestamp":1733343060000,"ft_is_entry":true,"ft_order_tag":"","cost":20.05883795},{"amount":0.0002,"safe_price":97882.06,"ft_order_side":"sell","order_filled_timestamp":1733343120000,"ft_is_entry":false,"ft_order_tag":"custom_exit","cost":20.0658223}],"funding_fees":0.0},{"pair":"BTC/USDT","stake_amount":19.595796,"max_stake_amount":19.595796,"amount":0.0002,"open_date":"2024-12-04 20:13:00+00:00","close_date":"2024-12-04 20:13:00+00:00","open_rate":97978.98,"close_rate":97978.98,"fee_open":0.025,"fee_close":0.025,"trade_duration":0,"profit_ratio":-0.04878048780487805,"profit_abs":-0.9797898,"exit_reason":"custom_exit","initial_stop_loss_abs":68585.29,"initial_stop_loss_ratio":-0.3,"stop_loss_abs":68585.29,"stop_loss_ratio":-0.3,"min_rate":97960.0,"max_rate":98130.0,"is_open":false,"enter_tag":"","leverage":1.0,"is_short":false,"open_timestamp":1733343180000,"close_timestamp":1733343180000,"orders":[{"amount":0.0002,"safe_price":97978.98,"ft_order_side":"buy","order_filled_timestamp":1733343180000,"ft_is_entry":true,"ft_order_tag":"","cost":20.0856909},{"amount":0.0002,"safe_price":97978.98,"ft_order_side":"sell","order_filled_timestamp":1733343180000,"ft_is_entry":false,"ft_order_tag":"custom_exit","cost":20.0856909}],"funding_fees":0.0},{"pair":"BTC/USDT","stake_amount":19.623578,"max_stake_amount":19.623578,"amount":0.0002,"open_date":"2024-12-04 20:14:00+00:00","close_date":"2024-12-04 20:16:00+00:00","open_rate":98117.89,"close_rate":98200.0,"fee_open":0.025,"fee_close":0.025,"trade_duration":2,"profit_ratio":-0.04798445933192229,"profit_abs":-0.96516745,"exit_reason":"custom_exit","initial_stop_loss_abs":68682.53,"initial_stop_loss_ratio":-0.3,"stop_loss_abs":68682.53,"stop_loss_ratio":-0.3,"min_rate":97973.19,"max_rate":98323.63,"is_open":false,"enter_tag":"","leverage":1.0,"is_short":false,"open_timestamp":1733343240000,"close_timestamp":1733343360000,"orders":[{"amount":0.0002,"safe_price":98117.89,"ft_order_side":"buy","order_filled_timestamp":1733343240000,"ft_is_entry":true,"ft_order_tag":"","cost":20.11416745},{"amount":0.0002,"safe_price":98200.0,"ft_order_side":"sell","order_filled_timestamp":1733343360000,"ft_is_entry":false,"ft_order_tag":"custom_exit","cost":20.131}],"funding_fees":0.0},{"pair":"BTC/USDT","stake_amount":19.697596,"max_stake_amount":19.697596,"amount":0.0002,"open_date":"2024-12-04 20:21:00+00:00","close_date":"2024-12-04 20:21:00+00:00","open_rate":98487.98,"close_rate":98487.98,"fee_open":0.025,"fee_close":0.025,"trade_duration":0,"profit_ratio":-0.048780487804878044,"profit_abs":-0.9848798,"exit_reason":"custom_exit","initial_stop_loss_abs":68941.59,"initial_stop_loss_ratio":-0.3,"stop_loss_abs":68941.59,"stop_loss_ratio":-0.3,"min_rate":98487.97,"max_rate":98655.0,"is_open":false,"enter_tag":"","leverage":1.0,"is_short":false,"open_timestamp":1733343660000,"close_timestamp":1733343660000,"orders":[{"amount":0.0002,"safe_price":98487.98,"ft_order_side":"buy","order_filled_timestamp":1733343660000,"ft_is_entry":true,"ft_order_tag":"","cost":20.190035899999998},{"amount":0.0002,"safe_price":98487.98,"ft_order_side":"sell","order_filled_timestamp":1733343660000,"ft_is_entry":false,"ft_order_tag":"custom_exit","cost":20.190035899999998}],"funding_fees":0.0},{"pair":"BTC/USDT","stake_amount":19.687094,"max_stake_amount":19.687094,"amount":0.0002,"open_date":"2024-12-04 22:24:00+00:00","close_date":"2024-12-04 22:35:00+00:00","open_rate":98435.47,"close_rate":98456.97,"fee_open":0.025,"fee_close":0.025,"trade_duration":11,"profit_ratio":-0.04857272509990803,"profit_abs":-0.9801622,"exit_reason":"custom_exit","initial_stop_loss_abs":68904.83,"initial_stop_loss_ratio":-0.3,"stop_loss_abs":68904.83,"stop_loss_ratio":-0.3,"min_rate":98298.77,"max_rate":98598.0,"is_open":false,"enter_tag":"","leverage":1.0,"is_short":false,"open_timestamp":1733351040000,"close_timestamp":1733351700000,"orders":[{"amount":0.0002,"safe_price":98435.47,"ft_order_side":"buy","order_filled_timestamp":1733351040000,"ft_is_entry":true,"ft_order_tag":"","cost":20.17927135},{"amount":0.0002,"safe_price":98456.97,"ft_order_side":"sell","order_filled_timestamp":1733351700000,"ft_is_entry":false,"ft_order_tag":"custom_exit","cost":20.18367885}],"funding_fees":0.0},{"pair":"BTC/USDT","stake_amount":19.744804,"max_stake_amount":19.744804,"amount":0.0002,"open_date":"2024-12-04 23:11:00+00:00","close_date":"2024-12-04 23:27:00+00:00","open_rate":98724.02,"close_rate":98844.0,"fee_open":0.025,"fee_close":0.025,"trade_duration":16,"profit_ratio":-0.04762446400162155,"profit_abs":-0.9638441,"exit_reason":"custom_exit","initial_stop_loss_abs":69106.82,"initial_stop_loss_ratio":-0.3,"stop_loss_abs":69106.82,"stop_loss_ratio":-0.3,"min_rate":98496.21,"max_rate":98877.0,"is_open":false,"enter_tag":"","leverage":1.0,"is_short":false,"open_timestamp":1733353860000,"close_timestamp":1733354820000,"orders":[{"amount":0.0002,"safe_price":98724.02,"ft_order_side":"buy","order_filled_timestamp":1733353860000,"ft_is_entry":true,"ft_order_tag":"","cost":20.2384241},{"amount":0.0002,"safe_price":98844.0,"ft_order_side":"sell","order_filled_timestamp":1733354820000,"ft_is_entry":false,"ft_order_tag":"custom_exit","cost":20.26302}],"funding_fees":0.0},{"pair":"BTC/USDT","stake_amount":19.790782,"max_stake_amount":19.790782,"amount":0.0002,"open_date":"2024-12-04 23:31:00+00:00","close_date":"2024-12-05 02:29:00+00:00","open_rate":98953.91,"close_rate":98855.33,"fee_open":0.025,"fee_close":0.025,"trade_duration":178,"profit_ratio":-0.049728113012534776,"profit_abs":-1.0087622,"exit_reason":"custom_exit","initial_stop_loss_abs":69267.74,"initial_stop_loss_ratio":-0.3,"stop_loss_abs":69267.74,"stop_loss_ratio":-0.3,"min_rate":97888.89,"max_rate":99258.14,"is_open":false,"enter_tag":"","leverage":1.0,"is_short":false,"open_timestamp":1733355060000,"close_timestamp":1733365740000,"orders":[{"amount":0.0002,"safe_price":98953.91,"ft_order_side":"buy","order_filled_timestamp":1733355060000,"ft_is_entry":true,"ft_order_tag":"","cost":20.285551549999997},{"amount":0.0002,"safe_price":98855.33,"ft_order_side":"sell","order_filled_timestamp":1733365740000,"ft_is_entry":false,"ft_order_tag":"custom_exit","cost":20.26534265}],"funding_fees":0.0},{"pair":"BTC/USDT","stake_amount":19.842398,"max_stake_amount":19.842398,"amount":0.0002,"open_date":"2024-12-05 02:30:00+00:00","close_date":"2024-12-05 02:31:00+00:00","open_rate":99211.99,"close_rate":99292.98,"fee_open":0.025,"fee_close":0.025,"trade_duration":1,"profit_ratio":-0.0480039761323203,"profit_abs":-0.97632685,"exit_reason":"custom_exit","initial_stop_loss_abs":69448.4,"initial_stop_loss_ratio":-0.3,"stop_loss_abs":69448.4,"stop_loss_ratio":-0.3,"min_rate":99180.07,"max_rate":99388.0,"is_open":false,"enter_tag":"","leverage":1.0,"is_short":false,"open_timestamp":1733365800000,"close_timestamp":1733365860000,"orders":[{"amount":0.0002,"safe_price":99211.99,"ft_order_side":"buy","order_filled_timestamp":1733365800000,"ft_is_entry":true,"ft_order_tag":"","cost":20.338457950000002},{"amount":0.0002,"safe_price":99292.98,"ft_order_side":"sell","order_filled_timestamp":1733365860000,"ft_is_entry":false,"ft_order_tag":"custom_exit","cost":20.355060899999998}],"funding_fees":0.0},{"pair":"BTC/USDT","stake_amount":19.877598,"max_stake_amount":19.877598,"amount":0.0002,"open_date":"2024-12-05 02:32:00+00:00","close_date":"2024-12-05 02:32:00+00:00","open_rate":99387.99,"close_rate":99387.99,"fee_open":0.025,"fee_close":0.025,"trade_duration":0,"profit_ratio":-0.04878048780487805,"profit_abs":-0.9938799,"exit_reason":"custom_exit","initial_stop_loss_abs":69571.6,"initial_stop_loss_ratio":-0.3,"stop_loss_abs":69571.6,"stop_loss_ratio":-0.3,"min_rate":99380.49,"max_rate":99741.99,"is_open":false,"enter_tag":"","leverage":1.0,"is_short":false,"open_timestamp":1733365920000,"close_timestamp":1733365920000,"orders":[{"amount":0.0002,"safe_price":99387.99,"ft_order_side":"buy","order_filled_timestamp":1733365920000,"ft_is_entry":true,"ft_order_tag":"","cost":20.37453795},{"amount":0.0002,"safe_price":99387.99,"ft_order_side":"sell","order_filled_timestamp":1733365920000,"ft_is_entry":false,"ft_order_tag":"custom_exit","cost":20.37453795}],"funding_fees":0.0},{"pair":"BTC/USDT","stake_amount":19.910386,"max_stake_amount":19.910386,"amount":0.0002,"open_date":"2024-12-05 02:33:00+00:00","close_date":"2024-12-05 02:33:00+00:00","open_rate":99551.93,"close_rate":99551.93,"fee_open":0.025,"fee_close":0.025,"trade_duration":0,"profit_ratio":-0.048780487804878044,"profit_abs":-0.9955193,"exit_reason":"custom_exit","initial_stop_loss_abs":69686.36,"initial_stop_loss_ratio":-0.3,"stop_loss_abs":69686.36,"stop_loss_ratio":-0.3,"min_rate":99551.92,"max_rate":99990.65,"is_open":false,"enter_tag":"","leverage":1.0,"is_short":false,"open_timestamp":1733365980000,"close_timestamp":1733365980000,"orders":[{"amount":0.0002,"safe_price":99551.93,"ft_order_side":"buy","order_filled_timestamp":1733365980000,"ft_is_entry":true,"ft_order_tag":"","cost":20.408145649999998},{"amount":0.0002,"safe_price":99551.93,"ft_order_side":"sell","order_filled_timestamp":1733365980000,"ft_is_entry":false,"ft_order_tag":"custom_exit","cost":20.408145649999998}],"funding_fees":0.0},{"pair":"BTC/USDT","stake_amount":19.998106,"max_stake_amount":19.998106,"amount":0.0002,"open_date":"2024-12-05 02:34:00+00:00","close_date":"2024-12-05 02:40:00+00:00","open_rate":99990.53,"close_rate":99944.0,"fee_open":0.025,"fee_close":0.025,"trade_duration":6,"profit_ratio":-0.04922313216232309,"profit_abs":-1.00897865,"exit_reason":"custom_exit","initial_stop_loss_abs":69993.38,"initial_stop_loss_ratio":-0.3,"stop_loss_abs":69993.38,"stop_loss_ratio":-0.3,"min_rate":99548.28,"max_rate":100168.98,"is_open":false,"enter_tag":"","leverage":1.0,"is_short":false,"open_timestamp":1733366040000,"close_timestamp":1733366400000,"orders":[{"amount":0.0002,"safe_price":99990.53,"ft_order_side":"buy","order_filled_timestamp":1733366040000,"ft_is_entry":true,"ft_order_tag":"","cost":20.498058649999997},{"amount":0.0002,"safe_price":99944.0,"ft_order_side":"sell","order_filled_timestamp":1733366400000,"ft_is_entry":false,"ft_order_tag":"custom_exit","cost":20.48852}],"funding_fees":0.0},{"pair":"BTC/USDT","stake_amount":19.1458972,"max_stake_amount":19.1458972,"amount":0.00019,"open_date":"2024-12-05 02:42:00+00:00","close_date":"2024-12-05 02:42:00+00:00","open_rate":100767.88,"close_rate":100767.88,"fee_open":0.025,"fee_close":0.025,"trade_duration":0,"profit_ratio":-0.04878048780487805,"profit_abs":-0.95729486,"exit_reason":"custom_exit","initial_stop_loss_abs":70537.52,"initial_stop_loss_ratio":-0.3,"stop_loss_abs":70537.52,"stop_loss_ratio":-0.3,"min_rate":100631.18,"max_rate":101616.22,"is_open":false,"enter_tag":"","leverage":1.0,"is_short":false,"open_timestamp":1733366520000,"close_timestamp":1733366520000,"orders":[{"amount":0.00019,"safe_price":100767.88,"ft_order_side":"buy","order_filled_timestamp":1733366520000,"ft_is_entry":true,"ft_order_tag":"","cost":19.62454463},{"amount":0.00019,"safe_price":100767.88,"ft_order_side":"sell","order_filled_timestamp":1733366520000,"ft_is_entry":false,"ft_order_tag":"custom_exit","cost":19.62454463}],"funding_fees":0.0},{"pair":"BTC/USDT","stake_amount":19.23332,"max_stake_amount":19.23332,"amount":0.00019,"open_date":"2024-12-05 02:43:00+00:00","close_date":"2024-12-05 02:44:00+00:00","open_rate":101228.0,"close_rate":100949.61,"fee_open":0.025,"fee_close":0.025,"trade_duration":1,"profit_ratio":-0.05139646374865814,"profit_abs":-1.01323775,"exit_reason":"custom_exit","initial_stop_loss_abs":70859.6,"initial_stop_loss_ratio":-0.3,"stop_loss_abs":70859.6,"stop_loss_ratio":-0.3,"min_rate":100796.21,"max_rate":101500.0,"is_open":false,"enter_tag":"","leverage":1.0,"is_short":false,"open_timestamp":1733366580000,"close_timestamp":1733366640000,"orders":[{"amount":0.00019,"safe_price":101228.0,"ft_order_side":"buy","order_filled_timestamp":1733366580000,"ft_is_entry":true,"ft_order_tag":"","cost":19.714153},{"amount":0.00019,"safe_price":100949.61,"ft_order_side":"sell","order_filled_timestamp":1733366640000,"ft_is_entry":false,"ft_order_tag":"custom_exit","cost":19.6599365475}],"funding_fees":0.0},{"pair":"BTC/USDT","stake_amount":19.5656604,"max_stake_amount":19.5656604,"amount":0.00019,"open_date":"2024-12-05 03:07:00+00:00","close_date":"2024-12-05 03:07:00+00:00","open_rate":102977.16,"close_rate":102977.16,"fee_open":0.025,"fee_close":0.025,"trade_duration":0,"profit_ratio":-0.04878048780487805,"profit_abs":-0.97828302,"exit_reason":"custom_exit","initial_stop_loss_abs":72084.02,"initial_stop_loss_ratio":-0.3,"stop_loss_abs":72084.02,"stop_loss_ratio":-0.3,"min_rate":102651.84,"max_rate":103509.82,"is_open":false,"enter_tag":"","leverage":1.0,"is_short":false,"open_timestamp":1733368020000,"close_timestamp":1733368020000,"orders":[{"amount":0.00019,"safe_price":102977.16,"ft_order_side":"buy","order_filled_timestamp":1733368020000,"ft_is_entry":true,"ft_order_tag":"","cost":20.054801910000002},{"amount":0.00019,"safe_price":102977.16,"ft_order_side":"sell","order_filled_timestamp":1733368020000,"ft_is_entry":false,"ft_order_tag":"custom_exit","cost":20.054801910000002}],"funding_fees":0.0},{"pair":"BTC/USDT","stake_amount":19.4961736,"max_stake_amount":19.4961736,"amount":0.00019,"open_date":"2024-12-05 08:13:00+00:00","close_date":"2024-12-05 08:25:00+00:00","open_rate":102611.44,"close_rate":102734.41,"fee_open":0.025,"fee_close":0.025,"trade_duration":12,"profit_ratio":-0.04764054229219775,"profit_abs":-0.95202849,"exit_reason":"custom_exit","initial_stop_loss_abs":71828.01,"initial_stop_loss_ratio":-0.3,"stop_loss_abs":71828.01,"stop_loss_ratio":-0.3,"min_rate":102440.0,"max_rate":102819.34,"is_open":false,"enter_tag":"","leverage":1.0,"is_short":false,"open_timestamp":1733386380000,"close_timestamp":1733387100000,"orders":[{"amount":0.00019,"safe_price":102611.44,"ft_order_side":"buy","order_filled_timestamp":1733386380000,"ft_is_entry":true,"ft_order_tag":"","cost":19.98357794},{"amount":0.00019,"safe_price":102734.41,"ft_order_side":"sell","order_filled_timestamp":1733387100000,"ft_is_entry":false,"ft_order_tag":"custom_exit","cost":20.0075263475}],"funding_fees":0.0},{"pair":"BTC/USDT","stake_amount":19.56848,"max_stake_amount":19.56848,"amount":0.00019,"open_date":"2024-12-05 09:11:00+00:00","close_date":"2024-12-05 09:15:00+00:00","open_rate":102992.0,"close_rate":103056.01,"fee_open":0.025,"fee_close":0.025,"trade_duration":4,"profit_ratio":-0.04818930064336415,"profit_abs":-0.96656615,"exit_reason":"custom_exit","initial_stop_loss_abs":72094.4,"initial_stop_loss_ratio":-0.3,"stop_loss_abs":72094.4,"stop_loss_ratio":-0.3,"min_rate":102988.88,"max_rate":103159.76,"is_open":false,"enter_tag":"","leverage":1.0,"is_short":false,"open_timestamp":1733389860000,"close_timestamp":1733390100000,"orders":[{"amount":0.00019,"safe_price":102992.0,"ft_order_side":"buy","order_filled_timestamp":1733389860000,"ft_is_entry":true,"ft_order_tag":"","cost":20.057692},{"amount":0.00019,"safe_price":103056.01,"ft_order_side":"sell","order_filled_timestamp":1733390100000,"ft_is_entry":false,"ft_order_tag":"custom_exit","cost":20.070157947499997}],"funding_fees":0.0},{"pair":"BTC/USDT","stake_amount":19.5320095,"max_stake_amount":19.5320095,"amount":0.00019,"open_date":"2024-12-05 12:11:00+00:00","close_date":"2024-12-05 12:35:00+00:00","open_rate":102800.05,"close_rate":102807.28,"fee_open":0.025,"fee_close":0.025,"trade_duration":24,"profit_ratio":-0.048713587990761226,"profit_abs":-0.97526112,"exit_reason":"custom_exit","initial_stop_loss_abs":71960.04,"initial_stop_loss_ratio":-0.3,"stop_loss_abs":71960.04,"stop_loss_ratio":-0.3,"min_rate":102644.0,"max_rate":102913.59,"is_open":false,"enter_tag":"","leverage":1.0,"is_short":false,"open_timestamp":1733400660000,"close_timestamp":1733402100000,"orders":[{"amount":0.00019,"safe_price":102800.05,"ft_order_side":"buy","order_filled_timestamp":1733400660000,"ft_is_entry":true,"ft_order_tag":"","cost":20.0203097375},{"amount":0.00019,"safe_price":102807.28,"ft_order_side":"sell","order_filled_timestamp":1733402100000,"ft_is_entry":false,"ft_order_tag":"custom_exit","cost":20.021717779999996}],"funding_fees":0.0},{"pair":"BTC/USDT","stake_amount":19.5716815,"max_stake_amount":19.5716815,"amount":0.00019,"open_date":"2024-12-05 12:47:00+00:00","close_date":"2024-12-05 12:55:00+00:00","open_rate":103008.85,"close_rate":102586.69,"fee_open":0.025,"fee_close":0.025,"trade_duration":8,"profit_ratio":-0.05267886017717648,"profit_abs":-1.05678922,"exit_reason":"custom_exit","initial_stop_loss_abs":72106.2,"initial_stop_loss_ratio":-0.3,"stop_loss_abs":72106.2,"stop_loss_ratio":-0.3,"min_rate":102504.01,"max_rate":103295.99,"is_open":false,"enter_tag":"","leverage":1.0,"is_short":false,"open_timestamp":1733402820000,"close_timestamp":1733403300000,"orders":[{"amount":0.00019,"safe_price":103008.85,"ft_order_side":"buy","order_filled_timestamp":1733402820000,"ft_is_entry":true,"ft_order_tag":"","cost":20.0609735375},{"amount":0.00019,"safe_price":102586.69,"ft_order_side":"sell","order_filled_timestamp":1733403300000,"ft_is_entry":false,"ft_order_tag":"custom_exit","cost":19.9787578775}],"funding_fees":0.0},{"pair":"BTC/USDT","stake_amount":19.6345981,"max_stake_amount":19.6345981,"amount":0.00019,"open_date":"2024-12-05 14:52:00+00:00","close_date":"2024-12-05 14:59:00+00:00","open_rate":103339.99,"close_rate":103423.07,"fee_open":0.025,"fee_close":0.025,"trade_duration":7,"profit_ratio":-0.04801575633212378,"profit_abs":-0.96633933,"exit_reason":"custom_exit","initial_stop_loss_abs":72338.0,"initial_stop_loss_ratio":-0.3,"stop_loss_abs":72338.0,"stop_loss_ratio":-0.3,"min_rate":103040.24,"max_rate":103508.0,"is_open":false,"enter_tag":"","leverage":1.0,"is_short":false,"open_timestamp":1733410320000,"close_timestamp":1733410740000,"orders":[{"amount":0.00019,"safe_price":103339.99,"ft_order_side":"buy","order_filled_timestamp":1733410320000,"ft_is_entry":true,"ft_order_tag":"","cost":20.1254630525},{"amount":0.00019,"safe_price":103423.07,"ft_order_side":"sell","order_filled_timestamp":1733410740000,"ft_is_entry":false,"ft_order_tag":"custom_exit","cost":20.1416428825}],"funding_fees":0.0},{"pair":"BTC/USDT","stake_amount":19.1208419,"max_stake_amount":19.1208419,"amount":0.00019,"open_date":"2024-12-06 17:45:00+00:00","close_date":"2024-12-06 17:49:00+00:00","open_rate":100636.01,"close_rate":100788.75,"fee_open":0.025,"fee_close":0.025,"trade_duration":4,"profit_ratio":-0.04733677726535365,"profit_abs":-0.92774701,"exit_reason":"custom_exit","initial_stop_loss_abs":70445.21,"initial_stop_loss_ratio":-0.3,"stop_loss_abs":70445.21,"stop_loss_ratio":-0.3,"min_rate":100145.63,"max_rate":100938.67,"is_open":false,"enter_tag":"","leverage":1.0,"is_short":false,"open_timestamp":1733507100000,"close_timestamp":1733507340000,"orders":[{"amount":0.00019,"safe_price":100636.01,"ft_order_side":"buy","order_filled_timestamp":1733507100000,"ft_is_entry":true,"ft_order_tag":"","cost":19.598862947499995},{"amount":0.00019,"safe_price":100788.75,"ft_order_side":"sell","order_filled_timestamp":1733507340000,"ft_is_entry":false,"ft_order_tag":"custom_exit","cost":19.6286090625}],"funding_fees":0.0},{"pair":"BTC/USDT","stake_amount":19.2317981,"max_stake_amount":19.2317981,"amount":0.00019,"open_date":"2024-12-06 17:51:00+00:00","close_date":"2024-12-06 18:07:00+00:00","open_rate":101219.99,"close_rate":101132.01,"fee_open":0.025,"fee_close":0.025,"trade_duration":16,"profit_ratio":-0.04960728390200201,"profit_abs":-0.9778882,"exit_reason":"custom_exit","initial_stop_loss_abs":70854.0,"initial_stop_loss_ratio":-0.3,"stop_loss_abs":70854.0,"stop_loss_ratio":-0.3,"min_rate":100588.23,"max_rate":101428.52,"is_open":false,"enter_tag":"","leverage":1.0,"is_short":false,"open_timestamp":1733507460000,"close_timestamp":1733508420000,"orders":[{"amount":0.00019,"safe_price":101219.99,"ft_order_side":"buy","order_filled_timestamp":1733507460000,"ft_is_entry":true,"ft_order_tag":"","cost":19.7125930525},{"amount":0.00019,"safe_price":101132.01,"ft_order_side":"sell","order_filled_timestamp":1733508420000,"ft_is_entry":false,"ft_order_tag":"custom_exit","cost":19.6954589475}],"funding_fees":0.0},{"pair":"BTC/USDT","stake_amount":19.34352,"max_stake_amount":19.34352,"amount":0.00019,"open_date":"2024-12-06 20:32:00+00:00","close_date":"2024-12-07 02:15:00+00:00","open_rate":101808.0,"close_rate":100085.09,"fee_open":0.025,"fee_close":0.025,"trade_duration":343,"profit_ratio":-0.06487809921648685,"profit_abs":-1.28634508,"exit_reason":"custom_exit","initial_stop_loss_abs":71265.6,"initial_stop_loss_ratio":-0.3,"stop_loss_abs":71265.6,"stop_loss_ratio":-0.3,"min_rate":99053.03,"max_rate":101898.99,"is_open":false,"enter_tag":"","leverage":1.0,"is_short":false,"open_timestamp":1733517120000,"close_timestamp":1733537700000,"orders":[{"amount":0.00019,"safe_price":101808.0,"ft_order_side":"buy","order_filled_timestamp":1733517120000,"ft_is_entry":true,"ft_order_tag":"","cost":19.827108},{"amount":0.00019,"safe_price":100085.09,"ft_order_side":"sell","order_filled_timestamp":1733537700000,"ft_is_entry":false,"ft_order_tag":"custom_exit","cost":19.4915712775}],"funding_fees":0.0},{"pair":"BTC/USDT","stake_amount":19.973462,"max_stake_amount":19.973462,"amount":0.0002,"open_date":"2024-12-07 18:43:00+00:00","close_date":"2024-12-07 18:44:00+00:00","open_rate":99867.31,"close_rate":99792.01,"fee_open":0.025,"fee_close":0.025,"trade_duration":1,"profit_ratio":-0.049497707776741645,"profit_abs":-1.0133566,"exit_reason":"custom_exit","initial_stop_loss_abs":69907.12,"initial_stop_loss_ratio":-0.3,"stop_loss_abs":69907.12,"stop_loss_ratio":-0.3,"min_rate":99792.0,"max_rate":99990.0,"is_open":false,"enter_tag":"","leverage":1.0,"is_short":false,"open_timestamp":1733596980000,"close_timestamp":1733597040000,"orders":[{"amount":0.0002,"safe_price":99867.31,"ft_order_side":"buy","order_filled_timestamp":1733596980000,"ft_is_entry":true,"ft_order_tag":"","cost":20.47279855},{"amount":0.0002,"safe_price":99792.01,"ft_order_side":"sell","order_filled_timestamp":1733597040000,"ft_is_entry":false,"ft_order_tag":"custom_exit","cost":20.457362049999997}],"funding_fees":0.0},{"pair":"BTC/USDT","stake_amount":19.996,"max_stake_amount":19.996,"amount":0.0002,"open_date":"2024-12-07 18:45:00+00:00","close_date":"2024-12-07 18:47:00+00:00","open_rate":99980.0,"close_rate":100006.91,"fee_open":0.025,"fee_close":0.025,"trade_duration":2,"profit_ratio":-0.04852446342927122,"profit_abs":-0.99455255,"exit_reason":"custom_exit","initial_stop_loss_abs":69986.0,"initial_stop_loss_ratio":-0.3,"stop_loss_abs":69986.0,"stop_loss_ratio":-0.3,"min_rate":99925.34,"max_rate":100042.43,"is_open":false,"enter_tag":"","leverage":1.0,"is_short":false,"open_timestamp":1733597100000,"close_timestamp":1733597220000,"orders":[{"amount":0.0002,"safe_price":99980.0,"ft_order_side":"buy","order_filled_timestamp":1733597100000,"ft_is_entry":true,"ft_order_tag":"","cost":20.4959},{"amount":0.0002,"safe_price":100006.91,"ft_order_side":"sell","order_filled_timestamp":1733597220000,"ft_is_entry":false,"ft_order_tag":"custom_exit","cost":20.501416550000002}],"funding_fees":0.0},{"pair":"BTC/USDT","stake_amount":19.0369778,"max_stake_amount":19.0369778,"amount":0.00019,"open_date":"2024-12-07 18:54:00+00:00","close_date":"2024-12-07 19:10:00+00:00","open_rate":100194.62,"close_rate":100196.45,"fee_open":0.025,"fee_close":0.025,"trade_duration":16,"profit_ratio":-0.04876311417199949,"profit_abs":-0.95150988,"exit_reason":"custom_exit","initial_stop_loss_abs":70136.24,"initial_stop_loss_ratio":-0.3,"stop_loss_abs":70136.24,"stop_loss_ratio":-0.3,"min_rate":100064.18,"max_rate":100262.35,"is_open":false,"enter_tag":"","leverage":1.0,"is_short":false,"open_timestamp":1733597640000,"close_timestamp":1733598600000,"orders":[{"amount":0.00019,"safe_price":100194.62,"ft_order_side":"buy","order_filled_timestamp":1733597640000,"ft_is_entry":true,"ft_order_tag":"","cost":19.512902244999996},{"amount":0.00019,"safe_price":100196.45,"ft_order_side":"sell","order_filled_timestamp":1733598600000,"ft_is_entry":false,"ft_order_tag":"custom_exit","cost":19.513258637499998}],"funding_fees":0.0},{"pair":"BTC/USDT","stake_amount":19.0646,"max_stake_amount":19.0646,"amount":0.00019,"open_date":"2024-12-07 20:23:00+00:00","close_date":"2024-12-07 21:01:00+00:00","open_rate":100340.0,"close_rate":100329.99,"fee_open":0.025,"fee_close":0.025,"trade_duration":38,"profit_ratio":-0.04887538210904491,"profit_abs":-0.95508435,"exit_reason":"custom_exit","initial_stop_loss_abs":70238.0,"initial_stop_loss_ratio":-0.3,"stop_loss_abs":70238.0,"stop_loss_ratio":-0.3,"min_rate":100148.01,"max_rate":100401.03,"is_open":false,"enter_tag":"","leverage":1.0,"is_short":false,"open_timestamp":1733602980000,"close_timestamp":1733605260000,"orders":[{"amount":0.00019,"safe_price":100340.0,"ft_order_side":"buy","order_filled_timestamp":1733602980000,"ft_is_entry":true,"ft_order_tag":"","cost":19.541215},{"amount":0.00019,"safe_price":100329.99,"ft_order_side":"sell","order_filled_timestamp":1733605260000,"ft_is_entry":false,"ft_order_tag":"custom_exit","cost":19.5392655525}],"funding_fees":0.0},{"pair":"BTC/USDT","stake_amount":19.0761938,"max_stake_amount":19.0761938,"amount":0.00019,"open_date":"2024-12-07 21:02:00+00:00","close_date":"2024-12-08 13:57:00+00:00","open_rate":100401.02,"close_rate":100342.63,"fee_open":0.025,"fee_close":0.025,"trade_duration":1015,"profit_ratio":-0.049333686568735664,"profit_abs":-0.96462644,"exit_reason":"custom_exit","initial_stop_loss_abs":70280.72,"initial_stop_loss_ratio":-0.3,"stop_loss_abs":70280.72,"stop_loss_ratio":-0.3,"min_rate":98657.7,"max_rate":100500.0,"is_open":false,"enter_tag":"","leverage":1.0,"is_short":false,"open_timestamp":1733605320000,"close_timestamp":1733666220000,"orders":[{"amount":0.00019,"safe_price":100401.02,"ft_order_side":"buy","order_filled_timestamp":1733605320000,"ft_is_entry":true,"ft_order_tag":"","cost":19.553098645000002},{"amount":0.00019,"safe_price":100342.63,"ft_order_side":"sell","order_filled_timestamp":1733666220000,"ft_is_entry":false,"ft_order_tag":"custom_exit","cost":19.541727192499998}],"funding_fees":0.0},{"pair":"BTC/USDT","stake_amount":19.0904438,"max_stake_amount":19.0904438,"amount":0.00019,"open_date":"2024-12-08 13:58:00+00:00","close_date":"2024-12-08 23:20:00+00:00","open_rate":100476.02,"close_rate":100449.64,"fee_open":0.025,"fee_close":0.025,"trade_duration":562,"profit_ratio":-0.049030230430608716,"profit_abs":-0.95940908,"exit_reason":"custom_exit","initial_stop_loss_abs":70333.22,"initial_stop_loss_ratio":-0.3,"stop_loss_abs":70333.22,"stop_loss_ratio":-0.3,"min_rate":99357.16,"max_rate":100680.0,"is_open":false,"enter_tag":"","leverage":1.0,"is_short":false,"open_timestamp":1733666280000,"close_timestamp":1733700000000,"orders":[{"amount":0.00019,"safe_price":100476.02,"ft_order_side":"buy","order_filled_timestamp":1733666280000,"ft_is_entry":true,"ft_order_tag":"","cost":19.567704895000002},{"amount":0.00019,"safe_price":100449.64,"ft_order_side":"sell","order_filled_timestamp":1733700000000,"ft_is_entry":false,"ft_order_tag":"custom_exit","cost":19.562567389999998}],"funding_fees":0.0},{"pair":"BTC/USDT","stake_amount":19.1200781,"max_stake_amount":19.1200781,"amount":0.00019,"open_date":"2024-12-08 23:21:00+00:00","close_date":"2024-12-08 23:21:00+00:00","open_rate":100631.99,"close_rate":100631.99,"fee_open":0.025,"fee_close":0.025,"trade_duration":0,"profit_ratio":-0.04878048754975102,"profit_abs":-0.9560039,"exit_reason":"custom_exit","initial_stop_loss_abs":70442.4,"initial_stop_loss_ratio":-0.3,"stop_loss_abs":70442.4,"stop_loss_ratio":-0.3,"min_rate":100624.18,"max_rate":100705.89,"is_open":false,"enter_tag":"","leverage":1.0,"is_short":false,"open_timestamp":1733700060000,"close_timestamp":1733700060000,"orders":[{"amount":0.00019,"safe_price":100631.99,"ft_order_side":"buy","order_filled_timestamp":1733700060000,"ft_is_entry":true,"ft_order_tag":"","cost":19.5980800525},{"amount":0.00019,"safe_price":100631.99,"ft_order_side":"sell","order_filled_timestamp":1733700060000,"ft_is_entry":false,"ft_order_tag":"custom_exit","cost":19.5980800525}],"funding_fees":0.0},{"pair":"BTC/USDT","stake_amount":19.18848,"max_stake_amount":19.18848,"amount":0.00019,"open_date":"2024-12-08 23:50:00+00:00","close_date":"2024-12-08 23:50:00+00:00","open_rate":100992.0,"close_rate":100992.0,"fee_open":0.025,"fee_close":0.025,"trade_duration":0,"profit_ratio":-0.04878048780487805,"profit_abs":-0.959424,"exit_reason":"custom_exit","initial_stop_loss_abs":70694.4,"initial_stop_loss_ratio":-0.3,"stop_loss_abs":70694.4,"stop_loss_ratio":-0.3,"min_rate":100928.01,"max_rate":101120.0,"is_open":false,"enter_tag":"","leverage":1.0,"is_short":false,"open_timestamp":1733701800000,"close_timestamp":1733701800000,"orders":[{"amount":0.00019,"safe_price":100992.0,"ft_order_side":"buy","order_filled_timestamp":1733701800000,"ft_is_entry":true,"ft_order_tag":"","cost":19.668192},{"amount":0.00019,"safe_price":100992.0,"ft_order_side":"sell","order_filled_timestamp":1733701800000,"ft_is_entry":false,"ft_order_tag":"custom_exit","cost":19.668192}],"funding_fees":0.0},{"pair":"BTC/USDT","stake_amount":19.2072159,"max_stake_amount":19.2072159,"amount":0.00019,"open_date":"2024-12-08 23:51:00+00:00","close_date":"2024-12-08 23:51:00+00:00","open_rate":101090.61,"close_rate":101090.61,"fee_open":0.025,"fee_close":0.025,"trade_duration":0,"profit_ratio":-0.048780487550908455,"profit_abs":-0.96036079,"exit_reason":"custom_exit","initial_stop_loss_abs":70763.43,"initial_stop_loss_ratio":-0.3,"stop_loss_abs":70763.43,"stop_loss_ratio":-0.3,"min_rate":101062.44,"max_rate":101188.0,"is_open":false,"enter_tag":"","leverage":1.0,"is_short":false,"open_timestamp":1733701860000,"close_timestamp":1733701860000,"orders":[{"amount":0.00019,"safe_price":101090.61,"ft_order_side":"buy","order_filled_timestamp":1733701860000,"ft_is_entry":true,"ft_order_tag":"","cost":19.6873962975},{"amount":0.00019,"safe_price":101090.61,"ft_order_side":"sell","order_filled_timestamp":1733701860000,"ft_is_entry":false,"ft_order_tag":"custom_exit","cost":19.6873962975}],"funding_fees":0.0},{"pair":"BTC/USDT","stake_amount":19.2068055,"max_stake_amount":19.2068055,"amount":0.00019,"open_date":"2024-12-08 23:52:00+00:00","close_date":"2024-12-08 23:53:00+00:00","open_rate":101088.45,"close_rate":101044.0,"fee_open":0.025,"fee_close":0.025,"trade_duration":1,"profit_ratio":-0.04919875240537438,"profit_abs":-0.96857464,"exit_reason":"custom_exit","initial_stop_loss_abs":70761.92,"initial_stop_loss_ratio":-0.3,"stop_loss_abs":70761.92,"stop_loss_ratio":-0.3,"min_rate":100999.69,"max_rate":101235.3,"is_open":false,"enter_tag":"","leverage":1.0,"is_short":false,"open_timestamp":1733701920000,"close_timestamp":1733701980000,"orders":[{"amount":0.00019,"safe_price":101088.45,"ft_order_side":"buy","order_filled_timestamp":1733701920000,"ft_is_entry":true,"ft_order_tag":"","cost":19.6869756375},{"amount":0.00019,"safe_price":101044.0,"ft_order_side":"sell","order_filled_timestamp":1733701980000,"ft_is_entry":false,"ft_order_tag":"custom_exit","cost":19.678319}],"funding_fees":0.0},{"pair":"BTC/USDT","stake_amount":19.55414,"max_stake_amount":19.55414,"amount":0.0002,"open_date":"2024-12-11 07:04:00+00:00","close_date":"2024-12-11 08:10:00+00:00","open_rate":97770.7,"close_rate":97754.52,"fee_open":0.025,"fee_close":0.025,"trade_duration":66,"profit_ratio":-0.048937904410336706,"profit_abs":-0.9808621,"exit_reason":"custom_exit","initial_stop_loss_abs":68439.49,"initial_stop_loss_ratio":-0.3,"stop_loss_abs":68439.49,"stop_loss_ratio":-0.3,"min_rate":97248.87,"max_rate":97899.47,"is_open":false,"enter_tag":"","leverage":1.0,"is_short":false,"open_timestamp":1733900640000,"close_timestamp":1733904600000,"orders":[{"amount":0.0002,"safe_price":97770.7,"ft_order_side":"buy","order_filled_timestamp":1733900640000,"ft_is_entry":true,"ft_order_tag":"","cost":20.042993499999998},{"amount":0.0002,"safe_price":97754.52,"ft_order_side":"sell","order_filled_timestamp":1733904600000,"ft_is_entry":false,"ft_order_tag":"custom_exit","cost":20.0396766}],"funding_fees":0.0},{"pair":"BTC/USDT","stake_amount":19.614034,"max_stake_amount":19.614034,"amount":0.0002,"open_date":"2024-12-11 08:32:00+00:00","close_date":"2024-12-11 08:38:00+00:00","open_rate":98070.17,"close_rate":98100.01,"fee_open":0.025,"fee_close":0.025,"trade_duration":6,"profit_ratio":-0.048491058407091725,"profit_abs":-0.9748829,"exit_reason":"custom_exit","initial_stop_loss_abs":68649.12,"initial_stop_loss_ratio":-0.3,"stop_loss_abs":68649.12,"stop_loss_ratio":-0.3,"min_rate":97984.0,"max_rate":98169.82,"is_open":false,"enter_tag":"","leverage":1.0,"is_short":false,"open_timestamp":1733905920000,"close_timestamp":1733906280000,"orders":[{"amount":0.0002,"safe_price":98070.17,"ft_order_side":"buy","order_filled_timestamp":1733905920000,"ft_is_entry":true,"ft_order_tag":"","cost":20.10438485},{"amount":0.0002,"safe_price":98100.01,"ft_order_side":"sell","order_filled_timestamp":1733906280000,"ft_is_entry":false,"ft_order_tag":"custom_exit","cost":20.110502049999997}],"funding_fees":0.0},{"pair":"BTC/USDT","stake_amount":19.66896,"max_stake_amount":19.66896,"amount":0.0002,"open_date":"2024-12-11 08:44:00+00:00","close_date":"2024-12-11 08:44:00+00:00","open_rate":98344.8,"close_rate":98344.8,"fee_open":0.025,"fee_close":0.025,"trade_duration":0,"profit_ratio":-0.04878048780487805,"profit_abs":-0.983448,"exit_reason":"custom_exit","initial_stop_loss_abs":68841.36,"initial_stop_loss_ratio":-0.3,"stop_loss_abs":68841.36,"stop_loss_ratio":-0.3,"min_rate":98321.3,"max_rate":98472.57,"is_open":false,"enter_tag":"","leverage":1.0,"is_short":false,"open_timestamp":1733906640000,"close_timestamp":1733906640000,"orders":[{"amount":0.0002,"safe_price":98344.8,"ft_order_side":"buy","order_filled_timestamp":1733906640000,"ft_is_entry":true,"ft_order_tag":"","cost":20.160684},{"amount":0.0002,"safe_price":98344.8,"ft_order_side":"sell","order_filled_timestamp":1733906640000,"ft_is_entry":false,"ft_order_tag":"custom_exit","cost":20.160684}],"funding_fees":0.0},{"pair":"BTC/USDT","stake_amount":19.691682,"max_stake_amount":19.691682,"amount":0.0002,"open_date":"2024-12-11 08:45:00+00:00","close_date":"2024-12-11 13:30:00+00:00","open_rate":98458.41,"close_rate":98375.99,"fee_open":0.025,"fee_close":0.025,"trade_duration":285,"profit_ratio":-0.049576758150855826,"profit_abs":-1.000656,"exit_reason":"custom_exit","initial_stop_loss_abs":68920.89,"initial_stop_loss_ratio":-0.3,"stop_loss_abs":68920.89,"stop_loss_ratio":-0.3,"min_rate":97757.44,"max_rate":98799.99,"is_open":false,"enter_tag":"","leverage":1.0,"is_short":false,"open_timestamp":1733906700000,"close_timestamp":1733923800000,"orders":[{"amount":0.0002,"safe_price":98458.41,"ft_order_side":"buy","order_filled_timestamp":1733906700000,"ft_is_entry":true,"ft_order_tag":"","cost":20.18397405},{"amount":0.0002,"safe_price":98375.99,"ft_order_side":"sell","order_filled_timestamp":1733923800000,"ft_is_entry":false,"ft_order_tag":"custom_exit","cost":20.16707795}],"funding_fees":0.0},{"pair":"BTC/USDT","stake_amount":19.743146,"max_stake_amount":19.743146,"amount":0.0002,"open_date":"2024-12-11 13:31:00+00:00","close_date":"2024-12-11 13:31:00+00:00","open_rate":98715.73,"close_rate":98715.73,"fee_open":0.025,"fee_close":0.025,"trade_duration":0,"profit_ratio":-0.04878048780487805,"profit_abs":-0.9871573,"exit_reason":"custom_exit","initial_stop_loss_abs":69101.02,"initial_stop_loss_ratio":-0.3,"stop_loss_abs":69101.02,"stop_loss_ratio":-0.3,"min_rate":98602.06,"max_rate":98800.0,"is_open":false,"enter_tag":"","leverage":1.0,"is_short":false,"open_timestamp":1733923860000,"close_timestamp":1733923860000,"orders":[{"amount":0.0002,"safe_price":98715.73,"ft_order_side":"buy","order_filled_timestamp":1733923860000,"ft_is_entry":true,"ft_order_tag":"","cost":20.23672465},{"amount":0.0002,"safe_price":98715.73,"ft_order_side":"sell","order_filled_timestamp":1733923860000,"ft_is_entry":false,"ft_order_tag":"custom_exit","cost":20.23672465}],"funding_fees":0.0},{"pair":"BTC/USDT","stake_amount":19.752638,"max_stake_amount":19.752638,"amount":0.0002,"open_date":"2024-12-11 13:32:00+00:00","close_date":"2024-12-11 13:32:00+00:00","open_rate":98763.19,"close_rate":98763.19,"fee_open":0.025,"fee_close":0.025,"trade_duration":0,"profit_ratio":-0.04878048780487805,"profit_abs":-0.9876319,"exit_reason":"custom_exit","initial_stop_loss_abs":69134.24,"initial_stop_loss_ratio":-0.3,"stop_loss_abs":69134.24,"stop_loss_ratio":-0.3,"min_rate":98700.0,"max_rate":98861.66,"is_open":false,"enter_tag":"","leverage":1.0,"is_short":false,"open_timestamp":1733923920000,"close_timestamp":1733923920000,"orders":[{"amount":0.0002,"safe_price":98763.19,"ft_order_side":"buy","order_filled_timestamp":1733923920000,"ft_is_entry":true,"ft_order_tag":"","cost":20.24645395},{"amount":0.0002,"safe_price":98763.19,"ft_order_side":"sell","order_filled_timestamp":1733923920000,"ft_is_entry":false,"ft_order_tag":"custom_exit","cost":20.24645395}],"funding_fees":0.0},{"pair":"BTC/USDT","stake_amount":19.768002,"max_stake_amount":19.768002,"amount":0.0002,"open_date":"2024-12-11 13:33:00+00:00","close_date":"2024-12-11 14:37:00+00:00","open_rate":98840.01,"close_rate":98895.97,"fee_open":0.025,"fee_close":0.025,"trade_duration":64,"profit_ratio":-0.04824193824481185,"profit_abs":-0.9774879,"exit_reason":"custom_exit","initial_stop_loss_abs":69188.01,"initial_stop_loss_ratio":-0.3,"stop_loss_abs":69188.01,"stop_loss_ratio":-0.3,"min_rate":98168.2,"max_rate":98962.45,"is_open":false,"enter_tag":"","leverage":1.0,"is_short":false,"open_timestamp":1733923980000,"close_timestamp":1733927820000,"orders":[{"amount":0.0002,"safe_price":98840.01,"ft_order_side":"buy","order_filled_timestamp":1733923980000,"ft_is_entry":true,"ft_order_tag":"","cost":20.26220205},{"amount":0.0002,"safe_price":98895.97,"ft_order_side":"sell","order_filled_timestamp":1733927820000,"ft_is_entry":false,"ft_order_tag":"custom_exit","cost":20.273673849999998}],"funding_fees":0.0},{"pair":"BTC/USDT","stake_amount":19.806582,"max_stake_amount":19.806582,"amount":0.0002,"open_date":"2024-12-11 14:46:00+00:00","close_date":"2024-12-11 14:46:00+00:00","open_rate":99032.91,"close_rate":99032.91,"fee_open":0.025,"fee_close":0.025,"trade_duration":0,"profit_ratio":-0.048780487804878044,"profit_abs":-0.9903291,"exit_reason":"custom_exit","initial_stop_loss_abs":69323.04,"initial_stop_loss_ratio":-0.3,"stop_loss_abs":69323.04,"stop_loss_ratio":-0.3,"min_rate":99003.86,"max_rate":99152.0,"is_open":false,"enter_tag":"","leverage":1.0,"is_short":false,"open_timestamp":1733928360000,"close_timestamp":1733928360000,"orders":[{"amount":0.0002,"safe_price":99032.91,"ft_order_side":"buy","order_filled_timestamp":1733928360000,"ft_is_entry":true,"ft_order_tag":"","cost":20.30174655},{"amount":0.0002,"safe_price":99032.91,"ft_order_side":"sell","order_filled_timestamp":1733928360000,"ft_is_entry":false,"ft_order_tag":"custom_exit","cost":20.30174655}],"funding_fees":0.0},{"pair":"BTC/USDT","stake_amount":19.851202,"max_stake_amount":19.851202,"amount":0.0002,"open_date":"2024-12-11 14:48:00+00:00","close_date":"2024-12-11 14:50:00+00:00","open_rate":99256.01,"close_rate":99200.01,"fee_open":0.025,"fee_close":0.025,"trade_duration":2,"profit_ratio":-0.049317163545550345,"profit_abs":-1.0034801,"exit_reason":"custom_exit","initial_stop_loss_abs":69479.21,"initial_stop_loss_ratio":-0.3,"stop_loss_abs":69479.21,"stop_loss_ratio":-0.3,"min_rate":99153.18,"max_rate":99388.0,"is_open":false,"enter_tag":"","leverage":1.0,"is_short":false,"open_timestamp":1733928480000,"close_timestamp":1733928600000,"orders":[{"amount":0.0002,"safe_price":99256.01,"ft_order_side":"buy","order_filled_timestamp":1733928480000,"ft_is_entry":true,"ft_order_tag":"","cost":20.34748205},{"amount":0.0002,"safe_price":99200.01,"ft_order_side":"sell","order_filled_timestamp":1733928600000,"ft_is_entry":false,"ft_order_tag":"custom_exit","cost":20.336002049999998}],"funding_fees":0.0},{"pair":"BTC/USDT","stake_amount":19.955626,"max_stake_amount":19.955626,"amount":0.0002,"open_date":"2024-12-11 15:08:00+00:00","close_date":"2024-12-11 15:12:00+00:00","open_rate":99778.13,"close_rate":99879.0,"fee_open":0.025,"fee_close":0.025,"trade_duration":4,"profit_ratio":-0.04781885911735783,"profit_abs":-0.97811165,"exit_reason":"custom_exit","initial_stop_loss_abs":69844.7,"initial_stop_loss_ratio":-0.3,"stop_loss_abs":69844.7,"stop_loss_ratio":-0.3,"min_rate":99638.95,"max_rate":99924.0,"is_open":false,"enter_tag":"","leverage":1.0,"is_short":false,"open_timestamp":1733929680000,"close_timestamp":1733929920000,"orders":[{"amount":0.0002,"safe_price":99778.13,"ft_order_side":"buy","order_filled_timestamp":1733929680000,"ft_is_entry":true,"ft_order_tag":"","cost":20.454516650000002},{"amount":0.0002,"safe_price":99879.0,"ft_order_side":"sell","order_filled_timestamp":1733929920000,"ft_is_entry":false,"ft_order_tag":"custom_exit","cost":20.475195}],"funding_fees":0.0},{"pair":"BTC/USDT","stake_amount":19.0547238,"max_stake_amount":19.0547238,"amount":0.00019,"open_date":"2024-12-11 15:22:00+00:00","close_date":"2024-12-11 15:23:00+00:00","open_rate":100288.02,"close_rate":100345.6,"fee_open":0.025,"fee_close":0.025,"trade_duration":1,"profit_ratio":-0.04823434834389222,"profit_abs":-0.94206949,"exit_reason":"custom_exit","initial_stop_loss_abs":70201.62,"initial_stop_loss_ratio":-0.3,"stop_loss_abs":70201.62,"stop_loss_ratio":-0.3,"min_rate":100176.0,"max_rate":100442.01,"is_open":false,"enter_tag":"","leverage":1.0,"is_short":false,"open_timestamp":1733930520000,"close_timestamp":1733930580000,"orders":[{"amount":0.00019,"safe_price":100288.02,"ft_order_side":"buy","order_filled_timestamp":1733930520000,"ft_is_entry":true,"ft_order_tag":"","cost":19.531091895},{"amount":0.00019,"safe_price":100345.6,"ft_order_side":"sell","order_filled_timestamp":1733930580000,"ft_is_entry":false,"ft_order_tag":"custom_exit","cost":19.5423056}],"funding_fees":0.0},{"pair":"BTC/USDT","stake_amount":19.1915827,"max_stake_amount":19.1915827,"amount":0.00019,"open_date":"2024-12-11 16:24:00+00:00","close_date":"2024-12-11 19:53:00+00:00","open_rate":101008.33,"close_rate":101107.98,"fee_open":0.025,"fee_close":0.025,"trade_duration":209,"profit_ratio":-0.047842059882871865,"profit_abs":-0.94111897,"exit_reason":"custom_exit","initial_stop_loss_abs":70705.84,"initial_stop_loss_ratio":-0.3,"stop_loss_abs":70705.84,"stop_loss_ratio":-0.3,"min_rate":99608.23,"max_rate":101137.79,"is_open":false,"enter_tag":"","leverage":1.0,"is_short":false,"open_timestamp":1733934240000,"close_timestamp":1733946780000,"orders":[{"amount":0.00019,"safe_price":101008.33,"ft_order_side":"buy","order_filled_timestamp":1733934240000,"ft_is_entry":true,"ft_order_tag":"","cost":19.6713722675},{"amount":0.00019,"safe_price":101107.98,"ft_order_side":"sell","order_filled_timestamp":1733946780000,"ft_is_entry":false,"ft_order_tag":"custom_exit","cost":19.690779105}],"funding_fees":0.0},{"pair":"BTC/USDT","stake_amount":19.2394,"max_stake_amount":19.2394,"amount":0.00019,"open_date":"2024-12-11 20:01:00+00:00","close_date":"2024-12-11 20:28:00+00:00","open_rate":101260.0,"close_rate":101379.99,"fee_open":0.025,"fee_close":0.025,"trade_duration":27,"profit_ratio":-0.047653321677036224,"profit_abs":-0.93974185,"exit_reason":"custom_exit","initial_stop_loss_abs":70882.0,"initial_stop_loss_ratio":-0.3,"stop_loss_abs":70882.0,"stop_loss_ratio":-0.3,"min_rate":101024.75,"max_rate":101509.72,"is_open":false,"enter_tag":"","leverage":1.0,"is_short":false,"open_timestamp":1733947260000,"close_timestamp":1733948880000,"orders":[{"amount":0.00019,"safe_price":101260.0,"ft_order_side":"buy","order_filled_timestamp":1733947260000,"ft_is_entry":true,"ft_order_tag":"","cost":19.720384999999997},{"amount":0.00019,"safe_price":101379.99,"ft_order_side":"sell","order_filled_timestamp":1733948880000,"ft_is_entry":false,"ft_order_tag":"custom_exit","cost":19.7437530525}],"funding_fees":0.0},{"pair":"BTC/USDT","stake_amount":19.3374381,"max_stake_amount":19.3374381,"amount":0.00019,"open_date":"2024-12-11 22:07:00+00:00","close_date":"2024-12-11 22:34:00+00:00","open_rate":101775.99,"close_rate":101420.02,"fee_open":0.025,"fee_close":0.025,"trade_duration":27,"profit_ratio":-0.05210745738378431,"profit_abs":-1.03281535,"exit_reason":"custom_exit","initial_stop_loss_abs":71243.2,"initial_stop_loss_ratio":-0.3,"stop_loss_abs":71243.2,"stop_loss_ratio":-0.3,"min_rate":101368.31,"max_rate":101888.0,"is_open":false,"enter_tag":"","leverage":1.0,"is_short":false,"open_timestamp":1733954820000,"close_timestamp":1733956440000,"orders":[{"amount":0.00019,"safe_price":101775.99,"ft_order_side":"buy","order_filled_timestamp":1733954820000,"ft_is_entry":true,"ft_order_tag":"","cost":19.820874052500002},{"amount":0.00019,"safe_price":101420.02,"ft_order_side":"sell","order_filled_timestamp":1733956440000,"ft_is_entry":false,"ft_order_tag":"custom_exit","cost":19.751548895}],"funding_fees":0.0},{"pair":"BTC/USDT","stake_amount":19.2093914,"max_stake_amount":19.2093914,"amount":0.00019,"open_date":"2024-12-12 09:06:00+00:00","close_date":"2024-12-12 13:18:00+00:00","open_rate":101102.06,"close_rate":101040.86,"fee_open":0.025,"fee_close":0.025,"trade_duration":252,"profit_ratio":-0.04935628847744932,"profit_abs":-0.97180687,"exit_reason":"custom_exit","initial_stop_loss_abs":70771.45,"initial_stop_loss_ratio":-0.3,"stop_loss_abs":70771.45,"stop_loss_ratio":-0.3,"min_rate":100178.32,"max_rate":101254.41,"is_open":false,"enter_tag":"","leverage":1.0,"is_short":false,"open_timestamp":1733994360000,"close_timestamp":1734009480000,"orders":[{"amount":0.00019,"safe_price":101102.06,"ft_order_side":"buy","order_filled_timestamp":1733994360000,"ft_is_entry":true,"ft_order_tag":"","cost":19.689626184999998},{"amount":0.00019,"safe_price":101040.86,"ft_order_side":"sell","order_filled_timestamp":1734009480000,"ft_is_entry":false,"ft_order_tag":"custom_exit","cost":19.677707485}],"funding_fees":0.0},{"pair":"BTC/USDT","stake_amount":19.238336,"max_stake_amount":19.238336,"amount":0.00019,"open_date":"2024-12-12 13:19:00+00:00","close_date":"2024-12-12 13:20:00+00:00","open_rate":101254.4,"close_rate":101311.24,"fee_open":0.025,"fee_close":0.025,"trade_duration":1,"profit_ratio":-0.04824651281640179,"profit_abs":-0.95138719,"exit_reason":"custom_exit","initial_stop_loss_abs":70878.08,"initial_stop_loss_ratio":-0.3,"stop_loss_abs":70878.08,"stop_loss_ratio":-0.3,"min_rate":101161.97,"max_rate":101435.04,"is_open":false,"enter_tag":"","leverage":1.0,"is_short":false,"open_timestamp":1734009540000,"close_timestamp":1734009600000,"orders":[{"amount":0.00019,"safe_price":101254.4,"ft_order_side":"buy","order_filled_timestamp":1734009540000,"ft_is_entry":true,"ft_order_tag":"","cost":19.7192944},{"amount":0.00019,"safe_price":101311.24,"ft_order_side":"sell","order_filled_timestamp":1734009600000,"ft_is_entry":false,"ft_order_tag":"custom_exit","cost":19.73036399}],"funding_fees":0.0},{"pair":"BTC/USDT","stake_amount":19.2726576,"max_stake_amount":19.2726576,"amount":0.00019,"open_date":"2024-12-12 13:21:00+00:00","close_date":"2024-12-12 13:21:00+00:00","open_rate":101435.04,"close_rate":101435.04,"fee_open":0.025,"fee_close":0.025,"trade_duration":0,"profit_ratio":-0.048780487804878044,"profit_abs":-0.96363288,"exit_reason":"custom_exit","initial_stop_loss_abs":71004.53,"initial_stop_loss_ratio":-0.3,"stop_loss_abs":71004.53,"stop_loss_ratio":-0.3,"min_rate":101337.84,"max_rate":101545.78,"is_open":false,"enter_tag":"","leverage":1.0,"is_short":false,"open_timestamp":1734009660000,"close_timestamp":1734009660000,"orders":[{"amount":0.00019,"safe_price":101435.04,"ft_order_side":"buy","order_filled_timestamp":1734009660000,"ft_is_entry":true,"ft_order_tag":"","cost":19.754474039999998},{"amount":0.00019,"safe_price":101435.04,"ft_order_side":"sell","order_filled_timestamp":1734009660000,"ft_is_entry":false,"ft_order_tag":"custom_exit","cost":19.754474039999998}],"funding_fees":0.0},{"pair":"BTC/USDT","stake_amount":19.2754449,"max_stake_amount":19.2754449,"amount":0.00019,"open_date":"2024-12-12 13:22:00+00:00","close_date":"2024-12-12 13:30:00+00:00","open_rate":101449.71,"close_rate":101254.06,"fee_open":0.025,"fee_close":0.025,"trade_duration":8,"profit_ratio":-0.050614954462278504,"profit_abs":-1.00001641,"exit_reason":"custom_exit","initial_stop_loss_abs":71014.8,"initial_stop_loss_ratio":-0.3,"stop_loss_abs":71014.8,"stop_loss_ratio":-0.3,"min_rate":101168.0,"max_rate":101541.83,"is_open":false,"enter_tag":"","leverage":1.0,"is_short":false,"open_timestamp":1734009720000,"close_timestamp":1734010200000,"orders":[{"amount":0.00019,"safe_price":101449.71,"ft_order_side":"buy","order_filled_timestamp":1734009720000,"ft_is_entry":true,"ft_order_tag":"","cost":19.7573310225},{"amount":0.00019,"safe_price":101254.06,"ft_order_side":"sell","order_filled_timestamp":1734010200000,"ft_is_entry":false,"ft_order_tag":"custom_exit","cost":19.719228185000002}],"funding_fees":0.0},{"pair":"BTC/USDT","stake_amount":19.26296,"max_stake_amount":19.26296,"amount":0.00019,"open_date":"2024-12-12 14:22:00+00:00","close_date":"2024-12-12 14:31:00+00:00","open_rate":101384.0,"close_rate":101421.98,"fee_open":0.025,"fee_close":0.025,"trade_duration":9,"profit_ratio":-0.04842414665243555,"profit_abs":-0.95611221,"exit_reason":"custom_exit","initial_stop_loss_abs":70968.8,"initial_stop_loss_ratio":-0.3,"stop_loss_abs":70968.8,"stop_loss_ratio":-0.3,"min_rate":101260.66,"max_rate":101594.04,"is_open":false,"enter_tag":"","leverage":1.0,"is_short":false,"open_timestamp":1734013320000,"close_timestamp":1734013860000,"orders":[{"amount":0.00019,"safe_price":101384.0,"ft_order_side":"buy","order_filled_timestamp":1734013320000,"ft_is_entry":true,"ft_order_tag":"","cost":19.744533999999998},{"amount":0.00019,"safe_price":101421.98,"ft_order_side":"sell","order_filled_timestamp":1734013860000,"ft_is_entry":false,"ft_order_tag":"custom_exit","cost":19.751930605}],"funding_fees":0.0},{"pair":"BTC/USDT","stake_amount":19.3353215,"max_stake_amount":19.3353215,"amount":0.00019,"open_date":"2024-12-12 15:47:00+00:00","close_date":"2024-12-12 16:00:00+00:00","open_rate":101764.85,"close_rate":101797.14,"fee_open":0.025,"fee_close":0.025,"trade_duration":13,"profit_ratio":-0.04847866560511309,"profit_abs":-0.96078435,"exit_reason":"custom_exit","initial_stop_loss_abs":71235.4,"initial_stop_loss_ratio":-0.3,"stop_loss_abs":71235.4,"stop_loss_ratio":-0.3,"min_rate":101476.0,"max_rate":101999.0,"is_open":false,"enter_tag":"","leverage":1.0,"is_short":false,"open_timestamp":1734018420000,"close_timestamp":1734019200000,"orders":[{"amount":0.00019,"safe_price":101764.85,"ft_order_side":"buy","order_filled_timestamp":1734018420000,"ft_is_entry":true,"ft_order_tag":"","cost":19.8187045375},{"amount":0.00019,"safe_price":101797.14,"ft_order_side":"sell","order_filled_timestamp":1734019200000,"ft_is_entry":false,"ft_order_tag":"custom_exit","cost":19.824993015}],"funding_fees":0.0},{"pair":"BTC/USDT","stake_amount":19.3749954,"max_stake_amount":19.3749954,"amount":0.00019,"open_date":"2024-12-12 16:01:00+00:00","close_date":"2024-12-12 16:01:00+00:00","open_rate":101973.66,"close_rate":101973.66,"fee_open":0.025,"fee_close":0.025,"trade_duration":0,"profit_ratio":-0.048780487804878044,"profit_abs":-0.96874977,"exit_reason":"custom_exit","initial_stop_loss_abs":71381.57,"initial_stop_loss_ratio":-0.3,"stop_loss_abs":71381.57,"stop_loss_ratio":-0.3,"min_rate":101816.01,"max_rate":102154.6,"is_open":false,"enter_tag":"","leverage":1.0,"is_short":false,"open_timestamp":1734019260000,"close_timestamp":1734019260000,"orders":[{"amount":0.00019,"safe_price":101973.66,"ft_order_side":"buy","order_filled_timestamp":1734019260000,"ft_is_entry":true,"ft_order_tag":"","cost":19.859370285},{"amount":0.00019,"safe_price":101973.66,"ft_order_side":"sell","order_filled_timestamp":1734019260000,"ft_is_entry":false,"ft_order_tag":"custom_exit","cost":19.859370285}],"funding_fees":0.0},{"pair":"BTC/USDT","stake_amount":19.3815181,"max_stake_amount":19.3815181,"amount":0.00019,"open_date":"2024-12-12 16:02:00+00:00","close_date":"2024-12-12 16:02:00+00:00","open_rate":102007.99,"close_rate":102007.99,"fee_open":0.025,"fee_close":0.025,"trade_duration":0,"profit_ratio":-0.04878048805656364,"profit_abs":-0.96907591,"exit_reason":"custom_exit","initial_stop_loss_abs":71405.6,"initial_stop_loss_ratio":-0.3,"stop_loss_abs":71405.6,"stop_loss_ratio":-0.3,"min_rate":101994.69,"max_rate":102298.65,"is_open":false,"enter_tag":"","leverage":1.0,"is_short":false,"open_timestamp":1734019320000,"close_timestamp":1734019320000,"orders":[{"amount":0.00019,"safe_price":102007.99,"ft_order_side":"buy","order_filled_timestamp":1734019320000,"ft_is_entry":true,"ft_order_tag":"","cost":19.8660560525},{"amount":0.00019,"safe_price":102007.99,"ft_order_side":"sell","order_filled_timestamp":1734019320000,"ft_is_entry":false,"ft_order_tag":"custom_exit","cost":19.8660560525}],"funding_fees":0.0},{"pair":"BTC/USDT","stake_amount":19.4286438,"max_stake_amount":19.4286438,"amount":0.00019,"open_date":"2024-12-12 16:03:00+00:00","close_date":"2024-12-12 16:15:00+00:00","open_rate":102256.02,"close_rate":102346.98,"fee_open":0.025,"fee_close":0.025,"trade_duration":12,"profit_ratio":-0.04793434762819927,"profit_abs":-0.95458185,"exit_reason":"custom_exit","initial_stop_loss_abs":71579.22,"initial_stop_loss_ratio":-0.3,"stop_loss_abs":71579.22,"stop_loss_ratio":-0.3,"min_rate":102040.0,"max_rate":102500.0,"is_open":false,"enter_tag":"","leverage":1.0,"is_short":false,"open_timestamp":1734019380000,"close_timestamp":1734020100000,"orders":[{"amount":0.00019,"safe_price":102256.02,"ft_order_side":"buy","order_filled_timestamp":1734019380000,"ft_is_entry":true,"ft_order_tag":"","cost":19.914359895},{"amount":0.00019,"safe_price":102346.98,"ft_order_side":"sell","order_filled_timestamp":1734020100000,"ft_is_entry":false,"ft_order_tag":"custom_exit","cost":19.932074354999997}],"funding_fees":0.0},{"pair":"BTC/USDT","stake_amount":19.4749981,"max_stake_amount":19.4749981,"amount":0.00019,"open_date":"2024-12-12 16:16:00+00:00","close_date":"2024-12-14 01:25:00+00:00","open_rate":102499.99,"close_rate":102512.25,"fee_open":0.025,"fee_close":0.025,"trade_duration":1989,"profit_ratio":-0.04866671265992913,"profit_abs":-0.97147874,"exit_reason":"custom_exit","initial_stop_loss_abs":71750.0,"initial_stop_loss_ratio":-0.3,"stop_loss_abs":71750.0,"stop_loss_ratio":-0.3,"min_rate":99205.0,"max_rate":102623.06,"is_open":false,"enter_tag":"","leverage":1.0,"is_short":false,"open_timestamp":1734020160000,"close_timestamp":1734139500000,"orders":[{"amount":0.00019,"safe_price":102499.99,"ft_order_side":"buy","order_filled_timestamp":1734020160000,"ft_is_entry":true,"ft_order_tag":"","cost":19.9618730525},{"amount":0.00019,"safe_price":102512.25,"ft_order_side":"sell","order_filled_timestamp":1734139500000,"ft_is_entry":false,"ft_order_tag":"custom_exit","cost":19.9642606875}],"funding_fees":0.0},{"pair":"BTC/USDT","stake_amount":19.4913248,"max_stake_amount":19.4913248,"amount":0.00019,"open_date":"2024-12-14 01:26:00+00:00","close_date":"2024-12-14 05:14:00+00:00","open_rate":102585.92,"close_rate":101749.99,"fee_open":0.025,"fee_close":0.025,"trade_duration":228,"profit_ratio":-0.05653157990399163,"profit_abs":-1.12942227,"exit_reason":"custom_exit","initial_stop_loss_abs":71810.15,"initial_stop_loss_ratio":-0.3,"stop_loss_abs":71810.15,"stop_loss_ratio":-0.3,"min_rate":101590.9,"max_rate":102650.0,"is_open":false,"enter_tag":"","leverage":1.0,"is_short":false,"open_timestamp":1734139560000,"close_timestamp":1734153240000,"orders":[{"amount":0.00019,"safe_price":102585.92,"ft_order_side":"buy","order_filled_timestamp":1734139560000,"ft_is_entry":true,"ft_order_tag":"","cost":19.978607919999998},{"amount":0.00019,"safe_price":101749.99,"ft_order_side":"sell","order_filled_timestamp":1734153240000,"ft_is_entry":false,"ft_order_tag":"custom_exit","cost":19.8158105525}],"funding_fees":0.0},{"pair":"BTC/USDT","stake_amount":19.3609696,"max_stake_amount":19.3609696,"amount":0.00019,"open_date":"2024-12-14 06:18:00+00:00","close_date":"2024-12-14 06:27:00+00:00","open_rate":101899.84,"close_rate":101920.43,"fee_open":0.025,"fee_close":0.025,"trade_duration":9,"profit_ratio":-0.048588283159678725,"profit_abs":-0.96423418,"exit_reason":"custom_exit","initial_stop_loss_abs":71329.89,"initial_stop_loss_ratio":-0.3,"stop_loss_abs":71329.89,"stop_loss_ratio":-0.3,"min_rate":101871.22,"max_rate":101952.0,"is_open":false,"enter_tag":"","leverage":1.0,"is_short":false,"open_timestamp":1734157080000,"close_timestamp":1734157620000,"orders":[{"amount":0.00019,"safe_price":101899.84,"ft_order_side":"buy","order_filled_timestamp":1734157080000,"ft_is_entry":true,"ft_order_tag":"","cost":19.844993839999997},{"amount":0.00019,"safe_price":101920.43,"ft_order_side":"sell","order_filled_timestamp":1734157620000,"ft_is_entry":false,"ft_order_tag":"custom_exit","cost":19.849003742499995}],"funding_fees":0.0},{"pair":"BTC/USDT","stake_amount":19.3747085,"max_stake_amount":19.3747085,"amount":0.00019,"open_date":"2024-12-14 06:29:00+00:00","close_date":"2024-12-15 00:00:00+00:00","open_rate":101972.15,"close_rate":101420.0,"fee_open":0.025,"fee_close":0.025,"trade_duration":1051,"profit_ratio":-0.05393106902555023,"profit_abs":-1.07102121,"exit_reason":"force_exit","initial_stop_loss_abs":71380.51,"initial_stop_loss_ratio":-0.3,"stop_loss_abs":71380.51,"stop_loss_ratio":-0.3,"min_rate":100609.41,"max_rate":102000.0,"is_open":false,"enter_tag":"","leverage":1.0,"is_short":false,"open_timestamp":1734157740000,"close_timestamp":1734220800000,"orders":[{"amount":0.00019,"safe_price":101972.15,"ft_order_side":"buy","order_filled_timestamp":1734157740000,"ft_is_entry":true,"ft_order_tag":"","cost":19.8590762125},{"amount":0.00019,"safe_price":101420.0,"ft_order_side":"sell","order_filled_timestamp":1734220800000,"ft_is_entry":false,"ft_order_tag":"force_exit","cost":19.751544999999997}],"funding_fees":0.0}],"locks":[],"best_pair":{"key":"BTC/USDT","trades":82,"profit_mean":-0.0492075143052901,"profit_mean_pct":-4.92,"profit_sum":-4.035016173033788,"profit_sum_pct":-403.5,"profit_total_abs":-80.47803731,"profit_total":-0.08047803731,"profit_total_pct":-8.05,"duration_avg":"1:42:00","wins":0,"draws":0,"losses":82,"winrate":0.0,"cagr":-0.8877950363001148,"expectancy":-0.981439479390244,"expectancy_ratio":-1.0,"sortino":-2375.299111584738,"sharpe":-2375.299111584738,"calmar":-136.46409410387716,"sqn":-191.0419,"profit_factor":0.0,"max_drawdown_account":0.08047803730999999,"max_drawdown_abs":80.47803730999999},"worst_pair":{"key":"BTC/USDT","trades":82,"profit_mean":-0.0492075143052901,"profit_mean_pct":-4.92,"profit_sum":-4.035016173033788,"profit_sum_pct":-403.5,"profit_total_abs":-80.47803731,"profit_total":-0.08047803731,"profit_total_pct":-8.05,"duration_avg":"1:42:00","wins":0,"draws":0,"losses":82,"winrate":0.0,"cagr":-0.8877950363001148,"expectancy":-0.981439479390244,"expectancy_ratio":-1.0,"sortino":-2375.299111584738,"sharpe":-2375.299111584738,"calmar":-136.46409410387716,"sqn":-191.0419,"profit_factor":0.0,"max_drawdown_account":0.08047803730999999,"max_drawdown_abs":80.47803730999999},"results_per_pair":[{"key":"BTC/USDT","trades":82,"profit_mean":-0.0492075143052901,"profit_mean_pct":-4.92,"profit_sum":-4.035016173033788,"profit_sum_pct":-403.5,"profit_total_abs":-80.47803731,"profit_total":-0.08047803731,"profit_total_pct":-8.05,"duration_avg":"1:42:00","wins":0,"draws":0,"losses":82,"winrate":0.0,"cagr":-0.8877950363001148,"expectancy":-0.981439479390244,"expectancy_ratio":-1.0,"sortino":-2375.299111584738,"sharpe":-2375.299111584738,"calmar":-136.46409410387716,"sqn":-191.0419,"profit_factor":0.0,"max_drawdown_account":0.08047803730999999,"max_drawdown_abs":80.47803730999999},{"key":"TOTAL","trades":82,"profit_mean":-0.0492075143052901,"profit_mean_pct":-4.92,"profit_sum":-4.035016173033788,"profit_sum_pct":-403.5,"profit_total_abs":-80.47803731,"profit_total":-0.08047803731,"profit_total_pct":-8.05,"duration_avg":"1:42:00","wins":0,"draws":0,"losses":82,"winrate":0.0,"cagr":-0.8877950363001148,"expectancy":-0.981439479390244,"expectancy_ratio":-1.0,"sortino":-2375.299111584738,"sharpe":-2375.299111584738,"calmar":-136.46409410387716,"sqn":-191.0419,"profit_factor":0.0,"max_drawdown_account":0.08047803730999999,"max_drawdown_abs":80.47803730999999}],"results_per_enter_tag":[{"key":"","trades":82,"profit_mean":-0.0492075143052901,"profit_mean_pct":-4.92,"profit_sum":-4.035016173033788,"profit_sum_pct":-403.5,"profit_total_abs":-80.47803731,"profit_total":-0.08047803731,"profit_total_pct":-8.05,"duration_avg":"1:42:00","wins":0,"draws":0,"losses":82,"winrate":0.0,"cagr":-0.8877950363001148,"expectancy":-0.981439479390244,"expectancy_ratio":-1.0,"sortino":-2375.299111584738,"sharpe":-2375.299111584738,"calmar":-136.46409410387716,"sqn":-191.0419,"profit_factor":0.0,"max_drawdown_account":0.08047803730999999,"max_drawdown_abs":80.47803730999999},{"key":"TOTAL","trades":82,"profit_mean":-0.0492075143052901,"profit_mean_pct":-4.92,"profit_sum":-4.035016173033788,"profit_sum_pct":-403.5,"profit_total_abs":-80.47803731,"profit_total":-0.08047803731,"profit_total_pct":-8.05,"duration_avg":"1:42:00","wins":0,"draws":0,"losses":82,"winrate":0.0,"cagr":-0.8877950363001148,"expectancy":-0.981439479390244,"expectancy_ratio":-1.0,"sortino":-2375.299111584738,"sharpe":-2375.299111584738,"calmar":-136.46409410387716,"sqn":-191.0419,"profit_factor":0.0,"max_drawdown_account":0.08047803730999999,"max_drawdown_abs":80.47803730999999}],"exit_reason_summary":[{"key":"force_exit","trades":1,"profit_mean":-0.05393106902555023,"profit_mean_pct":-5.39,"profit_sum":-0.05393106902555023,"profit_sum_pct":-5.39,"profit_total_abs":-1.07102121,"profit_total":-0.0010710212100000002,"profit_total_pct":-0.11,"duration_avg":"17:31:00","wins":0,"draws":0,"losses":1,"winrate":0.0,"cagr":-0.027551359540816223,"expectancy":-1.07102121,"expectancy_ratio":-1.0,"sortino":-100,"sharpe":-100,"calmar":-136.4640941038738,"sqn":-100.0,"profit_factor":0.0,"max_drawdown_account":0.0010710212100000262,"max_drawdown_abs":1.07102121},{"key":"custom_exit","trades":81,"profit_mean":-0.04914919881491651,"profit_mean_pct":-4.91,"profit_sum":-3.9810851040082373,"profit_sum_pct":-398.11,"profit_total_abs":-79.4070161,"profit_total":-0.0794070161,"profit_total_pct":-7.94,"duration_avg":"1:30:00","wins":0,"draws":0,"losses":81,"winrate":0.0,"cagr":-0.8843374981144202,"expectancy":-0.9803335320987655,"expectancy_ratio":-1.0,"sortino":-2385.281550944315,"sharpe":-2385.281550944315,"calmar":-136.4640941038772,"sqn":-193.0106,"profit_factor":0.0,"max_drawdown_account":0.07940701609999996,"max_drawdown_abs":79.40701609999999},{"key":"TOTAL","trades":82,"profit_mean":-0.0492075143052901,"profit_mean_pct":-4.92,"profit_sum":-4.035016173033788,"profit_sum_pct":-403.5,"profit_total_abs":-80.47803731,"profit_total":-0.08047803731,"profit_total_pct":-8.05,"duration_avg":"1:42:00","wins":0,"draws":0,"losses":82,"winrate":0.0,"cagr":-0.8877950363001148,"expectancy":-0.981439479390244,"expectancy_ratio":-1.0,"sortino":-2375.299111584738,"sharpe":-2375.299111584738,"calmar":-136.46409410387716,"sqn":-191.0419,"profit_factor":0.0,"max_drawdown_account":0.08047803730999999,"max_drawdown_abs":80.47803730999999}],"mix_tag_stats":[{"key":["","force_exit"],"trades":1,"profit_mean":-0.05393106902555023,"profit_mean_pct":-5.39,"profit_sum":-0.05393106902555023,"profit_sum_pct":-5.39,"profit_total_abs":-1.07102121,"profit_total":-0.0010710212100000002,"profit_total_pct":-0.11,"duration_avg":"17:31:00","wins":0,"draws":0,"losses":1,"winrate":0.0,"cagr":-0.027551359540816223,"expectancy":-1.07102121,"expectancy_ratio":-1.0,"sortino":-100,"sharpe":-100,"calmar":-136.4640941038738,"sqn":-100.0,"profit_factor":0.0,"max_drawdown_account":0.0010710212100000262,"max_drawdown_abs":1.07102121},{"key":["","custom_exit"],"trades":81,"profit_mean":-0.04914919881491651,"profit_mean_pct":-4.91,"profit_sum":-3.9810851040082373,"profit_sum_pct":-398.11,"profit_total_abs":-79.4070161,"profit_total":-0.0794070161,"profit_total_pct":-7.94,"duration_avg":"1:30:00","wins":0,"draws":0,"losses":81,"winrate":0.0,"cagr":-0.8843374981144202,"expectancy":-0.9803335320987655,"expectancy_ratio":-1.0,"sortino":-2385.281550944315,"sharpe":-2385.281550944315,"calmar":-136.4640941038772,"sqn":-193.0106,"profit_factor":0.0,"max_drawdown_account":0.07940701609999996,"max_drawdown_abs":79.40701609999999},{"key":"TOTAL","trades":82,"profit_mean":-0.0492075143052901,"profit_mean_pct":-4.92,"profit_sum":-4.035016173033788,"profit_sum_pct":-403.5,"profit_total_abs":-80.47803731,"profit_total":-0.08047803731,"profit_total_pct":-8.05,"duration_avg":"1:42:00","wins":0,"draws":0,"losses":82,"winrate":0.0,"cagr":-0.8877950363001148,"expectancy":-0.981439479390244,"expectancy_ratio":-1.0,"sortino":-2375.299111584738,"sharpe":-2375.299111584738,"calmar":-136.46409410387716,"sqn":-191.0419,"profit_factor":0.0,"max_drawdown_account":0.08047803730999999,"max_drawdown_abs":80.47803730999999}],"left_open_trades":[{"key":"BTC/USDT","trades":1,"profit_mean":-0.05393106902555023,"profit_mean_pct":-5.39,"profit_sum":-0.05393106902555023,"profit_sum_pct":-5.39,"profit_total_abs":-1.07102121,"profit_total":-0.0010710212100000002,"profit_total_pct":-0.11,"duration_avg":"17:31:00","wins":0,"draws":0,"losses":1,"winrate":0.0,"cagr":-0.027551359540816223,"expectancy":-1.07102121,"expectancy_ratio":-1.0,"sortino":-100,"sharpe":-100,"calmar":-136.4640941038738,"sqn":-100.0,"profit_factor":0.0,"max_drawdown_account":0.0010710212100000262,"max_drawdown_abs":1.07102121},{"key":"TOTAL","trades":1,"profit_mean":-0.05393106902555023,"profit_mean_pct":-5.39,"profit_sum":-0.05393106902555023,"profit_sum_pct":-5.39,"profit_total_abs":-1.07102121,"profit_total":-0.0010710212100000002,"profit_total_pct":-0.11,"duration_avg":"17:31:00","wins":0,"draws":0,"losses":1,"winrate":0.0,"cagr":-0.027551359540816223,"expectancy":-1.07102121,"expectancy_ratio":-1.0,"sortino":-100,"sharpe":-100,"calmar":-136.4640941038738,"sqn":-100.0,"profit_factor":0.0,"max_drawdown_account":0.0010710212100000262,"max_drawdown_abs":1.07102121}],"total_trades":82,"trade_count_long":82,"trade_count_short":0,"total_volume":3270.3916917174997,"avg_stake_amount":19.459380652439027,"profit_mean":-0.0492075143052901,"profit_median":-0.04878048767789325,"profit_total":-0.08047803731,"profit_total_long":-0.08047803731,"profit_total_short":0.0,"profit_total_abs":-80.47803731,"profit_total_long_abs":-80.47803731,"profit_total_short_abs":0.0,"cagr":-0.8877950363001148,"expectancy":-0.981439479390244,"expectancy_ratio":-1.0,"sortino":-2375.299111584738,"sharpe":-2375.299111584738,"calmar":-136.46409410387716,"sqn":-191.0419,"profit_factor":0.0,"backtest_start":"2024-12-01 00:00:00","backtest_start_ts":1733011200000,"backtest_end":"2024-12-15 00:00:00","backtest_end_ts":1734220800000,"backtest_days":14,"backtest_run_start_ts":1752175810,"backtest_run_end_ts":1752175811,"trades_per_day":5.86,"market_change":0.051825039428903485,"pairlist":["BTC/USDT"],"stake_amount":20,"stake_currency":"USDT","stake_currency_decimals":3,"starting_balance":1000,"dry_run_wallet":1000,"final_balance":919.52196269,"rejected_signals":0,"timedout_entry_orders":0,"timedout_exit_orders":0,"canceled_trade_entries":0,"canceled_entry_orders":0,"replaced_entry_orders":0,"max_open_trades":1,"max_open_trades_setting":5,"timeframe":"1m","timeframe_detail":"","timerange":"20241201-20241215","enable_protections":false,"strategy_name":"MultiHorizonMomentum","stoploss":-0.3,"trailing_stop":false,"trailing_stop_positive":null,"trailing_stop_positive_offset":0.0,"trailing_only_offset_is_reached":false,"use_custom_stoploss":false,"minimal_roi":{},"use_exit_signal":true,"exit_profit_only":false,"exit_profit_offset":0.0,"ignore_roi_if_entry_signal":false,"trading_mode":"spot","margin_mode":"","periodic_breakdown":{"day":[{"date":"01/12/2024","date_ts":1733011200000,"profit_abs":-9.7123279,"wins":0,"draws":0,"losses":10,"trades":10,"profit_factor":0.0},{"date":"02/12/2024","date_ts":1733097600000,"profit_abs":-1.9369027,"wins":0,"draws":0,"losses":2,"trades":2,"profit_factor":0.0},{"date":"03/12/2024","date_ts":1733184000000,"profit_abs":0.0,"wins":0,"draws":0,"losses":0,"trades":0,"profit_factor":0.0},{"date":"04/12/2024","date_ts":1733270400000,"profit_abs":-16.5525609,"wins":0,"draws":0,"losses":17,"trades":17,"profit_factor":0.0},{"date":"05/12/2024","date_ts":1733356800000,"profit_abs":-12.84926684,"wins":0,"draws":0,"losses":13,"trades":13,"profit_factor":0.0},{"date":"06/12/2024","date_ts":1733443200000,"profit_abs":-1.90563521,"wins":0,"draws":0,"losses":2,"trades":2,"profit_factor":0.0},{"date":"07/12/2024","date_ts":1733529600000,"profit_abs":-5.20084846,"wins":0,"draws":0,"losses":5,"trades":5,"profit_factor":0.0},{"date":"08/12/2024","date_ts":1733616000000,"profit_abs":-5.76839885,"wins":0,"draws":0,"losses":6,"trades":6,"profit_factor":0.0},{"date":"09/12/2024","date_ts":1733702400000,"profit_abs":0.0,"wins":0,"draws":0,"losses":0,"trades":0,"profit_factor":0.0},{"date":"10/12/2024","date_ts":1733788800000,"profit_abs":0.0,"wins":0,"draws":0,"losses":0,"trades":0,"profit_factor":0.0},{"date":"11/12/2024","date_ts":1733875200000,"profit_abs":-13.71979261,"wins":0,"draws":0,"losses":14,"trades":14,"profit_factor":0.0},{"date":"12/12/2024","date_ts":1733961600000,"profit_abs":-8.69614744,"wins":0,"draws":0,"losses":9,"trades":9,"profit_factor":0.0},{"date":"13/12/2024","date_ts":1734048000000,"profit_abs":0.0,"wins":0,"draws":0,"losses":0,"trades":0,"profit_factor":0.0},{"date":"14/12/2024","date_ts":1734134400000,"profit_abs":-3.06513519,"wins":0,"draws":0,"losses":3,"trades":3,"profit_factor":0.0},{"date":"15/12/2024","date_ts":1734220800000,"profit_abs":-1.07102121,"wins":0,"draws":0,"losses":1,"trades":1,"profit_factor":0.0}],"week":[{"date":"02/12/2024","date_ts":1733097600000,"profit_abs":-11.6492306,"wins":0,"draws":0,"losses":12,"trades":12,"profit_factor":0.0},{"date":"09/12/2024","date_ts":1733702400000,"profit_abs":-42.27671026,"wins":0,"draws":0,"losses":43,"trades":43,"profit_factor":0.0},{"date":"16/12/2024","date_ts":1734307200000,"profit_abs":-26.55209645,"wins":0,"draws":0,"losses":27,"trades":27,"profit_factor":0.0}],"month":[{"date":"31/12/2024","date_ts":1735603200000,"profit_abs":-80.47803731,"wins":0,"draws":0,"losses":82,"trades":82,"profit_factor":0.0}],"year":[{"date":"31/12/2024","date_ts":1735603200000,"profit_abs":-80.47803731,"wins":0,"draws":0,"losses":82,"trades":82,"profit_factor":0.0}]},"backtest_best_day":0.0,"backtest_worst_day":-0.83112375120916,"backtest_best_day_abs":0.0,"backtest_worst_day_abs":-16.5525609,"winning_days":0,"draw_days":4,"losing_days":11,"daily_profit":[["2024-12-01",-9.7123279],["2024-12-02",-1.9369027],["2024-12-03",0.0],["2024-12-04",-16.5525609],["2024-12-05",-12.84926684],["2024-12-06",-1.90563521],["2024-12-07",-5.20084846],["2024-12-08",-5.76839885],["2024-12-09",0.0],["2024-12-10",0.0],["2024-12-11",-13.71979261],["2024-12-12",-8.69614744],["2024-12-13",0.0],["2024-12-14",-3.06513519],["2024-12-15",-1.07102121]],"wins":0,"losses":82,"draws":0,"winrate":0.0,"holding_avg":"1:42:00","holding_avg_s":6120.0,"winner_holding_min":"0d 00:00","winner_holding_min_s":0.0,"winner_holding_max":"0d 00:00","winner_holding_max_s":0.0,"winner_holding_avg":"0d 00:00","winner_holding_avg_s":0.0,"loser_holding_min":"0d 00:00","loser_holding_min_s":0.0,"loser_holding_max":"1d 09:09","loser_holding_max_s":119340.0,"loser_holding_avg":"0d 01:42","loser_holding_avg_s":6120.0,"max_consecutive_wins":0,"max_consecutive_losses":82,"max_drawdown_account":0.08047803730999999,"max_relative_drawdown":0.08047803730999999,"max_drawdown_abs":80.47803730999999,"drawdown_start":"2024-12-01 11:38:00","drawdown_start_ts":1733053080000.0,"drawdown_end":"2024-12-15 00:00:00","drawdown_end_ts":1734220800000.0,"max_drawdown_low":-80.47803730999999,"max_drawdown_high":-0.9635422,"csum_min":919.52196269,"csum_max":999.0364578}},"strategy_comparison":[{"key":"MultiHorizonMomentum","trades":82,"profit_mean":-0.0492075143052901,"profit_mean_pct":-4.92,"profit_sum":-4.035016173033788,"profit_sum_pct":-403.5,"profit_total_abs":-80.47803731,"profit_total":-0.08047803731,"profit_total_pct":-8.05,"duration_avg":"1:42:00","wins":0,"draws":0,"losses":82,"winrate":0.0,"cagr":-0.8877950363001148,"expectancy":-0.981439479390244,"expectancy_ratio":-1.0,"sortino":-2375.299111584738,"sharpe":-2375.299111584738,"calmar":-136.46409410387716,"sqn":-191.0419,"profit_factor":0.0,"max_drawdown_account":0.08047803730999999,"max_drawdown_abs":"80.478"}]}