{"strategy":{"MultiHorizonMomentum":{"trades":[{"pair":"BTC/USDT","stake_amount":19.383202,"max_stake_amount":19.383202,"amount":0.0002,"open_date":"2024-12-01 09:50:00+00:00","close_date":"2024-12-01 09:54:00+00:00","open_rate":96916.01,"close_rate":96930.29,"fee_open":0.0004,"fee_close":0.0004,"trade_duration":4,"profit_ratio":-0.0006524536732095458,"profit_abs":-0.0126517,"exit_reason":"custom_exit","initial_stop_loss_abs":67841.21,"initial_stop_loss_ratio":-0.3,"stop_loss_abs":67841.21,"stop_loss_ratio":-0.3,"min_rate":96916.0,"max_rate":96956.0,"is_open":false,"enter_tag":"","leverage":1.0,"is_short":false,"open_timestamp":1733046600000,"close_timestamp":1733046840000,"orders":[{"amount":0.0002,"safe_price":96916.01,"ft_order_side":"buy","order_filled_timestamp":1733046600000,"ft_is_entry":true,"ft_order_tag":"","cost":19.3909552808},{"amount":0.0002,"safe_price":96930.29,"ft_order_side":"sell","order_filled_timestamp":1733046840000,"ft_is_entry":false,"ft_order_tag":"custom_exit","cost":19.393812423199996}],"funding_fees":0.0},{"pair":"BTC/USDT","stake_amount":19.360002,"max_stake_amount":19.360002,"amount":0.0002,"open_date":"2024-12-01 10:16:00+00:00","close_date":"2024-12-01 10:20:00+00:00","open_rate":96800.01,"close_rate":96818.31,"fee_open":0.0004,"fee_close":0.0004,"trade_duration":4,"profit_ratio":-0.0006107819670658306,"profit_abs":-0.01182947,"exit_reason":"custom_exit","initial_stop_loss_abs":67760.01,"initial_stop_loss_ratio":-0.3,"stop_loss_abs":67760.01,"stop_loss_ratio":-0.3,"min_rate":96770.96,"max_rate":96834.21,"is_open":false,"enter_tag":"","leverage":1.0,"is_short":false,"open_timestamp":1733048160000,"close_timestamp":1733048400000,"orders":[{"amount":0.0002,"safe_price":96800.01,"ft_order_side":"buy","order_filled_timestamp":1733048160000,"ft_is_entry":true,"ft_order_tag":"","cost":19.3677460008},{"amount":0.0002,"safe_price":96818.31,"ft_order_side":"sell","order_filled_timestamp":1733048400000,"ft_is_entry":false,"ft_order_tag":"custom_exit","cost":19.3714074648}],"funding_fees":0.0},{"pair":"BTC/USDT","stake_amount":19.388002,"max_stake_amount":19.388002,"amount":0.0002,"open_date":"2024-12-01 11:16:00+00:00","close_date":"2024-12-01 11:29:00+00:00","open_rate":96940.01,"close_rate":96959.99,"fee_open":0.0004,"fee_close":0.0004,"trade_duration":13,"profit_ratio":-0.0005937380985324466,"profit_abs":-0.011516,"exit_reason":"custom_exit","initial_stop_loss_abs":67858.01,"initial_stop_loss_ratio":-0.3,"stop_loss_abs":67858.01,"stop_loss_ratio":-0.3,"min_rate":96916.01,"max_rate":96975.58,"is_open":false,"enter_tag":"","leverage":1.0,"is_short":false,"open_timestamp":1733051760000,"close_timestamp":1733052540000,"orders":[{"amount":0.0002,"safe_price":96940.01,"ft_order_side":"buy","order_filled_timestamp":1733051760000,"ft_is_entry":true,"ft_order_tag":"","cost":19.3957572008},{"amount":0.0002,"safe_price":96959.99,"ft_order_side":"sell","order_filled_timestamp":1733052540000,"ft_is_entry":false,"ft_order_tag":"custom_exit","cost":19.3997547992}],"funding_fees":0.0},{"pair":"BTC/USDT","stake_amount":19.395116,"max_stake_amount":19.395116,"amount":0.0002,"open_date":"2024-12-01 11:30:00+00:00","close_date":"2024-12-01 11:31:00+00:00","open_rate":96975.58,"close_rate":97000.0,"fee_open":0.0004,"fee_close":0.0004,"trade_duration":1,"profit_ratio":-0.0005480657130778538,"profit_abs":-0.01063405,"exit_reason":"custom_exit","initial_stop_loss_abs":67882.91,"initial_stop_loss_ratio":-0.3,"stop_loss_abs":67882.91,"stop_loss_ratio":-0.3,"min_rate":96975.57,"max_rate":97026.54,"is_open":false,"enter_tag":"","leverage":1.0,"is_short":false,"open_timestamp":1733052600000,"close_timestamp":1733052660000,"orders":[{"amount":0.0002,"safe_price":96975.58,"ft_order_side":"buy","order_filled_timestamp":1733052600000,"ft_is_entry":true,"ft_order_tag":"","cost":19.4028740464},{"amount":0.0002,"safe_price":97000.0,"ft_order_side":"sell","order_filled_timestamp":1733052660000,"ft_is_entry":false,"ft_order_tag":"custom_exit","cost":19.40776}],"funding_fees":0.0},{"pair":"BTC/USDT","stake_amount":19.400402,"max_stake_amount":19.400402,"amount":0.0002,"open_date":"2024-12-01 11:37:00+00:00","close_date":"2024-12-01 11:37:00+00:00","open_rate":97002.01,"close_rate":97002.01,"fee_open":0.0004,"fee_close":0.0004,"trade_duration":0,"profit_ratio":-0.0007996800455092785,"profit_abs":-0.01552032,"exit_reason":"custom_exit","initial_stop_loss_abs":67901.41,"initial_stop_loss_ratio":-0.3,"stop_loss_abs":67901.41,"stop_loss_ratio":-0.3,"min_rate":96981.87,"max_rate":97035.24,"is_open":false,"enter_tag":"","leverage":1.0,"is_short":false,"open_timestamp":1733053020000,"close_timestamp":1733053020000,"orders":[{"amount":0.0002,"safe_price":97002.01,"ft_order_side":"buy","order_filled_timestamp":1733053020000,"ft_is_entry":true,"ft_order_tag":"","cost":19.4081621608},{"amount":0.0002,"safe_price":97002.01,"ft_order_side":"sell","order_filled_timestamp":1733053020000,"ft_is_entry":false,"ft_order_tag":"custom_exit","cost":19.4081621608}],"funding_fees":0.0},{"pair":"BTC/USDT","stake_amount":19.407046,"max_stake_amount":19.407046,"amount":0.0002,"open_date":"2024-12-01 11:38:00+00:00","close_date":"2024-12-01 11:40:00+00:00","open_rate":97035.23,"close_rate":97061.98,"fee_open":0.0004,"fee_close":0.0004,"trade_duration":2,"profit_ratio":-0.000524227670496256,"profit_abs":-0.01017778,"exit_reason":"custom_exit","initial_stop_loss_abs":67924.67,"initial_stop_loss_ratio":-0.3,"stop_loss_abs":67924.67,"stop_loss_ratio":-0.3,"min_rate":97025.02,"max_rate":97099.99,"is_open":false,"enter_tag":"","leverage":1.0,"is_short":false,"open_timestamp":1733053080000,"close_timestamp":1733053200000,"orders":[{"amount":0.0002,"safe_price":97035.23,"ft_order_side":"buy","order_filled_timestamp":1733053080000,"ft_is_entry":true,"ft_order_tag":"","cost":19.4148088184},{"amount":0.0002,"safe_price":97061.98,"ft_order_side":"sell","order_filled_timestamp":1733053200000,"ft_is_entry":false,"ft_order_tag":"custom_exit","cost":19.4201609584}],"funding_fees":0.0},{"pair":"BTC/USDT","stake_amount":19.414,"max_stake_amount":19.414,"amount":0.0002,"open_date":"2024-12-01 11:41:00+00:00","close_date":"2024-12-01 11:41:00+00:00","open_rate":97070.0,"close_rate":97070.0,"fee_open":0.0004,"fee_close":0.0004,"trade_duration":0,"profit_ratio":-0.0007996801279488205,"profit_abs":-0.0155312,"exit_reason":"custom_exit","initial_stop_loss_abs":67949.0,"initial_stop_loss_ratio":-0.3,"stop_loss_abs":67949.0,"stop_loss_ratio":-0.3,"min_rate":97069.99,"max_rate":97121.0,"is_open":false,"enter_tag":"","leverage":1.0,"is_short":false,"open_timestamp":1733053260000,"close_timestamp":1733053260000,"orders":[{"amount":0.0002,"safe_price":97070.0,"ft_order_side":"buy","order_filled_timestamp":1733053260000,"ft_is_entry":true,"ft_order_tag":"","cost":19.4217656},{"amount":0.0002,"safe_price":97070.0,"ft_order_side":"sell","order_filled_timestamp":1733053260000,"ft_is_entry":false,"ft_order_tag":"custom_exit","cost":19.4217656}],"funding_fees":0.0},{"pair":"BTC/USDT","stake_amount":19.422148,"max_stake_amount":19.422148,"amount":0.0002,"open_date":"2024-12-01 12:01:00+00:00","close_date":"2024-12-01 12:44:00+00:00","open_rate":97110.74,"close_rate":96922.16,"fee_open":0.0004,"fee_close":0.0004,"trade_duration":43,"profit_ratio":-0.0027400338553065754,"profit_abs":-0.05323863,"exit_reason":"exit_signal","initial_stop_loss_abs":67977.52,"initial_stop_loss_ratio":-0.3,"stop_loss_abs":67977.52,"stop_loss_ratio":-0.3,"min_rate":96862.8,"max_rate":97117.84,"is_open":false,"enter_tag":"","leverage":1.0,"is_short":false,"open_timestamp":1733054460000,"close_timestamp":1733057040000,"orders":[{"amount":0.0002,"safe_price":97110.74,"ft_order_side":"buy","order_filled_timestamp":1733054460000,"ft_is_entry":true,"ft_order_tag":"","cost":19.429916859200002},{"amount":0.0002,"safe_price":96922.16,"ft_order_side":"sell","order_filled_timestamp":1733057040000,"ft_is_entry":false,"ft_order_tag":"exit_signal","cost":19.392185772799998}],"funding_fees":0.0},{"pair":"BTC/USDT","stake_amount":19.43,"max_stake_amount":19.43,"amount":0.0002,"open_date":"2024-12-01 13:19:00+00:00","close_date":"2024-12-01 13:21:00+00:00","open_rate":97150.0,"close_rate":97164.88,"fee_open":0.0004,"fee_close":0.0004,"trade_duration":2,"profit_ratio":-0.0006466373821032575,"profit_abs":-0.01256919,"exit_reason":"custom_exit","initial_stop_loss_abs":68005.0,"initial_stop_loss_ratio":-0.3,"stop_loss_abs":68005.0,"stop_loss_ratio":-0.3,"min_rate":97144.0,"max_rate":97319.88,"is_open":false,"enter_tag":"","leverage":1.0,"is_short":false,"open_timestamp":1733059140000,"close_timestamp":1733059260000,"orders":[{"amount":0.0002,"safe_price":97150.0,"ft_order_side":"buy","order_filled_timestamp":1733059140000,"ft_is_entry":true,"ft_order_tag":"","cost":19.437772},{"amount":0.0002,"safe_price":97164.88,"ft_order_side":"sell","order_filled_timestamp":1733059260000,"ft_is_entry":false,"ft_order_tag":"custom_exit","cost":19.440749190400002}],"funding_fees":0.0},{"pair":"BTC/USDT","stake_amount":19.452002,"max_stake_amount":19.452002,"amount":0.0002,"open_date":"2024-12-01 13:22:00+00:00","close_date":"2024-12-01 13:22:00+00:00","open_rate":97260.01,"close_rate":97260.01,"fee_open":0.0004,"fee_close":0.0004,"trade_duration":0,"profit_ratio":-0.0007996800457279645,"profit_abs":-0.0155616,"exit_reason":"custom_exit","initial_stop_loss_abs":68082.01,"initial_stop_loss_ratio":-0.3,"stop_loss_abs":68082.01,"stop_loss_ratio":-0.3,"min_rate":97237.85,"max_rate":97297.04,"is_open":false,"enter_tag":"","leverage":1.0,"is_short":false,"open_timestamp":1733059320000,"close_timestamp":1733059320000,"orders":[{"amount":0.0002,"safe_price":97260.01,"ft_order_side":"buy","order_filled_timestamp":1733059320000,"ft_is_entry":true,"ft_order_tag":"","cost":19.4597828008},{"amount":0.0002,"safe_price":97260.01,"ft_order_side":"sell","order_filled_timestamp":1733059320000,"ft_is_entry":false,"ft_order_tag":"custom_exit","cost":19.4597828008}],"funding_fees":0.0},{"pair":"BTC/USDT","stake_amount":19.472002,"max_stake_amount":19.472002,"amount":0.0002,"open_date":"2024-12-01 13:24:00+00:00","close_date":"2024-12-01 15:40:00+00:00","open_rate":97360.01,"close_rate":97047.98,"fee_open":0.0004,"fee_close":0.0004,"trade_duration":136,"profit_ratio":-0.004002026551373353,"profit_abs":-0.07795864,"exit_reason":"exit_signal","initial_stop_loss_abs":68152.01,"initial_stop_loss_ratio":-0.3,"stop_loss_abs":68152.01,"stop_loss_ratio":-0.3,"min_rate":96968.25,"max_rate":97360.01,"is_open":false,"enter_tag":"","leverage":1.0,"is_short":false,"open_timestamp":1733059440000,"close_timestamp":1733067600000,"orders":[{"amount":0.0002,"safe_price":97360.01,"ft_order_side":"buy","order_filled_timestamp":1733059440000,"ft_is_entry":true,"ft_order_tag":"","cost":19.4797908008},{"amount":0.0002,"safe_price":97047.98,"ft_order_side":"sell","order_filled_timestamp":1733067600000,"ft_is_entry":false,"ft_order_tag":"exit_signal","cost":19.4173598384}],"funding_fees":0.0},{"pair":"BTC/USDT","stake_amount":19.444604,"max_stake_amount":19.444604,"amount":0.0002,"open_date":"2024-12-01 16:52:00+00:00","close_date":"2024-12-01 16:54:00+00:00","open_rate":97223.02,"close_rate":97232.62,"fee_open":0.0004,"fee_close":0.0004,"trade_duration":2,"profit_ratio":-0.0007010169814185784,"profit_abs":-0.01363645,"exit_reason":"custom_exit","initial_stop_loss_abs":68056.12,"initial_stop_loss_ratio":-0.3,"stop_loss_abs":68056.12,"stop_loss_ratio":-0.3,"min_rate":97223.02,"max_rate":97259.18,"is_open":false,"enter_tag":"","leverage":1.0,"is_short":false,"open_timestamp":1733071920000,"close_timestamp":1733072040000,"orders":[{"amount":0.0002,"safe_price":97223.02,"ft_order_side":"buy","order_filled_timestamp":1733071920000,"ft_is_entry":true,"ft_order_tag":"","cost":19.4523818416},{"amount":0.0002,"safe_price":97232.62,"ft_order_side":"sell","order_filled_timestamp":1733072040000,"ft_is_entry":false,"ft_order_tag":"custom_exit","cost":19.4543026096}],"funding_fees":0.0},{"pair":"BTC/USDT","stake_amount":19.44,"max_stake_amount":19.44,"amount":0.0002,"open_date":"2024-12-01 16:56:00+00:00","close_date":"2024-12-01 17:01:00+00:00","open_rate":97200.0,"close_rate":97219.27,"fee_open":0.0004,"fee_close":0.0004,"trade_duration":5,"profit_ratio":-0.0006015875542787,"profit_abs":-0.01169954,"exit_reason":"custom_exit","initial_stop_loss_abs":68040.0,"initial_stop_loss_ratio":-0.3,"stop_loss_abs":68040.0,"stop_loss_ratio":-0.3,"min_rate":97092.09,"max_rate":97243.99,"is_open":false,"enter_tag":"","leverage":1.0,"is_short":false,"open_timestamp":1733072160000,"close_timestamp":1733072460000,"orders":[{"amount":0.0002,"safe_price":97200.0,"ft_order_side":"buy","order_filled_timestamp":1733072160000,"ft_is_entry":true,"ft_order_tag":"","cost":19.447776},{"amount":0.0002,"safe_price":97219.27,"ft_order_side":"sell","order_filled_timestamp":1733072460000,"ft_is_entry":false,"ft_order_tag":"custom_exit","cost":19.4516315416}],"funding_fees":0.0},{"pair":"BTC/USDT","stake_amount":19.468,"max_stake_amount":19.468,"amount":0.0002,"open_date":"2024-12-01 18:02:00+00:00","close_date":"2024-12-01 18:03:00+00:00","open_rate":97340.0,"close_rate":97366.0,"fee_open":0.0004,"fee_close":0.0004,"trade_duration":1,"profit_ratio":-0.0005327887336949338,"profit_abs":-0.01037648,"exit_reason":"custom_exit","initial_stop_loss_abs":68138.0,"initial_stop_loss_ratio":-0.3,"stop_loss_abs":68138.0,"stop_loss_ratio":-0.3,"min_rate":97339.99,"max_rate":97380.96,"is_open":false,"enter_tag":"","leverage":1.0,"is_short":false,"open_timestamp":1733076120000,"close_timestamp":1733076180000,"orders":[{"amount":0.0002,"safe_price":97340.0,"ft_order_side":"buy","order_filled_timestamp":1733076120000,"ft_is_entry":true,"ft_order_tag":"","cost":19.4757872},{"amount":0.0002,"safe_price":97366.0,"ft_order_side":"sell","order_filled_timestamp":1733076180000,"ft_is_entry":false,"ft_order_tag":"custom_exit","cost":19.480989280000003}],"funding_fees":0.0},{"pair":"BTC/USDT","stake_amount":19.471786,"max_stake_amount":19.471786,"amount":0.0002,"open_date":"2024-12-01 18:04:00+00:00","close_date":"2024-12-01 18:07:00+00:00","open_rate":97358.93,"close_rate":97375.55,"fee_open":0.0004,"fee_close":0.0004,"trade_duration":3,"profit_ratio":-0.0006291081904853314,"profit_abs":-0.01225476,"exit_reason":"custom_exit","initial_stop_loss_abs":68151.26,"initial_stop_loss_ratio":-0.3,"stop_loss_abs":68151.26,"stop_loss_ratio":-0.3,"min_rate":97332.0,"max_rate":97393.41,"is_open":false,"enter_tag":"","leverage":1.0,"is_short":false,"open_timestamp":1733076240000,"close_timestamp":1733076420000,"orders":[{"amount":0.0002,"safe_price":97358.93,"ft_order_side":"buy","order_filled_timestamp":1733076240000,"ft_is_entry":true,"ft_order_tag":"","cost":19.479574714399998},{"amount":0.0002,"safe_price":97375.55,"ft_order_side":"sell","order_filled_timestamp":1733076420000,"ft_is_entry":false,"ft_order_tag":"custom_exit","cost":19.482900044}],"funding_fees":0.0},{"pair":"BTC/USDT","stake_amount":19.48732,"max_stake_amount":19.48732,"amount":0.0002,"open_date":"2024-12-01 18:10:00+00:00","close_date":"2024-12-01 18:14:00+00:00","open_rate":97436.6,"close_rate":97453.73,"fee_open":0.0004,"fee_close":0.0004,"trade_duration":4,"profit_ratio":-0.0006240142745979713,"profit_abs":-0.01216523,"exit_reason":"custom_exit","initial_stop_loss_abs":68205.62,"initial_stop_loss_ratio":-0.3,"stop_loss_abs":68205.62,"stop_loss_ratio":-0.3,"min_rate":97394.35,"max_rate":97516.08,"is_open":false,"enter_tag":"","leverage":1.0,"is_short":false,"open_timestamp":1733076600000,"close_timestamp":1733076840000,"orders":[{"amount":0.0002,"safe_price":97436.6,"ft_order_side":"buy","order_filled_timestamp":1733076600000,"ft_is_entry":true,"ft_order_tag":"","cost":19.495114928},{"amount":0.0002,"safe_price":97453.73,"ft_order_side":"sell","order_filled_timestamp":1733076840000,"ft_is_entry":false,"ft_order_tag":"custom_exit","cost":19.4985422984}],"funding_fees":0.0},{"pair":"BTC/USDT","stake_amount":19.501586,"max_stake_amount":19.501586,"amount":0.0002,"open_date":"2024-12-01 18:15:00+00:00","close_date":"2024-12-01 18:56:00+00:00","open_rate":97507.93,"close_rate":97112.03,"fee_open":0.0004,"fee_close":0.0004,"trade_duration":41,"profit_ratio":-0.004856616036966146,"profit_abs":-0.0947496,"exit_reason":"exit_signal","initial_stop_loss_abs":68255.56,"initial_stop_loss_ratio":-0.3,"stop_loss_abs":68255.56,"stop_loss_ratio":-0.3,"min_rate":97095.23,"max_rate":97523.41,"is_open":false,"enter_tag":"","leverage":1.0,"is_short":false,"open_timestamp":1733076900000,"close_timestamp":1733079360000,"orders":[{"amount":0.0002,"safe_price":97507.93,"ft_order_side":"buy","order_filled_timestamp":1733076900000,"ft_is_entry":true,"ft_order_tag":"","cost":19.5093866344},{"amount":0.0002,"safe_price":97112.03,"ft_order_side":"sell","order_filled_timestamp":1733079360000,"ft_is_entry":false,"ft_order_tag":"exit_signal","cost":19.430174962400002}],"funding_fees":0.0},{"pair":"BTC/USDT","stake_amount":19.47608,"max_stake_amount":19.47608,"amount":0.0002,"open_date":"2024-12-01 21:41:00+00:00","close_date":"2024-12-01 21:42:00+00:00","open_rate":97380.4,"close_rate":97400.0,"fee_open":0.0004,"fee_close":0.0004,"trade_duration":1,"profit_ratio":-0.000598568443610968,"profit_abs":-0.01166243,"exit_reason":"custom_exit","initial_stop_loss_abs":68166.28,"initial_stop_loss_ratio":-0.3,"stop_loss_abs":68166.28,"stop_loss_ratio":-0.3,"min_rate":97380.4,"max_rate":97432.0,"is_open":false,"enter_tag":"","leverage":1.0,"is_short":false,"open_timestamp":1733089260000,"close_timestamp":1733089320000,"orders":[{"amount":0.0002,"safe_price":97380.4,"ft_order_side":"buy","order_filled_timestamp":1733089260000,"ft_is_entry":true,"ft_order_tag":"","cost":19.483870432},{"amount":0.0002,"safe_price":97400.0,"ft_order_side":"sell","order_filled_timestamp":1733089320000,"ft_is_entry":false,"ft_order_tag":"custom_exit","cost":19.487792}],"funding_fees":0.0},{"pair":"BTC/USDT","stake_amount":19.48469,"max_stake_amount":19.48469,"amount":0.0002,"open_date":"2024-12-01 21:43:00+00:00","close_date":"2024-12-01 21:46:00+00:00","open_rate":97423.45,"close_rate":97454.04,"fee_open":0.0004,"fee_close":0.0004,"trade_duration":3,"profit_ratio":-0.00048594114840657055,"profit_abs":-0.0094722,"exit_reason":"custom_exit","initial_stop_loss_abs":68196.42,"initial_stop_loss_ratio":-0.3,"stop_loss_abs":68196.42,"stop_loss_ratio":-0.3,"min_rate":97423.44,"max_rate":97457.62,"is_open":false,"enter_tag":"","leverage":1.0,"is_short":false,"open_timestamp":1733089380000,"close_timestamp":1733089560000,"orders":[{"amount":0.0002,"safe_price":97423.45,"ft_order_side":"buy","order_filled_timestamp":1733089380000,"ft_is_entry":true,"ft_order_tag":"","cost":19.492483875999998},{"amount":0.0002,"safe_price":97454.04,"ft_order_side":"sell","order_filled_timestamp":1733089560000,"ft_is_entry":false,"ft_order_tag":"custom_exit","cost":19.498604323200002}],"funding_fees":0.0},{"pair":"BTC/USDT","stake_amount":19.519744,"max_stake_amount":19.519744,"amount":0.0002,"open_date":"2024-12-01 21:50:00+00:00","close_date":"2024-12-01 21:50:00+00:00","open_rate":97598.72,"close_rate":97598.72,"fee_open":0.0004,"fee_close":0.0004,"trade_duration":0,"profit_ratio":-0.0007996803737553623,"profit_abs":-0.0156158,"exit_reason":"custom_exit","initial_stop_loss_abs":68319.11,"initial_stop_loss_ratio":-0.3,"stop_loss_abs":68319.11,"stop_loss_ratio":-0.3,"min_rate":97589.2,"max_rate":97750.0,"is_open":false,"enter_tag":"","leverage":1.0,"is_short":false,"open_timestamp":1733089800000,"close_timestamp":1733089800000,"orders":[{"amount":0.0002,"safe_price":97598.72,"ft_order_side":"buy","order_filled_timestamp":1733089800000,"ft_is_entry":true,"ft_order_tag":"","cost":19.527551897600002},{"amount":0.0002,"safe_price":97598.72,"ft_order_side":"sell","order_filled_timestamp":1733089800000,"ft_is_entry":false,"ft_order_tag":"custom_exit","cost":19.527551897600002}],"funding_fees":0.0},{"pair":"BTC/USDT","stake_amount":19.543204,"max_stake_amount":19.543204,"amount":0.0002,"open_date":"2024-12-01 21:51:00+00:00","close_date":"2024-12-01 21:58:00+00:00","open_rate":97716.02,"close_rate":97734.4,"fee_open":0.0004,"fee_close":0.0004,"trade_duration":7,"profit_ratio":-0.0006117342837356486,"profit_abs":-0.01196003,"exit_reason":"custom_exit","initial_stop_loss_abs":68401.22,"initial_stop_loss_ratio":-0.3,"stop_loss_abs":68401.22,"stop_loss_ratio":-0.3,"min_rate":97623.33,"max_rate":97766.0,"is_open":false,"enter_tag":"","leverage":1.0,"is_short":false,"open_timestamp":1733089860000,"close_timestamp":1733090280000,"orders":[{"amount":0.0002,"safe_price":97716.02,"ft_order_side":"buy","order_filled_timestamp":1733089860000,"ft_is_entry":true,"ft_order_tag":"","cost":19.5510212816},{"amount":0.0002,"safe_price":97734.4,"ft_order_side":"sell","order_filled_timestamp":1733090280000,"ft_is_entry":false,"ft_order_tag":"custom_exit","cost":19.554698751999997}],"funding_fees":0.0},{"pair":"BTC/USDT","stake_amount":19.554496,"max_stake_amount":19.554496,"amount":0.0002,"open_date":"2024-12-01 22:01:00+00:00","close_date":"2024-12-01 22:04:00+00:00","open_rate":97772.48,"close_rate":97799.99,"fee_open":0.0004,"fee_close":0.0004,"trade_duration":3,"profit_ratio":-0.0005185377369152882,"profit_abs":-0.0101438,"exit_reason":"custom_exit","initial_stop_loss_abs":68440.74,"initial_stop_loss_ratio":-0.3,"stop_loss_abs":68440.74,"stop_loss_ratio":-0.3,"min_rate":97692.56,"max_rate":97814.7,"is_open":false,"enter_tag":"","leverage":1.0,"is_short":false,"open_timestamp":1733090460000,"close_timestamp":1733090640000,"orders":[{"amount":0.0002,"safe_price":97772.48,"ft_order_side":"buy","order_filled_timestamp":1733090460000,"ft_is_entry":true,"ft_order_tag":"","cost":19.5623177984},{"amount":0.0002,"safe_price":97799.99,"ft_order_side":"sell","order_filled_timestamp":1733090640000,"ft_is_entry":false,"ft_order_tag":"custom_exit","cost":19.5678219992}],"funding_fees":0.0},{"pair":"BTC/USDT","stake_amount":19.494402,"max_stake_amount":19.494402,"amount":0.0002,"open_date":"2024-12-01 22:24:00+00:00","close_date":"2024-12-01 22:32:00+00:00","open_rate":97472.01,"close_rate":97440.0,"fee_open":0.0004,"fee_close":0.0004,"trade_duration":8,"profit_ratio":-0.0011278194393337373,"profit_abs":-0.02199496,"exit_reason":"custom_exit","initial_stop_loss_abs":68230.41,"initial_stop_loss_ratio":-0.3,"stop_loss_abs":68230.41,"stop_loss_ratio":-0.3,"min_rate":97385.25,"max_rate":97579.99,"is_open":false,"enter_tag":"","leverage":1.0,"is_short":false,"open_timestamp":1733091840000,"close_timestamp":1733092320000,"orders":[{"amount":0.0002,"safe_price":97472.01,"ft_order_side":"buy","order_filled_timestamp":1733091840000,"ft_is_entry":true,"ft_order_tag":"","cost":19.5021997608},{"amount":0.0002,"safe_price":97440.0,"ft_order_side":"sell","order_filled_timestamp":1733092320000,"ft_is_entry":false,"ft_order_tag":"custom_exit","cost":19.4957952}],"funding_fees":0.0},{"pair":"BTC/USDT","stake_amount":19.483234,"max_stake_amount":19.483234,"amount":0.0002,"open_date":"2024-12-01 22:35:00+00:00","close_date":"2024-12-01 22:35:00+00:00","open_rate":97416.17,"close_rate":97416.17,"fee_open":0.0004,"fee_close":0.0004,"trade_duration":0,"profit_ratio":-0.0007996802716046658,"profit_abs":-0.01558659,"exit_reason":"custom_exit","initial_stop_loss_abs":68191.32,"initial_stop_loss_ratio":-0.3,"stop_loss_abs":68191.32,"stop_loss_ratio":-0.3,"min_rate":97409.66,"max_rate":97559.8,"is_open":false,"enter_tag":"","leverage":1.0,"is_short":false,"open_timestamp":1733092500000,"close_timestamp":1733092500000,"orders":[{"amount":0.0002,"safe_price":97416.17,"ft_order_side":"buy","order_filled_timestamp":1733092500000,"ft_is_entry":true,"ft_order_tag":"","cost":19.4910272936},{"amount":0.0002,"safe_price":97416.17,"ft_order_side":"sell","order_filled_timestamp":1733092500000,"ft_is_entry":false,"ft_order_tag":"custom_exit","cost":19.4910272936}],"funding_fees":0.0},{"pair":"BTC/USDT","stake_amount":19.512742,"max_stake_amount":19.512742,"amount":0.0002,"open_date":"2024-12-01 23:01:00+00:00","close_date":"2024-12-01 23:03:00+00:00","open_rate":97563.71,"close_rate":97600.0,"fee_open":0.0004,"fee_close":0.0004,"trade_duration":2,"profit_ratio":-0.00042801566772529906,"profit_abs":-0.0083551,"exit_reason":"custom_exit","initial_stop_loss_abs":68294.6,"initial_stop_loss_ratio":-0.3,"stop_loss_abs":68294.6,"stop_loss_ratio":-0.3,"min_rate":97528.0,"max_rate":97763.9,"is_open":false,"enter_tag":"","leverage":1.0,"is_short":false,"open_timestamp":1733094060000,"close_timestamp":1733094180000,"orders":[{"amount":0.0002,"safe_price":97563.71,"ft_order_side":"buy","order_filled_timestamp":1733094060000,"ft_is_entry":true,"ft_order_tag":"","cost":19.5205470968},{"amount":0.0002,"safe_price":97600.0,"ft_order_side":"sell","order_filled_timestamp":1733094180000,"ft_is_entry":false,"ft_order_tag":"custom_exit","cost":19.527808}],"funding_fees":0.0},{"pair":"BTC/USDT","stake_amount":19.551504,"max_stake_amount":19.551504,"amount":0.0002,"open_date":"2024-12-01 23:04:00+00:00","close_date":"2024-12-01 23:47:00+00:00","open_rate":97757.52,"close_rate":97360.22,"fee_open":0.0004,"fee_close":0.0004,"trade_duration":43,"profit_ratio":-0.004860567628813885,"profit_abs":-0.09506942,"exit_reason":"exit_signal","initial_stop_loss_abs":68430.27,"initial_stop_loss_ratio":-0.3,"stop_loss_abs":68430.27,"stop_loss_ratio":-0.3,"min_rate":97320.7,"max_rate":97771.04,"is_open":false,"enter_tag":"","leverage":1.0,"is_short":false,"open_timestamp":1733094240000,"close_timestamp":1733096820000,"orders":[{"amount":0.0002,"safe_price":97757.52,"ft_order_side":"buy","order_filled_timestamp":1733094240000,"ft_is_entry":true,"ft_order_tag":"","cost":19.5593246016},{"amount":0.0002,"safe_price":97360.22,"ft_order_side":"sell","order_filled_timestamp":1733096820000,"ft_is_entry":false,"ft_order_tag":"exit_signal","cost":19.4798328176}],"funding_fees":0.0}],"locks":[],"best_pair":{"key":"BTC/USDT","trades":26,"profit_mean":-0.0011881800729113179,"profit_mean_pct":-0.12,"profit_sum":-0.030892681895694267,"profit_sum_pct":-3.09,"profit_total_abs":-0.60193097,"profit_total":-0.00060193097,"profit_total_pct":-0.06,"duration_avg":"0:13:00","wins":0,"draws":0,"losses":26,"winrate":0.0,"cagr":-0.19729736739241532,"expectancy":-0.023151191153846153,"expectancy_ratio":-1.0,"sortino":-452.8823465102096,"sharpe":-452.8823465102096,"calmar":-1910.4973174542413,"sqn":-4.5586,"profit_factor":0.0,"max_drawdown_account":0.0006019309700000121,"max_drawdown_abs":0.60193097},"worst_pair":{"key":"BTC/USDT","trades":26,"profit_mean":-0.0011881800729113179,"profit_mean_pct":-0.12,"profit_sum":-0.030892681895694267,"profit_sum_pct":-3.09,"profit_total_abs":-0.60193097,"profit_total":-0.00060193097,"profit_total_pct":-0.06,"duration_avg":"0:13:00","wins":0,"draws":0,"losses":26,"winrate":0.0,"cagr":-0.19729736739241532,"expectancy":-0.023151191153846153,"expectancy_ratio":-1.0,"sortino":-452.8823465102096,"sharpe":-452.8823465102096,"calmar":-1910.4973174542413,"sqn":-4.5586,"profit_factor":0.0,"max_drawdown_account":0.0006019309700000121,"max_drawdown_abs":0.60193097},"results_per_pair":[{"key":"BTC/USDT","trades":26,"profit_mean":-0.0011881800729113179,"profit_mean_pct":-0.12,"profit_sum":-0.030892681895694267,"profit_sum_pct":-3.09,"profit_total_abs":-0.60193097,"profit_total":-0.00060193097,"profit_total_pct":-0.06,"duration_avg":"0:13:00","wins":0,"draws":0,"losses":26,"winrate":0.0,"cagr":-0.19729736739241532,"expectancy":-0.023151191153846153,"expectancy_ratio":-1.0,"sortino":-452.8823465102096,"sharpe":-452.8823465102096,"calmar":-1910.4973174542413,"sqn":-4.5586,"profit_factor":0.0,"max_drawdown_account":0.0006019309700000121,"max_drawdown_abs":0.60193097},{"key":"TOTAL","trades":26,"profit_mean":-0.0011881800729113179,"profit_mean_pct":-0.12,"profit_sum":-0.030892681895694267,"profit_sum_pct":-3.09,"profit_total_abs":-0.60193097,"profit_total":-0.00060193097,"profit_total_pct":-0.06,"duration_avg":"0:13:00","wins":0,"draws":0,"losses":26,"winrate":0.0,"cagr":-0.19729736739241532,"expectancy":-0.023151191153846153,"expectancy_ratio":-1.0,"sortino":-452.8823465102096,"sharpe":-452.8823465102096,"calmar":-1910.4973174542413,"sqn":-4.5586,"profit_factor":0.0,"max_drawdown_account":0.0006019309700000121,"max_drawdown_abs":0.60193097}],"results_per_enter_tag":[{"key":"","trades":26,"profit_mean":-0.0011881800729113179,"profit_mean_pct":-0.12,"profit_sum":-0.030892681895694267,"profit_sum_pct":-3.09,"profit_total_abs":-0.60193097,"profit_total":-0.00060193097,"profit_total_pct":-0.06,"duration_avg":"0:13:00","wins":0,"draws":0,"losses":26,"winrate":0.0,"cagr":-0.19729736739241532,"expectancy":-0.023151191153846153,"expectancy_ratio":-1.0,"sortino":-452.8823465102096,"sharpe":-452.8823465102096,"calmar":-1910.4973174542413,"sqn":-4.5586,"profit_factor":0.0,"max_drawdown_account":0.0006019309700000121,"max_drawdown_abs":0.60193097},{"key":"TOTAL","trades":26,"profit_mean":-0.0011881800729113179,"profit_mean_pct":-0.12,"profit_sum":-0.030892681895694267,"profit_sum_pct":-3.09,"profit_total_abs":-0.60193097,"profit_total":-0.00060193097,"profit_total_pct":-0.06,"duration_avg":"0:13:00","wins":0,"draws":0,"losses":26,"winrate":0.0,"cagr":-0.19729736739241532,"expectancy":-0.023151191153846153,"expectancy_ratio":-1.0,"sortino":-452.8823465102096,"sharpe":-452.8823465102096,"calmar":-1910.4973174542413,"sqn":-4.5586,"profit_factor":0.0,"max_drawdown_account":0.0006019309700000121,"max_drawdown_abs":0.60193097}],"exit_reason_summary":[{"key":"custom_exit","trades":22,"profit_mean":-0.0006560653556015594,"profit_mean_pct":-0.07,"profit_sum":-0.014433437823234307,"profit_sum_pct":-1.44,"profit_total_abs":-0.28091468,"profit_total":-0.00028091468000000005,"profit_total_pct":-0.03,"duration_avg":"0:03:00","wins":0,"draws":0,"losses":22,"winrate":0.0,"cagr":-0.09746540990152908,"expectancy":-0.012768849090909092,"expectancy_ratio":-1.0,"sortino":-1849.196576020848,"sharpe":-1849.196576020848,"calmar":-1910.4973174541203,"sqn":-20.1615,"profit_factor":0.0,"max_drawdown_account":0.0002809146800000235,"max_drawdown_abs":0.28091468},{"key":"exit_signal","trades":4,"profit_mean":-0.00411481101811499,"profit_mean_pct":-0.41,"profit_sum":-0.01645924407245996,"profit_sum_pct":-1.65,"profit_total_abs":-0.32101629000000004,"profit_total":-0.00032101629,"profit_total_pct":-0.03,"duration_avg":"1:06:00","wins":0,"draws":0,"losses":4,"winrate":0.0,"cagr":-0.11058359563192299,"expectancy":-0.08025407250000001,"expectancy_ratio":-1.0,"sortino":-359.41244320045143,"sharpe":-359.41244320045143,"calmar":-1910.4973174543472,"sqn":-8.1461,"profit_factor":0.0,"max_drawdown_account":0.0003210162899999887,"max_drawdown_abs":0.32101629000000004},{"key":"TOTAL","trades":26,"profit_mean":-0.0011881800729113179,"profit_mean_pct":-0.12,"profit_sum":-0.030892681895694267,"profit_sum_pct":-3.09,"profit_total_abs":-0.60193097,"profit_total":-0.00060193097,"profit_total_pct":-0.06,"duration_avg":"0:13:00","wins":0,"draws":0,"losses":26,"winrate":0.0,"cagr":-0.19729736739241532,"expectancy":-0.023151191153846153,"expectancy_ratio":-1.0,"sortino":-452.8823465102096,"sharpe":-452.8823465102096,"calmar":-1910.4973174542413,"sqn":-4.5586,"profit_factor":0.0,"max_drawdown_account":0.0006019309700000121,"max_drawdown_abs":0.60193097}],"mix_tag_stats":[{"key":["","custom_exit"],"trades":22,"profit_mean":-0.0006560653556015594,"profit_mean_pct":-0.07,"profit_sum":-0.014433437823234307,"profit_sum_pct":-1.44,"profit_total_abs":-0.28091468,"profit_total":-0.00028091468000000005,"profit_total_pct":-0.03,"duration_avg":"0:03:00","wins":0,"draws":0,"losses":22,"winrate":0.0,"cagr":-0.09746540990152908,"expectancy":-0.012768849090909092,"expectancy_ratio":-1.0,"sortino":-1849.196576020848,"sharpe":-1849.196576020848,"calmar":-1910.4973174541203,"sqn":-20.1615,"profit_factor":0.0,"max_drawdown_account":0.0002809146800000235,"max_drawdown_abs":0.28091468},{"key":["","exit_signal"],"trades":4,"profit_mean":-0.00411481101811499,"profit_mean_pct":-0.41,"profit_sum":-0.01645924407245996,"profit_sum_pct":-1.65,"profit_total_abs":-0.32101629000000004,"profit_total":-0.00032101629,"profit_total_pct":-0.03,"duration_avg":"1:06:00","wins":0,"draws":0,"losses":4,"winrate":0.0,"cagr":-0.11058359563192299,"expectancy":-0.08025407250000001,"expectancy_ratio":-1.0,"sortino":-359.41244320045143,"sharpe":-359.41244320045143,"calmar":-1910.4973174543472,"sqn":-8.1461,"profit_factor":0.0,"max_drawdown_account":0.0003210162899999887,"max_drawdown_abs":0.32101629000000004},{"key":"TOTAL","trades":26,"profit_mean":-0.0011881800729113179,"profit_mean_pct":-0.12,"profit_sum":-0.030892681895694267,"profit_sum_pct":-3.09,"profit_total_abs":-0.60193097,"profit_total":-0.00060193097,"profit_total_pct":-0.06,"duration_avg":"0:13:00","wins":0,"draws":0,"losses":26,"winrate":0.0,"cagr":-0.19729736739241532,"expectancy":-0.023151191153846153,"expectancy_ratio":-1.0,"sortino":-452.8823465102096,"sharpe":-452.8823465102096,"calmar":-1910.4973174542413,"sqn":-4.5586,"profit_factor":0.0,"max_drawdown_account":0.0006019309700000121,"max_drawdown_abs":0.60193097}],"left_open_trades":[{"key":"TOTAL","trades":0,"profit_mean":0.0,"profit_mean_pct":0.0,"profit_sum":0.0,"profit_sum_pct":0.0,"profit_total_abs":0.0,"profit_total":0.0,"profit_total_pct":0.0,"duration_avg":"0:00","wins":0,"draws":0,"losses":0,"winrate":0.0,"cagr":0.0,"expectancy":0.0,"expectancy_ratio":100.0,"sortino":0,"sharpe":0,"calmar":0,"sqn":0.0,"profit_factor":0.0,"max_drawdown_account":0.0,"max_drawdown_abs":0.0}],"total_trades":26,"trade_count_long":26,"trade_count_short":0,"total_volume":1012.1220709536,"avg_stake_amount":19.45989669230769,"profit_mean":-0.0011881800729113179,"profit_median":-0.0006378727862942945,"profit_total":-0.00060193097,"profit_total_long":-0.00060193097,"profit_total_short":0.0,"profit_total_abs":-0.60193097,"profit_total_long_abs":-0.60193097,"profit_total_short_abs":0.0,"cagr":-0.19729736739241532,"expectancy":-0.023151191153846153,"expectancy_ratio":-1.0,"sortino":-452.8823465102096,"sharpe":-452.8823465102096,"calmar":-1910.4973174542413,"sqn":-4.5586,"profit_factor":0.0,"backtest_start":"2024-12-01 00:00:00","backtest_start_ts":1733011200000,"backtest_end":"2024-12-02 00:00:00","backtest_end_ts":1733097600000,"backtest_days":1,"backtest_run_start_ts":1752170458,"backtest_run_end_ts":1752170458,"trades_per_day":26.0,"market_change":0.00873547356188262,"pairlist":["BTC/USDT"],"stake_amount":20,"stake_currency":"USDT","stake_currency_decimals":3,"starting_balance":1000,"dry_run_wallet":1000,"final_balance":999.39806903,"rejected_signals":0,"timedout_entry_orders":0,"timedout_exit_orders":0,"canceled_trade_entries":0,"canceled_entry_orders":0,"replaced_entry_orders":0,"max_open_trades":1,"max_open_trades_setting":5,"timeframe":"1m","timeframe_detail":"","timerange":"20241201-20241202","enable_protections":false,"strategy_name":"MultiHorizonMomentum","stoploss":-0.3,"trailing_stop":false,"trailing_stop_positive":null,"trailing_stop_positive_offset":0.0,"trailing_only_offset_is_reached":false,"use_custom_stoploss":false,"minimal_roi":{},"use_exit_signal":true,"exit_profit_only":false,"exit_profit_offset":0.0,"ignore_roi_if_entry_signal":false,"trading_mode":"spot","margin_mode":"","periodic_breakdown":{"day":[{"date":"01/12/2024","date_ts":1733011200000,"profit_abs":-0.60193097,"wins":0,"draws":0,"losses":26,"trades":26,"profit_factor":0.0}],"week":[{"date":"02/12/2024","date_ts":1733097600000,"profit_abs":-0.60193097,"wins":0,"draws":0,"losses":26,"trades":26,"profit_factor":0.0}],"month":[{"date":"31/12/2024","date_ts":1735603200000,"profit_abs":-0.60193097,"wins":0,"draws":0,"losses":26,"trades":26,"profit_factor":0.0}],"year":[{"date":"31/12/2024","date_ts":1735603200000,"profit_abs":-0.60193097,"wins":0,"draws":0,"losses":26,"trades":26,"profit_factor":0.0}]},"backtest_best_day":-0.030892681895694267,"backtest_worst_day":-0.030892681895694267,"backtest_best_day_abs":-0.60193097,"backtest_worst_day_abs":-0.60193097,"winning_days":0,"draw_days":0,"losing_days":1,"daily_profit":[["2024-12-01",-0.60193097]],"wins":0,"losses":26,"draws":0,"winrate":0.0,"holding_avg":"0:13:00","holding_avg_s":780.0,"winner_holding_min":"0d 00:00","winner_holding_min_s":0.0,"winner_holding_max":"0d 00:00","winner_holding_max_s":0.0,"winner_holding_avg":"0d 00:00","winner_holding_avg_s":0.0,"loser_holding_min":"0d 00:00","loser_holding_min_s":0.0,"loser_holding_max":"0d 02:16","loser_holding_max_s":8160.0,"loser_holding_avg":"0d 00:13","loser_holding_avg_s":780.0,"max_consecutive_wins":0,"max_consecutive_losses":26,"max_drawdown_account":0.0006019309700000121,"max_relative_drawdown":0.0006019309700000121,"max_drawdown_abs":0.60193097,"drawdown_start":"2024-12-01 09:54:00","drawdown_start_ts":1733046840000.0,"drawdown_end":"2024-12-01 23:47:00","drawdown_end_ts":1733096820000.0,"max_drawdown_low":-0.60193097,"max_drawdown_high":-0.0126517,"csum_min":999.39806903,"csum_max":999.9873483}},"strategy_comparison":[{"key":"MultiHorizonMomentum","trades":26,"profit_mean":-0.0011881800729113179,"profit_mean_pct":-0.12,"profit_sum":-0.030892681895694267,"profit_sum_pct":-3.09,"profit_total_abs":-0.60193097,"profit_total":-0.00060193097,"profit_total_pct":-0.06,"duration_avg":"0:13:00","wins":0,"draws":0,"losses":26,"winrate":0.0,"cagr":-0.19729736739241532,"expectancy":-0.023151191153846153,"expectancy_ratio":-1.0,"sortino":-452.8823465102096,"sharpe":-452.8823465102096,"calmar":-1910.4973174542413,"sqn":-4.5586,"profit_factor":0.0,"max_drawdown_account":0.0006019309700000121,"max_drawdown_abs":"0.602"}]}