{"strategy":{"MultiHorizonMomentum":{"trades":[{"pair":"BTC/USDT","stake_amount":19.8853824,"max_stake_amount":19.8853824,"amount":0.00032,"open_date":"2024-10-06 09:48:00+00:00","close_date":"2024-10-06 12:07:00+00:00","open_rate":62141.82,"close_rate":62134.85,"fee_open":0.0002,"fee_close":0.0002,"trade_duration":139,"profit_ratio":-0.0005120381082177703,"profit_abs":-0.01018411,"exit_reason":"custom_exit","initial_stop_loss_abs":43499.28,"initial_stop_loss_ratio":-0.3,"stop_loss_abs":43499.28,"stop_loss_ratio":-0.3,"min_rate":62006.55,"max_rate":62174.76,"is_open":false,"enter_tag":"","leverage":1.0,"is_short":false,"open_timestamp":1728208080000,"close_timestamp":1728216420000,"orders":[{"amount":0.00032,"safe_price":62141.82,"ft_order_side":"buy","order_filled_timestamp":1728208080000,"ft_is_entry":true,"ft_order_tag":"","cost":19.88935947648},{"amount":0.00032,"safe_price":62134.85,"ft_order_side":"sell","order_filled_timestamp":1728216420000,"ft_is_entry":false,"ft_order_tag":"custom_exit","cost":19.887128630400003}],"funding_fees":0.0},{"pair":"BTC/USDT","stake_amount":19.422523,"max_stake_amount":19.422523,"amount":0.00031,"open_date":"2024-10-06 14:48:00+00:00","close_date":"2024-10-06 14:55:00+00:00","open_rate":62653.3,"close_rate":62642.15,"fee_open":0.0002,"fee_close":0.0002,"trade_duration":7,"profit_ratio":-0.0005778124440837588,"profit_abs":-0.01122482,"exit_reason":"custom_exit","initial_stop_loss_abs":43857.31,"initial_stop_loss_ratio":-0.3,"stop_loss_abs":43857.31,"stop_loss_ratio":-0.3,"min_rate":62594.97,"max_rate":62739.58,"is_open":false,"enter_tag":"","leverage":1.0,"is_short":false,"open_timestamp":1728226080000,"close_timestamp":1728226500000,"orders":[{"amount":0.00031,"safe_price":62653.3,"ft_order_side":"buy","order_filled_timestamp":1728226080000,"ft_is_entry":true,"ft_order_tag":"","cost":19.4264075046},{"amount":0.00031,"safe_price":62642.15,"ft_order_side":"sell","order_filled_timestamp":1728226500000,"ft_is_entry":false,"ft_order_tag":"custom_exit","cost":19.4229503133}],"funding_fees":0.0},{"pair":"BTC/USDT","stake_amount":19.4838968,"max_stake_amount":19.4838968,"amount":0.00031,"open_date":"2024-10-12 10:03:00+00:00","close_date":"2024-10-12 10:10:00+00:00","open_rate":62851.28,"close_rate":62850.0,"fee_open":0.0002,"fee_close":0.0002,"trade_duration":7,"profit_ratio":-0.00042027744016513626,"profit_abs":-0.00819028,"exit_reason":"custom_exit","initial_stop_loss_abs":43995.9,"initial_stop_loss_ratio":-0.3,"stop_loss_abs":43995.9,"stop_loss_ratio":-0.3,"min_rate":62815.03,"max_rate":62890.48,"is_open":false,"enter_tag":"","leverage":1.0,"is_short":false,"open_timestamp":1728727380000,"close_timestamp":1728727800000,"orders":[{"amount":0.00031,"safe_price":62851.28,"ft_order_side":"buy","order_filled_timestamp":1728727380000,"ft_is_entry":true,"ft_order_tag":"","cost":19.487793579359998},{"amount":0.00031,"safe_price":62850.0,"ft_order_side":"sell","order_filled_timestamp":1728727800000,"ft_is_entry":false,"ft_order_tag":"custom_exit","cost":19.487396699999998}],"funding_fees":0.0},{"pair":"BTC/USDT","stake_amount":19.7005031,"max_stake_amount":19.7005031,"amount":0.00031,"open_date":"2024-10-14 03:35:00+00:00","close_date":"2024-10-14 03:35:00+00:00","open_rate":63550.01,"close_rate":63550.01,"fee_open":0.0002,"fee_close":0.0002,"trade_duration":0,"profit_ratio":-0.00039991995306683166,"profit_abs":-0.0078802,"exit_reason":"custom_exit","initial_stop_loss_abs":44485.01,"initial_stop_loss_ratio":-0.3,"stop_loss_abs":44485.01,"stop_loss_ratio":-0.3,"min_rate":63530.0,"max_rate":63688.98,"is_open":false,"enter_tag":"","leverage":1.0,"is_short":false,"open_timestamp":1728876900000,"close_timestamp":1728876900000,"orders":[{"amount":0.00031,"safe_price":63550.01,"ft_order_side":"buy","order_filled_timestamp":1728876900000,"ft_is_entry":true,"ft_order_tag":"","cost":19.704443200620002},{"amount":0.00031,"safe_price":63550.01,"ft_order_side":"sell","order_filled_timestamp":1728876900000,"ft_is_entry":false,"ft_order_tag":"custom_exit","cost":19.704443200620002}],"funding_fees":0.0},{"pair":"BTC/USDT","stake_amount":19.7184738,"max_stake_amount":19.7184738,"amount":0.00031,"open_date":"2024-10-14 03:36:00+00:00","close_date":"2024-10-14 03:36:00+00:00","open_rate":63607.98,"close_rate":63607.98,"fee_open":0.0002,"fee_close":0.0002,"trade_duration":0,"profit_ratio":-0.00039992004033458784,"profit_abs":-0.00788739,"exit_reason":"custom_exit","initial_stop_loss_abs":44525.59,"initial_stop_loss_ratio":-0.3,"stop_loss_abs":44525.59,"stop_loss_ratio":-0.3,"min_rate":63607.98,"max_rate":63694.19,"is_open":false,"enter_tag":"","leverage":1.0,"is_short":false,"open_timestamp":1728876960000,"close_timestamp":1728876960000,"orders":[{"amount":0.00031,"safe_price":63607.98,"ft_order_side":"buy","order_filled_timestamp":1728876960000,"ft_is_entry":true,"ft_order_tag":"","cost":19.722417494760002},{"amount":0.00031,"safe_price":63607.98,"ft_order_side":"sell","order_filled_timestamp":1728876960000,"ft_is_entry":false,"ft_order_tag":"custom_exit","cost":19.722417494760002}],"funding_fees":0.0},{"pair":"BTC/USDT","stake_amount":19.7725719,"max_stake_amount":19.7725719,"amount":0.00031,"open_date":"2024-10-14 03:38:00+00:00","close_date":"2024-10-14 03:38:00+00:00","open_rate":63782.49,"close_rate":63782.49,"fee_open":0.0002,"fee_close":0.0002,"trade_duration":0,"profit_ratio":-0.0003999200786973969,"profit_abs":-0.00790903,"exit_reason":"custom_exit","initial_stop_loss_abs":44647.75,"initial_stop_loss_ratio":-0.3,"stop_loss_abs":44647.75,"stop_loss_ratio":-0.3,"min_rate":63782.49,"max_rate":63868.32,"is_open":false,"enter_tag":"","leverage":1.0,"is_short":false,"open_timestamp":1728877080000,"close_timestamp":1728877080000,"orders":[{"amount":0.00031,"safe_price":63782.49,"ft_order_side":"buy","order_filled_timestamp":1728877080000,"ft_is_entry":true,"ft_order_tag":"","cost":19.776526414379997},{"amount":0.00031,"safe_price":63782.49,"ft_order_side":"sell","order_filled_timestamp":1728877080000,"ft_is_entry":false,"ft_order_tag":"custom_exit","cost":19.776526414379997}],"funding_fees":0.0},{"pair":"BTC/USDT","stake_amount":19.78482,"max_stake_amount":19.78482,"amount":0.00031,"open_date":"2024-10-14 03:39:00+00:00","close_date":"2024-10-14 03:40:00+00:00","open_rate":63822.0,"close_rate":63842.0,"fee_open":0.0002,"fee_close":0.0002,"trade_duration":1,"profit_ratio":-8.667387596111976e-05,"profit_abs":-0.00171517,"exit_reason":"custom_exit","initial_stop_loss_abs":44675.4,"initial_stop_loss_ratio":-0.3,"stop_loss_abs":44675.4,"stop_loss_ratio":-0.3,"min_rate":63757.53,"max_rate":63888.0,"is_open":false,"enter_tag":"","leverage":1.0,"is_short":false,"open_timestamp":1728877140000,"close_timestamp":1728877200000,"orders":[{"amount":0.00031,"safe_price":63822.0,"ft_order_side":"buy","order_filled_timestamp":1728877140000,"ft_is_entry":true,"ft_order_tag":"","cost":19.788776964},{"amount":0.00031,"safe_price":63842.0,"ft_order_side":"sell","order_filled_timestamp":1728877200000,"ft_is_entry":false,"ft_order_tag":"custom_exit","cost":19.794978204}],"funding_fees":0.0},{"pair":"BTC/USDT","stake_amount":19.79102,"max_stake_amount":19.79102,"amount":0.00031,"open_date":"2024-10-14 03:41:00+00:00","close_date":"2024-10-14 03:41:00+00:00","open_rate":63842.0,"close_rate":63842.0,"fee_open":0.0002,"fee_close":0.0002,"trade_duration":0,"profit_ratio":-0.00039992011703252696,"profit_abs":-0.00791641,"exit_reason":"custom_exit","initial_stop_loss_abs":44689.4,"initial_stop_loss_ratio":-0.3,"stop_loss_abs":44689.4,"stop_loss_ratio":-0.3,"min_rate":63831.53,"max_rate":63948.0,"is_open":false,"enter_tag":"","leverage":1.0,"is_short":false,"open_timestamp":1728877260000,"close_timestamp":1728877260000,"orders":[{"amount":0.00031,"safe_price":63842.0,"ft_order_side":"buy","order_filled_timestamp":1728877260000,"ft_is_entry":true,"ft_order_tag":"","cost":19.794978204},{"amount":0.00031,"safe_price":63842.0,"ft_order_side":"sell","order_filled_timestamp":1728877260000,"ft_is_entry":false,"ft_order_tag":"custom_exit","cost":19.794978204}],"funding_fees":0.0},{"pair":"BTC/USDT","stake_amount":19.8199337,"max_stake_amount":19.8199337,"amount":0.00031,"open_date":"2024-10-14 03:42:00+00:00","close_date":"2024-10-14 03:42:00+00:00","open_rate":63935.27,"close_rate":63935.27,"fee_open":0.0002,"fee_close":0.0002,"trade_duration":0,"profit_ratio":-0.0003999198404511004,"profit_abs":-0.00792797,"exit_reason":"custom_exit","initial_stop_loss_abs":44754.69,"initial_stop_loss_ratio":-0.3,"stop_loss_abs":44754.69,"stop_loss_ratio":-0.3,"min_rate":63899.99,"max_rate":64000.0,"is_open":false,"enter_tag":"","leverage":1.0,"is_short":false,"open_timestamp":1728877320000,"close_timestamp":1728877320000,"orders":[{"amount":0.00031,"safe_price":63935.27,"ft_order_side":"buy","order_filled_timestamp":1728877320000,"ft_is_entry":true,"ft_order_tag":"","cost":19.82389768674},{"amount":0.00031,"safe_price":63935.27,"ft_order_side":"sell","order_filled_timestamp":1728877320000,"ft_is_entry":false,"ft_order_tag":"custom_exit","cost":19.82389768674}],"funding_fees":0.0},{"pair":"BTC/USDT","stake_amount":19.84,"max_stake_amount":19.84,"amount":0.00031,"open_date":"2024-10-14 03:43:00+00:00","close_date":"2024-10-14 03:43:00+00:00","open_rate":64000.0,"close_rate":64000.0,"fee_open":0.0002,"fee_close":0.0002,"trade_duration":0,"profit_ratio":-0.0003999200159968007,"profit_abs":-0.007936,"exit_reason":"custom_exit","initial_stop_loss_abs":44800.0,"initial_stop_loss_ratio":-0.3,"stop_loss_abs":44800.0,"stop_loss_ratio":-0.3,"min_rate":63999.99,"max_rate":64133.71,"is_open":false,"enter_tag":"","leverage":1.0,"is_short":false,"open_timestamp":1728877380000,"close_timestamp":1728877380000,"orders":[{"amount":0.00031,"safe_price":64000.0,"ft_order_side":"buy","order_filled_timestamp":1728877380000,"ft_is_entry":true,"ft_order_tag":"","cost":19.843968},{"amount":0.00031,"safe_price":64000.0,"ft_order_side":"sell","order_filled_timestamp":1728877380000,"ft_is_entry":false,"ft_order_tag":"custom_exit","cost":19.843968}],"funding_fees":0.0},{"pair":"BTC/USDT","stake_amount":19.458,"max_stake_amount":19.458,"amount":0.0003,"open_date":"2024-10-14 08:02:00+00:00","close_date":"2024-10-14 10:21:00+00:00","open_rate":64860.0,"close_rate":64901.01,"fee_open":0.0002,"fee_close":0.0002,"trade_duration":139,"profit_ratio":0.00023211207280591367,"profit_abs":0.00451734,"exit_reason":"custom_exit","initial_stop_loss_abs":45402.0,"initial_stop_loss_ratio":-0.3,"stop_loss_abs":45402.0,"stop_loss_ratio":-0.3,"min_rate":64340.98,"max_rate":64951.34,"is_open":false,"enter_tag":"","leverage":1.0,"is_short":false,"open_timestamp":1728892920000,"close_timestamp":1728901260000,"orders":[{"amount":0.0003,"safe_price":64860.0,"ft_order_side":"buy","order_filled_timestamp":1728892920000,"ft_is_entry":true,"ft_order_tag":"","cost":19.461891599999998},{"amount":0.0003,"safe_price":64901.01,"ft_order_side":"sell","order_filled_timestamp":1728901260000,"ft_is_entry":false,"ft_order_tag":"custom_exit","cost":19.474197060599998}],"funding_fees":0.0},{"pair":"BTC/USDT","stake_amount":19.81545,"max_stake_amount":19.81545,"amount":0.0003,"open_date":"2024-10-14 14:30:00+00:00","close_date":"2024-10-14 14:41:00+00:00","open_rate":66051.5,"close_rate":66024.38,"fee_open":0.0002,"fee_close":0.0002,"trade_duration":11,"profit_ratio":-0.0008103443793753632,"profit_abs":-0.01606055,"exit_reason":"custom_exit","initial_stop_loss_abs":46236.05,"initial_stop_loss_ratio":-0.3,"stop_loss_abs":46236.05,"stop_loss_ratio":-0.3,"min_rate":65834.53,"max_rate":66200.0,"is_open":false,"enter_tag":"","leverage":1.0,"is_short":false,"open_timestamp":1728916200000,"close_timestamp":1728916860000,"orders":[{"amount":0.0003,"safe_price":66051.5,"ft_order_side":"buy","order_filled_timestamp":1728916200000,"ft_is_entry":true,"ft_order_tag":"","cost":19.819413089999998},{"amount":0.0003,"safe_price":66024.38,"ft_order_side":"sell","order_filled_timestamp":1728916860000,"ft_is_entry":false,"ft_order_tag":"custom_exit","cost":19.811275462799998}],"funding_fees":0.0},{"pair":"BTC/USDT","stake_amount":19.7165171,"max_stake_amount":19.7165171,"amount":0.00029,"open_date":"2024-10-18 01:55:00+00:00","close_date":"2024-10-18 01:56:00+00:00","open_rate":67987.99,"close_rate":67977.12,"fee_open":0.0002,"fee_close":0.0002,"trade_duration":1,"profit_ratio":-0.0005597374388929428,"profit_abs":-0.01103828,"exit_reason":"custom_exit","initial_stop_loss_abs":47591.6,"initial_stop_loss_ratio":-0.3,"stop_loss_abs":47591.6,"stop_loss_ratio":-0.3,"min_rate":67967.39,"max_rate":68173.02,"is_open":false,"enter_tag":"","leverage":1.0,"is_short":false,"open_timestamp":1729216500000,"close_timestamp":1729216560000,"orders":[{"amount":0.00029,"safe_price":67987.99,"ft_order_side":"buy","order_filled_timestamp":1729216500000,"ft_is_entry":true,"ft_order_tag":"","cost":19.72046040342},{"amount":0.00029,"safe_price":67977.12,"ft_order_side":"sell","order_filled_timestamp":1729216560000,"ft_is_entry":false,"ft_order_tag":"custom_exit","cost":19.717307472959998}],"funding_fees":0.0},{"pair":"BTC/USDT","stake_amount":19.7635,"max_stake_amount":19.7635,"amount":0.00029,"open_date":"2024-10-18 01:57:00+00:00","close_date":"2024-10-18 01:57:00+00:00","open_rate":68150.0,"close_rate":68150.0,"fee_open":0.0002,"fee_close":0.0002,"trade_duration":0,"profit_ratio":-0.0003999200159968006,"profit_abs":-0.0079054,"exit_reason":"custom_exit","initial_stop_loss_abs":47705.0,"initial_stop_loss_ratio":-0.3,"stop_loss_abs":47705.0,"stop_loss_ratio":-0.3,"min_rate":68150.0,"max_rate":68260.92,"is_open":false,"enter_tag":"","leverage":1.0,"is_short":false,"open_timestamp":1729216620000,"close_timestamp":1729216620000,"orders":[{"amount":0.00029,"safe_price":68150.0,"ft_order_side":"buy","order_filled_timestamp":1729216620000,"ft_is_entry":true,"ft_order_tag":"","cost":19.7674527},{"amount":0.00029,"safe_price":68150.0,"ft_order_side":"sell","order_filled_timestamp":1729216620000,"ft_is_entry":false,"ft_order_tag":"custom_exit","cost":19.7674527}],"funding_fees":0.0},{"pair":"BTC/USDT","stake_amount":19.857978,"max_stake_amount":19.857978,"amount":0.00028,"open_date":"2024-10-29 02:13:00+00:00","close_date":"2024-10-29 02:14:00+00:00","open_rate":70921.35,"close_rate":70898.32,"fee_open":0.0002,"fee_close":0.0002,"trade_duration":1,"profit_ratio":-0.0007245159862447678,"profit_abs":-0.0143903,"exit_reason":"custom_exit","initial_stop_loss_abs":49644.95,"initial_stop_loss_ratio":-0.3,"stop_loss_abs":49644.95,"stop_loss_ratio":-0.3,"min_rate":70823.25,"max_rate":71004.0,"is_open":false,"enter_tag":"","leverage":1.0,"is_short":false,"open_timestamp":1730167980000,"close_timestamp":1730168040000,"orders":[{"amount":0.00028,"safe_price":70921.35,"ft_order_side":"buy","order_filled_timestamp":1730167980000,"ft_is_entry":true,"ft_order_tag":"","cost":19.8619495956},{"amount":0.00028,"safe_price":70898.32,"ft_order_side":"sell","order_filled_timestamp":1730168040000,"ft_is_entry":false,"ft_order_tag":"custom_exit","cost":19.85549990592}],"funding_fees":0.0},{"pair":"BTC/USDT","stake_amount":19.88112,"max_stake_amount":19.88112,"amount":0.00028,"open_date":"2024-10-29 02:15:00+00:00","close_date":"2024-10-29 02:15:00+00:00","open_rate":71004.0,"close_rate":71004.0,"fee_open":0.0002,"fee_close":0.0002,"trade_duration":0,"profit_ratio":-0.00039992011657463927,"profit_abs":-0.00795245,"exit_reason":"custom_exit","initial_stop_loss_abs":49702.8,"initial_stop_loss_ratio":-0.3,"stop_loss_abs":49702.8,"stop_loss_ratio":-0.3,"min_rate":70864.34,"max_rate":71160.0,"is_open":false,"enter_tag":"","leverage":1.0,"is_short":false,"open_timestamp":1730168100000,"close_timestamp":1730168100000,"orders":[{"amount":0.00028,"safe_price":71004.0,"ft_order_side":"buy","order_filled_timestamp":1730168100000,"ft_is_entry":true,"ft_order_tag":"","cost":19.885096223999998},{"amount":0.00028,"safe_price":71004.0,"ft_order_side":"sell","order_filled_timestamp":1730168100000,"ft_is_entry":false,"ft_order_tag":"custom_exit","cost":19.885096223999998}],"funding_fees":0.0},{"pair":"BTC/USDT","stake_amount":19.74763,"max_stake_amount":19.74763,"amount":0.00025,"open_date":"2024-11-10 04:54:00+00:00","close_date":"2024-11-10 04:54:00+00:00","open_rate":78990.52,"close_rate":78990.52,"fee_open":0.0002,"fee_close":0.0002,"trade_duration":0,"profit_ratio":-0.00039991991473907603,"profit_abs":-0.00789905,"exit_reason":"custom_exit","initial_stop_loss_abs":55293.37,"initial_stop_loss_ratio":-0.3,"stop_loss_abs":55293.37,"stop_loss_ratio":-0.3,"min_rate":78438.19,"max_rate":79255.0,"is_open":false,"enter_tag":"","leverage":1.0,"is_short":false,"open_timestamp":1731214440000,"close_timestamp":1731214440000,"orders":[{"amount":0.00025,"safe_price":78990.52,"ft_order_side":"buy","order_filled_timestamp":1731214440000,"ft_is_entry":true,"ft_order_tag":"","cost":19.751579526},{"amount":0.00025,"safe_price":78990.52,"ft_order_side":"sell","order_filled_timestamp":1731214440000,"ft_is_entry":false,"ft_order_tag":"custom_exit","cost":19.751579526}],"funding_fees":0.0},{"pair":"BTC/USDT","stake_amount":19.7491275,"max_stake_amount":19.7491275,"amount":0.00025,"open_date":"2024-11-10 04:55:00+00:00","close_date":"2024-11-10 04:58:00+00:00","open_rate":78996.51,"close_rate":78879.18,"fee_open":0.0002,"fee_close":0.0002,"trade_duration":3,"profit_ratio":-0.0018845812926547487,"profit_abs":-0.03722628,"exit_reason":"custom_exit","initial_stop_loss_abs":55297.56,"initial_stop_loss_ratio":-0.3,"stop_loss_abs":55297.56,"stop_loss_ratio":-0.3,"min_rate":78505.59,"max_rate":79323.74,"is_open":false,"enter_tag":"","leverage":1.0,"is_short":false,"open_timestamp":1731214500000,"close_timestamp":1731214680000,"orders":[{"amount":0.00025,"safe_price":78996.51,"ft_order_side":"buy","order_filled_timestamp":1731214500000,"ft_is_entry":true,"ft_order_tag":"","cost":19.7530773255},{"amount":0.00025,"safe_price":78879.18,"ft_order_side":"sell","order_filled_timestamp":1731214680000,"ft_is_entry":false,"ft_order_tag":"custom_exit","cost":19.723738959}],"funding_fees":0.0},{"pair":"BTC/USDT","stake_amount":19.962098,"max_stake_amount":19.962098,"amount":0.0002,"open_date":"2024-12-05 02:37:00+00:00","close_date":"2024-12-05 02:38:00+00:00","open_rate":99810.49,"close_rate":99876.0,"fee_open":0.0002,"fee_close":0.0002,"trade_duration":1,"profit_ratio":0.0002561613161372463,"profit_abs":0.00511454,"exit_reason":"custom_exit","initial_stop_loss_abs":69867.35,"initial_stop_loss_ratio":-0.3,"stop_loss_abs":69867.35,"stop_loss_ratio":-0.3,"min_rate":99632.01,"max_rate":100100.0,"is_open":false,"enter_tag":"","leverage":1.0,"is_short":false,"open_timestamp":1733366220000,"close_timestamp":1733366280000,"orders":[{"amount":0.0002,"safe_price":99810.49,"ft_order_side":"buy","order_filled_timestamp":1733366220000,"ft_is_entry":true,"ft_order_tag":"","cost":19.9660904196},{"amount":0.0002,"safe_price":99876.0,"ft_order_side":"sell","order_filled_timestamp":1733366280000,"ft_is_entry":false,"ft_order_tag":"custom_exit","cost":19.97919504}],"funding_fees":0.0},{"pair":"BTC/USDT","stake_amount":19.0129219,"max_stake_amount":19.0129219,"amount":0.00019,"open_date":"2024-12-05 02:39:00+00:00","close_date":"2024-12-05 02:41:00+00:00","open_rate":100068.01,"close_rate":100168.97,"fee_open":0.0002,"fee_close":0.0002,"trade_duration":2,"profit_ratio":0.0006085900865580809,"profit_abs":0.01157339,"exit_reason":"custom_exit","initial_stop_loss_abs":70047.61,"initial_stop_loss_ratio":-0.3,"stop_loss_abs":70047.61,"stop_loss_ratio":-0.3,"min_rate":99781.25,"max_rate":101180.0,"is_open":false,"enter_tag":"","leverage":1.0,"is_short":false,"open_timestamp":1733366340000,"close_timestamp":1733366460000,"orders":[{"amount":0.00019,"safe_price":100068.01,"ft_order_side":"buy","order_filled_timestamp":1733366340000,"ft_is_entry":true,"ft_order_tag":"","cost":19.01672448438},{"amount":0.00019,"safe_price":100168.97,"ft_order_side":"sell","order_filled_timestamp":1733366460000,"ft_is_entry":false,"ft_order_tag":"custom_exit","cost":19.03591072086}],"funding_fees":0.0},{"pair":"BTC/USDT","stake_amount":19.1458972,"max_stake_amount":19.1458972,"amount":0.00019,"open_date":"2024-12-05 02:42:00+00:00","close_date":"2024-12-05 02:42:00+00:00","open_rate":100767.88,"close_rate":100767.88,"fee_open":0.0002,"fee_close":0.0002,"trade_duration":0,"profit_ratio":-0.000399920074483276,"profit_abs":-0.00765836,"exit_reason":"custom_exit","initial_stop_loss_abs":70537.52,"initial_stop_loss_ratio":-0.3,"stop_loss_abs":70537.52,"stop_loss_ratio":-0.3,"min_rate":100631.18,"max_rate":101616.22,"is_open":false,"enter_tag":"","leverage":1.0,"is_short":false,"open_timestamp":1733366520000,"close_timestamp":1733366520000,"orders":[{"amount":0.00019,"safe_price":100767.88,"ft_order_side":"buy","order_filled_timestamp":1733366520000,"ft_is_entry":true,"ft_order_tag":"","cost":19.14972637944},{"amount":0.00019,"safe_price":100767.88,"ft_order_side":"sell","order_filled_timestamp":1733366520000,"ft_is_entry":false,"ft_order_tag":"custom_exit","cost":19.14972637944}],"funding_fees":0.0},{"pair":"BTC/USDT","stake_amount":19.2317981,"max_stake_amount":19.2317981,"amount":0.00019,"open_date":"2024-12-06 17:51:00+00:00","close_date":"2024-12-06 18:07:00+00:00","open_rate":101219.99,"close_rate":101132.01,"fee_open":0.0002,"fee_close":0.0002,"trade_duration":16,"profit_ratio":-0.001268768512083537,"profit_abs":-0.02440558,"exit_reason":"custom_exit","initial_stop_loss_abs":70854.0,"initial_stop_loss_ratio":-0.3,"stop_loss_abs":70854.0,"stop_loss_ratio":-0.3,"min_rate":100588.23,"max_rate":101428.52,"is_open":false,"enter_tag":"","leverage":1.0,"is_short":false,"open_timestamp":1733507460000,"close_timestamp":1733508420000,"orders":[{"amount":0.00019,"safe_price":101219.99,"ft_order_side":"buy","order_filled_timestamp":1733507460000,"ft_is_entry":true,"ft_order_tag":"","cost":19.23564445962},{"amount":0.00019,"safe_price":101132.01,"ft_order_side":"sell","order_filled_timestamp":1733508420000,"ft_is_entry":false,"ft_order_tag":"custom_exit","cost":19.21892491638}],"funding_fees":0.0}],"locks":[],"best_pair":{"key":"BTC/USDT","trades":22,"profit_mean":-0.0004430493713432245,"profit_mean_pct":-0.04,"profit_sum":-0.00974708616955094,"profit_sum_pct":-0.97,"profit_total_abs":-0.19210236,"profit_total":-0.00019210236,"profit_total_pct":-0.02,"duration_avg":"0:15:00","wins":3,"draws":0,"losses":19,"winrate":0.13636363636363635,"cagr":-0.0010012712090959885,"expectancy":-0.008731925454545457,"expectancy_ratio":-0.7777808212315876,"sortino":-6.905028728215494,"sharpe":-5.50821005127973,"calmar":-27.292818820770407,"sqn":-4.2039,"profit_factor":0.09941168067921431,"max_drawdown_account":0.00019210236000003533,"max_drawdown_abs":0.19210236},"worst_pair":{"key":"BTC/USDT","trades":22,"profit_mean":-0.0004430493713432245,"profit_mean_pct":-0.04,"profit_sum":-0.00974708616955094,"profit_sum_pct":-0.97,"profit_total_abs":-0.19210236,"profit_total":-0.00019210236,"profit_total_pct":-0.02,"duration_avg":"0:15:00","wins":3,"draws":0,"losses":19,"winrate":0.13636363636363635,"cagr":-0.0010012712090959885,"expectancy":-0.008731925454545457,"expectancy_ratio":-0.7777808212315876,"sortino":-6.905028728215494,"sharpe":-5.50821005127973,"calmar":-27.292818820770407,"sqn":-4.2039,"profit_factor":0.09941168067921431,"max_drawdown_account":0.00019210236000003533,"max_drawdown_abs":0.19210236},"results_per_pair":[{"key":"BTC/USDT","trades":22,"profit_mean":-0.0004430493713432245,"profit_mean_pct":-0.04,"profit_sum":-0.00974708616955094,"profit_sum_pct":-0.97,"profit_total_abs":-0.19210236,"profit_total":-0.00019210236,"profit_total_pct":-0.02,"duration_avg":"0:15:00","wins":3,"draws":0,"losses":19,"winrate":0.13636363636363635,"cagr":-0.0010012712090959885,"expectancy":-0.008731925454545457,"expectancy_ratio":-0.7777808212315876,"sortino":-6.905028728215494,"sharpe":-5.50821005127973,"calmar":-27.292818820770407,"sqn":-4.2039,"profit_factor":0.09941168067921431,"max_drawdown_account":0.00019210236000003533,"max_drawdown_abs":0.19210236},{"key":"TOTAL","trades":22,"profit_mean":-0.0004430493713432245,"profit_mean_pct":-0.04,"profit_sum":-0.00974708616955094,"profit_sum_pct":-0.97,"profit_total_abs":-0.19210236,"profit_total":-0.00019210236,"profit_total_pct":-0.02,"duration_avg":"0:15:00","wins":3,"draws":0,"losses":19,"winrate":0.13636363636363635,"cagr":-0.0010012712090959885,"expectancy":-0.008731925454545457,"expectancy_ratio":-0.7777808212315876,"sortino":-6.905028728215494,"sharpe":-5.50821005127973,"calmar":-27.292818820770407,"sqn":-4.2039,"profit_factor":0.09941168067921431,"max_drawdown_account":0.00019210236000003533,"max_drawdown_abs":0.19210236}],"results_per_enter_tag":[{"key":"","trades":22,"profit_mean":-0.0004430493713432245,"profit_mean_pct":-0.04,"profit_sum":-0.00974708616955094,"profit_sum_pct":-0.97,"profit_total_abs":-0.19210236,"profit_total":-0.00019210236,"profit_total_pct":-0.02,"duration_avg":"0:15:00","wins":3,"draws":0,"losses":19,"winrate":0.13636363636363635,"cagr":-0.0010012712090959885,"expectancy":-0.008731925454545457,"expectancy_ratio":-0.7777808212315876,"sortino":-6.905028728215494,"sharpe":-5.50821005127973,"calmar":-27.292818820770407,"sqn":-4.2039,"profit_factor":0.09941168067921431,"max_drawdown_account":0.00019210236000003533,"max_drawdown_abs":0.19210236},{"key":"TOTAL","trades":22,"profit_mean":-0.0004430493713432245,"profit_mean_pct":-0.04,"profit_sum":-0.00974708616955094,"profit_sum_pct":-0.97,"profit_total_abs":-0.19210236,"profit_total":-0.00019210236,"profit_total_pct":-0.02,"duration_avg":"0:15:00","wins":3,"draws":0,"losses":19,"winrate":0.13636363636363635,"cagr":-0.0010012712090959885,"expectancy":-0.008731925454545457,"expectancy_ratio":-0.7777808212315876,"sortino":-6.905028728215494,"sharpe":-5.50821005127973,"calmar":-27.292818820770407,"sqn":-4.2039,"profit_factor":0.09941168067921431,"max_drawdown_account":0.00019210236000003533,"max_drawdown_abs":0.19210236}],"exit_reason_summary":[{"key":"custom_exit","trades":22,"profit_mean":-0.0004430493713432245,"profit_mean_pct":-0.04,"profit_sum":-0.00974708616955094,"profit_sum_pct":-0.97,"profit_total_abs":-0.19210236,"profit_total":-0.00019210236,"profit_total_pct":-0.02,"duration_avg":"0:15:00","wins":3,"draws":0,"losses":19,"winrate":0.13636363636363635,"cagr":-0.0010012712090959885,"expectancy":-0.008731925454545457,"expectancy_ratio":-0.7777808212315876,"sortino":-6.905028728215494,"sharpe":-5.50821005127973,"calmar":-27.292818820770407,"sqn":-4.2039,"profit_factor":0.09941168067921431,"max_drawdown_account":0.00019210236000003533,"max_drawdown_abs":0.19210236},{"key":"TOTAL","trades":22,"profit_mean":-0.0004430493713432245,"profit_mean_pct":-0.04,"profit_sum":-0.00974708616955094,"profit_sum_pct":-0.97,"profit_total_abs":-0.19210236,"profit_total":-0.00019210236,"profit_total_pct":-0.02,"duration_avg":"0:15:00","wins":3,"draws":0,"losses":19,"winrate":0.13636363636363635,"cagr":-0.0010012712090959885,"expectancy":-0.008731925454545457,"expectancy_ratio":-0.7777808212315876,"sortino":-6.905028728215494,"sharpe":-5.50821005127973,"calmar":-27.292818820770407,"sqn":-4.2039,"profit_factor":0.09941168067921431,"max_drawdown_account":0.00019210236000003533,"max_drawdown_abs":0.19210236}],"mix_tag_stats":[{"key":["","custom_exit"],"trades":22,"profit_mean":-0.0004430493713432245,"profit_mean_pct":-0.04,"profit_sum":-0.00974708616955094,"profit_sum_pct":-0.97,"profit_total_abs":-0.19210236,"profit_total":-0.00019210236,"profit_total_pct":-0.02,"duration_avg":"0:15:00","wins":3,"draws":0,"losses":19,"winrate":0.13636363636363635,"cagr":-0.0010012712090959885,"expectancy":-0.008731925454545457,"expectancy_ratio":-0.7777808212315876,"sortino":-6.905028728215494,"sharpe":-5.50821005127973,"calmar":-27.292818820770407,"sqn":-4.2039,"profit_factor":0.09941168067921431,"max_drawdown_account":0.00019210236000003533,"max_drawdown_abs":0.19210236},{"key":"TOTAL","trades":22,"profit_mean":-0.0004430493713432245,"profit_mean_pct":-0.04,"profit_sum":-0.00974708616955094,"profit_sum_pct":-0.97,"profit_total_abs":-0.19210236,"profit_total":-0.00019210236,"profit_total_pct":-0.02,"duration_avg":"0:15:00","wins":3,"draws":0,"losses":19,"winrate":0.13636363636363635,"cagr":-0.0010012712090959885,"expectancy":-0.008731925454545457,"expectancy_ratio":-0.7777808212315876,"sortino":-6.905028728215494,"sharpe":-5.50821005127973,"calmar":-27.292818820770407,"sqn":-4.2039,"profit_factor":0.09941168067921431,"max_drawdown_account":0.00019210236000003533,"max_drawdown_abs":0.19210236}],"left_open_trades":[{"key":"TOTAL","trades":0,"profit_mean":0.0,"profit_mean_pct":0.0,"profit_sum":0.0,"profit_sum_pct":0.0,"profit_total_abs":0.0,"profit_total":0.0,"profit_total_pct":0.0,"duration_avg":"0:00","wins":0,"draws":0,"losses":0,"winrate":0.0,"cagr":0.0,"expectancy":0.0,"expectancy_ratio":100.0,"sortino":0,"sharpe":0,"calmar":0,"sqn":0.0,"profit_factor":0.0,"max_drawdown_account":0.0,"max_drawdown_abs":0.0}],"total_trades":22,"trade_count_long":22,"trade_count_short":0,"total_volume":865.27626394866,"avg_stake_amount":19.661871022727272,"profit_mean":-0.0004430493713432245,"profit_median":-0.00039992007659033646,"profit_total":-0.00019210236,"profit_total_long":-0.00019210236,"profit_total_short":0.0,"profit_total_abs":-0.19210236,"profit_total_long_abs":-0.19210236,"profit_total_short_abs":0.0,"cagr":-0.0010012712090959885,"expectancy":-0.008731925454545457,"expectancy_ratio":-0.7777808212315876,"sortino":-6.905028728215494,"sharpe":-5.50821005127973,"calmar":-27.292818820770407,"sqn":-4.2039,"profit_factor":0.09941168067921431,"backtest_start":"2024-10-01 00:00:00","backtest_start_ts":1727740800000,"backtest_end":"2024-12-10 00:00:00","backtest_end_ts":1733788800000,"backtest_days":70,"backtest_run_start_ts":1752178116,"backtest_run_end_ts":1752178117,"trades_per_day":0.31,"market_change":0.5337942203332631,"pairlist":["BTC/USDT"],"stake_amount":20,"stake_currency":"USDT","stake_currency_decimals":3,"starting_balance":1000,"dry_run_wallet":1000,"final_balance":999.80789764,"rejected_signals":0,"timedout_entry_orders":0,"timedout_exit_orders":0,"canceled_trade_entries":0,"canceled_entry_orders":0,"replaced_entry_orders":0,"max_open_trades":1,"max_open_trades_setting":5,"timeframe":"1m","timeframe_detail":"","timerange":"20241001-20241210","enable_protections":false,"strategy_name":"MultiHorizonMomentum","stoploss":-0.3,"trailing_stop":false,"trailing_stop_positive":null,"trailing_stop_positive_offset":0.0,"trailing_only_offset_is_reached":false,"use_custom_stoploss":false,"minimal_roi":{},"use_exit_signal":true,"exit_profit_only":false,"exit_profit_offset":0.0,"ignore_roi_if_entry_signal":false,"trading_mode":"spot","margin_mode":"","periodic_breakdown":{"day":[{"date":"06/10/2024","date_ts":1728172800000,"profit_abs":-0.02140893,"wins":0,"draws":0,"losses":2,"trades":2,"profit_factor":0.0},{"date":"07/10/2024","date_ts":1728259200000,"profit_abs":0.0,"wins":0,"draws":0,"losses":0,"trades":0,"profit_factor":0.0},{"date":"08/10/2024","date_ts":1728345600000,"profit_abs":0.0,"wins":0,"draws":0,"losses":0,"trades":0,"profit_factor":0.0},{"date":"09/10/2024","date_ts":1728432000000,"profit_abs":0.0,"wins":0,"draws":0,"losses":0,"trades":0,"profit_factor":0.0},{"date":"10/10/2024","date_ts":1728518400000,"profit_abs":0.0,"wins":0,"draws":0,"losses":0,"trades":0,"profit_factor":0.0},{"date":"11/10/2024","date_ts":1728604800000,"profit_abs":0.0,"wins":0,"draws":0,"losses":0,"trades":0,"profit_factor":0.0},{"date":"12/10/2024","date_ts":1728691200000,"profit_abs":-0.00819028,"wins":0,"draws":0,"losses":1,"trades":1,"profit_factor":0.0},{"date":"13/10/2024","date_ts":1728777600000,"profit_abs":0.0,"wins":0,"draws":0,"losses":0,"trades":0,"profit_factor":0.0},{"date":"14/10/2024","date_ts":1728864000000,"profit_abs":-0.06071538,"wins":1,"draws":0,"losses":8,"trades":9,"profit_factor":0.0692496},{"date":"15/10/2024","date_ts":1728950400000,"profit_abs":0.0,"wins":0,"draws":0,"losses":0,"trades":0,"profit_factor":0.0},{"date":"16/10/2024","date_ts":1729036800000,"profit_abs":0.0,"wins":0,"draws":0,"losses":0,"trades":0,"profit_factor":0.0},{"date":"17/10/2024","date_ts":1729123200000,"profit_abs":0.0,"wins":0,"draws":0,"losses":0,"trades":0,"profit_factor":0.0},{"date":"18/10/2024","date_ts":1729209600000,"profit_abs":-0.01894368,"wins":0,"draws":0,"losses":2,"trades":2,"profit_factor":0.0},{"date":"19/10/2024","date_ts":1729296000000,"profit_abs":0.0,"wins":0,"draws":0,"losses":0,"trades":0,"profit_factor":0.0},{"date":"20/10/2024","date_ts":1729382400000,"profit_abs":0.0,"wins":0,"draws":0,"losses":0,"trades":0,"profit_factor":0.0},{"date":"21/10/2024","date_ts":1729468800000,"profit_abs":0.0,"wins":0,"draws":0,"losses":0,"trades":0,"profit_factor":0.0},{"date":"22/10/2024","date_ts":1729555200000,"profit_abs":0.0,"wins":0,"draws":0,"losses":0,"trades":0,"profit_factor":0.0},{"date":"23/10/2024","date_ts":1729641600000,"profit_abs":0.0,"wins":0,"draws":0,"losses":0,"trades":0,"profit_factor":0.0},{"date":"24/10/2024","date_ts":1729728000000,"profit_abs":0.0,"wins":0,"draws":0,"losses":0,"trades":0,"profit_factor":0.0},{"date":"25/10/2024","date_ts":1729814400000,"profit_abs":0.0,"wins":0,"draws":0,"losses":0,"trades":0,"profit_factor":0.0},{"date":"26/10/2024","date_ts":1729900800000,"profit_abs":0.0,"wins":0,"draws":0,"losses":0,"trades":0,"profit_factor":0.0},{"date":"27/10/2024","date_ts":1729987200000,"profit_abs":0.0,"wins":0,"draws":0,"losses":0,"trades":0,"profit_factor":0.0},{"date":"28/10/2024","date_ts":1730073600000,"profit_abs":0.0,"wins":0,"draws":0,"losses":0,"trades":0,"profit_factor":0.0},{"date":"29/10/2024","date_ts":1730160000000,"profit_abs":-0.02234275,"wins":0,"draws":0,"losses":2,"trades":2,"profit_factor":0.0},{"date":"30/10/2024","date_ts":1730246400000,"profit_abs":0.0,"wins":0,"draws":0,"losses":0,"trades":0,"profit_factor":0.0},{"date":"31/10/2024","date_ts":1730332800000,"profit_abs":0.0,"wins":0,"draws":0,"losses":0,"trades":0,"profit_factor":0.0},{"date":"01/11/2024","date_ts":1730419200000,"profit_abs":0.0,"wins":0,"draws":0,"losses":0,"trades":0,"profit_factor":0.0},{"date":"02/11/2024","date_ts":1730505600000,"profit_abs":0.0,"wins":0,"draws":0,"losses":0,"trades":0,"profit_factor":0.0},{"date":"03/11/2024","date_ts":1730592000000,"profit_abs":0.0,"wins":0,"draws":0,"losses":0,"trades":0,"profit_factor":0.0},{"date":"04/11/2024","date_ts":1730678400000,"profit_abs":0.0,"wins":0,"draws":0,"losses":0,"trades":0,"profit_factor":0.0},{"date":"05/11/2024","date_ts":1730764800000,"profit_abs":0.0,"wins":0,"draws":0,"losses":0,"trades":0,"profit_factor":0.0},{"date":"06/11/2024","date_ts":1730851200000,"profit_abs":0.0,"wins":0,"draws":0,"losses":0,"trades":0,"profit_factor":0.0},{"date":"07/11/2024","date_ts":1730937600000,"profit_abs":0.0,"wins":0,"draws":0,"losses":0,"trades":0,"profit_factor":0.0},{"date":"08/11/2024","date_ts":1731024000000,"profit_abs":0.0,"wins":0,"draws":0,"losses":0,"trades":0,"profit_factor":0.0},{"date":"09/11/2024","date_ts":1731110400000,"profit_abs":0.0,"wins":0,"draws":0,"losses":0,"trades":0,"profit_factor":0.0},{"date":"10/11/2024","date_ts":1731196800000,"profit_abs":-0.04512533,"wins":0,"draws":0,"losses":2,"trades":2,"profit_factor":0.0},{"date":"11/11/2024","date_ts":1731283200000,"profit_abs":0.0,"wins":0,"draws":0,"losses":0,"trades":0,"profit_factor":0.0},{"date":"12/11/2024","date_ts":1731369600000,"profit_abs":0.0,"wins":0,"draws":0,"losses":0,"trades":0,"profit_factor":0.0},{"date":"13/11/2024","date_ts":1731456000000,"profit_abs":0.0,"wins":0,"draws":0,"losses":0,"trades":0,"profit_factor":0.0},{"date":"14/11/2024","date_ts":1731542400000,"profit_abs":0.0,"wins":0,"draws":0,"losses":0,"trades":0,"profit_factor":0.0},{"date":"15/11/2024","date_ts":1731628800000,"profit_abs":0.0,"wins":0,"draws":0,"losses":0,"trades":0,"profit_factor":0.0},{"date":"16/11/2024","date_ts":1731715200000,"profit_abs":0.0,"wins":0,"draws":0,"losses":0,"trades":0,"profit_factor":0.0},{"date":"17/11/2024","date_ts":1731801600000,"profit_abs":0.0,"wins":0,"draws":0,"losses":0,"trades":0,"profit_factor":0.0},{"date":"18/11/2024","date_ts":1731888000000,"profit_abs":0.0,"wins":0,"draws":0,"losses":0,"trades":0,"profit_factor":0.0},{"date":"19/11/2024","date_ts":1731974400000,"profit_abs":0.0,"wins":0,"draws":0,"losses":0,"trades":0,"profit_factor":0.0},{"date":"20/11/2024","date_ts":1732060800000,"profit_abs":0.0,"wins":0,"draws":0,"losses":0,"trades":0,"profit_factor":0.0},{"date":"21/11/2024","date_ts":1732147200000,"profit_abs":0.0,"wins":0,"draws":0,"losses":0,"trades":0,"profit_factor":0.0},{"date":"22/11/2024","date_ts":1732233600000,"profit_abs":0.0,"wins":0,"draws":0,"losses":0,"trades":0,"profit_factor":0.0},{"date":"23/11/2024","date_ts":1732320000000,"profit_abs":0.0,"wins":0,"draws":0,"losses":0,"trades":0,"profit_factor":0.0},{"date":"24/11/2024","date_ts":1732406400000,"profit_abs":0.0,"wins":0,"draws":0,"losses":0,"trades":0,"profit_factor":0.0},{"date":"25/11/2024","date_ts":1732492800000,"profit_abs":0.0,"wins":0,"draws":0,"losses":0,"trades":0,"profit_factor":0.0},{"date":"26/11/2024","date_ts":1732579200000,"profit_abs":0.0,"wins":0,"draws":0,"losses":0,"trades":0,"profit_factor":0.0},{"date":"27/11/2024","date_ts":1732665600000,"profit_abs":0.0,"wins":0,"draws":0,"losses":0,"trades":0,"profit_factor":0.0},{"date":"28/11/2024","date_ts":1732752000000,"profit_abs":0.0,"wins":0,"draws":0,"losses":0,"trades":0,"profit_factor":0.0},{"date":"29/11/2024","date_ts":1732838400000,"profit_abs":0.0,"wins":0,"draws":0,"losses":0,"trades":0,"profit_factor":0.0},{"date":"30/11/2024","date_ts":1732924800000,"profit_abs":0.0,"wins":0,"draws":0,"losses":0,"trades":0,"profit_factor":0.0},{"date":"01/12/2024","date_ts":1733011200000,"profit_abs":0.0,"wins":0,"draws":0,"losses":0,"trades":0,"profit_factor":0.0},{"date":"02/12/2024","date_ts":1733097600000,"profit_abs":0.0,"wins":0,"draws":0,"losses":0,"trades":0,"profit_factor":0.0},{"date":"03/12/2024","date_ts":1733184000000,"profit_abs":0.0,"wins":0,"draws":0,"losses":0,"trades":0,"profit_factor":0.0},{"date":"04/12/2024","date_ts":1733270400000,"profit_abs":0.0,"wins":0,"draws":0,"losses":0,"trades":0,"profit_factor":0.0},{"date":"05/12/2024","date_ts":1733356800000,"profit_abs":0.00902957,"wins":2,"draws":0,"losses":1,"trades":3,"profit_factor":2.17904747},{"date":"06/12/2024","date_ts":1733443200000,"profit_abs":-0.02440558,"wins":0,"draws":0,"losses":1,"trades":1,"profit_factor":0.0}],"week":[{"date":"07/10/2024","date_ts":1728259200000,"profit_abs":-0.02140893,"wins":0,"draws":0,"losses":2,"trades":2,"profit_factor":0.0},{"date":"14/10/2024","date_ts":1728864000000,"profit_abs":-0.06890566,"wins":1,"draws":0,"losses":9,"trades":10,"profit_factor":0.06152486},{"date":"21/10/2024","date_ts":1729468800000,"profit_abs":-0.01894368,"wins":0,"draws":0,"losses":2,"trades":2,"profit_factor":0.0},{"date":"28/10/2024","date_ts":1730073600000,"profit_abs":0.0,"wins":0,"draws":0,"losses":0,"trades":0,"profit_factor":0.0},{"date":"04/11/2024","date_ts":1730678400000,"profit_abs":-0.02234275,"wins":0,"draws":0,"losses":2,"trades":2,"profit_factor":0.0},{"date":"11/11/2024","date_ts":1731283200000,"profit_abs":-0.04512533,"wins":0,"draws":0,"losses":2,"trades":2,"profit_factor":0.0},{"date":"18/11/2024","date_ts":1731888000000,"profit_abs":0.0,"wins":0,"draws":0,"losses":0,"trades":0,"profit_factor":0.0},{"date":"25/11/2024","date_ts":1732492800000,"profit_abs":0.0,"wins":0,"draws":0,"losses":0,"trades":0,"profit_factor":0.0},{"date":"02/12/2024","date_ts":1733097600000,"profit_abs":0.0,"wins":0,"draws":0,"losses":0,"trades":0,"profit_factor":0.0},{"date":"09/12/2024","date_ts":1733702400000,"profit_abs":-0.01537601,"wins":2,"draws":0,"losses":2,"trades":4,"profit_factor":0.52045787}],"month":[{"date":"31/10/2024","date_ts":1730332800000,"profit_abs":-0.13160102,"wins":1,"draws":0,"losses":15,"trades":16,"profit_factor":0.03318685},{"date":"30/11/2024","date_ts":1732924800000,"profit_abs":-0.04512533,"wins":0,"draws":0,"losses":2,"trades":2,"profit_factor":0.0},{"date":"31/12/2024","date_ts":1735603200000,"profit_abs":-0.01537601,"wins":2,"draws":0,"losses":2,"trades":4,"profit_factor":0.52045787}],"year":[{"date":"31/12/2024","date_ts":1735603200000,"profit_abs":-0.19210236,"wins":3,"draws":0,"losses":19,"trades":22,"profit_factor":0.09941168}]},"backtest_best_day":0.00046483132821205126,"backtest_worst_day":-0.003064426228109814,"backtest_best_day_abs":0.00902957,"backtest_worst_day_abs":-0.06071538,"winning_days":1,"draw_days":54,"losing_days":7,"daily_profit":[["2024-10-06",-0.02140893],["2024-10-07",0.0],["2024-10-08",0.0],["2024-10-09",0.0],["2024-10-10",0.0],["2024-10-11",0.0],["2024-10-12",-0.00819028],["2024-10-13",0.0],["2024-10-14",-0.06071538],["2024-10-15",0.0],["2024-10-16",0.0],["2024-10-17",0.0],["2024-10-18",-0.01894368],["2024-10-19",0.0],["2024-10-20",0.0],["2024-10-21",0.0],["2024-10-22",0.0],["2024-10-23",0.0],["2024-10-24",0.0],["2024-10-25",0.0],["2024-10-26",0.0],["2024-10-27",0.0],["2024-10-28",0.0],["2024-10-29",-0.02234275],["2024-10-30",0.0],["2024-10-31",0.0],["2024-11-01",0.0],["2024-11-02",0.0],["2024-11-03",0.0],["2024-11-04",0.0],["2024-11-05",0.0],["2024-11-06",0.0],["2024-11-07",0.0],["2024-11-08",0.0],["2024-11-09",0.0],["2024-11-10",-0.04512533],["2024-11-11",0.0],["2024-11-12",0.0],["2024-11-13",0.0],["2024-11-14",0.0],["2024-11-15",0.0],["2024-11-16",0.0],["2024-11-17",0.0],["2024-11-18",0.0],["2024-11-19",0.0],["2024-11-20",0.0],["2024-11-21",0.0],["2024-11-22",0.0],["2024-11-23",0.0],["2024-11-24",0.0],["2024-11-25",0.0],["2024-11-26",0.0],["2024-11-27",0.0],["2024-11-28",0.0],["2024-11-29",0.0],["2024-11-30",0.0],["2024-12-01",0.0],["2024-12-02",0.0],["2024-12-03",0.0],["2024-12-04",0.0],["2024-12-05",0.00902957],["2024-12-06",-0.02440558]],"wins":3,"losses":19,"draws":0,"winrate":0.13636363636363635,"holding_avg":"0:15:00","holding_avg_s":900.0,"winner_holding_min":"0d 00:01","winner_holding_min_s":60.0,"winner_holding_max":"0d 02:19","winner_holding_max_s":8340.0,"winner_holding_avg":"0d 00:47","winner_holding_avg_s":2820.0,"loser_holding_min":"0d 00:00","loser_holding_min_s":0.0,"loser_holding_max":"0d 02:19","loser_holding_max_s":8340.0,"loser_holding_avg":"0d 00:10","loser_holding_avg_s":600.0,"max_consecutive_wins":2,"max_consecutive_losses":10,"max_drawdown_account":0.00019210236000003533,"max_relative_drawdown":0.00019210236000003533,"max_drawdown_abs":0.19210236,"drawdown_start":"2024-10-06 12:07:00","drawdown_start_ts":1728216420000.0,"drawdown_end":"2024-12-06 18:07:00","drawdown_end_ts":1733508420000.0,"max_drawdown_low":-0.19210236,"max_drawdown_high":-0.01018411,"csum_min":999.80789764,"csum_max":999.98981589}},"strategy_comparison":[{"key":"MultiHorizonMomentum","trades":22,"profit_mean":-0.0004430493713432245,"profit_mean_pct":-0.04,"profit_sum":-0.00974708616955094,"profit_sum_pct":-0.97,"profit_total_abs":-0.19210236,"profit_total":-0.00019210236,"profit_total_pct":-0.02,"duration_avg":"0:15:00","wins":3,"draws":0,"losses":19,"winrate":0.13636363636363635,"cagr":-0.0010012712090959885,"expectancy":-0.008731925454545457,"expectancy_ratio":-0.7777808212315876,"sortino":-6.905028728215494,"sharpe":-5.50821005127973,"calmar":-27.292818820770407,"sqn":-4.2039,"profit_factor":0.09941168067921431,"max_drawdown_account":0.00019210236000003533,"max_drawdown_abs":"0.192"}]}